ID1;HHID;HVIDX;QHCLUSTER;QHNUMBER;QHHOME;PS102_1A;PS102_1M;PS102_1S;PS4
2022;      000302201;2;3;22;1;0;3;1;1
2022;      000302201;5;3;22;1;0;3;2;2
2022;      000705701;5;7;57;1;2;3;2;1
2022;      000707801;4;7;78;1;1;0;2;1
2022;      000813201;4;8;132;1;1;4;2;1
2022;      000910301;6;9;103;1;1;6;2;1
2022;      000912201;3;9;122;1;4;7;1;1
2022;      000912201;4;9;122;1;0;4;2;2
2022;      001000901;3;10;9;1;0;6;2;1
2022;      001003401;5;10;34;1;1;2;2;1
2022;      001005201;4;10;52;1;0;3;2;1
2022;      001009301;2;10;93;1;1;0;2;1
2022;      001106401;4;11;64;1;1;1;2;1
2022;      001207401;4;12;74;1;2;0;2;1
2022;      001301401;2;13;14;1;4;0;2;1
2022;      001302101;4;13;21;1;3;0;2;1
2022;      001304401;6;13;44;1;3;0;2;1
2022;      001304502;2;13;45;2;1;3;2;1
2022;      001304601;4;13;46;1;2;0;2;1
2022;      001305601;4;13;56;1;3;3;2;1
2022;      001306101;4;13;61;1;3;0;2;1
2022;      001309001;2;13;90;1;4;0;2;1
2022;      001502201;5;15;22;1;4;3;2;1
2022;      001502501;5;15;25;1;1;0;2;1
2022;      001513101;3;15;131;1;3;0;2;1
2022;      001601801;3;16;18;1;0;5;2;1
2022;      001603101;2;16;31;1;3;3;2;1
2022;      001607001;5;16;70;1;0;3;2;1
2022;      001700901;5;17;9;1;1;4;2;1
2022;      001701501;1;17;15;1;0;6;2;1
2022;      001706401;4;17;64;1;0;6;2;1
2022;      001712501;6;17;125;1;4;3;2;1
2022;      001803201;4;18;32;1;1;0;2;1
2022;      001806801;1;18;68;1;1;0;2;1
2022;      002005601;3;20;56;1;0;1;2;1
2022;      002009501;4;20;95;1;3;1;2;1
2022;      002012101;3;20;121;1;1;4;2;1
2022;      002013001;3;20;130;1;0;3;2;1
2022;      002101501;4;21;15;1;4;0;2;1
2022;      002106101;3;21;61;1;2;0;2;1
2022;      002107401;4;21;74;1;2;4;2;1
2022;      002110801;3;21;108;1;1;4;2;1
2022;      002111501;4;21;115;1;2;3;2;1
2022;      002112001;4;21;120;1;1;0;2;1
2022;      002200801;4;22;8;1;3;0;2;1
2022;      002207901;3;22;79;1;3;0;2;1
2022;      002209301;4;22;93;1;0;5;2;1
2022;      002210601;3;22;106;1;1;0;2;1
2022;      002305101;7;23;51;1;0;3;2;1
2022;      002306301;3;23;63;1;1;0;2;1
2022;      002307801;3;23;78;1;3;0;2;1
2022;      002705501;5;27;55;1;1;3;2;1
2022;      002901401;4;29;14;1;4;2;1;1
2022;      002901401;8;29;14;1;3;8;1;2
2022;      002901401;9;29;14;1;2;9;2;3
2022;      002901601;3;29;16;1;2;0;2;1
2022;      002901801;5;29;18;1;3;5;1;1
2022;      002901801;6;29;18;1;1;5;2;2
2022;      002902201;7;29;22;1;3;4;2;1
2022;      002902301;5;29;23;1;1;1;2;1
2022;      002902501;3;29;25;1;1;1;2;1
2022;      002902601;9;29;26;1;1;4;2;1
2022;      002908401;5;29;84;1;2;0;1;1
2022;      002908401;6;29;84;1;0;4;2;2
2022;      002908701;2;29;87;1;0;2;2;1
2022;      003001401;7;30;14;1;5;5;2;1
2022;      003001501;3;30;15;1;2;6;2;1
2022;      003001601;5;30;16;1;3;0;2;1
2022;      003014401;3;30;144;1;2;1;2;1
2022;      003014601;4;30;146;1;1;3;1;1
2022;      003014601;5;30;146;1;1;3;2;2
2022;      003100401;4;31;4;1;2;0;2;1
2022;      003101601;6;31;16;1;3;0;2;1
2022;      003101701;5;31;17;1;1;11;2;1
2022;      003303101;6;33;31;1;0;6;2;1
2022;      003303201;3;33;32;1;5;1;1;1
2022;      003303201;4;33;32;1;3;1;2;2
2022;      003308801;7;33;88;1;0;6;2;1
2022;      003309701;5;33;97;1;2;1;2;1
2022;      003309801;6;33;98;1;1;1;2;1
2022;      003401201;3;34;12;1;2;0;1;1
2022;      003401201;4;34;12;1;1;0;2;2
2022;      003401401;5;34;14;1;3;0;1;1
2022;      003401401;6;34;14;1;2;0;2;2
2022;      003405501;6;34;55;1;3;1;2;1
2022;      003406001;4;34;60;1;1;0;2;1
2022;      003406201;6;34;62;1;1;5;2;1
2022;      003406401;4;34;64;1;1;0;2;1
2022;      003406501;3;34;65;1;5;1;2;1
2022;      003504501;6;35;45;1;4;6;1;1
2022;      003504501;7;35;45;1;4;6;2;2
2022;      003504601;5;35;46;1;5;3;2;1
2022;      003609501;4;36;95;1;3;7;2;1
2022;      003609601;4;36;96;1;1;0;2;1
2022;      003701701;4;37;17;1;0;1;2;1
2022;      003706501;8;37;65;1;0;6;2;1
2022;      003706601;6;37;66;1;4;0;2;1
2022;      003803501;4;38;35;1;2;11;2;1
2022;      003803901;3;38;39;1;3;2;2;1
2022;      003809801;4;38;98;1;0;7;2;1
2022;      003810801;2;38;108;1;4;0;2;1
2022;      003811101;5;38;111;1;3;8;1;1
2022;      003811101;6;38;111;1;0;1;2;2
2022;      003901701;2;39;17;1;1;1;2;1
2022;      003911601;3;39;116;1;2;0;2;1
2022;      004001001;5;40;10;1;2;4;1;1
2022;      004001001;6;40;10;1;0;8;2;2
2022;      004008001;8;40;80;1;4;3;2;1
2022;      004012201;3;40;122;1;0;8;1;1
2022;      004012201;4;40;122;1;0;8;2;2
2022;      004012301;3;40;123;1;2;4;2;1
2022;      004012401;4;40;124;1;1;2;2;1
2022;      004208201;3;42;82;1;2;5;1;1
2022;      004208201;4;42;82;1;0;11;2;2
2022;      004208801;5;42;88;1;2;0;2;1
2022;      004210401;5;42;104;1;1;0;2;1
2022;      004210601;3;42;106;1;1;6;2;1
2022;      004216601;5;42;166;1;0;5;2;1
2022;      004217001;3;42;170;1;0;5;2;1
2022;      004217301;4;42;173;1;1;0;2;1
2022;      004404901;3;44;49;1;3;0;2;1
2022;      004405101;3;44;51;1;1;0;2;1
2022;      004406101;7;44;61;1;1;0;2;1
2022;      004406801;7;44;68;1;1;0;2;1
2022;      004407201;2;44;72;1;0;98;2;1
2022;      004407301;4;44;73;1;2;0;2;1
2022;      004500601;6;45;6;1;1;0;2;1
2022;      004503301;8;45;33;1;1;0;2;1
2022;      004503501;3;45;35;1;2;6;2;1
2022;      004508401;3;45;84;1;3;0;1;1
2022;      004508401;4;45;84;1;0;10;2;2
2022;      004508701;3;45;87;1;0;6;2;1
2022;      004508901;5;45;89;1;4;0;2;1
2022;      004509001;3;45;90;1;0;7;2;1
2022;      004801401;2;48;14;1;0;7;2;1
2022;      004808001;4;48;80;1;1;7;2;1
2022;      004808401;5;48;84;1;0;2;2;1
2022;      004902901;4;49;29;1;4;0;2;1
2022;      004904501;6;49;45;1;5;0;2;1
2022;      004905801;4;49;58;1;3;1;2;1
2022;      005100501;5;51;5;1;1;6;2;1
2022;      005100801;3;51;8;1;4;3;2;1
2022;      005101301;6;51;13;1;2;3;2;1
2022;      005101501;5;51;15;1;0;1;2;1
2022;      005107801;5;51;78;1;1;5;2;1
2022;      005107901;2;51;79;1;1;1;2;1
2022;      005108001;4;51;80;1;2;2;2;1
2022;      005108101;3;51;81;1;2;5;2;1
2022;      005112601;6;51;126;1;0;4;2;1
2022;      005113101;6;51;131;1;0;1;2;1
2022;      005114501;3;51;145;1;1;5;2;1
2022;      005114701;3;51;147;1;1;4;2;1
2022;      005308701;5;53;87;1;0;2;2;1
2022;      005309201;6;53;92;1;1;0;2;1
2022;      005309301;5;53;93;1;2;7;2;1
2022;      005311301;4;53;113;1;2;7;2;1
2022;      005311501;4;53;115;1;0;1;2;1
2022;      005400101;9;54;1;1;2;0;2;1
2022;      005400301;5;54;3;1;2;4;2;1
2022;      005401801;5;54;18;1;4;1;2;1
2022;      005402801;5;54;28;1;5;4;1;1
2022;      005402801;6;54;28;1;0;3;1;2
2022;      005402801;7;54;28;1;0;6;1;3
2022;      005402801;8;54;28;1;1;0;2;4
2022;      005403201;5;54;32;1;6;4;1;1
2022;      005403201;6;54;32;1;3;4;2;2
2022;      005701701;5;57;17;1;1;11;2;1
2022;      005701801;6;57;18;1;2;0;2;1
2022;      005702001;3;57;20;1;2;1;2;1
2022;      005706601;2;57;66;1;0;1;2;1
2022;      005706701;4;57;67;1;4;0;2;1
2022;      005707001;4;57;70;1;0;5;2;1
2022;      005707201;3;57;72;1;2;0;2;1
2022;      005711601;6;57;116;1;1;0;2;1
2022;      005712001;4;57;120;1;1;0;2;1
2022;      005802601;4;58;26;1;3;5;2;1
2022;      005803701;2;58;37;1;2;3;1;1
2022;      005803701;3;58;37;1;0;3;2;2
2022;      005804101;3;58;41;1;3;4;2;1
2022;      005809501;3;58;95;1;1;0;2;1
2022;      005810001;3;58;100;1;0;5;1;1
2022;      005810001;4;58;100;1;0;5;2;2
2022;      005810501;4;58;105;1;3;6;2;1
2022;      005812701;5;58;127;1;3;8;2;1
2022;      006305902;3;63;59;2;2;3;2;1
2022;      006804101;7;68;41;1;0;5;1;1
2022;      006804101;8;68;41;1;0;4;2;2
2022;      006804801;5;68;48;1;5;1;2;1
2022;      008006401;5;80;64;1;4;0;2;1
2022;      008705801;8;87;58;1;0;6;2;1
2022;      008707401;6;87;74;1;1;2;1;1
2022;      008707401;10;87;74;1;1;2;1;2
2022;      008707401;13;87;74;1;0;1;2;3
2022;      008801701;5;88;17;1;0;2;2;1
2022;      009200401;4;92;4;1;0;4;2;1
2022;      009204901;3;92;49;1;4;10;1;1
2022;      009204901;4;92;49;1;1;6;2;2
2022;      009405101;3;94;51;1;2;0;2;1
2022;      009407101;6;94;71;1;1;6;2;1
2022;      009602901;5;96;29;1;0;10;2;1
2022;      009614501;4;96;145;1;5;0;1;1
2022;      009614501;5;96;145;1;5;0;2;2
2022;      009614601;6;96;146;1;4;0;2;1
2022;      009614701;3;96;147;1;5;0;1;1
2022;      009614701;4;96;147;1;2;0;2;2
2022;      009802001;6;98;20;1;1;4;2;1
2022;      009802501;5;98;25;1;0;2;2;1
2022;      009805201;5;98;52;1;1;8;1;1
2022;      009805201;6;98;52;1;1;8;2;2
2022;      009810301;5;98;103;1;4;0;2;1
2022;      009901801;3;99;18;1;2;6;2;1
2022;      009902701;4;99;27;1;3;0;2;1
2022;      009903101;3;99;31;1;1;0;2;1
2022;      009903601;4;99;36;1;4;0;2;1
2022;      009904301;4;99;43;1;3;0;2;1
2022;      009906201;3;99;62;1;0;2;1;1
2022;      009906201;4;99;62;1;0;2;2;2
2022;      009906401;5;99;64;1;4;0;2;1
2022;      009906801;3;99;68;1;2;3;2;1
2022;      009908801;6;99;88;1;1;0;1;1
2022;      009908801;7;99;88;1;1;0;2;2
2022;      009909401;3;99;94;1;0;7;2;1
2022;      009909801;5;99;98;1;2;0;2;1
2022;      009910501;4;99;105;1;2;5;2;1
2022;      010000701;4;100;7;1;1;7;2;1
2022;      010002101;3;100;21;1;2;0;2;1
2022;      010002701;4;100;27;1;3;3;1;1
2022;      010002701;5;100;27;1;1;0;2;2
2022;      010002901;5;100;29;1;4;0;2;1
2022;      010004701;6;100;47;1;2;10;2;1
2022;      010005901;6;100;59;1;3;0;2;1
2022;      010103401;2;101;34;1;1;0;2;1
2022;      010103501;3;101;35;1;5;0;2;1
2022;      010103601;5;101;36;1;0;10;2;1
2022;      010105601;6;101;56;1;1;3;2;1
2022;      010105801;4;101;58;1;3;0;1;1
2022;      010105801;5;101;58;1;1;0;2;2
2022;      010108501;4;101;85;1;3;7;2;1
2022;      010303601;5;103;36;1;2;10;2;1
2022;      010304901;5;103;49;1;2;0;1;1
2022;      010304901;6;103;49;1;1;0;2;2
2022;      010306501;5;103;65;1;0;11;2;1
2022;      010306901;1;103;69;1;3;0;2;1
2022;      010307001;2;103;70;1;0;9;2;1
2022;      010307101;4;103;71;1;0;5;2;1
2022;      010307201;1;103;72;1;8;0;2;1
2022;      010403901;3;104;39;1;3;5;1;1
2022;      010403901;4;104;39;1;0;5;2;2
2022;      010404101;3;104;41;1;1;0;2;1
2022;      010408701;3;104;87;1;1;0;2;1
2022;      010605201;2;106;52;1;5;0;1;1
2022;      010605201;3;106;52;1;1;6;2;2
2022;      010606201;3;106;62;1;4;6;2;1
2022;      010710801;3;107;108;1;0;1;2;1
2022;      010900201;6;109;2;1;4;2;1;1
2022;      010900201;7;109;2;1;2;0;1;2
2022;      010900201;8;109;2;1;0;2;2;3
2022;      010900501;3;109;5;1;1;11;2;1
2022;      010902601;4;109;26;1;5;0;2;1
2022;      010903101;7;109;31;1;4;4;2;1
2022;      010903201;4;109;32;1;4;6;2;1
2022;      010903501;3;109;35;1;4;8;1;1
2022;      010903501;4;109;35;1;2;2;2;2
2022;      011000101;5;110;1;1;3;5;2;1
2022;      011000301;4;110;3;1;5;0;2;1
2022;      011000501;8;110;5;1;5;0;2;1
2022;      011002001;4;110;20;1;5;5;1;1
2022;      011002001;5;110;20;1;3;5;2;2
2022;      011002901;4;110;29;1;3;0;2;1
2022;      011005401;2;110;54;1;0;5;1;1
2022;      011005401;3;110;54;1;4;5;1;2
2022;      011005401;4;110;54;1;2;5;1;3
2022;      011005401;5;110;54;1;0;5;2;4
2022;      011007501;7;110;75;1;3;0;1;1
2022;      011007501;8;110;75;1;2;0;2;2
2022;      011009501;4;110;95;1;3;1;2;1
2022;      011010901;5;110;109;1;1;5;2;1
2022;      011011101;4;110;111;1;3;0;2;1
2022;      011012301;3;110;123;1;1;0;2;1
2022;      011100101;3;111;1;1;0;2;2;1
2022;      011100601;3;111;6;1;5;4;1;1
2022;      011100601;4;111;6;1;2;4;2;2
2022;      011101801;5;111;18;1;6;0;1;1
2022;      011101801;6;111;18;1;3;8;2;2
2022;      011103901;4;111;39;1;4;5;2;1
2022;      011104001;4;111;40;1;3;0;2;1
2022;      011202901;2;112;29;1;0;7;1;1
2022;      011202901;3;112;29;1;0;5;2;2
2022;      011203101;7;112;31;1;1;3;2;1
2022;      011203301;3;112;33;1;5;8;1;1
2022;      011203301;4;112;33;1;3;0;2;2
2022;      011203401;4;112;34;1;3;1;2;1
2022;      011203701;3;112;37;1;4;6;2;1
2022;      011203801;5;112;38;1;2;5;2;1
2022;      011204001;5;112;40;1;1;10;2;1
2022;      011204201;3;112;42;1;3;0;2;1
2022;      011206001;2;112;60;1;11;0;1;1
2022;      011206001;3;112;60;1;4;0;1;2
2022;      011206001;4;112;60;1;0;3;2;3
2022;      011206601;5;112;66;1;2;8;2;1
2022;      011206701;6;112;67;1;3;0;2;1
2022;      011300901;3;113;9;1;2;3;2;1
2022;      011301301;2;113;13;1;0;1;2;1
2022;      011302001;3;113;20;1;2;3;1;1
2022;      011302001;4;113;20;1;1;3;2;2
2022;      011302501;3;113;25;1;0;8;2;1
2022;      011302901;7;113;29;1;2;3;2;1
2022;      011303601;2;113;36;1;2;0;1;1
2022;      011303601;3;113;36;1;1;0;2;2
2022;      011303801;3;113;38;1;1;3;2;1
2022;      011305101;3;113;51;1;0;1;2;1
2022;      011306101;2;113;61;1;4;0;1;1
2022;      011306101;3;113;61;1;4;0;2;2
2022;      011601501;3;116;15;1;1;0;1;1
2022;      011601501;4;116;15;1;1;0;2;2
2022;      011704901;7;117;49;1;2;3;2;1
2022;      011706401;2;117;64;1;0;7;2;1
2022;      011710301;4;117;103;1;1;0;2;1
2022;      011710801;3;117;108;1;0;1;2;1
2022;      012005301;2;120;53;1;2;0;1;1
2022;      012005301;3;120;53;1;2;0;1;2
2022;      012005301;4;120;53;1;1;0;2;3
2022;      012009401;2;120;94;1;2;0;2;1
2022;      012115901;4;121;159;1;0;2;2;1
2022;      012504101;5;125;41;1;3;2;1;1
2022;      012504101;6;125;41;1;2;3;2;2
2022;      012505901;2;125;59;1;3;10;2;1
2022;      012507701;4;125;77;1;0;4;2;1
2022;      012508901;4;125;89;1;3;9;2;1
2022;      012511701;4;125;117;1;4;0;1;1
2022;      012511701;5;125;117;1;2;0;2;2
2022;      012603301;2;126;33;1;0;1;2;1
2022;      012606501;3;126;65;1;2;0;2;1
2022;      012609601;7;126;96;1;2;0;2;1
2022;      013107401;3;131;74;1;1;0;2;1
2022;      013406001;2;134;60;1;1;0;2;1
2022;      013409501;5;134;95;1;1;0;2;1
2022;      013501701;4;135;17;1;6;6;1;1
2022;      013501701;5;135;17;1;2;11;2;2
2022;      013504701;4;135;47;1;1;0;2;1
2022;      013509001;6;135;90;1;0;2;2;1
2022;      013509601;2;135;96;1;0;8;2;1
2022;      013601701;3;136;17;1;2;6;2;1
2022;      013603001;4;136;30;1;1;0;2;1
2022;      013701101;2;137;11;1;0;3;2;1
2022;      014104001;4;141;40;1;1;0;2;1
2022;      014104201;5;141;42;1;0;3;2;1
2022;      014110101;3;141;101;1;4;10;2;1
2022;      014110301;5;141;103;1;3;1;1;1
2022;      014110301;6;141;103;1;1;0;2;2
2022;      014207901;5;142;79;1;1;0;2;1
2022;      014208101;4;142;81;1;0;6;2;1
2022;      014208201;5;142;82;1;1;0;2;1
2022;      014209201;7;142;92;1;1;0;1;1
2022;      014209201;8;142;92;1;0;6;2;2
2022;      014213101;7;142;131;1;1;3;1;1
2022;      014213101;8;142;131;1;4;3;2;2
2022;      014213201;4;142;132;1;0;6;2;1
2022;      014303101;5;143;31;1;0;3;2;1
2022;      014303201;7;143;32;1;3;3;2;1
2022;      014304701;4;143;47;1;1;2;2;1
2022;      014316701;4;143;167;1;2;1;2;1
2022;      014316801;4;143;168;1;4;1;2;1
2022;      014316901;2;143;169;1;2;2;2;1
2022;      014317301;4;143;173;1;0;2;1;1
2022;      014317301;5;143;173;1;0;2;2;2
2022;      014405101;5;144;51;1;3;6;2;1
2022;      014407101;4;144;71;1;0;3;2;1
2022;      014407201;4;144;72;1;1;0;1;1
2022;      014407201;5;144;72;1;0;6;2;2
2022;      014409401;6;144;94;1;1;0;2;1
2022;      014605501;4;146;55;1;1;0;2;1
2022;      014605601;3;146;56;1;5;7;1;1
2022;      014605601;4;146;56;1;0;11;2;2
2022;      014616801;4;146;168;1;4;0;2;1
2022;      014706301;3;147;63;1;2;0;1;1
2022;      014706301;4;147;63;1;0;2;2;2
2022;      014707301;4;147;73;1;1;7;2;1
2022;      014713601;5;147;136;1;1;3;2;1
2022;      014713801;5;147;138;1;5;2;2;1
2022;      014801701;3;148;17;1;2;3;2;1
2022;      014801801;5;148;18;1;0;1;2;1
2022;      014809701;4;148;97;1;3;4;1;1
2022;      014809701;5;148;97;1;0;1;2;2
2022;      014904901;4;149;49;1;2;0;2;1
2022;      014905301;7;149;53;1;4;3;2;1
2022;      014905501;2;149;55;1;1;0;2;1
2022;      014906001;4;149;60;1;1;0;2;1
2022;      014906501;5;149;65;1;4;0;2;1
2022;      014907501;7;149;75;1;3;0;1;1
2022;      014907501;8;149;75;1;1;6;2;2
2022;      014910001;3;149;100;1;0;1;1;1
2022;      014910001;4;149;100;1;0;1;2;2
2022;      015000801;3;150;8;1;3;0;2;1
2022;      015004901;4;150;49;1;2;3;2;1
2022;      015007001;3;150;70;1;3;0;2;1
2022;      015007201;4;150;72;1;0;8;2;1
2022;      015008401;3;150;84;1;0;1;2;1
2022;      015202901;4;152;29;1;1;9;2;1
2022;      015205701;3;152;57;1;1;6;2;1
2022;      015206401;6;152;64;1;3;5;2;1
2022;      015208001;5;152;80;1;1;2;2;1
2022;      015208101;5;152;81;1;2;8;2;1
2022;      015300401;4;153;4;1;3;0;2;1
2022;      015301301;2;153;13;1;1;6;2;1
2022;      015302501;7;153;25;1;3;98;2;1
2022;      015303201;4;153;32;1;3;1;2;1
2022;      015308301;3;153;83;1;0;2;2;1
2022;      015313301;4;153;133;1;0;3;2;1
2022;      015315001;8;153;150;1;4;0;2;1
2022;      015400701;4;154;7;1;4;1;1;1
2022;      015400701;5;154;7;1;0;8;2;2
2022;      015404901;1;154;49;1;10;0;2;1
2022;      015405801;4;154;58;1;0;6;2;1
2022;      015405901;2;154;59;1;2;6;2;1
2022;      015409701;4;154;97;1;1;6;2;1
2022;      015503801;4;155;38;1;1;0;1;1
2022;      015503801;5;155;38;1;1;0;2;2
2022;      015504001;2;155;40;1;2;0;2;1
2022;      015506001;3;155;60;1;1;0;1;1
2022;      015506001;4;155;60;1;0;1;2;2
2022;      015508601;5;155;86;1;1;1;2;1
2022;      015509001;3;155;90;1;2;0;2;1
2022;      015711301;4;157;113;1;4;0;2;1
2022;      016201801;3;162;18;1;2;0;2;1
2022;      016202101;4;162;21;1;1;0;2;1
2022;      016202301;6;162;23;1;0;1;2;1
2022;      016203901;3;162;39;1;1;0;2;1
2022;      016204501;3;162;45;1;2;0;2;1
2022;      016210301;4;162;103;1;3;3;1;1
2022;      016210301;5;162;103;1;3;3;1;2
2022;      016210301;6;162;103;1;0;1;2;3
2022;      016211001;3;162;110;1;3;6;2;1
2022;      016300201;4;163;2;1;4;0;2;1
2022;      016303301;4;163;33;1;2;7;2;1
2022;      016306601;3;163;66;1;1;1;2;1
2022;      016307501;6;163;75;1;2;0;2;1
2022;      016308801;3;163;88;1;4;6;2;1
2022;      016311301;5;163;113;1;2;3;2;1
2022;      016313501;3;163;135;1;1;3;2;1
2022;      016401701;6;164;17;1;0;6;2;1
2022;      016402201;1;164;22;1;1;0;1;1
2022;      016402201;2;164;22;1;1;0;2;2
2022;      016402501;4;164;25;1;0;1;2;1
2022;      016405901;4;164;59;1;0;2;2;1
2022;      016406801;5;164;68;1;2;1;1;1
2022;      016406801;6;164;68;1;1;1;2;2
2022;      016504201;6;165;42;1;3;9;2;1
2022;      016510101;6;165;101;1;3;4;2;1
2022;      016510401;6;165;104;1;3;5;2;1
2022;      016510701;4;165;107;1;2;2;2;1
2022;      016601301;5;166;13;1;6;0;1;1
2022;      016601301;8;166;13;1;1;7;2;2
2022;      016601601;5;166;16;1;0;1;2;1
2022;      016603501;5;166;35;1;2;4;2;1
2022;      016603601;3;166;36;1;1;3;2;1
2022;      016603701;4;166;37;1;2;0;2;1
2022;      016608701;4;166;87;1;4;0;2;1
2022;      016609401;3;166;94;1;0;10;2;1
2022;      016700601;5;167;6;1;1;0;2;1
2022;      016703201;3;167;32;1;1;10;1;1
2022;      016703201;4;167;32;1;2;0;2;2
2022;      016706001;3;167;60;1;2;10;2;1
2022;      016707901;5;167;79;1;1;11;2;1
2022;      016708501;4;167;85;1;1;3;2;1
2022;      016804001;5;168;40;1;1;6;2;1
2022;      016813401;5;168;134;1;0;5;2;1
2022;      016901101;5;169;11;1;2;2;2;1
2022;      017303901;6;173;39;1;2;11;1;1
2022;      017303901;7;173;39;1;2;11;2;2
2022;      017304201;3;173;42;1;0;2;2;1
2022;      018006301;7;180;63;1;0;3;1;1
2022;      018006301;8;180;63;1;0;3;2;2
2022;      018008501;2;180;85;1;0;6;1;1
2022;      018008501;3;180;85;1;2;3;1;2
2022;      018008501;4;180;85;1;2;3;2;3
2022;      018204501;4;182;45;1;2;0;2;1
2022;      018209801;4;182;98;1;7;5;2;1
2022;      018301901;4;183;19;1;2;11;2;1
2022;      018305201;6;183;52;1;3;6;2;1
2022;      018305902;2;183;59;2;2;4;1;1
2022;      018305902;3;183;59;2;1;11;2;2
2022;      018308701;3;183;87;1;1;6;2;1
2022;      018400101;3;184;1;1;0;1;2;1
2022;      018403001;3;184;30;1;2;1;2;1
2022;      018403901;4;184;39;1;1;10;2;1
2022;      018406601;3;184;66;1;6;1;1;1
2022;      018406601;4;184;66;1;1;1;2;2
2022;      018407301;2;184;73;1;2;0;2;1
2022;      018413201;3;184;132;1;1;0;2;1
2022;      018712401;3;187;124;1;2;5;2;1
2022;      018903001;5;189;30;1;1;0;2;1
2022;      018908301;2;189;83;1;2;10;2;1
2022;      018911001;5;189;110;1;2;3;2;1
2022;      019001401;3;190;14;1;3;4;2;1
2022;      019203201;4;192;32;1;0;1;2;1
2022;      019204801;3;192;48;1;1;0;2;1
2022;      019205901;3;192;59;1;2;7;2;1
2022;      019209401;3;192;94;1;1;0;2;1
2022;      019304901;2;193;49;1;2;5;2;1
2022;      019307701;4;193;77;1;3;5;2;1
2022;      019310901;1;193;109;1;0;3;2;1
2022;      019404001;5;194;40;1;0;2;2;1
2022;      019405101;3;194;51;1;2;3;2;1
2022;      019903401;4;199;34;1;4;2;1;1
2022;      019903401;5;199;34;1;2;6;2;2
2022;      020008301;6;200;83;1;0;6;2;1
2022;      020010901;3;200;109;1;0;6;2;1
2022;      020014901;3;200;149;1;3;3;1;1
2022;      020014901;4;200;149;1;2;3;2;2
2022;      020206801;4;202;68;1;1;9;1;1
2022;      020206801;5;202;68;1;2;6;2;2
2022;      020503101;3;205;31;1;2;2;2;1
2022;      020511401;2;205;114;1;5;0;1;1
2022;      020511401;3;205;114;1;0;8;2;2
2022;      020514201;4;205;142;1;0;2;1;1
2022;      020514201;7;205;142;1;0;6;2;2
2022;      020600401;4;206;4;1;3;1;1;1
2022;      020600401;5;206;4;1;1;10;2;2
2022;      020601001;3;206;10;1;0;3;2;1
2022;      020607101;4;206;71;1;1;0;2;1
2022;      021006201;3;210;62;1;0;3;2;1
2022;      021006801;5;210;68;1;1;3;2;1
2022;      021308901;3;213;89;1;1;2;2;1
2022;      021315301;5;213;153;1;0;6;2;1
2022;      021401201;3;214;12;1;3;3;2;1
2022;      021401901;6;214;19;1;0;5;2;1
2022;      021402801;3;214;28;1;1;5;2;1
2022;      021405301;3;214;53;1;3;3;2;1
2022;      021406401;5;214;64;1;1;5;2;1
2022;      021407001;6;214;70;1;0;4;2;1
2022;      021610901;2;216;109;1;2;2;2;1
2022;      021803301;5;218;33;1;1;4;2;1
2022;      021803401;4;218;34;1;98;98;2;1
2022;      022001101;7;220;11;1;1;1;1;1
2022;      022001101;9;220;11;1;1;1;2;2
2022;      022100601;5;221;6;1;0;8;2;1
2022;      022104001;3;221;40;1;2;2;2;1
2022;      022209801;6;222;98;1;3;0;2;1
2022;      022209901;2;222;99;1;0;1;1;1
2022;      022209901;6;222;99;1;1;6;2;2
2022;      022603001;5;226;30;1;0;5;2;1
2022;      022604601;3;226;46;1;4;0;1;1
2022;      022604601;4;226;46;1;0;8;2;2
2022;      022801001;3;228;10;1;0;5;2;1
2022;      022802001;1;228;20;1;1;5;1;1
2022;      022802001;4;228;20;1;0;5;2;2
2022;      022805001;3;228;50;1;2;5;1;1
2022;      022805001;4;228;50;1;0;5;2;2
2022;      022913201;4;229;132;1;1;0;2;1
2022;      023002601;8;230;26;1;0;1;2;1
2022;      023004901;3;230;49;1;1;6;1;1
2022;      023004901;4;230;49;1;0;6;2;2
2022;      023100801;3;231;8;1;0;1;2;1
2022;      023104301;3;231;43;1;3;0;2;1
2022;      023105501;5;231;55;1;1;0;2;1
2022;      023106701;4;231;67;1;0;4;2;1
2022;      023107801;5;231;78;1;3;0;2;1
2022;      023201501;4;232;15;1;2;0;1;1
2022;      023201501;6;232;15;1;5;0;2;2
2022;      023201601;5;232;16;1;4;0;1;1
2022;      023201601;7;232;16;1;2;0;1;2
2022;      023201601;8;232;16;1;0;6;2;3
2022;      023210501;4;232;105;1;2;0;1;1
2022;      023210501;5;232;105;1;2;0;1;2
2022;      023210501;7;232;105;1;2;0;2;3
2022;      023400101;4;234;1;1;1;0;2;1
2022;      023403001;3;234;30;1;3;0;2;1
2022;      023503201;3;235;32;1;0;1;2;1
2022;      023503701;4;235;37;1;1;0;2;1
2022;      023702401;3;237;24;1;2;0;1;1
2022;      023702401;4;237;24;1;0;1;2;2
2022;      023802801;3;238;28;1;3;0;2;1
2022;      023808101;4;238;81;1;2;3;2;1
2022;      024212001;4;242;120;1;0;6;2;1
2022;      024400901;2;244;9;1;0;3;2;1
2022;      024501401;6;245;14;1;1;6;2;1
2022;      024511501;5;245;115;1;0;3;2;1
2022;      024601001;5;246;10;1;2;0;2;1
2022;      024601601;3;246;16;1;6;0;2;1
2022;      024613901;4;246;139;1;1;11;1;1
2022;      024613901;5;246;139;1;5;0;2;2
2022;      024703001;3;247;30;1;1;0;2;1
2022;      024713001;4;247;130;1;6;2;2;1
2022;      025100901;4;251;9;1;0;11;2;1
2022;      025104401;4;251;44;1;2;2;1;1
2022;      025104401;5;251;44;1;0;2;2;2
2022;      025202901;3;252;29;1;2;6;2;1
2022;      025203401;3;252;34;1;1;0;1;1
2022;      025203401;4;252;34;1;1;0;1;2
2022;      025203401;5;252;34;1;1;0;2;3
2022;      025205501;4;252;55;1;2;0;2;1
2022;      025207401;3;252;74;1;3;0;2;1
2022;      025310901;3;253;109;1;1;0;2;1
2022;      025311001;4;253;110;1;1;0;2;1
2022;      025801201;4;258;12;1;2;0;2;1
2022;      025806401;4;258;64;1;5;0;2;1
2022;      025807101;6;258;71;1;3;2;2;1
2022;      025807601;5;258;76;1;1;8;2;1
2022;      025808401;3;258;84;1;2;0;2;1
2022;      025900201;2;259;2;1;0;3;2;1
2022;      025900701;4;259;7;1;4;1;2;1
2022;      025901301;5;259;13;1;1;6;2;1
2022;      025903501;4;259;35;1;3;6;2;1
2022;      025905201;3;259;52;1;1;0;2;1
2022;      025906601;1;259;66;1;0;6;1;1
2022;      025906601;3;259;66;1;6;0;1;2
2022;      025906601;4;259;66;1;4;4;2;3
2022;      026000601;5;260;6;1;5;0;2;1
2022;      026005101;4;260;51;1;1;0;2;1
2022;      026008101;4;260;81;1;3;0;2;1
2022;      026100201;2;261;2;1;0;8;2;1
2022;      026103301;5;261;33;1;1;0;2;1
2022;      026108301;3;261;83;1;5;0;1;1
2022;      026108301;4;261;83;1;4;6;1;2
2022;      026108301;5;261;83;1;0;3;2;3
2022;      026108401;2;261;84;1;0;3;2;1
2022;      026603101;3;266;31;1;7;0;1;1
2022;      026603101;4;266;31;1;3;0;2;2
2022;      026604901;4;266;49;1;2;0;2;1
2022;      026609701;2;266;97;1;2;1;2;1
2022;      026702301;4;267;23;1;0;5;2;1
2022;      026801901;2;268;19;1;7;3;1;1
2022;      026801901;3;268;19;1;3;3;1;2
2022;      026801901;4;268;19;1;0;3;2;3
2022;      026802901;3;268;29;1;2;4;2;1
2022;      026803701;2;268;37;1;0;8;2;1
2022;      026809001;2;268;90;1;2;6;1;1
2022;      026809001;3;268;90;1;0;6;2;2
2022;      026904501;3;269;45;1;2;0;1;1
2022;      026904501;4;269;45;1;0;6;2;2
2022;      026907101;1;269;71;1;1;0;2;1
2022;      026908301;4;269;83;1;3;0;2;1
2022;      027003601;4;270;36;1;0;11;2;1
2022;      027004301;4;270;43;1;0;4;2;1
2022;      027005301;4;270;53;1;1;0;2;1
2022;      027007801;1;270;78;1;1;0;1;1
2022;      027007801;3;270;78;1;2;0;2;2
2022;      027008901;1;270;89;1;3;0;2;1
2022;      027300101;7;273;1;1;1;0;1;1
2022;      027300101;8;273;1;1;1;0;2;2
2022;      027300401;6;273;4;1;3;0;1;1
2022;      027300401;7;273;4;1;3;0;2;2
2022;      027306001;4;273;60;1;1;0;2;1
2022;      027307401;3;273;74;1;3;1;2;1
2022;      027307701;4;273;77;1;0;6;2;1
2022;      027401501;5;274;15;1;2;0;2;1
2022;      027401601;3;274;16;1;3;0;1;1
2022;      027401601;4;274;16;1;1;2;2;2
2022;      027402301;2;274;23;1;2;0;2;1
2022;      027402701;3;274;27;1;0;3;1;1
2022;      027402701;4;274;27;1;0;3;2;2
2022;      027600201;3;276;2;1;1;0;2;1
2022;      027600501;4;276;5;1;1;8;2;1
2022;      027601701;2;276;17;1;1;0;2;1
2022;      027601901;6;276;19;1;1;0;2;1
2022;      027610101;2;276;101;1;1;0;2;1
2022;      027708901;3;277;89;1;1;0;2;1
2022;      027709301;3;277;93;1;3;2;2;1
2022;      027801601;3;278;16;1;2;6;2;1
2022;      027801701;5;278;17;1;1;0;2;1
2022;      027801901;4;278;19;1;2;0;2;1
2022;      027802001;4;278;20;1;4;0;1;1
2022;      027802001;5;278;20;1;1;0;2;2
2022;      027804501;2;278;45;1;2;0;2;1
2022;      027804901;3;278;49;1;1;2;2;1
2022;      027805201;3;278;52;1;12;0;1;1
2022;      027805201;4;278;52;1;4;0;2;2
2022;      027805401;4;278;54;1;2;0;2;1
2022;      027902301;1;279;23;1;0;3;2;1
2022;      027902501;5;279;25;1;2;0;2;1
2022;      027903701;4;279;37;1;1;1;2;1
2022;      027904501;3;279;45;1;1;0;1;1
2022;      027904501;4;279;45;1;0;7;2;2
2022;      027913301;4;279;133;1;0;6;2;1
2022;      027913901;3;279;139;1;1;0;2;1
2022;      028103301;5;281;33;1;1;0;1;1
2022;      028103301;6;281;33;1;1;0;2;2
2022;      028103401;3;281;34;1;2;0;2;1
2022;      028103701;5;281;37;1;0;2;1;1
2022;      028103701;6;281;37;1;0;2;2;2
2022;      028103901;4;281;39;1;4;4;2;1
2022;      028104401;4;281;44;1;3;0;2;1
2022;      028108401;3;281;84;1;1;5;2;1
2022;      028205101;4;282;51;1;0;4;2;1
2022;      028205301;4;282;53;1;5;6;1;1
2022;      028205301;5;282;53;1;1;6;2;2
2022;      028205901;3;282;59;1;2;4;2;1
2022;      028207701;2;282;77;1;3;0;2;1
2022;      028207801;5;282;78;1;3;4;2;1
2022;      028207901;3;282;79;1;4;0;2;1
2022;      028303701;3;283;37;1;2;0;2;1
2022;      028305801;3;283;58;1;4;0;2;1
2022;      028306001;5;283;60;1;0;1;2;1
2022;      028306301;5;283;63;1;4;0;1;1
2022;      028306301;6;283;63;1;2;0;2;2
2022;      028401501;3;284;15;1;1;0;2;1
2022;      028401601;5;284;16;1;0;6;2;1
2022;      028403601;3;284;36;1;0;11;2;1
2022;      028408701;3;284;87;1;3;0;1;1
2022;      028408701;4;284;87;1;2;0;2;2
2022;      028411001;1;284;110;1;0;2;2;1
2022;      028411401;1;284;114;1;0;2;2;1
2022;      028413201;5;284;132;1;0;1;2;1
2022;      028900301;4;289;3;1;1;3;2;1
2022;      028900601;4;289;6;1;2;0;2;1
2022;      028901301;7;289;13;1;0;5;2;1
2022;      028901401;8;289;14;1;0;2;2;1
2022;      028901701;5;289;17;1;4;9;1;1
2022;      028901701;6;289;17;1;1;2;2;2
2022;      028906101;6;289;61;1;4;0;1;1
2022;      028906101;7;289;61;1;2;6;2;2
2022;      028906701;2;289;67;1;0;7;2;1
2022;      028906801;5;289;68;1;4;0;2;1
2022;      029003801;3;290;38;1;0;4;2;1
2022;      029003901;3;290;39;1;0;7;2;1
2022;      029004001;3;290;40;1;4;8;2;1
2022;      029004201;2;290;42;1;0;3;2;1
2022;      029009301;3;290;93;1;3;0;1;1
2022;      029009301;4;290;93;1;1;0;2;2
2022;      029009501;4;290;95;1;0;9;2;1
2022;      029009801;3;290;98;1;3;1;1;1
2022;      029009801;4;290;98;1;1;1;2;2
2022;      029100801;4;291;8;1;1;0;1;1
2022;      029100801;5;291;8;1;1;0;2;2
2022;      029101001;1;291;10;1;1;0;2;1
2022;      029101101;1;291;11;1;1;0;1;1
2022;      029101101;2;291;11;1;1;0;2;2
2022;      029101301;3;291;13;1;1;0;2;1
2022;      029101601;1;291;16;1;3;0;1;1
2022;      029101601;2;291;16;1;3;0;2;2
2022;      029101701;1;291;17;1;0;2;2;1
2022;      029102101;5;291;21;1;0;1;2;1
2022;      029105801;1;291;58;1;2;0;2;1
2022;      029105901;1;291;59;1;5;0;1;1
2022;      029105901;2;291;59;1;5;0;2;2
2022;      029106001;1;291;60;1;4;0;1;1
2022;      029106001;2;291;60;1;4;0;2;2
2022;      029106201;3;291;62;1;1;0;2;1
2022;      029302101;3;293;21;1;4;11;1;1
2022;      029302101;4;293;21;1;1;3;2;2
2022;      029302201;3;293;22;1;0;6;2;1
2022;      029306401;5;293;64;1;6;0;1;1
2022;      029306401;6;293;64;1;6;0;1;2
2022;      029306401;8;293;64;1;0;8;2;3
2022;      029307801;3;293;78;1;4;0;2;1
2022;      029400901;6;294;9;1;2;0;2;1
2022;      029403701;4;294;37;1;1;0;2;1
2022;      029403801;4;294;38;1;3;3;2;1
2022;      029403901;3;294;39;1;1;0;2;1
2022;      029404001;3;294;40;1;17;0;1;1
2022;      029404001;4;294;40;1;14;0;2;2
2022;      029708501;3;297;85;1;2;0;1;1
2022;      029708501;4;297;85;1;1;0;2;2
2022;      029901801;8;299;18;1;2;4;2;1
2022;      029908601;2;299;86;1;1;6;2;1
2022;      030002801;3;300;28;1;0;8;2;1
2022;      030404001;4;304;40;1;0;6;2;1
2022;      030411901;3;304;119;1;1;3;2;1
2022;      030604101;4;306;41;1;3;3;2;1
2022;      030608901;2;306;89;1;5;0;2;1
2022;      030610501;4;306;105;1;5;11;2;1
2022;      030610801;2;306;108;1;3;0;2;1
2022;      030613801;3;306;138;1;1;6;2;1
2022;      030615101;2;306;151;1;0;2;2;1
2022;      030912601;3;309;126;1;3;4;2;1
2022;      031306101;3;313;61;1;1;0;2;1
2022;      031306201;2;313;62;1;0;3;1;1
2022;      031306201;3;313;62;1;0;4;2;2
2022;      031306401;3;313;64;1;2;6;2;1
2022;      031308901;4;313;89;1;3;0;2;1
2022;      031405101;3;314;51;1;0;6;2;1
2022;      031405801;4;314;58;1;0;8;2;1
2022;      031408601;5;314;86;1;0;2;2;1
2022;      031703701;3;317;37;1;0;7;2;1
2022;      031705101;8;317;51;1;0;5;2;1
2022;      031707801;6;317;78;1;1;9;2;1
2022;      031800401;5;318;4;1;0;8;2;1
2022;      031802501;4;318;25;1;0;11;2;1
2022;      031807701;1;318;77;1;5;0;2;1
2022;      031807901;4;318;79;1;0;11;2;1
2022;      031903001;4;319;30;1;4;0;1;1
2022;      031903001;5;319;30;1;0;6;2;2
2022;      031903101;3;319;31;1;0;2;2;1
2022;      031904001;4;319;40;1;1;0;2;1
2022;      031904101;3;319;41;1;0;4;1;1
2022;      031904101;4;319;41;1;0;4;2;2
2022;      031904201;3;319;42;1;3;0;2;1
2022;      031909701;5;319;97;1;0;5;2;1
2022;      031909801;3;319;98;1;5;0;2;1
2022;      032002701;4;320;27;1;3;3;2;1
2022;      032006601;7;320;66;1;1;6;2;1
2022;      032008601;7;320;86;1;2;3;2;1
2022;      032008901;4;320;89;1;4;8;2;1
2022;      032009101;2;320;91;1;8;10;1;1
2022;      032009101;3;320;91;1;2;5;2;2
2022;      032010501;5;320;105;1;1;3;2;1
2022;      032201101;1;322;11;1;2;3;2;1
2022;      032201301;6;322;13;1;3;0;2;1
2022;      032201401;5;322;14;1;0;8;2;1
2022;      032201501;2;322;15;1;9;1;2;1
2022;      032205601;3;322;56;1;1;3;2;1
2022;      032214301;2;322;143;1;5;2;2;1
2022;      032301201;4;323;12;1;0;3;2;1
2022;      032301401;5;323;14;1;3;6;2;1
2022;      032301501;4;323;15;1;3;6;2;1
2022;      032312701;5;323;127;1;2;0;2;1
2022;      032400901;4;324;9;1;4;8;2;1
2022;      032401101;3;324;11;1;1;0;2;1
2022;      032401401;3;324;14;1;5;0;1;1
2022;      032401401;4;324;14;1;0;2;2;2
2022;      032401501;3;324;15;1;1;0;2;1
2022;      032401601;4;324;16;1;4;4;2;1
2022;      032401701;4;324;17;1;2;0;2;1
2022;      032401901;3;324;19;1;5;3;2;1
2022;      032406401;4;324;64;1;4;3;2;1
2022;      032406501;3;324;65;1;3;1;2;1
2022;      032406701;3;324;67;1;0;11;2;1
2022;      032406901;2;324;69;1;0;11;1;1
2022;      032406901;3;324;69;1;0;6;2;2
2022;      032500101;2;325;1;1;1;6;2;1
2022;      032500301;5;325;3;1;1;5;2;1
2022;      032500401;3;325;4;1;1;2;2;1
2022;      032500901;2;325;9;1;1;0;2;1
2022;      032501001;6;325;10;1;0;4;2;1
2022;      032501201;3;325;12;1;0;7;2;1
2022;      032501301;6;325;13;1;4;4;2;1
2022;      032510801;5;325;108;1;11;0;1;1
2022;      032510801;9;325;108;1;1;1;2;2
2022;      032510901;4;325;109;1;5;8;2;1
2022;      032511101;4;325;111;1;1;0;2;1
2022;      032802601;4;328;26;1;2;6;1;1
2022;      032802601;5;328;26;1;0;5;2;2
2022;      032802701;5;328;27;1;5;4;1;1
2022;      032802701;6;328;27;1;1;5;2;2
2022;      032802801;4;328;28;1;2;6;1;1
2022;      032802801;5;328;28;1;0;6;2;2
2022;      032803001;2;328;30;1;6;0;1;1
2022;      032803001;5;328;30;1;0;1;2;2
2022;      032807501;4;328;75;1;4;6;2;1
2022;      032807601;1;328;76;1;1;3;1;1
2022;      032807601;3;328;76;1;0;4;2;2
2022;      032903801;5;329;38;1;0;11;2;1
2022;      032905701;3;329;57;1;2;4;2;1
2022;      032906001;4;329;60;1;3;0;2;1
2022;      032908301;4;329;83;1;1;0;2;1
2022;      033000701;3;330;7;1;4;3;1;1
2022;      033000701;4;330;7;1;3;3;2;2
2022;      033002901;6;330;29;1;0;2;2;1
2022;      033004101;3;330;41;1;1;3;2;1
2022;      033006901;4;330;69;1;2;1;2;1
2022;      033006902;4;330;69;2;1;10;2;1
2022;      033007001;4;330;70;1;0;10;2;1
2022;      033106801;3;331;68;1;6;4;1;1
2022;      033106801;4;331;68;1;0;7;2;2
2022;      033109101;4;331;91;1;0;10;2;1
2022;      033109301;4;331;93;1;1;6;2;1
2022;      033110001;5;331;100;1;4;7;2;1
2022;      033110101;4;331;101;1;5;6;1;1
2022;      033110101;5;331;101;1;1;3;2;2
2022;      033110201;3;331;102;1;1;0;2;1
2022;      033110301;4;331;103;1;0;3;2;1
2022;      033300601;4;333;6;1;0;2;2;1
2022;      033300701;5;333;7;1;1;2;2;1
2022;      033302901;4;333;29;1;0;6;2;1
2022;      033304001;4;333;40;1;4;6;1;1
2022;      033304001;5;333;40;1;0;8;2;2
2022;      033304101;4;333;41;1;0;1;2;1
2022;      033506701;2;335;67;1;0;1;2;1
2022;      033510701;2;335;107;1;0;11;2;1
2022;      033512201;2;335;122;1;0;10;2;1
2022;      033512401;2;335;124;1;1;0;2;1
2022;      033512501;4;335;125;1;0;11;2;1
2022;      033512601;2;335;126;1;0;4;2;1
2022;      033600501;3;336;5;1;1;4;2;1
2022;      033600801;4;336;8;1;3;9;2;1
2022;      033608801;4;336;88;1;0;5;2;1
2022;      033609301;4;336;93;1;3;9;2;1
2022;      033609501;5;336;95;1;1;10;2;1
2022;      033609801;3;336;98;1;2;3;2;1
2022;      033610401;3;336;104;1;0;10;2;1
2022;      033611001;3;336;110;1;2;0;2;1
2022;      033700601;4;337;6;1;1;6;2;1
2022;      033701001;5;337;10;1;0;4;2;1
2022;      033702401;4;337;24;1;0;2;2;1
2022;      033703101;3;337;31;1;2;6;2;1
2022;      033703401;4;337;34;1;2;0;2;1
2022;      033703501;5;337;35;1;3;0;2;1
2022;      033705301;7;337;53;1;3;0;2;1
2022;      033705401;6;337;54;1;3;0;2;1
2022;      033708501;4;337;85;1;0;3;1;1
2022;      033708501;5;337;85;1;0;3;2;2
2022;      034004501;3;340;45;1;4;7;2;1
2022;      034005501;8;340;55;1;2;0;2;1
2022;      034005801;3;340;58;1;4;2;2;1
2022;      034013501;5;340;135;1;0;2;2;1
2022;      034013601;3;340;136;1;4;0;2;1
2022;      034100201;2;341;2;1;0;5;2;1
2022;      034100301;6;341;3;1;1;98;2;1
2022;      034104201;2;341;42;1;9;4;2;1
2022;      034104701;3;341;47;1;1;3;2;1
2022;      034104901;4;341;49;1;1;98;2;1
2022;      034106201;2;341;62;1;1;6;2;1
2022;      034517201;4;345;172;1;2;3;2;1
2022;      034517601;3;345;176;1;3;3;2;1
2022;      034610701;7;346;107;1;4;0;1;1
2022;      034610701;8;346;107;1;2;10;2;2
2022;      034610901;3;346;109;1;1;0;1;1
2022;      034610901;4;346;109;1;1;0;2;2
2022;      034612201;4;346;122;1;1;7;2;1
2022;      034612301;6;346;123;1;2;6;2;1
2022;      034612501;3;346;125;1;4;2;1;1
2022;      034612501;4;346;125;1;2;8;1;2
2022;      034612501;5;346;125;1;1;0;2;3
2022;      034700101;2;347;1;1;5;0;2;1
2022;      034700301;2;347;3;1;0;11;2;1
2022;      034700401;5;347;4;1;0;8;2;1
2022;      034704201;4;347;42;1;0;6;2;1
2022;      034704501;5;347;45;1;2;2;2;1
2022;      034800701;2;348;7;1;0;4;2;1
2022;      034803701;3;348;37;1;1;1;2;1
2022;      034804101;5;348;41;1;5;5;1;1
2022;      034804101;6;348;41;1;3;4;2;2
2022;      034806901;5;348;69;1;1;5;2;1
2022;      034808101;3;348;81;1;7;10;1;1
2022;      034808101;4;348;81;1;3;11;2;2
2022;      034808301;3;348;83;1;0;6;2;1
2022;      034809601;3;348;96;1;7;6;1;1
2022;      034809601;4;348;96;1;4;6;2;2
2022;      035002101;3;350;21;1;1;0;1;1
2022;      035002101;5;350;21;1;1;0;2;2
2022;      035002401;4;350;24;1;3;0;2;1
2022;      035003301;6;350;33;1;3;0;2;1
2022;      035006501;4;350;65;1;4;0;2;1
2022;      035006801;3;350;68;1;1;6;2;1
2022;      035006901;3;350;69;1;1;6;2;1
2022;      035007901;3;350;79;1;3;0;2;1
2022;      035106201;3;351;62;1;1;1;2;1
2022;      035108701;3;351;87;1;3;0;1;1
2022;      035108701;4;351;87;1;2;0;1;2
2022;      035108701;5;351;87;1;1;0;2;3
2022;      035416301;3;354;163;1;0;6;2;1
2022;      035505101;4;355;51;1;2;6;2;1
2022;      035506501;5;355;65;1;3;1;1;1
2022;      035506501;6;355;65;1;6;0;1;2
2022;      035506501;7;355;65;1;6;0;1;3
2022;      035506501;8;355;65;1;4;0;2;4
2022;      035511201;2;355;112;1;0;2;2;1
2022;      035616201;2;356;162;1;2;0;1;1
2022;      035616201;3;356;162;1;5;0;1;2
2022;      035616201;4;356;162;1;0;2;2;3
2022;      035813401;5;358;134;1;1;2;2;1
2022;      036001801;7;360;18;1;4;1;1;1
2022;      036001801;8;360;18;1;2;1;2;2
2022;      036014301;4;360;143;1;1;0;2;1
2022;      036015901;3;360;159;1;2;0;2;1
2022;      036306301;2;363;63;1;2;6;2;1
2022;      036306302;4;363;63;2;1;4;1;1
2022;      036306302;5;363;63;2;1;4;2;2
2022;      036307601;2;363;76;1;2;6;2;1
2022;      036609101;5;366;91;1;3;0;2;1
2022;      036800701;4;368;7;1;1;1;2;1
2022;      036800801;3;368;8;1;0;4;2;1
2022;      036803001;5;368;30;1;0;1;2;1
2022;      036808401;5;368;84;1;1;1;1;1
2022;      036808401;6;368;84;1;1;1;2;2
2022;      037100201;3;371;2;1;3;0;2;1
2022;      037100401;3;371;4;1;0;1;1;1
2022;      037100401;4;371;4;1;0;1;2;2
2022;      037107101;3;371;71;1;1;0;2;1
2022;      037607801;2;376;78;1;3;5;2;1
2022;      037712101;4;377;121;1;1;0;1;1
2022;      037712101;5;377;121;1;1;0;1;2
2022;      037712101;6;377;121;1;1;0;2;3
2022;      037800901;4;378;9;1;10;0;1;1
2022;      037800901;5;378;9;1;3;0;2;2
2022;      037802901;1;378;29;1;1;4;2;1
2022;      037807601;3;378;76;1;0;5;2;1
2022;      038001301;3;380;13;1;5;2;1;1
2022;      038001301;4;380;13;1;3;3;2;2
2022;      038003501;2;380;35;1;5;3;1;1
2022;      038003501;4;380;35;1;6;3;1;2
2022;      038003501;5;380;35;1;0;3;2;3
2022;      038004701;5;380;47;1;4;0;2;1
2022;      038004801;4;380;48;1;3;3;1;1
2022;      038004801;5;380;48;1;3;3;2;2
2022;      038101701;5;381;17;1;1;3;2;1
2022;      038105902;2;381;59;2;0;4;2;1
2022;      038107801;3;381;78;1;1;0;2;1
2022;      038214801;4;382;148;1;2;3;2;1
2022;      038308301;4;383;83;1;3;1;1;1
2022;      038308301;5;383;83;1;3;1;1;2
2022;      038308301;6;383;83;1;1;1;2;3
2022;      038501301;4;385;13;1;0;6;2;1
2022;      038501401;4;385;14;1;0;6;2;1
2022;      038506901;5;385;69;1;6;0;1;1
2022;      038506901;6;385;69;1;6;0;1;2
2022;      038506901;7;385;69;1;6;0;1;3
2022;      038506901;8;385;69;1;3;0;2;4
2022;      038703801;4;387;38;1;1;0;2;1
2022;      038818001;3;388;180;1;1;3;2;1
2022;      038903502;2;389;35;2;2;4;2;1
2022;      038908301;5;389;83;1;1;0;2;1
2022;      039505001;1;395;50;1;7;3;2;1
2022;      039911601;2;399;116;1;0;1;2;1
2022;      040002101;3;400;21;1;8;0;2;1
2022;      040017802;3;400;178;2;9;0;1;1
2022;      040017802;4;400;178;2;2;0;2;2
2022;      040100602;3;401;6;2;1;2;2;1
2022;      040112601;6;401;126;1;0;3;2;1
2022;      040113101;4;401;131;1;1;3;2;1
2022;      040116101;3;401;161;1;5;0;1;1
2022;      040116101;4;401;161;1;1;0;2;2
2022;      040203001;2;402;30;1;26;3;2;1
2022;      040203401;3;402;34;1;1;0;2;1
2022;      040206702;4;402;67;2;6;3;1;1
2022;      040206702;5;402;67;2;4;3;2;2
2022;      040206703;3;402;67;3;2;3;2;1
2022;      040216101;2;402;161;1;1;3;1;1
2022;      040216101;3;402;161;1;1;3;2;2
2022;      040906601;1;409;66;1;7;3;1;1
2022;      040906601;2;409;66;1;2;3;2;2
2022;      041008101;1;410;81;1;4;4;1;1
2022;      041008101;5;410;81;1;3;4;2;2
2022;      041110901;1;411;109;1;0;6;1;1
2022;      041110901;4;411;109;1;0;6;1;2
2022;      041110901;7;411;109;1;0;6;1;3
2022;      041110901;8;411;109;1;0;6;2;4
2022;      041205201;1;412;52;1;1;2;1;1
2022;      041205201;2;412;52;1;1;2;1;2
2022;      041205201;4;412;52;1;1;2;2;3
2022;      041209101;3;412;91;1;1;0;2;1
2022;      041802701;5;418;27;1;0;5;2;1
2022;      042202401;4;422;24;1;1;0;2;1
2022;      042312201;3;423;122;1;1;0;2;1
2022;      042408701;2;424;87;1;2;6;2;1
2022;      043000101;4;430;1;1;0;3;2;1
2022;      043004501;4;430;45;1;2;3;2;1
2022;      043004701;3;430;47;1;2;1;2;1
2022;      043006101;3;430;61;1;0;1;2;1
2022;      043006701;4;430;67;1;2;3;2;1
2022;      043006801;5;430;68;1;3;4;2;1
2022;      043200201;3;432;2;1;1;0;2;1
2022;      043204301;3;432;43;1;4;3;2;1
2022;      043207801;4;432;78;1;1;0;1;1
2022;      043207801;5;432;78;1;1;0;2;2
2022;      043312701;4;433;127;1;0;6;2;1
2022;      043506101;5;435;61;1;0;11;2;1
2022;      043700201;3;437;2;1;4;0;2;1
2022;      043703901;6;437;39;1;1;0;2;1
2022;      043807001;3;438;70;1;1;4;2;1
2022;      044100101;5;441;1;1;4;0;1;1
2022;      044100101;6;441;1;1;2;0;2;2
2022;      044100201;4;441;2;1;2;0;1;1
2022;      044100201;5;441;2;1;1;6;2;2
2022;      044102101;3;441;21;1;0;1;2;1
2022;      044102601;3;441;26;1;3;4;1;1
2022;      044102601;4;441;26;1;2;0;2;2
2022;      044109801;5;441;98;1;2;0;1;1
2022;      044109801;6;441;98;1;0;5;2;2
2022;      044302401;3;443;24;1;0;9;2;1
2022;      044406501;3;444;65;1;1;4;2;1
2022;      044416601;2;444;166;1;5;0;1;1
2022;      044416601;3;444;166;1;2;0;2;2
2022;      044503901;3;445;39;1;1;0;2;1
2022;      044700801;3;447;8;1;1;5;1;1
2022;      044700801;4;447;8;1;1;5;1;2
2022;      044700801;5;447;8;1;0;5;2;3
2022;      044700901;3;447;9;1;1;5;1;1
2022;      044700901;4;447;9;1;1;5;2;2
2022;      044701401;3;447;14;1;3;3;2;1
2022;      044801501;2;448;15;1;1;2;2;1
2022;      045003201;3;450;32;1;1;2;2;1
2022;      045004601;4;450;46;1;3;5;2;1
2022;      045004701;4;450;47;1;4;3;2;1
2022;      045005101;5;450;51;1;3;4;2;1
2022;      045008001;3;450;80;1;2;2;2;1
2022;      045008201;3;450;82;1;0;1;2;1
2022;      045109301;5;451;93;1;1;0;2;1
2022;      045202101;3;452;21;1;0;1;2;1
2022;      045502301;4;455;23;1;2;2;2;1
2022;      045520101;2;455;201;1;1;0;2;1
2022;      045601301;5;456;13;1;2;0;2;1
2022;      045604901;6;456;49;1;0;1;2;1
2022;      045700901;3;457;9;1;1;0;2;1
2022;      045701001;7;457;10;1;3;0;2;1
2022;      045710701;6;457;107;1;1;0;2;1
2022;      045711001;4;457;110;1;0;6;1;1
2022;      045711001;5;457;110;1;0;6;2;2
2022;      045714401;4;457;144;1;1;0;1;1
2022;      045714401;7;457;144;1;1;0;2;2
2022;      045801601;4;458;16;1;3;4;1;1
2022;      045801601;5;458;16;1;1;2;2;2
2022;      045801901;3;458;19;1;2;0;2;1
2022;      045802001;9;458;20;1;0;4;2;1
2022;      045804101;6;458;41;1;1;0;1;1
2022;      045804101;7;458;41;1;0;5;2;2
2022;      045804801;5;458;48;1;3;0;2;1
2022;      046201301;6;462;13;1;2;1;2;1
2022;      046205801;3;462;58;1;2;2;2;1
2022;      046401201;3;464;12;1;1;0;2;1
2022;      046405901;4;464;59;1;1;0;2;1
2022;      046406201;4;464;62;1;6;1;2;1
2022;      046500601;3;465;6;1;1;4;2;1
2022;      046503101;3;465;31;1;0;1;2;1
2022;      046503701;4;465;37;1;0;1;2;1
2022;      046505101;6;465;51;1;0;3;2;1
2022;      046510501;3;465;105;1;0;2;2;1
2022;      047003301;3;470;33;1;1;1;2;1
2022;      047004101;3;470;41;1;2;0;1;1
2022;      047004101;4;470;41;1;0;10;2;2
2022;      047004801;3;470;48;1;1;1;1;1
2022;      047004801;4;470;48;1;1;1;2;2
2022;      047008901;4;470;89;1;1;1;2;1
2022;      047106001;5;471;60;1;1;2;2;1
2022;      047107301;1;471;73;1;2;0;2;1
2022;      047113401;2;471;134;1;1;0;2;1
2022;      047206701;3;472;67;1;4;4;2;1
2022;      047300601;3;473;6;1;1;0;1;1
2022;      047300601;4;473;6;1;2;1;2;2
2022;      047410301;8;474;103;1;0;3;2;1
2022;      047411801;3;474;118;1;1;6;1;1
2022;      047411801;4;474;118;1;0;6;2;2
2022;      047413001;4;474;130;1;2;5;2;1
2022;      047414001;5;474;140;1;1;11;2;1
2022;      047603001;2;476;30;1;0;4;2;1
2022;      047607901;5;476;79;1;3;8;2;1
2022;      047803101;6;478;31;1;0;5;2;1
2022;      048000601;4;480;6;1;1;11;2;1
2022;      048001801;2;480;18;1;2;3;2;1
2022;      048002801;3;480;28;1;5;2;1;1
2022;      048002801;4;480;28;1;3;5;2;2
2022;      048003701;4;480;37;1;4;0;1;1
2022;      048003701;5;480;37;1;3;0;2;2
2022;      048005301;8;480;53;1;0;11;2;1
2022;      048009801;3;480;98;1;5;0;2;1
2022;      048101501;4;481;15;1;5;9;1;1
2022;      048101501;5;481;15;1;1;11;2;2
2022;      048103101;5;481;31;1;5;9;1;1
2022;      048103101;6;481;31;1;0;8;2;2
2022;      048103301;5;481;33;1;1;11;2;1
2022;      048106301;3;481;63;1;1;6;2;1
2022;      048108201;2;481;82;1;0;1;2;1
2022;      048210301;4;482;103;1;0;10;2;1
2022;      048210701;3;482;107;1;6;4;1;1
2022;      048210701;4;482;107;1;2;4;2;2
2022;      048210901;3;482;109;1;2;10;2;1
2022;      048214801;2;482;148;1;1;6;2;1
2022;      048215901;3;482;159;1;3;4;2;1
2022;      048216101;2;482;161;1;0;9;1;1
2022;      048216101;4;482;161;1;0;9;2;2
2022;      048303101;3;483;31;1;1;4;2;1
2022;      048303201;3;483;32;1;2;0;2;1
2022;      048304101;4;483;41;1;0;3;2;1
2022;      048304201;3;483;42;1;4;8;2;1
2022;      048304301;4;483;43;1;1;4;2;1
2022;      048309701;5;483;97;1;2;6;2;1
2022;      048309801;4;483;98;1;0;7;2;1
2022;      048310001;4;483;100;1;4;9;2;1
2022;      048500201;3;485;2;1;4;7;2;1
2022;      048500701;4;485;7;1;1;11;2;1
2022;      048502601;4;485;26;1;3;0;2;1
2022;      048503001;4;485;30;1;4;0;2;1
2022;      048503701;2;485;37;1;2;0;1;1
2022;      048503701;3;485;37;1;1;11;2;2
2022;      048506101;4;485;61;1;3;0;2;1
2022;      048804001;5;488;40;1;4;10;2;1
2022;      048804601;4;488;46;1;1;0;2;1
2022;      048804801;3;488;48;1;1;1;2;1
2022;      048807401;3;488;74;1;0;4;2;1
2022;      049001101;3;490;11;1;4;1;2;1
2022;      049001201;5;490;12;1;4;4;2;1
2022;      049001601;5;490;16;1;2;1;2;1
2022;      049005401;2;490;54;1;2;1;2;1
2022;      049005701;7;490;57;1;0;6;2;1
2022;      049105801;5;491;58;1;0;6;2;1
2022;      049106801;4;491;68;1;0;2;2;1
2022;      049208401;3;492;84;1;0;1;2;1
2022;      049208601;4;492;86;1;3;0;2;1
2022;      049209501;3;492;95;1;3;8;1;1
2022;      049209501;4;492;95;1;1;8;2;2
2022;      049209601;5;492;96;1;0;10;2;1
2022;      049209701;3;492;97;1;6;4;2;1
2022;      049209901;2;492;99;1;2;1;1;1
2022;      049209901;3;492;99;1;1;1;2;2
2022;      049304101;1;493;41;1;5;2;1;1
2022;      049304101;4;493;41;1;2;3;2;2
2022;      049304801;5;493;48;1;0;2;2;1
2022;      049308001;3;493;80;1;4;0;2;1
2022;      049308101;3;493;81;1;2;3;2;1
2022;      049400601;5;494;6;1;1;6;2;1
2022;      049402601;2;494;26;1;3;6;2;1
2022;      049403001;4;494;30;1;2;2;2;1
2022;      049404401;3;494;44;1;0;4;1;1
2022;      049404401;4;494;44;1;0;2;2;2
2022;      049405901;2;494;59;1;0;5;1;1
2022;      049405901;5;494;59;1;0;5;2;2
2022;      049406701;4;494;67;1;1;3;2;1
2022;      049407301;3;494;73;1;2;3;1;1
2022;      049407301;4;494;73;1;0;5;2;2
2022;      049502301;4;495;23;1;0;4;2;1
2022;      049502401;2;495;24;1;1;0;2;1
2022;      049502701;3;495;27;1;2;0;1;1
2022;      049502701;4;495;27;1;0;11;2;2
2022;      049502901;3;495;29;1;2;1;2;1
2022;      049504301;4;495;43;1;5;2;1;1
2022;      049504301;5;495;43;1;1;1;2;2
2022;      049504801;4;495;48;1;1;0;2;1
2022;      049505201;4;495;52;1;1;1;2;1
2022;      049505401;5;495;54;1;3;2;2;1
2022;      049506901;4;495;69;1;4;1;1;1
2022;      049506901;5;495;69;1;1;8;2;2
2022;      049705101;5;497;51;1;5;5;1;1
2022;      049705101;6;497;51;1;2;0;2;2
2022;      049710101;4;497;101;1;2;2;2;1
2022;      049900901;2;499;9;1;5;2;2;1
2022;      049901001;1;499;10;1;15;0;2;1
2022;      049902101;1;499;21;1;3;2;1;1
2022;      049902101;2;499;21;1;3;2;2;2
2022;      049902901;5;499;29;1;1;3;2;1
2022;      049904501;2;499;45;1;4;2;2;1
2022;      049904901;3;499;49;1;1;2;2;1
2022;      049905901;1;499;59;1;2;2;2;1
2022;      049906001;3;499;60;1;0;6;2;1
2022;      049906101;5;499;61;1;1;2;2;1
2022;      050104801;4;501;48;1;0;2;2;1
2022;      050104901;4;501;49;1;0;4;1;1
2022;      050104901;6;501;49;1;1;3;2;2
2022;      050107201;6;501;72;1;0;9;2;1
2022;      050107401;4;501;74;1;4;1;1;1
2022;      050107401;5;501;74;1;1;6;2;2
2022;      050107501;3;501;75;1;1;3;2;1
2022;      050112001;3;501;120;1;0;7;1;1
2022;      050112001;4;501;120;1;0;7;2;2
2022;      050112101;3;501;121;1;0;6;2;1
2022;      050300101;3;503;1;1;3;10;2;1
2022;      050307601;3;503;76;1;1;0;2;1
2022;      050402001;3;504;20;1;1;5;1;1
2022;      050402001;4;504;20;1;1;5;2;2
2022;      050402201;4;504;22;1;0;2;2;1
2022;      050402301;5;504;23;1;4;4;2;1
2022;      050403001;3;504;30;1;0;2;2;1
2022;      050404901;2;504;49;1;2;1;2;1
2022;      050405901;4;504;59;1;2;6;2;1
2022;      050408801;1;504;88;1;4;2;2;1
2022;      050409101;6;504;91;1;4;10;2;1
2022;      050409501;4;504;95;1;0;2;2;1
2022;      050507301;3;505;73;1;1;0;2;1
2022;      050507401;4;505;74;1;6;4;2;1
2022;      050510001;5;505;100;1;1;1;2;1
2022;      050510301;4;505;103;1;2;0;2;1
2022;      050511401;4;505;114;1;3;8;2;1
2022;      050511501;4;505;115;1;2;0;1;1
2022;      050511501;5;505;115;1;0;1;2;2
2022;      050602701;4;506;27;1;3;5;2;1
2022;      050606801;6;506;68;1;0;6;2;1
2022;      050606901;6;506;69;1;5;3;2;1
2022;      050607001;1;506;70;1;0;6;1;1
2022;      050607001;3;506;70;1;0;6;2;2
2022;      050609001;3;506;90;1;2;5;2;1
2022;      050609501;3;506;95;1;0;5;2;1
2022;      050701801;2;507;18;1;0;3;2;1
2022;      050703401;3;507;34;1;0;1;1;1
2022;      050703401;4;507;34;1;0;1;2;2
2022;      050708601;5;507;86;1;4;10;2;1
2022;      050709201;5;507;92;1;3;3;2;1
2022;      050801301;4;508;13;1;3;4;2;1
2022;      050801401;3;508;14;1;5;9;2;1
2022;      050801501;3;508;15;1;1;0;2;1
2022;      050801701;4;508;17;1;1;6;2;1
2022;      050807101;4;508;71;1;3;3;2;1
2022;      050807201;6;508;72;1;0;2;2;1
2022;      050807301;6;508;73;1;3;8;1;1
2022;      050807301;7;508;73;1;0;1;2;2
2022;      050810201;4;508;102;1;3;6;2;1
2022;      050810601;7;508;106;1;3;10;2;1
2022;      050903801;4;509;38;1;0;2;2;1
2022;      050904501;9;509;45;1;1;2;1;1
2022;      050904501;10;509;45;1;1;1;2;2
2022;      050906401;4;509;64;1;3;1;1;1
2022;      050906401;5;509;64;1;0;2;2;2
2022;      050906701;7;509;67;1;2;8;2;1
2022;      050906801;2;509;68;1;1;1;2;1
2022;      050910201;5;509;102;1;1;1;2;1
2022;      050910301;5;509;103;1;0;4;2;1
2022;      050910401;6;509;104;1;0;6;2;1
2022;      051200301;1;512;3;1;0;3;2;1
2022;      051200501;5;512;5;1;2;6;2;1
2022;      051200801;4;512;8;1;4;4;2;1
2022;      051201601;1;512;16;1;1;4;2;1
2022;      051201701;6;512;17;1;5;0;1;1
2022;      051201701;8;512;17;1;0;2;2;2
2022;      051201801;4;512;18;1;4;4;2;1
2022;      051201901;2;512;19;1;0;2;2;1
2022;      051202001;1;512;20;1;2;4;2;1
2022;      051205901;6;512;59;1;1;1;2;1
2022;      051206101;5;512;61;1;1;3;2;1
2022;      051502801;6;515;28;1;4;4;1;1
2022;      051502801;7;515;28;1;1;7;2;2
2022;      051508301;5;515;83;1;4;3;2;1
2022;      051508501;3;515;85;1;1;11;2;1
2022;      051511501;5;515;115;1;1;3;2;1
2022;      051600601;5;516;6;1;4;0;2;1
2022;      051601001;3;516;10;1;3;0;2;1
2022;      051601501;7;516;15;1;4;2;2;1
2022;      051601601;7;516;16;1;3;0;2;1
2022;      051602401;4;516;24;1;3;0;2;1
2022;      051608701;6;516;87;1;0;3;2;1
2022;      051609401;2;516;94;1;0;4;2;1
2022;      051609501;7;516;95;1;0;6;1;1
2022;      051609501;9;516;95;1;0;4;2;2
2022;      051705301;3;517;53;1;3;0;2;1
2022;      051705601;8;517;56;1;4;0;2;1
2022;      051705701;3;517;57;1;2;0;2;1
2022;      051706601;4;517;66;1;2;3;2;1
2022;      051706701;2;517;67;1;1;0;2;1
2022;      051706801;5;517;68;1;1;1;2;1
2022;      051708201;3;517;82;1;3;0;1;1
2022;      051708201;4;517;82;1;1;0;2;2
2022;      051800201;3;518;2;1;2;0;1;1
2022;      051800201;4;518;2;1;1;5;2;2
2022;      051801101;2;518;11;1;0;3;2;1
2022;      051802101;5;518;21;1;4;0;1;1
2022;      051802101;6;518;21;1;2;3;2;2
2022;      051803301;6;518;33;1;6;3;2;1
2022;      051804801;4;518;48;1;3;8;1;1
2022;      051804801;5;518;48;1;2;2;2;2
2022;      051805601;4;518;56;1;0;3;2;1
2022;      051806401;3;518;64;1;1;0;1;1
2022;      051806401;4;518;64;1;0;3;2;2
2022;      051806601;5;518;66;1;1;5;2;1
2022;      051807501;3;518;75;1;2;0;2;1
2022;      051807701;5;518;77;1;0;11;2;1
2022;      051807801;6;518;78;1;5;0;1;1
2022;      051807801;7;518;78;1;2;0;2;2
2022;      051808401;5;518;84;1;2;11;2;1
2022;      052002201;3;520;22;1;2;6;2;1
2022;      052004101;9;520;41;1;0;6;2;1
2022;      052005201;4;520;52;1;3;0;2;1
2022;      052209401;5;522;94;1;2;5;1;1
2022;      052209401;6;522;94;1;0;5;2;2
2022;      052306401;3;523;64;1;0;3;2;1
2022;      052400301;4;524;3;1;2;0;2;1
2022;      052401801;3;524;18;1;5;0;1;1
2022;      052401801;4;524;18;1;1;0;2;2
2022;      052405701;3;524;57;1;4;6;1;1
2022;      052405701;4;524;57;1;1;6;2;2
2022;      052407401;3;524;74;1;3;1;2;1
2022;      052409201;4;524;92;1;3;0;2;1
2022;      052410301;7;524;103;1;2;0;2;1
2022;      052507001;4;525;70;1;1;0;1;1
2022;      052507001;5;525;70;1;1;0;2;2
2022;      052512401;3;525;124;1;2;6;1;1
2022;      052512401;4;525;124;1;0;6;2;2
2022;      052910901;3;529;109;1;2;0;2;1
2022;      052913501;5;529;135;1;0;3;2;1
2022;      053001901;2;530;19;1;3;0;2;1
2022;      053014801;4;530;148;1;5;0;2;1
2022;      053017201;4;530;172;1;0;10;2;1
2022;      053103401;5;531;34;1;3;6;2;1
2022;      053407101;2;534;71;1;2;0;2;1
2022;      053606302;3;536;63;2;3;3;1;1
2022;      053606302;4;536;63;2;1;3;2;2
2022;      053608801;5;536;88;1;1;3;2;1
2022;      054003601;4;540;36;1;0;7;2;1
2022;      054004101;4;540;41;1;0;8;2;1
2022;      054009201;4;540;92;1;1;4;2;1
2022;      054101401;3;541;14;1;1;2;2;1
2022;      054101801;3;541;18;1;4;4;2;1
2022;      054103401;3;541;34;1;1;6;1;1
2022;      054103401;4;541;34;1;1;6;1;2
2022;      054103401;5;541;34;1;0;1;2;3
2022;      054106401;4;541;64;1;1;0;2;1
2022;      054109101;3;541;91;1;4;4;2;1
2022;      054110301;5;541;103;1;3;6;2;1
2022;      054514001;4;545;140;1;1;8;2;1
2022;      054602601;5;546;26;1;2;3;1;1
2022;      054602601;6;546;26;1;1;5;2;2
2022;      054605701;4;546;57;1;2;4;2;1
2022;      054607301;5;546;73;1;1;6;2;1
2022;      054800401;3;548;4;1;1;0;1;1
2022;      054800401;4;548;4;1;2;0;2;2
2022;      054800501;7;548;5;1;4;6;1;1
2022;      054800501;8;548;5;1;2;6;2;2
2022;      054800601;7;548;6;1;2;6;2;1
2022;      054800901;5;548;9;1;3;0;2;1
2022;      054801601;4;548;16;1;1;0;2;1
2022;      054801701;4;548;17;1;2;0;1;1
2022;      054801701;5;548;17;1;1;0;2;2
2022;      054801801;5;548;18;1;4;6;2;1
2022;      054805101;4;548;51;1;2;0;2;1
2022;      054805301;2;548;53;1;2;0;2;1
2022;      054900901;5;549;9;1;5;0;1;1
2022;      054900901;6;549;9;1;3;0;1;2
2022;      054900901;7;549;9;1;0;7;2;3
2022;      054901301;6;549;13;1;2;6;1;1
2022;      054901301;7;549;13;1;1;0;2;2
2022;      054901501;3;549;15;1;4;6;1;1
2022;      054901501;4;549;15;1;0;8;2;2
2022;      054904301;5;549;43;1;0;8;2;1
2022;      054904401;3;549;44;1;5;0;1;1
2022;      054904401;4;549;44;1;0;10;2;2
2022;      054904701;5;549;47;1;4;0;2;1
2022;      054904901;4;549;49;1;4;8;1;1
2022;      054904901;5;549;49;1;3;8;1;2
2022;      054904901;6;549;49;1;2;0;1;3
2022;      054904901;7;549;49;1;0;5;2;4
2022;      054909101;3;549;91;1;4;0;1;1
2022;      054909101;4;549;91;1;1;0;2;2
2022;      054909401;2;549;94;1;0;8;2;1
2022;      054909601;5;549;96;1;4;1;2;1
2022;      055006601;6;550;66;1;4;0;2;1
2022;      055006701;4;550;67;1;1;6;2;1
2022;      055006801;6;550;68;1;5;0;1;1
2022;      055006801;7;550;68;1;3;0;1;2
2022;      055006801;8;550;68;1;1;0;2;3
2022;      055006901;4;550;69;1;4;0;2;1
2022;      055011701;6;550;117;1;2;0;1;1
2022;      055011701;7;550;117;1;0;8;2;2
2022;      055011801;3;550;118;1;1;0;2;1
2022;      055012001;6;550;120;1;5;0;1;1
2022;      055012001;7;550;120;1;2;8;2;2
2022;      055012101;3;550;121;1;2;0;1;1
2022;      055012101;4;550;121;1;1;0;2;2
2022;      055012401;3;550;124;1;0;5;2;1
2022;      055012601;3;550;126;1;5;0;2;1
2022;      055200201;4;552;2;1;4;6;2;1
2022;      055200401;3;552;4;1;2;0;2;1
2022;      055200701;5;552;7;1;2;0;1;1
2022;      055200701;6;552;7;1;1;0;2;2
2022;      055205201;4;552;52;1;1;0;2;1
2022;      055205401;5;552;54;1;3;0;2;1
2022;      055205501;5;552;55;1;11;0;2;1
2022;      055205801;1;552;58;1;98;98;2;1
2022;      055303201;2;553;32;1;0;2;1;1
2022;      055303201;3;553;32;1;4;0;2;2
2022;      055303301;5;553;33;1;0;2;2;1
2022;      055303901;3;553;39;1;3;0;2;1
2022;      055304001;5;553;40;1;1;0;2;1
2022;      055307501;4;553;75;1;3;0;2;1
2022;      055307901;5;553;79;1;1;4;2;1
2022;      055401801;3;554;18;1;0;2;1;1
2022;      055401801;4;554;18;1;0;6;2;2
2022;      055401901;4;554;19;1;2;0;2;1
2022;      055405901;6;554;59;1;5;0;2;1
2022;      055406001;5;554;60;1;0;2;2;1
2022;      055407201;3;554;72;1;1;0;1;1
2022;      055407201;5;554;72;1;0;5;2;2
2022;      055407301;5;554;73;1;1;0;2;1
2022;      055507001;4;555;70;1;3;0;2;1
2022;      055701901;1;557;19;1;2;0;1;1
2022;      055701901;2;557;19;1;2;0;2;2
2022;      055702201;5;557;22;1;0;9;2;1
2022;      055702501;4;557;25;1;1;0;2;1
2022;      055702701;4;557;27;1;2;0;2;1
2022;      055703301;5;557;33;1;1;0;2;1
2022;      055703401;6;557;34;1;5;6;1;1
2022;      055703401;7;557;34;1;3;9;2;2
2022;      055703801;4;557;38;1;0;5;2;1
2022;      055704901;3;557;49;1;1;3;2;1
2022;      055705001;3;557;50;1;0;2;1;1
2022;      055705001;4;557;50;1;1;0;2;2
2022;      055806001;5;558;60;1;4;0;2;1
2022;      055806101;5;558;61;1;2;6;2;1
2022;      055806301;3;558;63;1;1;6;2;1
2022;      055807901;4;558;79;1;2;6;2;1
2022;      055808001;5;558;80;1;2;0;2;1
2022;      055810401;2;558;104;1;3;0;1;1
2022;      055810401;3;558;104;1;2;0;2;2
2022;      055810501;7;558;105;1;1;0;2;1
2022;      055810801;6;558;108;1;5;0;1;1
2022;      055810801;7;558;108;1;2;0;2;2
2022;      056000801;6;560;8;1;3;0;2;1
2022;      056001101;3;560;11;1;2;0;2;1
2022;      056001501;4;560;15;1;5;0;2;1
2022;      056004901;4;560;49;1;4;0;1;1
2022;      056004901;5;560;49;1;0;5;2;2
2022;      056300201;4;563;2;1;3;0;2;1
2022;      056300501;4;563;5;1;2;0;1;1
2022;      056300501;5;563;5;1;1;6;2;2
2022;      056302701;5;563;27;1;1;9;2;1
2022;      056302901;5;563;29;1;1;0;2;1
2022;      056304001;4;563;40;1;0;2;2;1
2022;      056410101;6;564;101;1;3;1;2;1
2022;      056507201;3;565;72;1;4;6;1;1
2022;      056507201;4;565;72;1;0;1;2;2
2022;      056507301;6;565;73;1;1;3;2;1
2022;      056508701;7;565;87;1;6;2;1;1
2022;      056508701;8;565;87;1;3;2;2;2
2022;      056511801;3;565;118;1;2;2;2;1
2022;      056701101;5;567;11;1;5;0;2;1
2022;      056701401;2;567;14;1;3;0;1;1
2022;      056701401;7;567;14;1;3;8;2;2
2022;      056701701;5;567;17;1;5;0;1;1
2022;      056701701;6;567;17;1;2;0;2;2
2022;      056709101;4;567;91;1;2;0;2;1
2022;      056710401;5;567;104;1;0;3;2;1
2022;      056710701;5;567;107;1;2;0;2;1
2022;      056710901;4;567;109;1;0;1;2;1
2022;      056801401;4;568;14;1;7;0;1;1
2022;      056801401;5;568;14;1;7;0;1;2
2022;      056801401;6;568;14;1;4;0;2;3
2022;      056801501;3;568;15;1;5;3;1;1
2022;      056801501;4;568;15;1;1;9;2;2
2022;      056806101;3;568;61;1;5;0;1;1
2022;      056806101;4;568;61;1;0;6;2;2
2022;      056806501;2;568;65;1;2;0;1;1
2022;      056806501;3;568;65;1;2;0;2;2
2022;      056812001;3;568;120;1;0;6;2;1
2022;      056812101;5;568;121;1;4;0;2;1
2022;      056812501;3;568;125;1;5;0;1;1
2022;      056812501;4;568;125;1;3;0;2;2
2022;      056905101;5;569;51;1;0;6;2;1
2022;      056905201;4;569;52;1;0;3;2;1
2022;      056905301;4;569;53;1;3;0;2;1
2022;      056911601;3;569;116;1;3;0;1;1
2022;      056911601;4;569;116;1;0;4;2;2
2022;      056911701;3;569;117;1;4;0;2;1
2022;      056911801;3;569;118;1;2;0;2;1
2022;      057000801;3;570;8;1;1;0;2;1
2022;      057000901;4;570;9;1;3;0;2;1
2022;      057001201;3;570;12;1;3;0;1;1
2022;      057001201;4;570;12;1;1;0;2;2
2022;      057007801;2;570;78;1;1;6;2;1
2022;      057007802;2;570;78;2;2;6;2;1
2022;      057108001;5;571;80;1;5;0;2;1
2022;      057111001;4;571;110;1;1;4;2;1
2022;      057111101;3;571;111;1;5;0;1;1
2022;      057111101;4;571;111;1;3;0;2;2
2022;      057313001;4;573;130;1;0;5;2;1
2022;      057314101;5;573;141;1;3;0;2;1
2022;      057314201;3;573;142;1;4;0;1;1
2022;      057314201;4;573;142;1;1;8;2;2
2022;      057314301;4;573;143;1;3;0;2;1
2022;      057314501;3;573;145;1;5;0;2;1
2022;      057315801;4;573;158;1;0;1;2;1
2022;      057316301;4;573;163;1;2;11;2;1
2022;      057317301;3;573;173;1;3;0;1;1
2022;      057317301;4;573;173;1;3;0;2;2
2022;      057317401;3;573;174;1;1;0;2;1
2022;      057601201;3;576;12;1;6;5;2;1
2022;      057601301;7;576;13;1;7;0;2;1
2022;      057601401;1;576;14;1;1;0;2;1
2022;      057601901;4;576;19;1;2;0;2;1
2022;      057602201;4;576;22;1;2;7;2;1
2022;      057603701;4;576;37;1;4;5;1;1
2022;      057603701;5;576;37;1;1;4;2;2
2022;      057604901;4;576;49;1;1;0;2;1
2022;      057702601;3;577;26;1;0;1;1;1
2022;      057702601;4;577;26;1;0;1;2;2
2022;      057706501;5;577;65;1;2;0;2;1
2022;      057707401;6;577;74;1;3;0;2;1
2022;      057707601;8;577;76;1;2;0;2;1
2022;      057707701;3;577;77;1;0;5;2;1
2022;      057808701;3;578;87;1;3;7;2;1
2022;      057809901;4;578;99;1;3;0;2;1
2022;      057810201;3;578;102;1;0;5;2;1
2022;      057810301;3;578;103;1;15;2;1;1
2022;      057810301;7;578;103;1;4;6;1;2
2022;      057810301;8;578;103;1;2;1;2;3
2022;      058000601;9;580;6;1;0;8;2;1
2022;      058000901;2;580;9;1;2;2;2;1
2022;      058404001;4;584;40;1;4;2;1;1
2022;      058404001;5;584;40;1;1;5;2;2
2022;      058808701;6;588;87;1;0;1;1;1
2022;      058808701;8;588;87;1;0;1;2;2
2022;      059200501;3;592;5;1;0;8;2;1
2022;      059203201;3;592;32;1;0;2;1;1
2022;      059203201;4;592;32;1;0;2;2;2
2022;      059204601;3;592;46;1;0;8;2;1
2022;      059213101;3;592;131;1;0;11;2;1
2022;      059507201;4;595;72;1;0;1;2;1
2022;      059513301;6;595;133;1;0;6;2;1
2022;      059518301;6;595;183;1;1;0;2;1
2022;      060308801;4;603;88;1;3;6;2;1
2022;      060308901;5;603;89;1;3;1;2;1
2022;      060309101;2;603;91;1;0;3;2;1
2022;      060701801;4;607;18;1;1;2;2;1
2022;      060707201;4;607;72;1;5;0;1;1
2022;      060707201;5;607;72;1;2;11;2;2
2022;      060901701;5;609;17;1;0;2;2;1
2022;      061206601;4;612;66;1;2;0;2;1
2022;      061403402;3;614;34;2;1;0;1;1
2022;      061403402;4;614;34;2;2;0;2;2
2022;      061406901;5;614;69;1;2;0;2;1
2022;      061505601;4;615;56;1;2;5;2;1
2022;      061512301;2;615;123;1;2;0;1;1
2022;      061512301;3;615;123;1;2;0;2;2
2022;      061607501;6;616;75;1;1;8;2;1
2022;      061607701;3;616;77;1;1;0;2;1
2022;      061612001;5;616;120;1;1;2;2;1
2022;      061700901;3;617;9;1;1;0;1;1
2022;      061700901;4;617;9;1;1;0;2;2
2022;      061705401;4;617;54;1;3;4;2;1
2022;      062204501;3;622;45;1;1;3;2;1
2022;      062501001;5;625;10;1;5;4;2;1
2022;      062503101;3;625;31;1;0;4;2;1
2022;      062509101;5;625;91;1;5;4;2;1
2022;      062601201;3;626;12;1;0;2;1;1
2022;      062601201;4;626;12;1;0;2;2;2
2022;      062609801;4;626;98;1;2;0;2;1
2022;      063312601;1;633;126;1;6;3;1;1
2022;      063312601;4;633;126;1;3;7;2;2
2022;      063401701;5;634;17;1;2;4;1;1
2022;      063401701;6;634;17;1;2;4;2;2
2022;      063616601;3;636;166;1;0;4;2;1
2022;      063706901;3;637;69;1;0;10;2;1
2022;      064008101;3;640;81;1;2;0;2;1
2022;      064008301;3;640;83;1;2;0;2;1
2022;      064009001;5;640;90;1;2;0;2;1
2022;      064103601;3;641;36;1;0;2;2;1
2022;      064103801;3;641;38;1;2;6;2;1
2022;      064104401;3;641;44;1;1;1;2;1
2022;      064106401;5;641;64;1;0;1;2;1
2022;      064106801;5;641;68;1;2;5;2;1
2022;      064506101;5;645;61;1;2;9;2;1
2022;      065002801;3;650;28;1;0;1;2;1
2022;      065003101;3;650;31;1;1;2;1;1
2022;      065003101;4;650;31;1;0;7;2;2
2022;      065007001;4;650;70;1;0;1;2;1
2022;      065009001;3;650;90;1;2;0;1;1
2022;      065009001;4;650;90;1;1;4;2;2
2022;      065105801;1;651;58;1;0;6;2;1
2022;      065114501;4;651;145;1;3;0;2;1
2022;      065300401;1;653;4;1;0;2;1;1
2022;      065300401;2;653;4;1;0;2;1;2
2022;      065300401;3;653;4;1;0;2;2;3
2022;      065503801;6;655;38;1;1;0;2;1
2022;      065510101;2;655;101;1;1;4;2;1
2022;      065802701;5;658;27;1;2;10;2;1
2022;      065809701;5;658;97;1;0;4;2;1
2022;      065815801;3;658;158;1;1;0;2;1
2022;      066100601;4;661;6;1;2;4;2;1
2022;      066117801;4;661;178;1;0;4;2;1
2022;      066203601;3;662;36;1;0;3;2;1
2022;      066205401;3;662;54;1;3;3;1;1
2022;      066205401;4;662;54;1;2;9;2;2
2022;      066206501;4;662;65;1;1;3;1;1
2022;      066206501;5;662;65;1;1;1;2;2
2022;      066500801;5;665;8;1;1;6;2;1
2022;      066505901;2;665;59;1;0;5;2;1
2022;      066905001;4;669;50;1;1;0;2;1
2022;      066908801;3;669;88;1;2;7;1;1
2022;      066908801;4;669;88;1;0;11;2;2
2022;      067101001;4;671;10;1;0;4;2;1
2022;      067105401;4;671;54;1;5;6;2;1
2022;      067202001;3;672;20;1;0;6;2;1
2022;      067202801;5;672;28;1;0;3;2;1
2022;      067203001;3;672;30;1;0;6;1;1
2022;      067203001;4;672;30;1;1;0;2;2
2022;      067205801;3;672;58;1;1;0;2;1
2022;      067212401;9;672;124;1;0;3;2;1
2022;      067501601;4;675;16;1;1;0;2;1
2022;      067700501;5;677;5;1;1;2;2;1
2022;      067703101;7;677;31;1;0;2;2;1
2022;      067707401;7;677;74;1;1;4;2;1
2022;      067900601;3;679;6;1;0;2;2;1
2022;      067904801;3;679;48;1;2;0;2;1
2022;      068103401;4;681;34;1;2;2;2;1
2022;      068103701;4;681;37;1;2;2;1;1
2022;      068103701;5;681;37;1;2;2;2;2
2022;      068301801;5;683;18;1;3;6;2;1
2022;      068303401;3;683;34;1;0;10;2;1
2022;      068308001;3;683;80;1;1;0;2;1
2022;      068314201;4;683;142;1;1;10;2;1
2022;      068314401;3;683;144;1;1;0;2;1
2022;      068316901;7;683;169;1;0;4;2;1
2022;      068317701;6;683;177;1;3;6;2;1
2022;      068320201;3;683;202;1;4;8;1;1
2022;      068320201;4;683;202;1;2;4;2;2
2022;      068500601;5;685;6;1;0;3;2;1
2022;      068502501;3;685;25;1;3;4;1;1
2022;      068502501;4;685;25;1;0;7;2;2
2022;      068502601;3;685;26;1;0;4;2;1
2022;      068503701;5;685;37;1;1;11;2;1
2022;      068504201;5;685;42;1;0;5;2;1
2022;      068505001;3;685;50;1;2;6;1;1
2022;      068505001;4;685;50;1;1;6;2;2
2022;      068706101;3;687;61;1;0;5;2;1
2022;      068708601;3;687;86;1;0;7;2;1
2022;      068708901;4;687;89;1;0;1;2;1
2022;      068900401;3;689;4;1;1;7;2;1
2022;      068902401;3;689;24;1;1;2;2;1
2022;      068902701;2;689;27;1;0;6;2;1
2022;      068909401;3;689;94;1;0;9;2;1
2022;      068909701;5;689;97;1;3;8;2;1
2022;      068914601;4;689;146;1;1;0;2;1
2022;      069130301;2;691;303;1;0;5;2;1
2022;      069133801;4;691;338;1;1;10;2;1
2022;      069301301;2;693;13;1;0;1;2;1
2022;      069301401;3;693;14;1;0;1;2;1
2022;      069302901;2;693;29;1;0;4;1;1
2022;      069302901;5;693;29;1;5;5;1;2
2022;      069302901;6;693;29;1;1;11;2;3
2022;      069303201;5;693;32;1;3;6;1;1
2022;      069303201;6;693;32;1;1;0;2;2
2022;      069305401;5;693;54;1;2;11;1;1
2022;      069305401;6;693;54;1;0;2;2;2
2022;      069306701;3;693;67;1;3;6;1;1
2022;      069306701;4;693;67;1;0;2;2;2
2022;      069308701;9;693;87;1;2;6;2;1
2022;      069404801;3;694;48;1;0;6;2;1
2022;      069404901;4;694;49;1;3;6;2;1
2022;      069410101;5;694;101;1;0;8;2;1
2022;      069410301;5;694;103;1;4;9;1;1
2022;      069410301;6;694;103;1;3;6;2;2
2022;      069410401;4;694;104;1;3;9;1;1
2022;      069410401;5;694;104;1;2;7;2;2
2022;      069410501;8;694;105;1;0;4;2;1
2022;      069507801;5;695;78;1;1;1;2;1
2022;      069700201;5;697;2;1;3;2;2;1
2022;      069700901;5;697;9;1;4;7;1;1
2022;      069700901;6;697;9;1;0;10;2;2
2022;      069708501;6;697;85;1;2;0;2;1
2022;      069708601;3;697;86;1;1;9;2;1
2022;      069711801;5;697;118;1;1;11;2;1
2022;      069712001;3;697;120;1;0;9;2;1
2022;      069712201;7;697;122;1;2;7;2;1
2022;      069803901;3;698;39;1;0;8;2;1
2022;      069804001;3;698;40;1;0;6;2;1
2022;      069804601;6;698;46;1;2;0;2;1
2022;      069805501;4;698;55;1;1;10;2;1
2022;      069806301;3;698;63;1;0;3;2;1
2022;      069908901;4;699;89;1;2;0;2;1
2022;      069909001;3;699;90;1;0;3;1;1
2022;      069909001;4;699;90;1;0;3;2;2
2022;      071518501;3;715;185;1;1;0;2;1
2022;      071519701;5;715;197;1;0;3;2;1
2022;      072011401;3;720;114;1;0;6;1;1
2022;      072011401;4;720;114;1;0;6;2;2
2022;      072603401;6;726;34;1;2;3;1;1
2022;      072603401;7;726;34;1;2;3;2;2
2022;      072603801;3;726;38;1;2;0;2;1
2022;      072612501;3;726;125;1;3;0;2;1
2022;      073001401;3;730;14;1;1;0;2;1
2022;      073005402;3;730;54;2;0;3;2;1
2022;      073301501;3;733;15;1;0;2;2;1
2022;      073302401;4;733;24;1;0;4;1;1
2022;      073302401;5;733;24;1;2;7;2;2
2022;      073308801;5;733;88;1;3;6;1;1
2022;      073308801;6;733;88;1;0;4;2;2
2022;      074103801;3;741;38;1;0;5;2;1
2022;      074104901;4;741;49;1;0;1;2;1
2022;      074105201;3;741;52;1;3;0;2;1
2022;      074107101;6;741;71;1;1;0;2;1
2022;      074214401;7;742;144;1;1;5;2;1
2022;      074218501;4;742;185;1;3;0;2;1
2022;      074510001;3;745;100;1;1;2;1;1
2022;      074510001;4;745;100;1;1;2;1;2
2022;      074510001;5;745;100;1;0;2;2;3
2022;      074702701;3;747;27;1;0;2;2;1
2022;      074712001;3;747;120;1;2;0;1;1
2022;      074712001;4;747;120;1;1;3;2;2
2022;      074712201;5;747;122;1;0;11;2;1
2022;      075005901;4;750;59;1;2;0;2;1
2022;      075011801;3;750;118;1;3;0;2;1
2022;      075012001;4;750;120;1;0;4;1;1
2022;      075012001;6;750;120;1;0;4;2;2
2022;      075012101;4;750;121;1;4;5;2;1
2022;      075012201;3;750;122;1;2;6;1;1
2022;      075012201;4;750;122;1;2;6;2;2
2022;      075100601;4;751;6;1;1;0;2;1
2022;      075102001;2;751;20;1;7;10;2;1
2022;      075102201;2;751;22;1;0;1;2;1
2022;      075102601;3;751;26;1;4;8;2;1
2022;      075104301;4;751;43;1;1;2;2;1
2022;      075107801;4;751;78;1;98;98;1;1
2022;      075107801;5;751;78;1;98;98;2;2
2022;      075110301;3;751;103;1;0;8;2;1
2022;      075300601;4;753;6;1;2;3;2;1
2022;      075300801;5;753;8;1;1;2;2;1
2022;      075300901;5;753;9;1;0;2;2;1
2022;      075301001;1;753;10;1;1;2;2;1
2022;      075303201;4;753;32;1;0;2;2;1
2022;      075303501;3;753;35;1;3;5;2;1
2022;      075312501;3;753;125;1;0;3;2;1
2022;      075312801;3;753;128;1;1;2;2;1
2022;      075312901;4;753;129;1;1;5;2;1
2022;      075403201;3;754;32;1;6;3;1;1
2022;      075403201;4;754;32;1;4;3;2;2
2022;      075403601;3;754;36;1;0;2;2;1
2022;      075409401;4;754;94;1;5;0;1;1
2022;      075409401;5;754;94;1;4;0;2;2
2022;      075409501;3;754;95;1;0;11;2;1
2022;      075415801;4;754;158;1;5;2;1;1
2022;      075415801;5;754;158;1;3;2;2;2
2022;      075701901;4;757;19;1;3;0;1;1
2022;      075701901;5;757;19;1;2;0;1;2
2022;      075701901;6;757;19;1;2;0;2;3
2022;      075702601;5;757;26;1;0;1;2;1
2022;      075704201;4;757;42;1;1;5;2;1
2022;      075704301;4;757;43;1;2;0;2;1
2022;      075707901;6;757;79;1;1;9;2;1
2022;      075800601;5;758;6;1;3;5;2;1
2022;      075800801;7;758;8;1;0;3;2;1
2022;      075803301;4;758;33;1;1;1;2;1
2022;      075803601;7;758;36;1;3;6;2;1
2022;      075803701;5;758;37;1;3;8;2;1
2022;      075809801;6;758;98;1;2;7;2;1
2022;      075809901;6;758;99;1;0;6;1;1
2022;      075809901;7;758;99;1;0;6;1;2
2022;      075809901;8;758;99;1;0;6;2;3
2022;      075810001;4;758;100;1;2;0;2;1
2022;      075810101;7;758;101;1;4;1;2;1
2022;      076602201;3;766;22;1;1;0;2;1
2022;      076610401;5;766;104;1;2;0;1;1
2022;      076610401;6;766;104;1;2;0;1;2
2022;      076610401;7;766;104;1;2;1;2;3
2022;      076610801;4;766;108;1;0;2;1;1
2022;      076610801;5;766;108;1;0;2;2;2
2022;      077001501;1;770;15;1;7;0;1;1
2022;      077001501;4;770;15;1;7;0;2;2
2022;      077817301;1;778;173;1;10;0;2;1
2022;      077817302;5;778;173;2;1;0;2;1
2022;      078504301;3;785;43;1;1;3;1;1
2022;      078504301;4;785;43;1;1;3;2;2
2022;      078708701;3;787;87;1;7;0;1;1
2022;      078708701;5;787;87;1;0;2;2;2
2022;      078804301;3;788;43;1;3;6;1;1
2022;      078804301;4;788;43;1;0;8;2;2
2022;      079315801;4;793;158;1;2;0;2;1
2022;      080012701;3;800;127;1;1;0;1;1
2022;      080012701;4;800;127;1;1;0;2;2
2022;      080013201;3;800;132;1;0;2;1;1
2022;      080013201;4;800;132;1;0;2;2;2
2022;      080301801;1;803;18;1;5;3;1;1
2022;      080301801;2;803;18;1;5;3;1;2
2022;      080301801;4;803;18;1;3;11;2;3
2022;      080301802;4;803;18;2;9;3;2;1
2022;      080600401;5;806;4;1;1;2;1;1
2022;      080600401;6;806;4;1;0;10;2;2
2022;      080601401;4;806;14;1;1;9;2;1
2022;      080614201;9;806;142;1;3;0;2;1
2022;      080708601;4;807;86;1;0;2;2;1
2022;      080709101;4;807;91;1;3;2;2;1
2022;      080800901;5;808;9;1;1;6;2;1
2022;      080801301;5;808;13;1;2;10;2;1
2022;      080802601;5;808;26;1;0;6;2;1
2022;      080805001;6;808;50;1;0;1;2;1
2022;      080813601;4;808;136;1;1;6;2;1
2022;      080909601;5;809;96;1;0;4;2;1
2022;      081001501;5;810;15;1;1;5;2;1
2022;      081004001;5;810;40;1;2;0;2;1
2022;      081004401;3;810;44;1;0;1;1;1
2022;      081004401;4;810;44;1;0;3;2;2
2022;      081210301;3;812;103;1;2;6;2;1
2022;      081413501;6;814;135;1;3;0;2;1
2022;      081800801;2;818;8;1;2;5;2;1
2022;      081802401;4;818;24;1;4;4;2;1
2022;      081805801;3;818;58;1;3;3;2;1
2022;      081806201;5;818;62;1;1;5;2;1
2022;      081924001;4;819;240;1;2;9;2;1
2022;      082001001;4;820;10;1;3;1;1;1
2022;      082001001;5;820;10;1;3;1;2;2
2022;      082002901;2;820;29;1;5;1;2;1
2022;      082005501;4;820;55;1;8;1;1;1
2022;      082005501;5;820;55;1;1;10;2;2
2022;      082008001;3;820;80;1;5;1;1;1
2022;      082008001;4;820;80;1;1;1;2;2
2022;      082201501;3;822;15;1;0;1;2;1
2022;      082203301;3;822;33;1;11;3;1;1
2022;      082203301;4;822;33;1;10;3;1;2
2022;      082203301;5;822;33;1;1;3;2;3
2022;      082300901;10;823;9;1;1;0;2;1
2022;      082508201;3;825;82;1;0;1;2;1
2022;      082911501;6;829;115;1;2;1;1;1
2022;      082911501;9;829;115;1;2;0;2;2
2022;      082913201;3;829;132;1;0;2;1;1
2022;      082913201;4;829;132;1;0;2;2;2
2022;      083006801;3;830;68;1;0;3;1;1
2022;      083006801;5;830;68;1;0;3;2;2
2022;      083401201;4;834;12;1;0;1;2;1
2022;      083410901;3;834;109;1;2;0;1;1
2022;      083410901;4;834;109;1;0;7;1;2
2022;      083410901;5;834;109;1;4;0;1;3
2022;      083410901;6;834;109;1;4;0;1;4
2022;      083410901;7;834;109;1;4;0;2;5
2022;      084100301;3;841;3;1;2;3;1;1
2022;      084100301;4;841;3;1;2;3;2;2
2022;      084101601;3;841;16;1;0;2;1;1
2022;      084101601;4;841;16;1;0;2;1;2
2022;      084101601;5;841;16;1;0;2;2;3
2022;      084113701;2;841;137;1;8;3;1;1
2022;      084113701;3;841;137;1;3;3;2;2
2022;      084118801;5;841;188;1;1;3;2;1
2022;      084202801;3;842;28;1;2;1;2;1
2022;      084303101;3;843;31;1;1;2;2;1
2022;      084313901;2;843;139;1;2;0;1;1
2022;      084313901;3;843;139;1;2;0;2;2
2022;      084314601;4;843;146;1;10;1;2;1
2022;      084812301;4;848;123;1;6;3;2;1
2022;      085001301;3;850;13;1;0;1;1;1
2022;      085001301;4;850;13;1;0;1;2;2
2022;      085007401;3;850;74;1;5;5;2;1
2022;      085013301;1;850;133;1;3;4;2;1
2022;      085104701;3;851;47;1;5;2;1;1
2022;      085104701;4;851;47;1;4;2;2;2
2022;      085402701;2;854;27;1;7;4;2;1
2022;      085419301;2;854;193;1;1;3;2;1
2022;      085801101;1;858;11;1;5;1;2;1
2022;      085801301;4;858;13;1;2;0;2;1
2022;      085801901;3;858;19;1;2;0;2;1
2022;      085805601;5;858;56;1;4;0;1;1
2022;      085805601;6;858;56;1;4;0;1;2
2022;      085805601;7;858;56;1;3;0;2;3
2022;      085911801;3;859;118;1;1;3;1;1
2022;      085911801;4;859;118;1;1;3;1;2
2022;      085911801;5;859;118;1;1;3;2;3
2022;      086004001;3;860;40;1;10;0;1;1
2022;      086004001;4;860;40;1;4;0;2;2
2022;      086010601;1;860;106;1;0;1;2;1
2022;      086106002;2;861;60;2;1;1;2;1
2022;      086109801;3;861;98;1;1;1;2;1
2022;      086201401;3;862;14;1;8;1;1;1
2022;      086201401;4;862;14;1;5;0;1;2
2022;      086201401;5;862;14;1;4;0;1;3
2022;      086201401;6;862;14;1;2;0;2;4
2022;      086204901;3;862;49;1;2;3;2;1
2022;      086211901;4;862;119;1;8;0;2;1
2022;      086213901;3;862;139;1;1;4;1;1
2022;      086213901;4;862;139;1;6;4;2;2
2022;      086214901;5;862;149;1;9;0;2;1
2022;      086302501;1;863;25;1;20;3;2;1
2022;      086700701;3;867;7;1;4;5;1;1
2022;      086700701;4;867;7;1;3;5;2;2
2022;      086701401;1;867;14;1;1;1;2;1
2022;      087004702;2;870;47;2;11;0;1;1
2022;      087004702;3;870;47;2;11;0;2;2
2022;      087012501;4;870;125;1;0;6;2;1
2022;      087103901;3;871;39;1;0;2;2;1
2022;      087104801;3;871;48;1;6;1;2;1
2022;      087106301;6;871;63;1;2;6;2;1
2022;      087106701;5;871;67;1;5;0;1;1
2022;      087106701;8;871;67;1;4;0;1;2
2022;      087106701;9;871;67;1;3;0;2;3
2022;      087110701;5;871;107;1;2;3;2;1
2022;      087204901;3;872;49;1;3;5;1;1
2022;      087204901;4;872;49;1;3;5;2;2
2022;      087209301;2;872;93;1;0;1;2;1
2022;      087303001;4;873;30;1;2;0;2;1
2022;      087309301;3;873;93;1;6;1;1;1
2022;      087309301;4;873;93;1;1;4;2;2
2022;      087311001;3;873;110;1;6;3;1;1
2022;      087311001;4;873;110;1;3;3;2;2
2022;      087407301;3;874;73;1;0;3;2;1
2022;      087407302;3;874;73;2;0;4;2;1
2022;      087408201;4;874;82;1;11;4;2;1
2022;      087410901;3;874;109;1;1;4;1;1
2022;      087410901;4;874;109;1;1;4;1;2
2022;      087410901;5;874;109;1;1;4;2;3
2022;      087802201;3;878;22;1;1;2;2;1
2022;      087804101;3;878;41;1;4;0;1;1
2022;      087804101;4;878;41;1;1;6;2;2
2022;      087807901;4;878;79;1;3;1;1;1
2022;      087807901;5;878;79;1;1;1;2;2
2022;      087813701;3;878;137;1;2;0;2;1
2022;      088403301;6;884;33;1;0;6;2;1
2022;      088415301;3;884;153;1;3;0;2;1
2022;      089501801;4;895;18;1;5;3;2;1
2022;      089504401;7;895;44;1;1;4;2;1
2022;      089510601;2;895;106;1;1;1;1;1
2022;      089510601;3;895;106;1;1;1;2;2
2022;      089606501;2;896;65;1;2;2;1;1
2022;      089606501;3;896;65;1;2;2;2;2
2022;      089610101;3;896;101;1;11;0;1;1
2022;      089610101;4;896;101;1;6;0;2;2
2022;      089707101;2;897;71;1;7;3;1;1
2022;      089707101;3;897;71;1;4;0;2;2
2022;      089707601;5;897;76;1;1;3;2;1
2022;      089900502;3;899;5;2;6;0;2;1
2022;      090010801;4;900;108;1;7;1;2;1
2022;      090012201;6;900;122;1;5;3;2;1
2022;      090013501;4;900;135;1;0;6;1;1
2022;      090013501;5;900;135;1;0;6;2;2
2022;      090114101;3;901;141;1;2;0;1;1
2022;      090114101;4;901;141;1;4;0;2;2
2022;      090313801;5;903;138;1;0;7;2;1
2022;      090317801;4;903;178;1;2;2;1;1
2022;      090317801;8;903;178;1;4;2;1;2
2022;      090317801;9;903;178;1;2;2;2;3
2022;      090318001;3;903;180;1;3;1;1;1
2022;      090318001;6;903;180;1;2;1;2;2
2022;      090318301;5;903;183;1;12;2;1;1
2022;      090318301;6;903;183;1;7;2;2;2
2022;      090319501;3;903;195;1;2;2;2;1
2022;      090506801;5;905;68;1;11;0;1;1
2022;      090506801;6;905;68;1;7;0;2;2
2022;      090910201;4;909;102;1;3;2;2;1
2022;      091002401;2;910;24;1;5;6;2;1
2022;      091005702;4;910;57;2;1;5;2;1
2022;      091005703;3;910;57;3;4;5;1;1
2022;      091005703;4;910;57;3;4;5;1;2
2022;      091005703;5;910;57;3;1;5;2;3
2022;      091007001;3;910;70;1;1;11;1;1
2022;      091007001;4;910;70;1;4;6;2;2
2022;      091101104;3;911;11;4;4;5;1;1
2022;      091101104;4;911;11;4;3;5;2;2
2022;      091103701;2;911;37;1;8;6;1;1
2022;      091103701;3;911;37;1;1;6;2;2
2022;      091104101;7;911;41;1;1;6;2;1
2022;      091104201;1;911;42;1;0;2;2;1
2022;      091104401;2;911;44;1;8;6;1;1
2022;      091104401;5;911;44;1;1;6;2;2
2022;      091107801;5;911;78;1;4;6;1;1
2022;      091107801;6;911;78;1;2;6;2;2
2022;      091109601;5;911;96;1;1;6;1;1
2022;      091109601;9;911;96;1;5;6;1;2
2022;      091109601;10;911;96;1;3;6;2;3
2022;      091201801;3;912;18;1;1;0;2;1
2022;      091204101;3;912;41;1;0;3;1;1
2022;      091204101;4;912;41;1;0;3;2;2
2022;      091204601;5;912;46;1;1;0;2;1
2022;      091921301;5;919;213;1;1;4;2;1
2022;      092809301;5;928;93;1;0;6;2;1
2022;      092809901;1;928;99;1;15;0;2;1
2022;      092810001;3;928;100;1;11;3;1;1
2022;      092810001;4;928;100;1;3;3;2;2
2022;      094110401;2;941;104;1;1;3;2;1
2022;      094110404;3;941;104;4;4;0;1;1
2022;      094110404;4;941;104;4;4;0;1;2
2022;      094110404;5;941;104;4;3;0;2;3
2022;      094113801;3;941;138;1;1;4;1;1
2022;      094113801;4;941;138;1;1;3;2;2
2022;      094209801;1;942;98;1;0;4;2;1
2022;      094210401;2;942;104;1;3;5;1;1
2022;      094210401;5;942;104;1;3;5;2;2
2022;      094511301;4;945;113;1;1;2;1;1
2022;      094511301;5;945;113;1;1;2;1;2
2022;      094511301;6;945;113;1;1;2;2;3
2022;      094515101;4;945;151;1;2;2;1;1
2022;      094515101;6;945;151;1;1;2;2;2
2022;      094518201;5;945;182;1;1;2;2;1
2022;      094518202;3;945;182;2;1;2;2;1
2022;      094604701;3;946;47;1;1;98;2;1
2022;      094606001;3;946;60;1;0;7;2;1
2022;      095002301;7;950;23;1;0;11;2;1
2022;      095005901;5;950;59;1;7;0;2;1
2022;      095007801;7;950;78;1;4;6;2;1
2022;      095100701;5;951;7;1;98;98;1;1
2022;      095100701;6;951;7;1;0;98;2;2
2022;      095103501;4;951;35;1;0;2;2;1
2022;      095106501;2;951;65;1;11;5;1;1
2022;      095106501;3;951;65;1;8;5;2;2
2022;      095500501;4;955;5;1;1;5;2;1
2022;      095805901;2;958;59;1;1;6;2;1
2022;      095901901;3;959;19;1;0;3;1;1
2022;      095901901;4;959;19;1;0;3;1;2
2022;      095901901;5;959;19;1;0;3;2;3
2022;      095903401;4;959;34;1;1;4;1;1
2022;      095903401;5;959;34;1;0;4;2;2
2022;      095911501;6;959;115;1;1;0;2;1
2022;      096012001;4;960;120;1;4;2;2;1
2022;      096200501;4;962;5;1;4;3;2;1
2022;      096207801;5;962;78;1;3;0;2;1
2022;      097303101;5;973;31;1;1;3;2;1
2022;      097304601;3;973;46;1;2;2;2;1
2022;      097506801;5;975;68;1;0;4;2;1
2022;      097606701;6;976;67;1;10;0;2;1
2022;      097609301;4;976;93;1;2;2;2;1
2022;      097613901;6;976;139;1;1;2;1;1
2022;      097613901;8;976;139;1;5;2;2;2
2022;      097614401;4;976;144;1;3;3;2;1
2022;      097618201;3;976;182;1;2;3;1;1
2022;      097618201;4;976;182;1;1;3;2;2
2022;      098001801;4;980;18;1;1;0;2;1
2022;      098003501;4;980;35;1;1;0;1;1
2022;      098003501;5;980;35;1;1;0;1;2
2022;      098003501;6;980;35;1;1;0;1;3
2022;      098003501;7;980;35;1;1;0;2;4
2022;      098003601;4;980;36;1;4;0;1;1
2022;      098003601;5;980;36;1;3;0;2;2
2022;      098004601;4;980;46;1;0;6;1;1
2022;      098004601;6;980;46;1;0;6;2;2
2022;      098005001;3;980;50;1;6;1;1;1
2022;      098005001;4;980;50;1;2;1;2;2
2022;      098005501;3;980;55;1;1;0;1;1
2022;      098005501;4;980;55;1;1;0;2;2
2022;      098005901;3;980;59;1;10;1;1;1
2022;      098005901;4;980;59;1;4;1;2;2
2022;      098206201;1;982;62;1;6;5;2;1
2022;      098407101;2;984;71;1;1;0;2;1
2022;      098807201;4;988;72;1;1;0;1;1
2022;      098807201;5;988;72;1;1;0;2;2
2022;      099308601;1;993;86;1;2;0;2;1
2022;      099612801;3;996;128;1;2;0;2;1
2022;      099907301;3;999;73;1;1;0;1;1
2022;      099907301;4;999;73;1;1;0;1;2
2022;      099907301;5;999;73;1;1;0;2;3
2022;      099909401;7;999;94;1;8;6;1;1
2022;      099909401;8;999;94;1;10;6;1;2
2022;      099909401;11;999;94;1;4;6;1;3
2022;      099909401;13;999;94;1;6;6;2;4
2022;      100313802;4;1003;138;2;5;0;2;1
2022;      100413601;4;1004;136;1;0;1;2;1
2022;      100503101;1;1005;31;1;3;5;2;1
2022;      100705101;2;1007;51;1;1;0;2;1
2022;      100712401;2;1007;124;1;2;3;2;1
2022;      101105201;3;1011;52;1;2;0;1;1
2022;      101105201;4;1011;52;1;2;0;2;2
2022;      101403101;4;1014;31;1;1;3;2;1
2022;      101410601;6;1014;106;1;0;6;2;1
2022;      101413201;6;1014;132;1;0;3;2;1
2022;      101417901;2;1014;179;1;2;3;2;1
2022;      101604801;5;1016;48;1;1;1;2;1
2022;      101608801;6;1016;88;1;10;0;1;1
2022;      101608801;8;1016;88;1;4;0;2;2
2022;      101804201;4;1018;42;1;7;3;1;1
2022;      101804201;5;1018;42;1;5;3;2;2
2022;      101805803;2;1018;58;3;98;98;2;1
2022;      101808001;1;1018;80;1;3;0;2;1
2022;      102104502;3;1021;45;2;1;0;1;1
2022;      102104502;4;1021;45;2;1;0;2;2
2022;      102201201;7;1022;12;1;1;0;2;1
2022;      102202001;3;1022;20;1;1;0;2;1
2022;      102206701;4;1022;67;1;3;1;2;1
2022;      102206801;3;1022;68;1;4;0;2;1
2022;      102309301;5;1023;93;1;1;0;1;1
2022;      102309301;6;1023;93;1;1;0;2;2
2022;      102502301;5;1025;23;1;2;2;2;1
2022;      102508001;3;1025;80;1;5;0;2;1
2022;      102511501;4;1025;115;1;0;3;2;1
2022;      102513001;4;1025;130;1;0;5;2;1
2022;      102514101;6;1025;141;1;0;7;2;1
2022;      102603601;3;1026;36;1;1;0;2;1
2022;      102608801;3;1026;88;1;0;1;2;1
2022;      102706401;5;1027;64;1;2;2;2;1
2022;      102711301;5;1027;113;1;4;5;2;1
2022;      102711601;4;1027;116;1;1;4;2;1
2022;      102712101;4;1027;121;1;2;2;2;1
2022;      102713001;4;1027;130;1;2;5;2;1
2022;      102806401;3;1028;64;1;0;1;2;1
2022;      102806901;3;1028;69;1;5;2;2;1
2022;      102807901;3;1028;79;1;1;5;2;1
2022;      103101101;3;1031;11;1;4;3;2;1
2022;      103101201;5;1031;12;1;2;0;2;1
2022;      103104701;3;1031;47;1;1;8;2;1
2022;      103104801;4;1031;48;1;1;0;2;1
2022;      103104901;3;1031;49;1;1;2;2;1
2022;      103105401;3;1031;54;1;1;0;2;1
2022;      103200201;2;1032;2;1;2;3;2;1
2022;      103202201;4;1032;22;1;3;4;2;1
2022;      103203001;3;1032;30;1;1;1;2;1
2022;      103204801;2;1032;48;1;6;1;2;1
2022;      103205201;3;1032;52;1;4;3;2;1
2022;      103205701;6;1032;57;1;5;4;2;1
2022;      103206401;3;1032;64;1;1;1;2;1
2022;      103302401;3;1033;24;1;3;0;2;1
2022;      103302501;3;1033;25;1;3;1;2;1
2022;      103313501;3;1033;135;1;2;1;2;1
2022;      103313601;3;1033;136;1;1;1;2;1
2022;      103313701;4;1033;137;1;3;10;2;1
2022;      103701601;4;1037;16;1;3;1;2;1
2022;      103704301;3;1037;43;1;4;1;2;1
2022;      103704901;3;1037;49;1;2;0;2;1
2022;      103705701;4;1037;57;1;4;0;2;1
2022;      103706501;5;1037;65;1;3;0;2;1
2022;      103706801;3;1037;68;1;1;0;2;1
2022;      103710601;5;1037;106;1;2;0;2;1
2022;      103901601;5;1039;16;1;3;3;2;1
2022;      103901701;3;1039;17;1;0;2;1;1
2022;      103901701;4;1039;17;1;0;2;2;2
2022;      103901801;4;1039;18;1;0;4;2;1
2022;      103901901;3;1039;19;1;4;4;1;1
2022;      103901901;4;1039;19;1;1;4;2;2
2022;      103902001;4;1039;20;1;8;0;2;1
2022;      103905601;3;1039;56;1;1;2;2;1
2022;      103906501;1;1039;65;1;26;2;2;1
2022;      103908001;3;1039;80;1;1;2;2;1
2022;      103908101;3;1039;81;1;3;3;2;1
2022;      103908201;4;1039;82;1;2;4;2;1
2022;      103908301;4;1039;83;1;2;4;2;1
2022;      104000401;6;1040;4;1;2;2;1;1
2022;      104000401;8;1040;4;1;5;0;1;2
2022;      104000401;9;1040;4;1;1;2;2;3
2022;      104005601;3;1040;56;1;1;0;2;1
2022;      104100301;2;1041;3;1;0;8;2;1
2022;      104103301;4;1041;33;1;0;1;2;1
2022;      104104901;5;1041;49;1;1;4;2;1
2022;      104105401;7;1041;54;1;0;6;2;1
2022;      104106401;7;1041;64;1;4;4;2;1
2022;      104106601;3;1041;66;1;0;5;2;1
2022;      104107401;4;1041;74;1;4;4;2;1
2022;      104402701;4;1044;27;1;3;1;2;1
2022;      104403001;3;1044;30;1;4;6;2;1
2022;      104406701;4;1044;67;1;2;0;2;1
2022;      104411201;4;1044;112;1;0;2;2;1
2022;      104412001;5;1044;120;1;2;0;1;1
2022;      104412001;6;1044;120;1;1;0;2;2
2022;      104412301;6;1044;123;1;2;4;2;1
2022;      104412801;4;1044;128;1;3;0;1;1
2022;      104412801;5;1044;128;1;1;6;1;2
2022;      104412801;6;1044;128;1;4;0;2;3
2022;      104413401;7;1044;134;1;4;0;1;1
2022;      104413401;8;1044;134;1;0;3;2;2
2022;      104610001;4;1046;100;1;4;0;2;1
2022;      104611901;2;1046;119;1;1;0;2;1
2022;      104614001;6;1046;140;1;0;6;2;1
2022;      104614501;5;1046;145;1;2;7;1;1
2022;      104614501;6;1046;145;1;4;8;2;2
2022;      104707901;9;1047;79;1;0;7;2;1
2022;      104718801;7;1047;188;1;1;0;2;1
2022;      104906301;3;1049;63;1;3;5;1;1
2022;      104906301;4;1049;63;1;0;10;2;2
2022;      104906501;3;1049;65;1;3;4;1;1
2022;      104906501;4;1049;65;1;1;4;2;2
2022;      105007801;9;1050;78;1;5;0;2;1
2022;      105008601;4;1050;86;1;2;0;1;1
2022;      105008601;5;1050;86;1;2;0;1;2
2022;      105008601;6;1050;86;1;2;0;2;3
2022;      105013001;1;1050;130;1;98;98;2;1
2022;      105804601;3;1058;46;1;6;6;2;1
2022;      105808701;4;1058;87;1;0;3;1;1
2022;      105808701;5;1058;87;1;0;3;2;2
2022;      105811101;5;1058;111;1;2;0;2;1
2022;      105903301;3;1059;33;1;8;5;1;1
2022;      105903301;4;1059;33;1;5;5;1;2
2022;      105903301;7;1059;33;1;3;5;1;3
2022;      105903301;8;1059;33;1;0;5;2;4
2022;      106206201;3;1062;62;1;1;5;2;1
2022;      106412101;4;1064;121;1;6;4;1;1
2022;      106412101;5;1064;121;1;2;4;1;2
2022;      106412101;6;1064;121;1;2;4;1;3
2022;      106412101;7;1064;121;1;1;4;2;4
2022;      107122201;4;1071;222;1;1;6;2;1
2022;      107126601;3;1071;266;1;0;1;1;1
2022;      107126601;4;1071;266;1;0;1;2;2
2022;      107302201;3;1073;22;1;0;5;2;1
2022;      107302701;2;1073;27;1;3;5;2;1
2022;      107303601;6;1073;36;1;1;3;1;1
2022;      107303601;7;1073;36;1;0;1;2;2
2022;      107314901;5;1073;149;1;0;2;2;1
2022;      107500801;6;1075;8;1;0;3;2;1
2022;      107502501;2;1075;25;1;0;1;2;1
2022;      107502701;2;1075;27;1;0;5;2;1
2022;      107503401;3;1075;34;1;1;0;2;1
2022;      107504601;2;1075;46;1;4;0;2;1
2022;      107600901;6;1076;9;1;4;5;1;1
2022;      107600901;7;1076;9;1;2;5;2;2
2022;      107614001;5;1076;140;1;1;5;2;1
2022;      107615901;4;1076;159;1;2;6;2;1
2022;      107700701;3;1077;7;1;0;1;2;1
2022;      108201001;5;1082;10;1;3;3;2;1
2022;      108204101;3;1082;41;1;1;1;1;1
2022;      108204101;4;1082;41;1;1;1;2;2
2022;      108204801;6;1082;48;1;1;4;2;1
2022;      108404901;3;1084;49;1;2;6;2;1
2022;      108406301;6;1084;63;1;0;4;2;1
2022;      108413501;7;1084;135;1;2;8;2;1
2022;      108415801;4;1084;158;1;1;8;2;1
2022;      108505401;2;1085;54;1;1;3;2;1
2022;      108512501;4;1085;125;1;0;2;2;1
2022;      108516301;5;1085;163;1;2;4;2;1
2022;      108900601;5;1089;6;1;4;2;2;1
2022;      108900701;2;1089;7;1;1;5;1;1
2022;      108900701;3;1089;7;1;1;5;1;2
2022;      108900701;4;1089;7;1;1;5;1;3
2022;      108900701;5;1089;7;1;1;5;2;4
2022;      108900801;5;1089;8;1;4;2;2;1
2022;      108901001;3;1089;10;1;12;2;1;1
2022;      108901001;4;1089;10;1;3;2;1;2
2022;      108901001;5;1089;10;1;8;2;2;3
2022;      108905701;1;1089;57;1;1;3;1;1
2022;      108905701;4;1089;57;1;12;3;1;2
2022;      108905701;5;1089;57;1;4;3;2;3
2022;      108905801;4;1089;58;1;0;2;1;1
2022;      108905801;6;1089;58;1;3;2;2;2
2022;      108906101;4;1089;61;1;11;0;1;1
2022;      108906101;5;1089;61;1;2;0;2;2
2022;      109006801;7;1090;68;1;4;3;2;1
2022;      109062401;3;1090;624;1;0;2;2;1
2022;      109200201;4;1092;2;1;0;4;2;1
2022;      109204301;12;1092;43;1;6;0;1;1
2022;      109204301;13;1092;43;1;3;0;2;2
2022;      109208801;4;1092;88;1;2;0;2;1
2022;      109209001;6;1092;90;1;1;0;2;1
2022;      109211701;3;1092;117;1;3;0;2;1
2022;      109215301;7;1092;153;1;4;0;2;1
2022;      109400501;4;1094;5;1;0;1;2;1
2022;      109401201;5;1094;12;1;5;5;1;1
2022;      109401201;7;1094;12;1;1;5;2;2
2022;      109401501;2;1094;15;1;1;5;2;1
2022;      109402301;2;1094;23;1;13;5;2;1
2022;      109402401;8;1094;24;1;0;6;2;1
2022;      109402501;5;1094;25;1;3;5;2;1
2022;      109409701;7;1094;97;1;0;8;2;1
2022;      109409801;5;1094;98;1;0;3;2;1
2022;      109410001;6;1094;100;1;0;6;2;1
2022;      109500901;5;1095;9;1;5;5;1;1
2022;      109500901;9;1095;9;1;3;5;2;2
2022;      109501001;5;1095;10;1;5;4;1;1
2022;      109501001;6;1095;10;1;0;4;2;2
2022;      109509801;3;1095;98;1;0;5;1;1
2022;      109509801;4;1095;98;1;0;6;1;2
2022;      109509801;5;1095;98;1;0;5;2;3
2022;      109509901;5;1095;99;1;6;4;1;1
2022;      109509901;7;1095;99;1;0;4;1;2
2022;      109509901;11;1095;99;1;6;4;1;3
2022;      109509901;12;1095;99;1;4;4;1;4
2022;      109509901;13;1095;99;1;1;4;2;5
2022;      109510201;6;1095;102;1;0;1;2;1
2022;      109511501;4;1095;115;1;4;4;2;1
2022;      109511701;7;1095;117;1;6;4;2;1
2022;      109603101;7;1096;31;1;0;1;1;1
2022;      109603101;10;1096;31;1;0;1;2;2
2022;      109603201;3;1096;32;1;3;1;2;1
2022;      109603301;4;1096;33;1;11;4;2;1
2022;      109607701;6;1096;77;1;0;10;2;1
2022;      109608001;6;1096;80;1;4;1;2;1
2022;      109608201;4;1096;82;1;10;4;1;1
2022;      109608201;5;1096;82;1;8;4;1;2
2022;      109608201;6;1096;82;1;5;4;2;3
2022;      109608301;5;1096;83;1;5;1;2;1
2022;      109613701;5;1096;137;1;9;2;1;1
2022;      109613701;6;1096;137;1;7;2;1;2
2022;      109613701;7;1096;137;1;4;2;2;3
2022;      109613801;3;1096;138;1;2;1;2;1
2022;      109613901;5;1096;139;1;5;2;1;1
2022;      109613901;6;1096;139;1;3;3;2;2
2022;      109614101;8;1096;141;1;0;2;2;1
2022;      109700101;3;1097;1;1;0;3;2;1
2022;      109700501;5;1097;5;1;8;6;1;1
2022;      109700501;6;1097;5;1;7;6;1;2
2022;      109700501;7;1097;5;1;5;6;1;3
2022;      109700501;8;1097;5;1;1;11;2;4
2022;      110001901;2;1100;19;1;4;1;2;1
2022;      110002101;1;1100;21;1;0;1;1;1
2022;      110002101;7;1100;21;1;7;1;1;2
2022;      110002101;8;1100;21;1;2;1;1;3
2022;      110002101;9;1100;21;1;1;1;1;4
2022;      110002101;10;1100;21;1;0;1;2;5
2022;      110002201;5;1100;22;1;0;1;2;1
2022;      110010101;3;1100;101;1;0;2;2;1
2022;      110010201;8;1100;102;1;0;1;2;1
2022;      110010401;3;1100;104;1;6;6;1;1
2022;      110010401;4;1100;104;1;5;7;1;2
2022;      110010401;5;1100;104;1;2;6;2;3
2022;      110010501;5;1100;105;1;0;1;2;1
2022;      110013701;4;1100;137;1;3;4;1;1
2022;      110013701;5;1100;137;1;0;1;2;2
2022;      110014101;4;1100;141;1;2;5;2;1
2022;      110014401;6;1100;144;1;2;2;2;1
2022;      110610401;2;1106;104;1;3;0;2;1
2022;      110617901;5;1106;179;1;0;1;2;1
2022;      110705701;4;1107;57;1;0;1;2;1
2022;      111000401;3;1110;4;1;1;0;1;1
2022;      111000401;4;1110;4;1;1;0;2;2
2022;      111105501;3;1111;55;1;1;0;2;1
2022;      111111301;3;1111;113;1;2;8;2;1
2022;      111502501;5;1115;25;1;0;6;1;1
2022;      111502501;6;1115;25;1;0;6;2;2
2022;      111807901;6;1118;79;1;4;0;2;1
2022;      111809301;3;1118;93;1;1;0;2;1
2022;      113010801;2;1130;108;1;1;0;2;1
2022;      113100201;3;1131;2;1;0;2;2;1
2022;      113102401;6;1131;24;1;1;4;2;1
2022;      113206901;6;1132;69;1;2;0;2;1
2022;      113600501;3;1136;5;1;4;2;2;1
2022;      113602601;4;1136;26;1;3;2;2;1
2022;      113605301;3;1136;53;1;1;0;2;1
2022;      114001501;7;1140;15;1;2;0;2;1
2022;      114001601;3;1140;16;1;1;0;2;1
2022;      114107601;3;1141;76;1;0;1;2;1
2022;      114207901;2;1142;79;1;0;1;2;1
2022;      114209601;4;1142;96;1;0;3;2;1
2022;      114600601;3;1146;6;1;0;11;2;1
2022;      114601101;3;1146;11;1;0;7;2;1
2022;      114603201;3;1146;32;1;3;4;2;1
2022;      114603301;3;1146;33;1;2;0;2;1
2022;      114603401;3;1146;34;1;0;11;2;1
2022;      114603601;4;1146;36;1;1;0;2;1
2022;      114605501;5;1146;55;1;3;0;1;1
2022;      114605501;6;1146;55;1;2;0;2;2
2022;      114801501;4;1148;15;1;2;9;1;1
2022;      114801501;5;1148;15;1;2;9;2;2
2022;      114803101;4;1148;31;1;0;1;2;1
2022;      114803301;3;1148;33;1;0;1;2;1
2022;      114803601;3;1148;36;1;0;5;1;1
2022;      114803601;4;1148;36;1;0;5;2;2
2022;      114804801;6;1148;48;1;3;5;2;1
2022;      114805101;3;1148;51;1;1;2;2;1
2022;      114901801;6;1149;18;1;3;5;2;1
2022;      114902001;4;1149;20;1;3;5;2;1
2022;      114902701;6;1149;27;1;2;5;2;1
2022;      114903101;3;1149;31;1;0;10;2;1
2022;      114909901;3;1149;99;1;4;0;2;1
2022;      115101501;4;1151;15;1;0;1;2;1
2022;      115103001;5;1151;30;1;3;3;2;1
2022;      115300801;3;1153;8;1;3;0;2;1
2022;      115305201;6;1153;52;1;1;3;1;1
2022;      115305201;7;1153;52;1;1;3;2;2
2022;      115402501;5;1154;25;1;1;7;2;1
2022;      115703201;5;1157;32;1;3;3;2;1
2022;      115704001;6;1157;40;1;4;0;2;1
2022;      115804001;5;1158;40;1;5;11;2;1
2022;      115804101;5;1158;41;1;1;3;2;1
2022;      115804401;5;1158;44;1;1;10;2;1
2022;      116001001;5;1160;10;1;4;4;2;1
2022;      117607401;5;1176;74;1;0;5;2;1
2022;      117706601;8;1177;66;1;1;0;2;1
2022;      118003501;2;1180;35;1;3;4;2;1
2022;      118208601;4;1182;86;1;3;3;2;1
2022;      118211701;7;1182;117;1;1;3;1;1
2022;      118211701;8;1182;117;1;1;3;2;2
2022;      118406901;3;1184;69;1;0;5;1;1
2022;      118406901;5;1184;69;1;0;5;2;2
2022;      119301101;4;1193;11;1;4;2;1;1
2022;      119301101;5;1193;11;1;0;6;2;2
2022;      119304301;3;1193;43;1;0;7;2;1
2022;      119308601;2;1193;86;1;0;9;1;1
2022;      119308601;3;1193;86;1;2;4;2;2
2022;      120006401;5;1200;64;1;0;4;2;1
2022;      120104601;5;1201;46;1;0;7;2;1
2022;      120104901;5;1201;49;1;2;1;2;1
2022;      120203401;2;1202;34;1;6;2;1;1
2022;      120203401;3;1202;34;1;3;2;2;2
2022;      120208401;3;1202;84;1;0;8;1;1
2022;      120208401;4;1202;84;1;0;7;2;2
2022;      120301401;5;1203;14;1;0;5;1;1
2022;      120301401;6;1203;14;1;0;5;2;2
2022;      120301801;5;1203;18;1;3;0;2;1
2022;      120302701;5;1203;27;1;2;1;2;1
2022;      120501501;4;1205;15;1;1;4;2;1
2022;      120506001;5;1205;60;1;4;1;2;1
2022;      120510001;5;1205;100;1;2;1;2;1
2022;      120601201;5;1206;12;1;0;1;2;1
2022;      120705001;4;1207;50;1;2;6;2;1
2022;      120802001;3;1208;20;1;3;2;2;1
2022;      120803401;4;1208;34;1;2;0;1;1
2022;      120803401;5;1208;34;1;0;9;2;2
2022;      120813201;3;1208;132;1;3;1;1;1
2022;      120813201;4;1208;132;1;3;1;2;2
2022;      120901001;5;1209;10;1;0;4;2;1
2022;      120901301;3;1209;13;1;1;9;2;1
2022;      120903601;4;1209;36;1;0;3;2;1
2022;      120906501;4;1209;65;1;1;6;2;1
2022;      120908701;4;1209;87;1;1;2;1;1
2022;      120908701;5;1209;87;1;1;2;2;2
2022;      121204201;4;1212;42;1;1;1;2;1
2022;      121204601;3;1212;46;1;0;3;2;1
2022;      121207101;2;1212;71;1;0;1;2;1
2022;      121207501;5;1212;75;1;2;0;2;1
2022;      121600201;6;1216;2;1;0;9;2;1
2022;      121604701;3;1216;47;1;1;0;2;1
2022;      121701701;3;1217;17;1;4;0;1;1
2022;      121701701;4;1217;17;1;3;0;2;2
2022;      121701901;5;1217;19;1;1;0;2;1
2022;      121702101;2;1217;21;1;2;0;2;1
2022;      121703501;5;1217;35;1;0;2;2;1
2022;      121704401;2;1217;44;1;1;1;2;1
2022;      122103601;4;1221;36;1;0;9;2;1
2022;      122106001;2;1221;60;1;1;4;2;1
2022;      122107901;5;1221;79;1;3;4;2;1
2022;      122108501;3;1221;85;1;4;0;2;1
2022;      122108701;3;1221;87;1;0;4;2;1
2022;      122110301;3;1221;103;1;11;0;2;1
2022;      122201701;3;1222;17;1;2;1;2;1
2022;      122203501;3;1222;35;1;1;11;2;1
2022;      122207501;8;1222;75;1;5;98;2;1
2022;      122209601;2;1222;96;1;2;8;2;1
2022;      122305701;3;1223;57;1;2;1;2;1
2022;      122311801;5;1223;118;1;2;5;2;1
2022;      122503801;3;1225;38;1;1;0;2;1
2022;      122504301;5;1225;43;1;2;0;2;1
2022;      122510501;5;1225;105;1;1;0;2;1
2022;      122602901;5;1226;29;1;2;11;2;1
2022;      122604301;4;1226;43;1;8;4;2;1
2022;      122607801;3;1226;78;1;2;0;2;1
2022;      122608601;7;1226;86;1;2;4;2;1
2022;      123004701;2;1230;47;1;3;0;2;1
2022;      123006101;3;1230;61;1;0;1;2;1
2022;      123007301;4;1230;73;1;5;5;2;1
2022;      123008901;3;1230;89;1;2;10;2;1
2022;      123100801;4;1231;8;1;2;0;2;1
2022;      123101101;4;1231;11;1;2;2;2;1
2022;      123104001;3;1231;40;1;1;6;2;1
2022;      123108901;3;1231;89;1;0;6;2;1
2022;      123110601;3;1231;106;1;3;1;2;1
2022;      123215101;3;1232;151;1;1;5;2;1
2022;      123218501;3;1232;185;1;2;6;1;1
2022;      123218501;4;1232;185;1;2;6;2;2
2022;      123300301;3;1233;3;1;4;2;2;1
2022;      123304101;3;1233;41;1;0;5;2;1
2022;      123308401;2;1233;84;1;1;5;2;1
2022;      123312001;4;1233;120;1;3;1;2;1
2022;      123401001;2;1234;10;1;0;2;2;1
2022;      123405801;4;1234;58;1;4;1;2;1
2022;      123406401;4;1234;64;1;1;10;2;1
2022;      123407301;4;1234;73;1;3;11;2;1
2022;      123407801;3;1234;78;1;3;6;2;1
2022;      123408801;4;1234;88;1;0;9;2;1
2022;      123505101;4;1235;51;1;4;0;2;1
2022;      123507501;3;1235;75;1;2;0;2;1
2022;      123701701;5;1237;17;1;1;1;2;1
2022;      123705501;3;1237;55;1;4;8;2;1
2022;      123800801;2;1238;8;1;1;0;2;1
2022;      123801101;3;1238;11;1;1;6;2;1
2022;      123801201;3;1238;12;1;1;0;2;1
2022;      123802801;3;1238;28;1;6;0;2;1
2022;      123803101;4;1238;31;1;2;5;2;1
2022;      123805201;4;1238;52;1;0;3;2;1
2022;      123902901;4;1239;29;1;3;0;2;1
2022;      123906501;3;1239;65;1;1;0;2;1
2022;      123908801;6;1239;88;1;0;9;2;1
2022;      124001201;3;1240;12;1;0;6;2;1
2022;      124001301;5;1240;13;1;4;3;2;1
2022;      124004601;3;1240;46;1;1;4;2;1
2022;      124005601;5;1240;56;1;6;4;2;1
2022;      124007201;3;1240;72;1;1;8;2;1
2022;      124009901;5;1240;99;1;1;8;2;1
2022;      124101301;5;1241;13;1;1;0;2;1
2022;      124103801;5;1241;38;1;2;0;1;1
2022;      124103801;6;1241;38;1;0;3;2;2
2022;      124105801;3;1241;58;1;1;0;2;1
2022;      124304001;3;1243;40;1;2;8;2;1
2022;      124306401;4;1243;64;1;1;2;2;1
2022;      124306901;3;1243;69;1;1;11;1;1
2022;      124306901;4;1243;69;1;1;11;2;2
2022;      124307501;5;1243;75;1;0;4;2;1
2022;      124500201;3;1245;2;1;9;0;2;1
2022;      124503901;3;1245;39;1;4;6;2;1
2022;      124506101;4;1245;61;1;3;8;2;1
2022;      124507301;6;1245;73;1;1;0;2;1
2022;      124606601;5;1246;66;1;1;4;2;1
2022;      124610501;4;1246;105;1;2;4;2;1
2022;      124611001;2;1246;110;1;0;1;2;1
2022;      124701501;5;1247;15;1;4;4;2;1
2022;      124704001;2;1247;40;1;0;8;1;1
2022;      124704001;3;1247;40;1;1;4;2;2
2022;      124708101;4;1247;81;1;1;1;2;1
2022;      124708201;4;1247;82;1;1;4;2;1
2022;      124709201;6;1247;92;1;3;0;2;1
2022;      124900301;5;1249;3;1;2;1;1;1
2022;      124900301;6;1249;3;1;0;5;2;2
2022;      124901301;3;1249;13;1;2;1;2;1
2022;      124904001;2;1249;40;1;0;2;2;1
2022;      124905601;5;1249;56;1;1;10;2;1
2022;      124905801;3;1249;58;1;0;11;2;1
2022;      124911501;6;1249;115;1;2;3;2;1
2022;      125001801;2;1250;18;1;2;98;2;1
2022;      125003301;4;1250;33;1;1;10;2;1
2022;      125004801;3;1250;48;1;1;4;2;1
2022;      125008201;3;1250;82;1;2;4;2;1
2022;      125008301;3;1250;83;1;3;0;2;1
2022;      125009301;3;1250;93;1;0;8;1;1
2022;      125009301;4;1250;93;1;0;8;2;2
2022;      125100101;3;1251;1;1;1;5;2;1
2022;      125103901;4;1251;39;1;1;3;2;1
2022;      125113801;6;1251;138;1;0;3;2;1
2022;      125114001;3;1251;140;1;1;5;2;1
2022;      125312001;5;1253;120;1;1;0;2;1
2022;      125313901;5;1253;139;1;0;4;2;1
2022;      125409801;4;1254;98;1;1;1;2;1
2022;      125410301;5;1254;103;1;0;6;2;1
2022;      125509101;6;1255;91;1;0;8;2;1
2022;      125509201;4;1255;92;1;0;11;1;1
2022;      125509201;5;1255;92;1;0;11;2;2
2022;      126004101;4;1260;41;1;0;1;2;1
2022;      126007801;3;1260;78;1;0;5;1;1
2022;      126007801;4;1260;78;1;0;5;2;2
2022;      126200101;4;1262;1;1;3;0;2;1
2022;      126201301;4;1262;13;1;9;10;2;1
2022;      126203301;2;1262;33;1;0;1;2;1
2022;      126203401;4;1262;34;1;3;0;2;1
2022;      126203501;4;1262;35;1;3;2;2;1
2022;      126203801;5;1262;38;1;2;3;2;1
2022;      126204001;4;1262;40;1;0;6;2;1
2022;      126204101;4;1262;41;1;0;9;2;1
2022;      126204201;3;1262;42;1;6;6;2;1
2022;      126501501;4;1265;15;1;1;1;2;1
2022;      126502301;3;1265;23;1;1;2;2;1
2022;      126506201;5;1265;62;1;1;3;2;1
2022;      126506401;3;1265;64;1;4;6;1;1
2022;      126506401;4;1265;64;1;0;9;2;2
2022;      126508901;3;1265;89;1;0;3;2;1
2022;      126509101;4;1265;91;1;3;7;2;1
2022;      126700601;4;1267;6;1;0;10;2;1
2022;      126700801;1;1267;8;1;0;5;2;1
2022;      126700901;4;1267;9;1;3;5;2;1
2022;      126701001;5;1267;10;1;2;0;2;1
2022;      126709201;2;1267;92;1;3;10;2;1
2022;      126709401;5;1267;94;1;0;6;2;1
2022;      126709901;3;1267;99;1;3;2;2;1
2022;      126907301;5;1269;73;1;0;2;2;1
2022;      127006001;2;1270;60;1;0;3;2;1
2022;      127006201;3;1270;62;1;1;5;2;1
2022;      127008601;2;1270;86;1;0;6;2;1
2022;      127012701;7;1270;127;1;4;3;1;1
2022;      127012701;8;1270;127;1;0;1;2;2
2022;      127012801;4;1270;128;1;2;6;2;1
2022;      127305601;5;1273;56;1;4;3;2;1
2022;      127307201;5;1273;72;1;1;3;2;1
2022;      127307301;2;1273;73;1;0;4;2;1
2022;      127500701;3;1275;7;1;0;11;1;1
2022;      127500701;4;1275;7;1;0;6;2;2
2022;      127501301;4;1275;13;1;1;0;2;1
2022;      127504401;4;1275;44;1;0;7;2;1
2022;      127509001;4;1275;90;1;2;6;2;1
2022;      127600301;6;1276;3;1;0;1;2;1
2022;      127608501;4;1276;85;1;1;6;2;1
2022;      127608801;4;1276;88;1;2;2;2;1
2022;      127610201;6;1276;102;1;0;8;2;1
2022;      128212901;4;1282;129;1;2;0;1;1
2022;      128212901;5;1282;129;1;2;0;2;2
2022;      128303101;4;1283;31;1;8;0;1;1
2022;      128303101;5;1283;31;1;6;0;1;2
2022;      128303101;6;1283;31;1;7;0;1;3
2022;      128303101;7;1283;31;1;5;0;1;4
2022;      128303101;8;1283;31;1;3;0;1;5
2022;      128303101;9;1283;31;1;0;8;2;6
2022;      128408101;5;1284;81;1;0;2;1;1
2022;      128408101;6;1284;81;1;0;2;2;2
2022;      128414701;4;1284;147;1;0;5;1;1
2022;      128414701;5;1284;147;1;0;5;1;2
2022;      128414701;6;1284;147;1;0;5;2;3
2022;      128901401;4;1289;14;1;0;1;1;1
2022;      128901401;5;1289;14;1;0;6;1;2
2022;      128901401;6;1289;14;1;0;6;2;3
2022;      128901701;3;1289;17;1;0;2;2;1
2022;      128912201;3;1289;122;1;2;0;2;1
2022;      128921901;4;1289;219;1;1;6;2;1
2022;      129106001;3;1291;60;1;1;0;2;1
2022;      129111301;8;1291;113;1;2;0;2;1
2022;      129605401;3;1296;54;1;3;0;1;1
2022;      129605401;4;1296;54;1;1;0;2;2
2022;      129606301;2;1296;63;1;0;4;1;1
2022;      129606301;3;1296;63;1;0;4;2;2
2022;      129901401;7;1299;14;1;1;0;2;1
2022;      129903002;3;1299;30;2;3;0;2;1
2022;      129908801;6;1299;88;1;1;3;2;1
2022;      129910701;3;1299;107;1;1;0;2;1
2022;      130316001;5;1303;160;1;3;0;2;1
2022;      130408101;5;1304;81;1;1;0;2;1
2022;      130410401;6;1304;104;1;1;3;1;1
2022;      130410401;7;1304;104;1;1;3;2;2
2022;      130411901;4;1304;119;1;3;0;2;1
2022;      130412302;5;1304;123;2;1;5;2;1
2022;      130501201;6;1305;12;1;2;0;1;1
2022;      130501201;9;1305;12;1;2;6;2;2
2022;      130506001;5;1305;60;1;0;6;2;1
2022;      130508701;4;1305;87;1;2;5;2;1
2022;      130515801;5;1305;158;1;2;6;2;1
2022;      130517001;4;1305;170;1;4;2;2;1
2022;      130701301;4;1307;13;1;0;7;2;1
2022;      130710901;4;1307;109;1;2;0;2;1
2022;      130712901;7;1307;129;1;1;1;2;1
2022;      130715001;4;1307;150;1;3;0;2;1
2022;      130719201;3;1307;192;1;1;0;2;1
2022;      130801901;5;1308;19;1;3;0;2;1
2022;      130802401;2;1308;24;1;2;9;1;1
2022;      130802401;3;1308;24;1;1;6;2;2
2022;      130806401;4;1308;64;1;2;0;1;1
2022;      130806401;5;1308;64;1;2;0;2;2
2022;      130807701;2;1308;77;1;1;0;1;1
2022;      130807701;3;1308;77;1;2;0;2;2
2022;      130809001;2;1308;90;1;1;0;1;1
2022;      130809001;8;1308;90;1;1;6;2;2
2022;      130812601;7;1308;126;1;4;0;1;1
2022;      130812601;8;1308;126;1;2;0;2;2
2022;      130905601;2;1309;56;1;0;9;2;1
2022;      131000301;5;1310;3;1;2;0;2;1
2022;      131011501;4;1310;115;1;1;0;2;1
2022;      131101401;3;1311;14;1;1;0;2;1
2022;      131101702;3;1311;17;2;1;4;2;1
2022;      131102301;4;1311;23;1;0;6;2;1
2022;      131103201;4;1311;32;1;3;7;2;1
2022;      131107801;3;1311;78;1;2;0;2;1
2022;      131108601;3;1311;86;1;1;7;2;1
2022;      131203101;6;1312;31;1;2;0;2;1
2022;      131208701;5;1312;87;1;0;6;2;1
2022;      131313902;3;1313;139;2;1;1;2;1
2022;      131315301;5;1313;153;1;1;0;1;1
2022;      131315301;6;1313;153;1;1;0;2;2
2022;      131608001;4;1316;80;1;1;0;2;1
2022;      131612401;3;1316;124;1;1;3;2;1
2022;      131701602;3;1317;16;2;0;8;2;1
2022;      131915801;2;1319;158;1;2;1;2;1
2022;      132102101;8;1321;21;1;2;0;2;1
2022;      132104901;4;1321;49;1;2;0;1;1
2022;      132104901;7;1321;49;1;1;0;1;2
2022;      132104901;8;1321;49;1;1;0;2;3
2022;      132106401;4;1321;64;1;3;0;2;1
2022;      132107001;4;1321;70;1;1;0;2;1
2022;      132301101;5;1323;11;1;0;9;2;1
2022;      132308501;4;1323;85;1;3;0;2;1
2022;      132314401;4;1323;144;1;0;4;2;1
2022;      132315401;4;1323;154;1;1;0;2;1
2022;      132402601;3;1324;26;1;2;6;2;1
2022;      132404001;3;1324;40;1;1;11;2;1
2022;      132404501;3;1324;45;1;3;0;1;1
2022;      132404501;4;1324;45;1;1;0;2;2
2022;      132405801;4;1324;58;1;3;0;2;1
2022;      132415701;9;1324;157;1;3;0;1;1
2022;      132415701;10;1324;157;1;3;0;2;2
2022;      132416901;8;1324;169;1;2;0;2;1
2022;      132507801;4;1325;78;1;0;2;2;1
2022;      132602901;7;1326;29;1;0;1;2;1
2022;      132606701;4;1326;67;1;1;0;2;1
2022;      132606801;3;1326;68;1;3;0;2;1
2022;      132607001;4;1326;70;1;1;0;2;1
2022;      132705001;8;1327;50;1;2;0;1;1
2022;      132705001;9;1327;50;1;2;0;2;2
2022;      132705101;5;1327;51;1;4;5;1;1
2022;      132705101;6;1327;51;1;1;5;2;2
2022;      132707301;4;1327;73;1;0;1;2;1
2022;      132707401;6;1327;74;1;0;5;2;1
2022;      132707501;3;1327;75;1;0;1;2;1
2022;      132804001;3;1328;40;1;1;6;1;1
2022;      132804001;4;1328;40;1;1;6;2;2
2022;      132804201;5;1328;42;1;2;0;2;1
2022;      132804401;3;1328;44;1;0;1;2;1
2022;      132807201;3;1328;72;1;2;0;2;1
2022;      132913301;3;1329;133;1;3;0;1;1
2022;      132913301;4;1329;133;1;2;0;2;2
2022;      132913401;3;1329;134;1;1;4;2;1
2022;      132915201;6;1329;152;1;3;1;2;1
2022;      132915501;4;1329;155;1;2;0;2;1
2022;      132915601;2;1329;156;1;0;4;1;1
2022;      132915601;3;1329;156;1;3;6;2;2
2022;      132917201;4;1329;172;1;2;4;2;1
2022;      132917301;6;1329;173;1;0;4;2;1
2022;      132917901;1;1329;179;1;0;1;2;1
2022;      133003301;3;1330;33;1;1;0;2;1
2022;      133008801;6;1330;88;1;0;9;2;1
2022;      133008901;6;1330;89;1;6;0;1;1
2022;      133008901;7;1330;89;1;1;0;2;2
2022;      133011501;4;1330;115;1;2;0;1;1
2022;      133011501;5;1330;115;1;2;0;2;2
2022;      133012101;4;1330;121;1;0;5;2;1
2022;      133100901;3;1331;9;1;3;6;1;1
2022;      133100901;4;1331;9;1;2;6;1;2
2022;      133100901;5;1331;9;1;0;6;2;3
2022;      133101401;5;1331;14;1;4;0;2;1
2022;      133102501;4;1331;25;1;5;0;1;1
2022;      133102501;8;1331;25;1;1;0;1;2
2022;      133102501;9;1331;25;1;1;0;2;3
2022;      133102701;4;1331;27;1;4;0;2;1
2022;      133105301;6;1331;53;1;0;3;2;1
2022;      133401701;2;1334;17;1;1;6;2;1
2022;      133404801;4;1334;48;1;0;8;2;1
2022;      133407801;3;1334;78;1;2;2;2;1
2022;      133407901;6;1334;79;1;4;0;1;1
2022;      133407901;7;1334;79;1;2;0;2;2
2022;      133410701;6;1334;107;1;1;0;2;1
2022;      133410901;3;1334;109;1;1;4;2;1
2022;      133412901;3;1334;129;1;3;0;1;1
2022;      133412901;4;1334;129;1;0;1;2;2
2022;      133413501;5;1334;135;1;2;2;2;1
2022;      133706401;4;1337;64;1;2;11;2;1
2022;      133708901;4;1337;89;1;0;6;2;1
2022;      133901301;3;1339;13;1;1;4;2;1
2022;      133906501;4;1339;65;1;4;1;1;1
2022;      133906501;5;1339;65;1;3;1;2;2
2022;      134202601;2;1342;26;1;2;5;2;1
2022;      134211201;3;1342;112;1;2;0;2;1
2022;      134305001;2;1343;50;1;0;1;2;1
2022;      134308301;4;1343;83;1;2;0;1;1
2022;      134308301;5;1343;83;1;0;5;2;2
2022;      134309001;6;1343;90;1;3;2;2;1
2022;      134309301;4;1343;93;1;0;9;2;1
2022;      134600401;6;1346;4;1;5;0;1;1
2022;      134600401;7;1346;4;1;2;0;2;2
2022;      134601601;4;1346;16;1;4;0;2;1
2022;      134604401;4;1346;44;1;3;0;2;1
2022;      134606701;3;1346;67;1;1;0;2;1
2022;      134800201;2;1348;2;1;2;0;2;1
2022;      134803401;3;1348;34;1;1;0;2;1
2022;      134803801;3;1348;38;1;4;0;2;1
2022;      134806201;4;1348;62;1;3;0;2;1
2022;      134807601;3;1348;76;1;2;0;2;1
2022;      134907101;3;1349;71;1;5;3;1;1
2022;      134907101;4;1349;71;1;4;3;2;2
2022;      134907701;3;1349;77;1;2;3;2;1
2022;      134910701;2;1349;107;1;0;1;2;1
2022;      135000301;4;1350;3;1;2;0;2;1
2022;      135005701;3;1350;57;1;2;0;2;1
2022;      135009601;5;1350;96;1;0;1;2;1
2022;      135103001;2;1351;30;1;2;4;2;1
2022;      135109201;4;1351;92;1;3;1;2;1
2022;      135201101;3;1352;11;1;1;7;2;1
2022;      135202801;2;1352;28;1;0;6;2;1
2022;      135209001;4;1352;90;1;0;9;2;1
2022;      135500401;3;1355;4;1;2;7;2;1
2022;      135501401;7;1355;14;1;0;1;2;1
2022;      135503301;5;1355;33;1;3;0;2;1
2022;      135504501;5;1355;45;1;0;1;2;1
2022;      135604401;2;1356;44;1;1;0;1;1
2022;      135604401;3;1356;44;1;1;0;2;2
2022;      135701101;5;1357;11;1;1;10;2;1
2022;      135708701;2;1357;87;1;1;1;2;1
2022;      135902101;3;1359;21;1;0;3;2;1
2022;      135904901;3;1359;49;1;1;0;2;1
2022;      135905801;3;1359;58;1;2;0;2;1
2022;      135910601;5;1359;106;1;0;1;2;1
2022;      136101901;3;1361;19;1;1;0;2;1
2022;      136102001;2;1361;20;1;2;0;2;1
2022;      136102701;2;1361;27;1;3;0;2;1
2022;      136110201;4;1361;102;1;2;0;2;1
2022;      136111301;3;1361;113;1;3;0;1;1
2022;      136111301;4;1361;113;1;2;0;2;2
2022;      136204601;4;1362;46;1;2;10;2;1
2022;      136205301;2;1362;53;1;3;0;1;1
2022;      136205301;3;1362;53;1;2;0;2;2
2022;      136206901;5;1362;69;1;3;6;2;1
2022;      136208201;1;1362;82;1;0;5;2;1
2022;      136208301;2;1362;83;1;0;1;2;1
2022;      136303501;5;1363;35;1;1;0;2;1
2022;      136304701;4;1363;47;1;3;6;2;1
2022;      136308301;3;1363;83;1;2;0;1;1
2022;      136308301;4;1363;83;1;1;8;2;2
2022;      136309201;5;1363;92;1;2;3;2;1
2022;      136401901;4;1364;19;1;0;10;2;1
2022;      136402001;1;1364;20;1;2;0;2;1
2022;      136402101;3;1364;21;1;0;11;2;1
2022;      136402301;2;1364;23;1;5;0;2;1
2022;      136402401;2;1364;24;1;8;0;2;1
2022;      136404501;3;1364;45;1;1;0;2;1
2022;      136700201;4;1367;2;1;5;0;2;1
2022;      136704001;5;1367;40;1;1;0;2;1
2022;      136706001;3;1367;60;1;2;4;2;1
2022;      136706401;5;1367;64;1;2;1;2;1
2022;      136801501;2;1368;15;1;3;0;2;1
2022;      136801601;3;1368;16;1;2;0;2;1
2022;      136802201;8;1368;22;1;4;0;2;1
2022;      136802801;3;1368;28;1;3;0;1;1
2022;      136802801;4;1368;28;1;2;0;2;2
2022;      136803501;3;1368;35;1;2;0;2;1
2022;      136804801;3;1368;48;1;3;0;2;1
2022;      136804901;4;1368;49;1;3;0;2;1
2022;      136805801;2;1368;58;1;2;0;2;1
2022;      137001401;4;1370;14;1;5;2;1;1
2022;      137001401;5;1370;14;1;2;5;1;2
2022;      137001401;6;1370;14;1;11;0;2;3
2022;      137001501;3;1370;15;1;3;2;2;1
2022;      137001901;3;1370;19;1;4;2;1;1
2022;      137001901;4;1370;19;1;3;2;2;2
2022;      137006801;5;1370;68;1;1;3;2;1
2022;      137200701;3;1372;7;1;2;2;2;1
2022;      137201401;4;1372;14;1;2;5;2;1
2022;      137201601;3;1372;16;1;0;6;2;1
2022;      137203501;4;1372;35;1;4;0;2;1
2022;      137303501;4;1373;35;1;3;0;1;1
2022;      137303501;5;1373;35;1;0;10;2;2
2022;      137307301;3;1373;73;1;2;1;2;1
2022;      137403101;5;1374;31;1;5;0;2;1
2022;      137403301;4;1374;33;1;3;0;2;1
2022;      137403401;4;1374;34;1;3;0;2;1
2022;      137404101;6;1374;41;1;2;0;2;1
2022;      137404201;2;1374;42;1;10;0;1;1
2022;      137404201;3;1374;42;1;10;0;1;2
2022;      137404201;4;1374;42;1;10;0;2;3
2022;      137404301;2;1374;43;1;3;0;2;1
2022;      137404401;4;1374;44;1;3;0;2;1
2022;      137407901;3;1374;79;1;3;0;1;1
2022;      137407901;4;1374;79;1;3;0;2;2
2022;      137504801;3;1375;48;1;0;11;2;1
2022;      137505001;3;1375;50;1;2;8;2;1
2022;      137513101;3;1375;131;1;0;4;2;1
2022;      137513201;2;1375;132;1;1;5;2;1
2022;      137514001;2;1375;140;1;1;0;2;1
2022;      137706701;4;1377;67;1;2;8;2;1
2022;      137707401;4;1377;74;1;1;3;2;1
2022;      137707701;2;1377;77;1;3;1;2;1
2022;      137800401;2;1378;4;1;1;1;2;1
2022;      137800601;1;1378;6;1;1;0;2;1
2022;      137800901;3;1378;9;1;1;4;2;1
2022;      137804001;2;1378;40;1;4;1;1;1
2022;      137804001;3;1378;40;1;2;1;2;2
2022;      137804201;5;1378;42;1;4;0;2;1
2022;      138302401;4;1383;24;1;1;0;2;1
2022;      138302601;3;1383;26;1;3;5;2;1
2022;      138303201;2;1383;32;1;9;0;2;1
2022;      138305801;4;1383;58;1;1;0;2;1
2022;      138306401;3;1383;64;1;0;10;2;1
2022;      138400501;2;1384;5;1;2;0;1;1
2022;      138400501;3;1384;5;1;1;0;2;2
2022;      138401101;3;1384;11;1;0;4;1;1
2022;      138401101;4;1384;11;1;0;4;2;2
2022;      138410601;4;1384;106;1;4;3;2;1
2022;      138411201;4;1384;112;1;3;10;2;1
2022;      138412001;4;1384;120;1;5;1;1;1
2022;      138412001;5;1384;120;1;0;1;2;2
2022;      138903303;1;1389;33;3;3;2;1;1
2022;      138903303;4;1389;33;3;0;10;2;2
2022;      139300301;3;1393;3;1;2;5;2;1
2022;      139815201;2;1398;152;1;0;6;2;1
2022;      139902201;9;1399;22;1;0;2;2;1
2022;      140103201;6;1401;32;1;3;6;2;1
2022;      140105401;3;1401;54;1;4;0;1;1
2022;      140105401;4;1401;54;1;4;2;2;2
2022;      140107301;3;1401;73;1;2;0;2;1
2022;      140701201;5;1407;12;1;0;1;2;1
2022;      140702501;2;1407;25;1;0;4;1;1
2022;      140702501;3;1407;25;1;1;2;2;2
2022;      140703401;3;1407;34;1;2;5;2;1
2022;      140704201;4;1407;42;1;3;5;2;1
2022;      140705601;4;1407;56;1;1;2;1;1
2022;      140705601;6;1407;56;1;0;2;2;2
2022;      140706401;3;1407;64;1;1;3;2;1
2022;      140804901;3;1408;49;1;2;3;2;1
2022;      140805501;8;1408;55;1;0;6;2;1
2022;      140806301;7;1408;63;1;1;3;2;1
2022;      140916401;4;1409;164;1;2;5;1;1
2022;      140916401;6;1409;164;1;2;8;2;2
2022;      141101801;6;1411;18;1;1;6;2;1
2022;      141107601;5;1411;76;1;3;6;2;1
2022;      141300401;3;1413;4;1;4;5;1;1
2022;      141300401;4;1413;4;1;2;10;1;2
2022;      141300401;5;1413;4;1;0;11;1;3
2022;      141300401;6;1413;4;1;4;5;2;4
2022;      141700101;5;1417;1;1;0;1;2;1
2022;      141710301;6;1417;103;1;2;3;2;1
2022;      142102101;3;1421;21;1;0;2;2;1
2022;      142103301;5;1421;33;1;0;8;2;1
2022;      142203201;4;1422;32;1;1;6;1;1
2022;      142203201;5;1422;32;1;0;2;2;2
2022;      142302401;3;1423;24;1;4;4;1;1
2022;      142302401;4;1423;24;1;3;3;2;2
2022;      142308901;5;1423;89;1;1;8;2;1
2022;      142311401;4;1423;114;1;1;3;2;1
2022;      142311501;6;1423;115;1;0;4;2;1
2022;      142311801;5;1423;118;1;2;0;2;1
2022;      142500801;4;1425;8;1;4;11;2;1
2022;      142506301;3;1425;63;1;6;0;1;1
2022;      142506301;4;1425;63;1;1;7;2;2
2022;      142506701;2;1425;67;1;4;0;2;1
2022;      142602001;3;1426;20;1;1;5;2;1
2022;      142602201;8;1426;22;1;3;5;2;1
2022;      142602501;8;1426;25;1;2;1;2;1
2022;      142606401;5;1426;64;1;0;10;1;1
2022;      142606401;8;1426;64;1;1;8;2;2
2022;      142606501;7;1426;65;1;2;1;1;1
2022;      142606501;8;1426;65;1;0;5;2;2
2022;      142606601;3;1426;66;1;0;10;1;1
2022;      142606601;4;1426;66;1;0;6;2;2
2022;      142606701;4;1426;67;1;2;2;2;1
2022;      142615401;5;1426;154;1;1;4;2;1
2022;      142707501;7;1427;75;1;1;0;2;1
2022;      142707701;3;1427;77;1;2;0;2;1
2022;      142707801;4;1427;78;1;2;3;2;1
2022;      142708001;4;1427;80;1;4;3;2;1
2022;      142708101;4;1427;81;1;0;1;2;1
2022;      142708201;3;1427;82;1;0;3;2;1
2022;      142708301;3;1427;83;1;0;6;2;1
2022;      142710401;6;1427;104;1;3;3;2;1
2022;      142710701;4;1427;107;1;4;0;2;1
2022;      142809701;6;1428;97;1;1;3;2;1
2022;      142814101;5;1428;141;1;0;5;2;1
2022;      142814401;5;1428;144;1;6;3;1;1
2022;      142814401;6;1428;144;1;1;3;2;2
2022;      142814501;5;1428;145;1;2;0;2;1
2022;      142814701;4;1428;147;1;3;0;2;1
2022;      142901801;4;1429;18;1;3;4;2;1
2022;      142903901;3;1429;39;1;0;6;2;1
2022;      142904001;3;1429;40;1;1;5;2;1
2022;      142904201;5;1429;42;1;5;3;1;1
2022;      142904201;6;1429;42;1;0;3;2;2
2022;      142905201;3;1429;52;1;0;5;2;1
2022;      143201101;4;1432;11;1;1;2;2;1
2022;      143203001;3;1432;30;1;1;2;2;1
2022;      143204601;3;1432;46;1;0;1;2;1
2022;      143210601;4;1432;106;1;2;2;2;1
2022;      143212501;3;1432;125;1;1;9;2;1
2022;      143403101;6;1434;31;1;1;3;2;1
2022;      143403301;5;1434;33;1;1;9;1;1
2022;      143403301;6;1434;33;1;1;10;2;2
2022;      143404201;4;1434;42;1;2;1;2;1
2022;      143404301;8;1434;43;1;0;4;2;1
2022;      143504301;3;1435;43;1;2;5;2;1
2022;      143504401;5;1435;44;1;0;3;2;1
2022;      143510201;3;1435;102;1;0;8;1;1
2022;      143510201;5;1435;102;1;3;98;2;2
2022;      143510301;3;1435;103;1;0;9;1;1
2022;      143510301;4;1435;103;1;0;9;2;2
2022;      143720301;5;1437;203;1;0;2;1;1
2022;      143720301;6;1437;203;1;0;2;1;2
2022;      143720301;7;1437;203;1;0;2;2;3
2022;      143822801;5;1438;228;1;4;1;2;1
2022;      143904901;7;1439;49;1;0;1;2;1
2022;      143905001;3;1439;50;1;0;4;2;1
2022;      144000301;5;1440;3;1;2;0;2;1
2022;      144004801;6;1440;48;1;1;2;1;1
2022;      144004801;7;1440;48;1;1;2;2;2
2022;      144004901;4;1440;49;1;4;0;2;1
2022;      144505401;3;1445;54;1;0;11;2;1
2022;      144608801;2;1446;88;1;1;3;2;1
2022;      144609801;4;1446;98;1;5;4;2;1
2022;      144704501;3;1447;45;1;0;2;2;1
2022;      144705601;3;1447;56;1;1;4;2;1
2022;      145001001;4;1450;10;1;1;5;2;1
2022;      145001601;3;1450;16;1;0;4;1;1
2022;      145001601;4;1450;16;1;0;4;2;2
2022;      145005701;4;1450;57;1;1;5;2;1
2022;      145011301;3;1450;113;1;1;5;2;1
2022;      145110501;3;1451;105;1;0;6;2;1
2022;      145507901;2;1455;79;1;6;2;1;1
2022;      145507901;3;1455;79;1;0;10;2;2
2022;      145903101;4;1459;31;1;1;4;1;1
2022;      145903101;5;1459;31;1;1;4;2;2
2022;      146313201;4;1463;132;1;4;1;2;1
2022;      146316201;5;1463;162;1;1;2;2;1
2022;      146407001;4;1464;70;1;1;2;1;1
2022;      146407001;5;1464;70;1;0;2;2;2
2022;      146412501;6;1464;125;1;1;1;2;1
2022;      147006301;3;1470;63;1;3;2;2;1
2022;      147007901;5;1470;79;1;3;2;2;1
2022;      147312001;3;1473;120;1;0;6;2;1
2022;      147401201;4;1474;12;1;1;5;2;1
2022;      147405401;3;1474;54;1;0;5;2;1
2022;      147506401;4;1475;64;1;5;5;2;1
2022;      147513101;3;1475;131;1;3;5;1;1
2022;      147513101;4;1475;131;1;3;5;1;2
2022;      147513101;5;1475;131;1;2;0;2;3
2022;      147600701;5;1476;7;1;2;5;2;1
2022;      147603101;4;1476;31;1;3;6;2;1
2022;      147801201;4;1478;12;1;0;4;2;1
2022;      147903101;4;1479;31;1;2;2;1;1
2022;      147903101;5;1479;31;1;1;2;2;2
2022;      148209401;4;1482;94;1;0;2;2;1
2022;      148403401;4;1484;34;1;1;2;2;1
2022;      148404501;3;1484;45;1;0;5;2;1
2022;      148501701;3;1485;17;1;2;4;2;1
2022;      148503701;2;1485;37;1;3;4;1;1
2022;      148503701;3;1485;37;1;2;4;2;2
2022;      148805201;4;1488;52;1;4;2;2;1
2022;      148806701;2;1488;67;1;2;2;2;1
2022;      148808801;5;1488;88;1;3;2;2;1
2022;      148908301;3;1489;83;1;2;3;1;1
2022;      148908301;4;1489;83;1;1;3;2;2
2022;      149101201;4;1491;12;1;1;2;2;1
2022;      149107401;3;1491;74;1;0;3;2;1
2022;      149111601;3;1491;116;1;2;2;2;1
2022;      149301601;3;1493;16;1;0;3;2;1
2022;      149306501;2;1493;65;1;1;3;2;1
2022;      149500201;3;1495;2;1;1;3;2;1
2022;      149500301;4;1495;3;1;1;2;2;1
2022;      149506701;3;1495;67;1;4;3;1;1
2022;      149506701;4;1495;67;1;1;3;2;2
2022;      150009101;4;1500;91;1;2;2;2;1
2022;      150009601;3;1500;96;1;0;2;2;1
2022;      150011201;3;1500;112;1;4;2;1;1
2022;      150011201;4;1500;112;1;0;1;2;2
2022;      150106001;5;1501;60;1;3;0;1;1
2022;      150106001;6;1501;60;1;2;0;2;2
2022;      150106301;3;1501;63;1;2;1;2;1
2022;      150118601;3;1501;186;1;1;1;2;1
2022;      150204301;4;1502;43;1;1;6;2;1
2022;      150204601;3;1502;46;1;0;3;2;1
2022;      150711201;6;1507;112;1;0;1;1;1
2022;      150711201;7;1507;112;1;0;1;2;2
2022;      150714701;6;1507;147;1;0;1;2;1
2022;      150806901;5;1508;69;1;0;5;2;1
2022;      151009102;3;1510;91;2;2;0;1;1
2022;      151009102;4;1510;91;2;2;0;1;2
2022;      151009102;5;1510;91;2;0;1;2;3
2022;      151201401;2;1512;14;1;3;2;1;1
2022;      151201401;3;1512;14;1;2;2;1;2
2022;      151201401;4;1512;14;1;5;3;2;3
2022;      151207201;3;1512;72;1;0;10;2;1
2022;      151209503;3;1512;95;3;0;2;2;1
2022;      151417601;3;1514;176;1;0;6;1;1
2022;      151417601;4;1514;176;1;0;6;2;2
2022;      151600501;5;1516;5;1;0;1;2;1
2022;      152610901;5;1526;109;1;1;2;2;1
2022;      152616601;3;1526;166;1;0;2;2;1
2022;      152815201;4;1528;152;1;1;0;2;1
2022;      152904001;4;1529;40;1;3;2;2;1
2022;      152905701;5;1529;57;1;0;2;1;1
2022;      152905701;6;1529;57;1;0;2;2;2
2022;      153204701;3;1532;47;1;2;0;2;1
2022;      153306301;7;1533;63;1;1;6;2;1
2022;      153308101;4;1533;81;1;0;2;2;1
2022;      153606701;4;1536;67;1;1;1;2;1
2022;      153611301;5;1536;113;1;3;4;2;1
2022;      153611801;2;1536;118;1;4;1;2;1
2022;      153801301;5;1538;13;1;0;10;2;1
2022;      153806601;3;1538;66;1;0;10;2;1
2022;      154004001;3;1540;40;1;0;3;2;1
2022;      154109301;5;1541;93;1;0;4;2;1
2022;      154117401;6;1541;174;1;0;5;2;1
2022;      154304801;4;1543;48;1;2;0;2;1
2022;      154308001;5;1543;80;1;0;6;2;1
2022;      154407701;5;1544;77;1;2;0;2;1
2022;      154502301;3;1545;23;1;2;1;2;1
2022;      154705901;3;1547;59;1;1;0;1;1
2022;      154705901;4;1547;59;1;1;0;2;2
2022;      154706502;3;1547;65;2;1;6;2;1
2022;      154803501;3;1548;35;1;2;5;2;1
2022;      155200301;4;1552;3;1;4;0;1;1
2022;      155200301;5;1552;3;1;1;3;2;2
2022;      155202101;4;1552;21;1;1;0;2;1
2022;      155205201;6;1552;52;1;0;1;2;1
2022;      155206301;3;1552;63;1;2;3;2;1
2022;      155207301;4;1552;73;1;2;5;2;1
2022;      155706301;4;1557;63;1;2;4;2;1
2022;      155902701;4;1559;27;1;5;0;2;1
2022;      155908001;4;1559;80;1;2;1;2;1
2022;      155908501;2;1559;85;1;1;0;2;1
2022;      155908801;3;1559;88;1;1;1;2;1
2022;      155912101;3;1559;121;1;1;0;1;1
2022;      155912101;4;1559;121;1;1;0;2;2
2022;      156013101;3;1560;131;1;0;7;2;1
2022;      156313401;4;1563;134;1;0;4;1;1
2022;      156313401;5;1563;134;1;0;4;2;2
2022;      156314801;4;1563;148;1;2;0;2;1
2022;      156314901;4;1563;149;1;1;0;2;1
2022;      156403201;4;1564;32;1;2;0;2;1
2022;      156404001;3;1564;40;1;1;6;2;1
2022;      156408801;4;1564;88;1;3;6;2;1
2022;      156501901;3;1565;19;1;1;2;2;1
2022;      156502201;7;1565;22;1;5;1;2;1
2022;      156505801;5;1565;58;1;1;8;2;1
2022;      156506501;4;1565;65;1;1;4;2;1
2022;      156601601;3;1566;16;1;0;1;2;1
2022;      156601801;4;1566;18;1;0;1;2;1
2022;      157011301;3;1570;113;1;0;6;1;1
2022;      157011301;4;1570;113;1;2;6;2;2
2022;      157100501;3;1571;5;1;0;2;2;1
2022;      157107401;1;1571;74;1;0;1;2;1
2022;      157700801;4;1577;8;1;2;0;2;1
2022;      157709001;3;1577;90;1;0;1;2;1
2022;      158603401;3;1586;34;1;1;1;1;1
2022;      158603401;4;1586;34;1;1;1;1;2
2022;      158603401;5;1586;34;1;0;8;2;3
2022;      158707701;3;1587;77;1;0;6;2;1
2022;      158709701;2;1587;97;1;1;4;1;1
2022;      158709701;3;1587;97;1;1;4;1;2
2022;      158709701;4;1587;97;1;1;4;1;3
2022;      158709701;5;1587;97;1;1;4;2;4
2022;      158710401;3;1587;104;1;0;5;1;1
2022;      158710401;4;1587;104;1;0;5;1;2
2022;      158710401;5;1587;104;1;0;5;2;3
2022;      159302501;2;1593;25;1;1;6;1;1
2022;      159302501;3;1593;25;1;1;6;1;2
2022;      159302501;4;1593;25;1;1;6;1;3
2022;      159302501;5;1593;25;1;0;3;2;4
2022;      159606901;3;1596;69;1;1;0;1;1
2022;      159606901;4;1596;69;1;1;0;1;2
2022;      159606901;5;1596;69;1;0;1;2;3
2022;      159904801;4;1599;48;1;0;3;2;1
2022;      160400501;3;1604;5;1;1;0;2;1
2022;      160613801;8;1606;138;1;0;1;2;1
2022;      160705001;3;1607;50;1;2;1;1;1
2022;      160705001;4;1607;50;1;2;1;1;2
2022;      160705001;5;1607;50;1;2;2;1;3
2022;      160705001;6;1607;50;1;1;1;1;4
2022;      160705001;7;1607;50;1;2;1;2;5
2022;      160710301;2;1607;103;1;0;1;2;1
2022;      160711201;3;1607;112;1;1;8;1;1
2022;      160711201;8;1607;112;1;0;1;2;2
2022;      160711801;4;1607;118;1;1;5;1;1
2022;      160711801;5;1607;118;1;1;5;2;2
2022;      160713701;5;1607;137;1;0;3;1;1
2022;      160713701;9;1607;137;1;0;3;2;2
2022;      160718701;3;1607;187;1;0;1;2;1
2022;      160803601;3;1608;36;1;2;0;1;1
2022;      160803601;6;1608;36;1;0;3;2;2
2022;      160807601;3;1608;76;1;0;2;1;1
2022;      160807601;5;1608;76;1;0;2;2;2
2022;      160903601;3;1609;36;1;3;3;2;1
2022;      161109401;3;1611;94;1;4;2;1;1
2022;      161109401;4;1611;94;1;2;1;2;2
2022;      161111901;2;1611;119;1;8;10;2;1
2022;      161401001;6;1614;10;1;4;7;2;1
2022;      161403601;3;1614;36;1;3;2;1;1
2022;      161403601;4;1614;36;1;2;2;2;2
2022;      161404701;1;1614;47;1;2;0;2;1
2022;      161408301;4;1614;83;1;0;9;2;1
2022;      161409301;5;1614;93;1;3;7;2;1
2022;      161603701;3;1616;37;1;0;2;1;1
2022;      161603701;4;1616;37;1;0;2;2;2
2022;      161712301;3;1617;123;1;0;3;2;1
2022;      161804601;10;1618;46;1;0;5;2;1
2022;      161804801;4;1618;48;1;1;8;2;1
2022;      161907101;4;1619;71;1;4;4;2;1
2022;      161907301;4;1619;73;1;4;1;2;1
2022;      161907401;2;1619;74;1;6;3;1;1
2022;      161907401;3;1619;74;1;3;3;2;2
2022;      162006501;5;1620;65;1;1;11;2;1
2022;      162006701;6;1620;67;1;0;9;2;1
2022;      162010001;3;1620;100;1;4;2;2;1
2022;      162010101;4;1620;101;1;3;9;1;1
2022;      162010101;7;1620;101;1;0;6;1;2
2022;      162010101;10;1620;101;1;2;2;1;3
2022;      162010101;11;1620;101;1;0;4;2;4
2022;      162010401;1;1620;104;1;5;0;1;1
2022;      162010401;2;1620;104;1;5;0;2;2
2022;      162301001;3;1623;10;1;2;6;2;1
2022;      162304601;7;1623;46;1;3;2;1;1
2022;      162304601;8;1623;46;1;2;2;2;2
2022;      162304701;4;1623;47;1;3;8;1;1
2022;      162304701;5;1623;47;1;1;5;2;2
2022;      162304901;4;1623;49;1;2;0;2;1
2022;      162305001;5;1623;50;1;0;1;2;1
2022;      162306601;3;1623;66;1;1;10;2;1
2022;      162407201;2;1624;72;1;1;0;2;1
2022;      162410401;3;1624;104;1;3;6;1;1
2022;      162410401;4;1624;104;1;1;0;2;2
2022;      162410701;4;1624;107;1;2;0;2;1
2022;      162503901;3;1625;39;1;1;0;2;1
2022;      162507801;3;1625;78;1;1;5;2;1
2022;      162602701;3;1626;27;1;2;4;2;1
2022;      162808601;3;1628;86;1;3;0;2;1
2022;      162813001;4;1628;130;1;3;9;2;1
2022;      163009201;4;1630;92;1;0;3;2;1
2022;      163403401;7;1634;34;1;2;6;2;1
2022;      163404001;3;1634;40;1;2;6;2;1
2022;      163406901;6;1634;69;1;1;4;2;1
2022;      163804901;3;1638;49;1;1;2;2;1
2022;      163905201;5;1639;52;1;3;4;2;1
2022;      163907301;4;1639;73;1;0;5;2;1
2022;      163908801;4;1639;88;1;0;9;2;1
2022;      163910201;3;1639;102;1;3;7;2;1
2022;      164005301;3;1640;53;1;0;6;2;1
2022;      164005501;2;1640;55;1;1;3;2;1
2022;      164006901;3;1640;69;1;2;0;2;1
2022;      164007601;4;1640;76;1;0;1;2;1
2022;      164008101;3;1640;81;1;1;2;2;1
2022;      164010901;3;1640;109;1;0;1;2;1
2022;      164100401;3;1641;4;1;0;9;2;1
2022;      164102501;2;1641;25;1;1;6;2;1
2022;      164104101;5;1641;41;1;3;3;2;1
2022;      164202101;4;1642;21;1;1;7;2;1
2022;      164202401;4;1642;24;1;3;2;2;1
2022;      164202901;5;1642;29;1;1;0;2;1
2022;      164205101;3;1642;51;1;0;4;2;1
2022;      164207601;4;1642;76;1;1;5;2;1
2022;      164401301;9;1644;13;1;2;7;2;1
2022;      164406001;7;1644;60;1;3;6;2;1
2022;      164412801;4;1644;128;1;0;6;2;1
2022;      164504401;4;1645;44;1;3;11;2;1
2022;      164701001;4;1647;10;1;1;11;2;1
2022;      164710101;5;1647;101;1;2;9;2;1
2022;      164800403;3;1648;4;3;0;6;2;1
2022;      164805301;4;1648;53;1;3;0;2;1
2022;      164808101;6;1648;81;1;0;3;2;1
2022;      165201201;2;1652;12;1;0;2;2;1
2022;      165202901;4;1652;29;1;3;9;2;1
2022;      165203301;3;1652;33;1;3;0;1;1
2022;      165203301;4;1652;33;1;1;11;2;2
2022;      165207002;4;1652;70;2;2;0;2;1
2022;      165402501;4;1654;25;1;1;1;2;1
2022;      165410901;3;1654;109;1;0;8;2;1
2022;      165413501;4;1654;135;1;2;3;2;1
2022;      165414801;5;1654;148;1;0;5;2;1
2022;      165416001;3;1654;160;1;3;4;2;1
2022;      165416301;5;1654;163;1;1;6;2;1
2022;      165505201;4;1655;52;1;3;0;1;1
2022;      165505201;5;1655;52;1;1;8;2;2
2022;      165506401;2;1655;64;1;1;2;1;1
2022;      165506401;7;1655;64;1;2;6;2;2
2022;      165507901;4;1655;79;1;3;0;2;1
2022;      165509001;3;1655;90;1;0;2;2;1
2022;      165511001;3;1655;110;1;1;0;2;1
2022;      165511801;3;1655;118;1;1;3;2;1
2022;      165803501;4;1658;35;1;3;7;2;1
2022;      165803701;4;1658;37;1;3;7;2;1
2022;      165803901;4;1658;39;1;5;0;1;1
2022;      165803901;5;1658;39;1;3;0;2;2
2022;      165804201;4;1658;42;1;0;3;2;1
2022;      165807101;3;1658;71;1;2;4;2;1
2022;      166002801;5;1660;28;1;1;0;1;1
2022;      166002801;7;1660;28;1;1;0;2;2
2022;      166010001;3;1660;100;1;1;3;2;1
2022;      166010301;4;1660;103;1;2;4;2;1
2022;      166011901;3;1660;119;1;4;4;2;1
2022;      166012201;3;1660;122;1;0;2;2;1
2022;      166012701;4;1660;127;1;0;2;2;1
2022;      166204301;3;1662;43;1;3;4;1;1
2022;      166204301;4;1662;43;1;3;1;2;2
2022;      166206301;3;1662;63;1;4;6;2;1
2022;      166206401;3;1662;64;1;4;4;2;1
2022;      166206501;4;1662;65;1;0;3;1;1
2022;      166206501;5;1662;65;1;0;3;2;2
2022;      166207201;6;1662;72;1;2;6;2;1
2022;      166309101;2;1663;91;1;11;0;1;1
2022;      166309101;3;1663;91;1;3;0;1;2
2022;      166309101;4;1663;91;1;1;0;2;3
2022;      166309301;7;1663;93;1;4;8;1;1
2022;      166309301;8;1663;93;1;4;8;1;2
2022;      166309301;9;1663;93;1;4;8;1;3
2022;      166309301;10;1663;93;1;4;0;1;4
2022;      166309301;11;1663;93;1;1;9;2;5
2022;      166309701;3;1663;97;1;3;0;2;1
2022;      166309901;3;1663;99;1;6;2;1;1
2022;      166309901;4;1663;99;1;4;1;1;2
2022;      166309901;5;1663;99;1;1;8;2;3
2022;      166312701;3;1663;127;1;2;0;1;1
2022;      166312701;4;1663;127;1;3;6;2;2
2022;      166400401;5;1664;4;1;0;7;2;1
2022;      166412001;5;1664;120;1;0;9;2;1
2022;      166415201;3;1664;152;1;2;9;2;1
2022;      166602101;5;1666;21;1;3;10;2;1
2022;      166602401;2;1666;24;1;4;6;2;1
2022;      166602501;5;1666;25;1;2;0;2;1
2022;      166605001;3;1666;50;1;3;0;2;1
2022;      166605201;4;1666;52;1;2;9;2;1
2022;      166605601;5;1666;56;1;3;10;2;1
2022;      166605701;4;1666;57;1;3;0;2;1
2022;      166606801;3;1666;68;1;5;0;2;1
2022;      166801201;3;1668;12;1;3;5;2;1
2022;      166802101;4;1668;21;1;1;6;2;1
2022;      166802401;5;1668;24;1;4;2;2;1
2022;      166806301;2;1668;63;1;0;10;2;1
2022;      166901101;3;1669;11;1;1;10;2;1
2022;      166901201;7;1669;12;1;2;10;1;1
2022;      166901201;8;1669;12;1;0;6;2;2
2022;      166901401;4;1669;14;1;4;10;2;1
2022;      166901501;7;1669;15;1;2;11;1;1
2022;      166901501;8;1669;15;1;1;10;2;2
2022;      166901801;3;1669;18;1;2;9;2;1
2022;      166902201;4;1669;22;1;1;0;2;1
2022;      166902401;4;1669;24;1;2;8;2;1
2022;      166907101;2;1669;71;1;0;2;1;1
2022;      166907101;5;1669;71;1;4;4;1;2
2022;      166907101;6;1669;71;1;3;4;1;3
2022;      166907101;7;1669;71;1;1;4;2;4
2022;      166907401;4;1669;74;1;0;10;2;1
2022;      166907501;1;1669;75;1;1;4;1;1
2022;      166907501;3;1669;75;1;5;4;1;2
2022;      166907501;4;1669;75;1;2;4;2;3
2022;      167005601;5;1670;56;1;0;3;2;1
2022;      167005701;6;1670;57;1;0;1;1;1
2022;      167005701;8;1670;57;1;0;1;2;2
2022;      167006001;4;1670;60;1;1;1;2;1
2022;      167021201;4;1670;212;1;3;7;1;1
2022;      167021201;5;1670;212;1;1;7;2;2
2022;      167110601;3;1671;106;1;1;0;2;1
2022;      167110801;7;1671;108;1;1;1;1;1
2022;      167110801;8;1671;108;1;0;3;2;2
2022;      167110901;3;1671;109;1;1;0;2;1
2022;      167114901;9;1671;149;1;3;3;1;1
2022;      167114901;10;1671;149;1;0;3;2;2
2022;      167115101;3;1671;151;1;2;7;1;1
2022;      167115101;4;1671;151;1;1;0;2;2
2022;      167115301;4;1671;153;1;0;7;1;1
2022;      167115301;5;1671;153;1;0;7;2;2
2022;      167118901;4;1671;189;1;3;6;2;1
2022;      167119001;6;1671;190;1;0;6;2;1
2022;      167211401;3;1672;114;1;2;0;2;1
2022;      167211801;6;1672;118;1;1;2;2;1
2022;      167216301;3;1672;163;1;4;4;1;1
2022;      167216301;4;1672;163;1;1;0;1;2
2022;      167216301;5;1672;163;1;1;0;1;3
2022;      167216301;6;1672;163;1;1;0;2;4
2022;      167216501;5;1672;165;1;1;0;2;1
2022;      167216601;5;1672;166;1;2;5;2;1
2022;      167300801;4;1673;8;1;0;3;2;1
2022;      167301201;4;1673;12;1;1;6;2;1
2022;      167301501;4;1673;15;1;0;1;2;1
2022;      167305301;3;1673;53;1;0;4;2;1
2022;      167305501;4;1673;55;1;0;8;2;1
2022;      167305701;3;1673;57;1;2;0;2;1
2022;      167403401;5;1674;34;1;1;6;2;1
2022;      167407901;3;1674;79;1;0;6;2;1
2022;      167408301;3;1674;83;1;3;6;2;1
2022;      167408901;4;1674;89;1;5;0;2;1
2022;      167409001;7;1674;90;1;0;2;2;1
2022;      167704501;3;1677;45;1;1;3;2;1
2022;      167704801;3;1677;48;1;2;6;2;1
2022;      167705301;1;1677;53;1;0;9;2;1
2022;      167903401;3;1679;34;1;1;0;2;1
2022;      167904101;5;1679;41;1;4;0;2;1
2022;      167905201;4;1679;52;1;0;4;1;1
2022;      167905201;5;1679;52;1;0;4;2;2
2022;      167906901;3;1679;69;1;2;10;2;1
2022;      167907301;4;1679;73;1;3;10;2;1
2022;      167910001;3;1679;100;1;4;10;1;1
2022;      167910001;4;1679;100;1;1;10;2;2
2022;      167913001;6;1679;130;1;0;6;2;1
2022;      167913101;3;1679;131;1;2;3;2;1
2022;      167916801;3;1679;168;1;3;9;2;1
2022;      168102101;5;1681;21;1;0;3;2;1
2022;      168102201;4;1681;22;1;4;0;2;1
2022;      168102401;3;1681;24;1;4;0;1;1
2022;      168102401;4;1681;24;1;2;0;2;2
2022;      168108001;3;1681;80;1;0;3;2;1
2022;      168108301;6;1681;83;1;3;0;2;1
2022;      168111401;7;1681;114;1;3;6;2;1
2022;      168403901;2;1684;39;1;3;9;2;1
2022;      168405301;5;1684;53;1;2;6;2;1
2022;      168406901;3;1684;69;1;0;3;2;1
2022;      168407101;2;1684;71;1;4;7;2;1
2022;      168407201;3;1684;72;1;4;9;2;1
2022;      168600601;8;1686;6;1;2;7;2;1
2022;      168600801;5;1686;8;1;4;7;2;1
2022;      168601001;5;1686;10;1;2;5;2;1
2022;      168610901;4;1686;109;1;2;0;2;1
2022;      169006601;3;1690;66;1;1;11;2;1
2022;      169206001;5;1692;60;1;1;0;2;1
2022;      169407701;3;1694;77;1;1;11;1;1
2022;      169407701;4;1694;77;1;0;11;1;2
2022;      169407701;5;1694;77;1;0;6;2;3
2022;      169408301;2;1694;83;1;6;1;2;1
2022;      170015901;7;1700;159;1;2;11;2;1
2022;      170105201;5;1701;52;1;1;3;2;1
2022;      170200801;4;1702;8;1;0;5;2;1
2022;      170203101;5;1702;31;1;5;9;2;1
2022;      170401501;6;1704;15;1;2;3;2;1
2022;      170601601;5;1706;16;1;0;7;2;1
2022;      171103701;3;1711;37;1;2;9;1;1
2022;      171103701;4;1711;37;1;2;9;2;2
2022;      171301201;3;1713;12;1;1;6;2;1
2022;      171404101;4;1714;41;1;0;2;1;1
2022;      171404101;5;1714;41;1;0;2;2;2
2022;      171415501;4;1714;155;1;1;0;2;1
2022;      171600801;3;1716;8;1;2;9;2;1
2022;      171607401;4;1716;74;1;1;9;2;1
2022;      171609801;4;1716;98;1;0;1;2;1
2022;      171702301;5;1717;23;1;3;10;2;1
2022;      171703501;3;1717;35;1;1;10;2;1
2022;      171705201;4;1717;52;1;0;11;2;1
2022;      171705301;3;1717;53;1;0;8;2;1
2022;      171705401;3;1717;54;1;2;10;2;1
2022;      171708701;2;1717;87;1;0;11;2;1
2022;      171709901;2;1717;99;1;1;2;1;1
2022;      171709901;4;1717;99;1;0;5;2;2
2022;      172102901;5;1721;29;1;2;4;2;1
2022;      172103201;3;1721;32;1;0;7;2;1
2022;      172201201;9;1722;12;1;4;0;1;1
2022;      172201201;10;1722;12;1;1;0;2;2
2022;      172415501;3;1724;155;1;2;6;2;1
2022;      172505401;4;1725;54;1;3;7;2;1
2022;      172505601;2;1725;56;1;1;3;2;1
2022;      172801901;2;1728;19;1;0;4;2;1
2022;      172803401;4;1728;34;1;3;7;2;1
2022;      172804401;3;1728;44;1;1;3;2;1
2022;      172805601;7;1728;56;1;2;5;2;1
2022;      172904801;7;1729;48;1;1;8;2;1
2022;      173000501;4;1730;5;1;0;11;2;1
2022;      173002801;3;1730;28;1;0;10;1;1
2022;      173002801;4;1730;28;1;0;1;2;2
2022;      173003801;2;1730;38;1;0;1;1;1
2022;      173003801;6;1730;38;1;0;1;2;2
2022;      173003901;4;1730;39;1;3;10;2;1
2022;      173004101;1;1730;41;1;1;2;1;1
2022;      173004101;3;1730;41;1;0;5;2;2
2022;      173004801;4;1730;48;1;4;2;2;1
2022;      173105401;6;1731;54;1;4;10;1;1
2022;      173105401;7;1731;54;1;1;10;2;2
2022;      173105501;3;1731;55;1;4;11;2;1
2022;      173105801;5;1731;58;1;4;10;2;1
2022;      173106301;11;1731;63;1;1;11;2;1
2022;      173106401;3;1731;64;1;3;11;1;1
2022;      173106401;4;1731;64;1;1;5;2;2
2022;      173200701;3;1732;7;1;4;5;2;1
2022;      173204201;3;1732;42;1;3;7;2;1
2022;      173206001;2;1732;60;1;0;3;1;1
2022;      173206001;3;1732;60;1;0;3;2;2
2022;      173206101;4;1732;61;1;0;9;2;1
2022;      173208401;3;1732;84;1;1;0;2;1
2022;      173208501;4;1732;85;1;3;0;2;1
2022;      173211401;4;1732;114;1;0;3;1;1
2022;      173211401;5;1732;114;1;0;3;2;2
2022;      173211701;3;1732;117;1;3;6;2;1
2022;      173604701;7;1736;47;1;0;1;2;1
2022;      173605001;4;1736;50;1;0;4;2;1
2022;      173605101;4;1736;51;1;3;0;1;1
2022;      173605101;5;1736;51;1;0;1;2;2
2022;      173615601;5;1736;156;1;4;0;2;1
2022;      173615901;4;1736;159;1;9;6;2;1
2022;      173701001;5;1737;10;1;0;6;2;1
2022;      173707301;4;1737;73;1;0;9;2;1
2022;      173707401;2;1737;74;1;0;4;2;1
2022;      173707501;3;1737;75;1;1;9;2;1
2022;      173707801;4;1737;78;1;3;9;2;1
2022;      173709101;4;1737;91;1;0;6;2;1
2022;      173800301;1;1738;3;1;5;11;2;1
2022;      173801601;3;1738;16;1;2;11;2;1
2022;      173801701;3;1738;17;1;1;11;2;1
2022;      173802001;4;1738;20;1;1;11;2;1
2022;      173902501;1;1739;25;1;3;5;2;1
2022;      173902601;3;1739;26;1;2;0;1;1
2022;      173902601;4;1739;26;1;1;0;2;2
2022;      173902701;3;1739;27;1;8;5;2;1
2022;      173903901;3;1739;39;1;3;0;2;1
2022;      173904001;4;1739;40;1;1;5;2;1
2022;      173904201;5;1739;42;1;0;6;2;1
2022;      173907601;3;1739;76;1;3;8;2;1
2022;      173907901;4;1739;79;1;0;8;2;1
2022;      174002201;2;1740;22;1;1;8;2;1
2022;      174002301;4;1740;23;1;3;0;2;1
2022;      174003601;4;1740;36;1;4;8;2;1
2022;      174003701;4;1740;37;1;4;0;2;1
2022;      174009501;4;1740;95;1;2;3;2;1
2022;      174009701;5;1740;97;1;6;0;1;1
2022;      174009701;6;1740;97;1;0;4;1;2
2022;      174009701;7;1740;97;1;0;3;2;3
2022;      174009801;6;1740;98;1;1;9;2;1
2022;      174104501;4;1741;45;1;4;10;2;1
2022;      174104701;5;1741;47;1;0;6;2;1
2022;      174104801;3;1741;48;1;3;7;2;1
2022;      174106601;4;1741;66;1;4;9;1;1
2022;      174106601;6;1741;66;1;0;1;2;2
2022;      174107001;4;1741;70;1;0;3;2;1
2022;      174107501;4;1741;75;1;4;0;2;1
2022;      174107701;8;1741;77;1;0;7;2;1
2022;      174402501;3;1744;25;1;0;2;2;1
2022;      174406601;5;1744;66;1;3;6;2;1
2022;      174416201;1;1744;162;1;0;5;1;1
2022;      174416201;3;1744;162;1;1;9;2;2
2022;      174607301;2;1746;73;1;0;1;2;1
2022;      174703801;5;1747;38;1;0;5;2;1
2022;      174711301;2;1747;113;1;0;1;1;1
2022;      174711301;3;1747;113;1;0;1;2;2
2022;      174812601;5;1748;126;1;0;8;2;1
2022;      174812701;3;1748;127;1;0;4;1;1
2022;      174812701;4;1748;127;1;0;7;2;2
2022;      174905201;3;1749;52;1;0;2;2;1
2022;      174918001;3;1749;180;1;1;9;2;1
2022;      174920501;4;1749;205;1;0;10;2;1
2022;      175000501;4;1750;5;1;0;1;2;1
2022;      175003901;2;1750;39;1;0;9;2;1
2022;      175008201;6;1750;82;1;0;6;2;1
2022;      175204301;3;1752;43;1;1;8;2;1
2022;      175205501;4;1752;55;1;5;1;2;1
2022;      175211101;4;1752;111;1;0;5;2;1
2022;      175211501;4;1752;115;1;1;9;2;1
2022;      175308301;6;1753;83;1;2;5;2;1
2022;      175414101;1;1754;141;1;0;2;1;1
2022;      175414101;4;1754;141;1;2;3;2;2
2022;      175507701;3;1755;77;1;1;4;2;1
2022;      175507801;4;1755;78;1;0;3;2;1
2022;      175608701;6;1756;87;1;3;7;2;1
2022;      175609001;5;1756;90;1;0;2;2;1
2022;      176101901;3;1761;19;1;0;2;2;1
2022;      176103801;3;1761;38;1;2;0;1;1
2022;      176103801;4;1761;38;1;2;0;2;2
2022;      176300601;5;1763;6;1;0;5;2;1
2022;      176303501;4;1763;35;1;0;6;2;1
2022;      176308001;5;1763;80;1;0;9;2;1
2022;      176401301;2;1764;13;1;0;6;2;1
2022;      176403001;3;1764;30;1;2;10;2;1
2022;      176409601;3;1764;96;1;1;0;1;1
2022;      176409601;4;1764;96;1;1;0;2;2
2022;      176702101;3;1767;21;1;0;2;2;1
2022;      176702501;3;1767;25;1;0;4;2;1
2022;      176702901;3;1767;29;1;1;6;2;1
2022;      176708701;5;1767;87;1;0;4;2;1
2022;      176708801;1;1767;88;1;0;4;2;1
2022;      176709101;3;1767;91;1;4;0;2;1
2022;      176709201;3;1767;92;1;0;10;1;1
2022;      176709201;4;1767;92;1;0;10;2;2
2022;      176714901;3;1767;149;1;0;2;2;1
2022;      176901601;1;1769;16;1;2;0;2;1
2022;      176901701;2;1769;17;1;1;0;1;1
2022;      176901701;6;1769;17;1;4;0;2;2
2022;      176901801;6;1769;18;1;0;10;2;1
2022;      176905901;5;1769;59;1;2;0;1;1
2022;      176905901;6;1769;59;1;1;0;2;2
2022;      176906001;2;1769;60;1;0;1;2;1
2022;      176906101;4;1769;61;1;9;0;2;1
2022;      176906301;4;1769;63;1;0;10;2;1
2022;      176907201;4;1769;72;1;3;0;1;1
2022;      176907201;5;1769;72;1;0;11;2;2
2022;      177202701;4;1772;27;1;1;0;2;1
2022;      177202901;4;1772;29;1;0;2;2;1
2022;      177203101;5;1772;31;1;6;0;1;1
2022;      177203101;6;1772;31;1;3;0;2;2
2022;      177204901;4;1772;49;1;4;0;2;1
2022;      177205101;4;1772;51;1;2;4;2;1
2022;      177205401;2;1772;54;1;1;9;2;1
2022;      177205501;2;1772;55;1;1;9;2;1
2022;      177205801;1;1772;58;1;5;5;1;1
2022;      177205801;3;1772;58;1;5;5;1;2
2022;      177205801;4;1772;58;1;3;4;2;3
2022;      177300401;4;1773;4;1;7;6;1;1
2022;      177300401;5;1773;4;1;1;5;2;2
2022;      177300901;1;1773;9;1;4;0;2;1
2022;      177301501;3;1773;15;1;1;1;1;1
2022;      177301501;4;1773;15;1;3;0;2;2
2022;      177303501;3;1773;35;1;6;3;2;1
2022;      177304101;2;1773;41;1;2;0;2;1
2022;      177305101;4;1773;51;1;0;2;2;1
2022;      177305501;1;1773;55;1;3;0;2;1
2022;      177305801;5;1773;58;1;0;5;2;1
2022;      177400501;3;1774;5;1;6;4;1;1
2022;      177400501;4;1774;5;1;4;1;1;2
2022;      177400501;5;1774;5;1;4;1;1;3
2022;      177400501;8;1774;5;1;0;8;2;4
2022;      177405201;4;1774;52;1;0;2;2;1
2022;      177405401;6;1774;54;1;0;3;2;1
2022;      177405601;3;1774;56;1;0;6;2;1
2022;      177405701;4;1774;57;1;0;3;2;1
2022;      177500201;3;1775;2;1;4;0;2;1
2022;      177501101;3;1775;11;1;4;0;2;1
2022;      177509201;5;1775;92;1;2;0;2;1
2022;      177702501;5;1777;25;1;3;1;2;1
2022;      177702601;1;1777;26;1;0;1;2;1
2022;      177702801;5;1777;28;1;0;2;2;1
2022;      177703001;2;1777;30;1;5;0;2;1
2022;      177705701;5;1777;57;1;2;0;2;1
2022;      177706201;5;1777;62;1;0;4;2;1
2022;      177901101;2;1779;11;1;0;4;2;1
2022;      177902401;3;1779;24;1;0;3;2;1
2022;      177902501;3;1779;25;1;0;3;2;1
2022;      177902601;5;1779;26;1;0;5;2;1
2022;      177902801;2;1779;28;1;1;6;2;1
2022;      177905601;2;1779;56;1;3;3;2;1
2022;      177906001;3;1779;60;1;1;10;1;1
2022;      177906001;4;1779;60;1;5;0;2;2
2022;      177907001;3;1779;70;1;0;8;2;1
2022;      177907301;3;1779;73;1;2;0;1;1
2022;      177907301;4;1779;73;1;2;0;2;2
2022;      177907601;4;1779;76;1;3;2;2;1
2022;      177907701;3;1779;77;1;0;5;2;1
2022;      178002501;1;1780;25;1;3;0;2;1
2022;      178003801;2;1780;38;1;5;0;2;1
2022;      178004701;2;1780;47;1;1;9;2;1
2022;      178005501;3;1780;55;1;3;6;2;1
2022;      178100101;3;1781;1;1;4;11;2;1
2022;      178101201;5;1781;12;1;2;6;1;1
2022;      178101201;6;1781;12;1;0;8;2;2
2022;      178101301;2;1781;13;1;4;0;2;1
2022;      178102001;3;1781;20;1;0;7;2;1
2022;      178102301;3;1781;23;1;3;0;2;1
2022;      178103601;1;1781;36;1;5;0;2;1
2022;      178105101;3;1781;51;1;0;8;2;1
2022;      178105301;3;1781;53;1;1;0;1;1
2022;      178105301;4;1781;53;1;4;0;2;2
2022;      178300601;1;1783;6;1;1;0;2;1
2022;      178302601;3;1783;26;1;1;0;2;1
2022;      178303201;3;1783;32;1;1;9;1;1
2022;      178303201;4;1783;32;1;1;0;2;2
2022;      178305501;2;1783;55;1;0;3;2;1
2022;      178305701;2;1783;57;1;0;9;2;1
2022;      178305801;3;1783;58;1;2;0;2;1
2022;      178305901;3;1783;59;1;2;0;2;1
2022;      178402201;4;1784;22;1;4;0;1;1
2022;      178402201;5;1784;22;1;4;0;1;2
2022;      178402201;6;1784;22;1;7;0;1;3
2022;      178402201;7;1784;22;1;7;0;2;4
2022;      178402301;3;1784;23;1;2;0;2;1
2022;      178402401;5;1784;24;1;1;0;2;1
2022;      178404201;3;1784;42;1;0;9;2;1
2022;      178404301;1;1784;43;1;1;0;2;1
2022;      178404601;3;1784;46;1;0;3;2;1
2022;      178404801;6;1784;48;1;2;2;2;1
2022;      178405101;3;1784;51;1;5;2;2;1
2022;      178500201;4;1785;2;1;2;1;2;1
2022;      178500601;3;1785;6;1;1;6;2;1
2022;      178500801;3;1785;8;1;3;7;2;1
2022;      178500901;4;1785;9;1;1;0;2;1
2022;      178501001;3;1785;10;1;4;0;2;1
2022;      178510301;5;1785;103;1;2;6;2;1
2022;      178512801;4;1785;128;1;1;0;2;1
2022;      178603201;4;1786;32;1;4;7;2;1
2022;      178603301;4;1786;33;1;2;6;2;1
2022;      178603401;3;1786;34;1;1;2;2;1
2022;      178607401;3;1786;74;1;2;5;2;1
2022;      178607501;3;1786;75;1;1;6;2;1
2022;      178609901;5;1786;99;1;6;2;2;1
2022;      178610001;1;1786;100;1;0;1;2;1
2022;      178610301;3;1786;103;1;0;3;2;1
2022;      178701401;4;1787;14;1;0;2;2;1
2022;      178701501;3;1787;15;1;4;0;2;1
2022;      178701601;3;1787;16;1;1;2;2;1
2022;      178706401;3;1787;64;1;0;4;2;1
2022;      178706501;2;1787;65;1;0;4;2;1
2022;      178706801;3;1787;68;1;3;8;2;1
2022;      178707701;4;1787;77;1;4;4;1;1
2022;      178707701;5;1787;77;1;2;4;2;2
2022;      178707801;4;1787;78;1;4;0;1;1
2022;      178707801;5;1787;78;1;0;4;2;2
2022;      178707901;4;1787;79;1;3;5;1;1
2022;      178707901;5;1787;79;1;0;6;2;2
2022;      178807801;3;1788;78;1;0;2;1;1
2022;      178807801;5;1788;78;1;0;2;2;2
2022;      178807901;4;1788;79;1;5;8;1;1
2022;      178807901;5;1788;79;1;1;6;2;2
2022;      178808301;4;1788;83;1;0;1;1;1
2022;      178808301;5;1788;83;1;0;1;2;2
2022;      178808401;3;1788;84;1;4;1;1;1
2022;      178808401;4;1788;84;1;0;7;2;2
2022;      178808501;3;1788;85;1;3;0;1;1
2022;      178808501;4;1788;85;1;1;0;2;2
2022;      178809401;5;1788;94;1;1;6;2;1
2022;      178809701;3;1788;97;1;3;6;2;1
2022;      178900901;5;1789;9;1;3;0;2;1
2022;      178904101;3;1789;41;1;0;2;2;1
2022;      178905201;5;1789;52;1;1;6;2;1
2022;      178909601;5;1789;96;1;3;0;2;1
2022;      178910201;5;1789;102;1;0;1;2;1
2022;      178911101;2;1789;111;1;0;6;2;1
2022;      179203501;4;1792;35;1;2;0;2;1
2022;      179203801;4;1792;38;1;7;4;1;1
2022;      179203801;5;1792;38;1;3;0;2;2
2022;      179203901;2;1792;39;1;2;0;2;1
2022;      179204801;4;1792;48;1;3;0;2;1
2022;      179205201;3;1792;52;1;1;4;2;1
2022;      179206001;3;1792;60;1;4;0;2;1
2022;      179300101;1;1793;1;1;0;10;2;1
2022;      179300501;3;1793;5;1;4;6;2;1
2022;      179302101;5;1793;21;1;2;4;2;1
2022;      179304001;5;1793;40;1;2;8;2;1
2022;      179305901;5;1793;59;1;4;6;2;1
2022;      179306601;5;1793;66;1;4;0;2;1
2022;      179309901;3;1793;99;1;0;5;2;1
2022;      179900801;5;1799;8;1;1;1;2;1
2022;      180002401;4;1800;24;1;2;9;1;1
2022;      180002401;5;1800;24;1;2;9;2;2
2022;      180004901;3;1800;49;1;0;5;2;1
2022;      180006401;4;1800;64;1;1;10;2;1
2022;      180215201;3;1802;152;1;0;4;2;1
2022;      180401401;5;1804;14;1;1;9;2;1
2022;      180404301;5;1804;43;1;0;8;1;1
2022;      180404301;6;1804;43;1;1;8;2;2
2022;      180500101;3;1805;1;1;0;3;2;1
2022;      180500901;5;1805;9;1;2;9;2;1
2022;      180503101;6;1805;31;1;1;0;2;1
2022;      180601801;3;1806;18;1;2;9;2;1
2022;      180603801;4;1806;38;1;5;10;1;1
2022;      180603801;5;1806;38;1;3;10;1;2
2022;      180603801;6;1806;38;1;0;3;2;3
2022;      180609701;5;1806;97;1;2;10;2;1
2022;      180612601;3;1806;126;1;1;10;2;1
2022;      180707101;4;1807;71;1;2;11;1;1
2022;      180707101;5;1807;71;1;0;11;2;2
2022;      180709401;3;1807;94;1;1;11;2;1
2022;      180710301;2;1807;103;1;0;6;2;1
2022;      180800501;7;1808;5;1;0;10;2;1
2022;      180801301;4;1808;13;1;1;9;2;1
2022;      180903101;2;1809;31;1;3;6;2;1
2022;      180904501;3;1809;45;1;3;6;1;1
2022;      180904501;4;1809;45;1;2;6;2;2
2022;      180904601;5;1809;46;1;2;3;2;1
2022;      181205001;3;1812;50;1;0;11;1;1
2022;      181205001;4;1812;50;1;1;11;2;2
2022;      181703201;4;1817;32;1;0;5;2;1
2022;      181708701;3;1817;87;1;1;0;2;1
2022;      181900701;3;1819;7;1;3;8;1;1
2022;      181900701;4;1819;7;1;1;0;2;2
2022;      181904901;3;1819;49;1;0;9;2;1
2022;      181906301;4;1819;63;1;0;4;2;1
2022;      182305101;1;1823;51;1;2;9;2;1
2022;      182305701;4;1823;57;1;3;5;1;1
2022;      182305701;5;1823;57;1;2;4;2;2
2022;      182503101;3;1825;31;1;4;7;2;1
2022;      182513801;4;1825;138;1;2;8;1;1
2022;      182513801;9;1825;138;1;0;4;2;2
2022;      182515501;3;1825;155;1;0;5;2;1
2022;      182710701;5;1827;107;1;0;10;2;1
2022;      182803301;7;1828;33;1;1;0;2;1
2022;      182803901;3;1828;39;1;0;6;1;1
2022;      182803901;4;1828;39;1;0;6;2;2
2022;      182808701;5;1828;87;1;2;10;2;1
2022;      182815101;6;1828;151;1;2;9;2;1
2022;      183009001;5;1830;90;1;5;0;1;1
2022;      183009001;6;1830;90;1;2;6;2;2
2022;      183106401;4;1831;64;1;0;2;2;1
2022;      183110001;3;1831;100;1;5;7;1;1
2022;      183110001;4;1831;100;1;5;7;2;2
2022;      183202401;3;1832;24;1;3;8;2;1
2022;      183211501;3;1832;115;1;0;6;2;1
2022;      184202501;3;1842;25;1;2;7;2;1
2022;      184203901;3;1842;39;1;1;0;2;1
2022;      184204801;5;1842;48;1;3;6;2;1
2022;      184205601;4;1842;56;1;3;7;2;1
2022;      184500301;6;1845;3;1;2;9;2;1
2022;      184901601;6;1849;16;1;4;6;2;1
2022;      184904102;2;1849;41;2;0;11;2;1
2022;      185006001;4;1850;60;1;0;7;1;1
2022;      185006001;5;1850;60;1;0;7;2;2
2022;      185006401;3;1850;64;1;0;7;2;1
2022;      185007201;2;1850;72;1;2;6;2;1
2022;      185110501;4;1851;105;1;2;9;2;1
2022;      185110601;5;1851;106;1;2;8;2;1
2022;      185112202;4;1851;122;2;1;8;2;1
2022;      185112301;3;1851;123;1;1;1;2;1
2022;      185405101;9;1854;51;1;1;0;1;1
2022;      185405101;13;1854;51;1;1;0;2;2
2022;      185410001;2;1854;100;1;3;10;2;1
2022;      185410501;4;1854;105;1;2;10;2;1
2022;      185410601;5;1854;106;1;2;9;1;1
2022;      185410601;7;1854;106;1;0;9;2;2
2022;      185502001;5;1855;20;1;0;8;2;1
2022;      185504301;3;1855;43;1;0;1;2;1
2022;      185603301;4;1856;33;1;1;0;1;1
2022;      185603301;5;1856;33;1;4;0;2;2
2022;      185603401;3;1856;34;1;3;6;1;1
2022;      185603401;4;1856;34;1;1;6;2;2
2022;      185700501;5;1857;5;1;5;0;2;1
2022;      185705001;2;1857;50;1;0;1;2;1
2022;      185707001;7;1857;70;1;4;0;2;1
2022;      185709501;3;1857;95;1;2;0;2;1
2022;      185713101;4;1857;131;1;2;2;2;1
2022;      185714001;5;1857;140;1;3;0;2;1
2022;      185717301;6;1857;173;1;0;2;2;1
2022;      186003001;4;1860;30;1;0;3;1;1
2022;      186003001;5;1860;30;1;0;3;2;2
2022;      186009001;4;1860;90;1;0;4;1;1
2022;      186009001;5;1860;90;1;0;4;2;2
2022;      186202801;3;1862;28;1;2;6;2;1
2022;      186205001;4;1862;50;1;1;3;2;1
2022;      186205701;4;1862;57;1;0;7;2;1
2022;      186404601;3;1864;46;1;3;3;2;1
2022;      186406801;3;1864;68;1;3;0;1;1
2022;      186406801;4;1864;68;1;4;6;2;2
2022;      186407301;5;1864;73;1;2;4;2;1
2022;      186407401;5;1864;74;1;0;4;2;1
2022;      186410401;6;1864;104;1;0;5;2;1
2022;      186607101;3;1866;71;1;3;0;2;1
2022;      186608301;4;1866;83;1;0;7;1;1
2022;      186608301;7;1866;83;1;0;6;2;2
2022;      186705601;3;1867;56;1;1;0;1;1
2022;      186705601;4;1867;56;1;1;0;2;2
2022;      186707001;3;1867;70;1;3;0;2;1
2022;      186803201;5;1868;32;1;0;1;2;1
2022;      186803801;3;1868;38;1;2;0;1;1
2022;      186803801;4;1868;38;1;2;0;2;2
2022;      186810401;4;1868;104;1;7;0;2;1
2022;      187002201;4;1870;22;1;0;7;2;1
2022;      187003701;3;1870;37;1;1;7;1;1
2022;      187003701;4;1870;37;1;1;1;1;2
2022;      187003701;5;1870;37;1;1;1;2;3
2022;      187203401;3;1872;34;1;0;5;2;1
2022;      187203501;3;1872;35;1;4;98;2;1
2022;      187206201;3;1872;62;1;0;11;2;1
2022;      187308701;3;1873;87;1;2;0;1;1
2022;      187308701;4;1873;87;1;2;0;1;2
2022;      187308701;5;1873;87;1;1;0;2;3
2022;      187309801;4;1873;98;1;0;9;2;1
2022;      187310401;3;1873;104;1;1;0;2;1
2022;      187400901;2;1874;9;1;0;7;1;1
2022;      187400901;7;1874;9;1;0;7;2;2
2022;      187401601;3;1874;16;1;0;1;2;1
2022;      187406001;3;1874;60;1;1;2;2;1
2022;      187703101;4;1877;31;1;1;11;2;1
2022;      187706001;3;1877;60;1;3;11;2;1
2022;      187706101;8;1877;61;1;1;0;2;1
2022;      187802301;4;1878;23;1;0;6;2;1
2022;      187804901;2;1878;49;1;1;0;1;1
2022;      187804901;3;1878;49;1;1;0;2;2
2022;      187805301;3;1878;53;1;0;3;2;1
2022;      187903101;3;1879;31;1;0;8;2;1
2022;      187906401;3;1879;64;1;0;1;2;1
2022;      188002301;4;1880;23;1;1;10;2;1
2022;      188002401;5;1880;24;1;0;1;1;1
2022;      188002401;6;1880;24;1;0;1;1;2
2022;      188002401;7;1880;24;1;0;1;2;3
2022;      188006201;4;1880;62;1;3;6;2;1
2022;      188008501;4;1880;85;1;0;1;2;1
2022;      188101701;3;1881;17;1;2;0;2;1
2022;      188104901;5;1881;49;1;0;1;2;1
2022;      188107601;5;1881;76;1;4;0;2;1
2022;      188108001;1;1881;80;1;7;0;2;1
2022;      188501701;5;1885;17;1;0;2;2;1
2022;      188502501;4;1885;25;1;3;8;2;1
2022;      188503801;4;1885;38;1;3;5;2;1
2022;      188504101;7;1885;41;1;1;2;2;1
2022;      188504201;1;1885;42;1;0;2;2;1
2022;      188602901;5;1886;29;1;5;0;1;1
2022;      188602901;6;1886;29;1;2;9;2;2
2022;      188604301;3;1886;43;1;3;0;2;1
2022;      188605601;4;1886;56;1;0;6;2;1
2022;      188607301;3;1886;73;1;1;0;2;1
2022;      188609301;3;1886;93;1;0;1;1;1
2022;      188609301;4;1886;93;1;0;1;2;2
2022;      188704001;4;1887;40;1;6;0;2;1
2022;      188802001;3;1888;20;1;1;10;1;1
2022;      188802001;4;1888;20;1;0;1;2;2
2022;      188804801;2;1888;48;1;3;6;2;1
2022;      188807201;4;1888;72;1;1;0;2;1
2022;      188900201;3;1889;2;1;0;1;2;1
2022;      188900901;2;1889;9;1;3;0;1;1
2022;      188900901;3;1889;9;1;3;0;2;2
2022;      188901001;3;1889;10;1;3;8;2;1
2022;      188903301;2;1889;33;1;0;2;2;1
2022;      188904101;3;1889;41;1;2;7;2;1
2022;      188904301;4;1889;43;1;0;6;2;1
2022;      188906601;4;1889;66;1;0;7;2;1
2022;      189000201;3;1890;2;1;1;0;2;1
2022;      189002101;3;1890;21;1;0;4;2;1
2022;      189002701;3;1890;27;1;1;0;1;1
2022;      189002701;4;1890;27;1;1;0;2;2
2022;      189005101;3;1890;51;1;3;3;2;1
2022;      189005201;4;1890;52;1;2;0;2;1
2022;      189400201;4;1894;2;1;3;0;2;1
2022;      189402401;3;1894;24;1;3;0;2;1
2022;      189402701;2;1894;27;1;1;0;2;1
2022;      189403001;4;1894;30;1;2;0;2;1
2022;      189404801;4;1894;48;1;0;1;2;1
2022;      189405601;7;1894;56;1;0;3;2;1
2022;      189406201;4;1894;62;1;1;0;2;1
2022;      189406401;3;1894;64;1;0;9;2;1
2022;      189407201;3;1894;72;1;2;0;2;1
2022;      189501701;3;1895;17;1;0;1;2;1
2022;      189502001;5;1895;20;1;4;0;2;1
2022;      189502101;3;1895;21;1;5;6;2;1
2022;      189502401;4;1895;24;1;2;11;2;1
2022;      189502501;3;1895;25;1;3;6;1;1
2022;      189502501;4;1895;25;1;1;6;2;2
2022;      189508001;4;1895;80;1;0;4;2;1
2022;      189508301;2;1895;83;1;0;2;2;1
2022;      189508401;4;1895;84;1;0;4;2;1
2022;      189703501;6;1897;35;1;3;0;2;1
2022;      189704801;6;1897;48;1;1;8;1;1
2022;      189704801;7;1897;48;1;0;8;2;2
2022;      189705401;4;1897;54;1;0;3;2;1
2022;      189705701;5;1897;57;1;4;8;1;1
2022;      189705701;6;1897;57;1;4;8;2;2
2022;      189706301;3;1897;63;1;4;0;2;1
2022;      189707901;3;1897;79;1;1;9;2;1
2022;      189708601;3;1897;86;1;3;6;2;1
2022;      189709001;4;1897;90;1;0;3;2;1
2022;      189802001;4;1898;20;1;0;3;2;1
2022;      189802101;5;1898;21;1;4;0;2;1
2022;      189802201;5;1898;22;1;0;1;2;1
2022;      189802301;4;1898;23;1;3;0;2;1
2022;      189805301;3;1898;53;1;4;0;2;1
2022;      189805401;7;1898;54;1;0;5;2;1
2022;      189809301;3;1898;93;1;4;0;2;1
2022;      189809401;4;1898;94;1;0;6;2;1
2022;      189900601;4;1899;6;1;0;2;2;1
2022;      189906901;5;1899;69;1;0;3;2;1
2022;      189907001;4;1899;70;1;1;0;2;1
2022;      189907901;4;1899;79;1;0;2;2;1
2022;      190200701;2;1902;7;1;0;7;2;1
2022;      190202401;4;1902;24;1;0;1;2;1
2022;      190202501;4;1902;25;1;4;9;2;1
2022;      190202701;4;1902;27;1;1;2;2;1
2022;      190204501;4;1902;45;1;1;0;2;1
2022;      190204601;3;1902;46;1;0;5;2;1
2022;      190400301;3;1904;3;1;3;0;1;1
2022;      190400301;4;1904;3;1;3;0;2;2
2022;      190401301;4;1904;13;1;6;10;2;1
2022;      190405401;3;1904;54;1;0;2;2;1
2022;      190405501;5;1904;55;1;0;5;2;1
2022;      190405701;2;1904;57;1;0;5;2;1
2022;      190405801;4;1904;58;1;8;9;1;1
2022;      190405801;5;1904;58;1;3;8;2;2
2022;      190407001;3;1904;70;1;2;9;1;1
2022;      190407001;4;1904;70;1;4;9;2;2
2022;      190407101;2;1904;71;1;0;10;2;1
2022;      190407201;4;1904;72;1;3;10;2;1
2022;      190407401;1;1904;74;1;2;0;2;1
2022;      190504801;1;1905;48;1;1;0;2;1
2022;      190505701;3;1905;57;1;3;2;2;1
2022;      190602901;4;1906;29;1;1;0;2;1
2022;      190603001;3;1906;30;1;0;6;2;1
2022;      190603101;5;1906;31;1;2;0;1;1
2022;      190603101;6;1906;31;1;2;0;2;2
2022;      190603301;4;1906;33;1;0;1;2;1
2022;      190606401;2;1906;64;1;0;4;2;1
2022;      190606501;6;1906;65;1;0;4;2;1
2022;      190606701;3;1906;67;1;0;1;2;1
2022;      190606901;3;1906;69;1;3;0;2;1
2022;      190607001;3;1906;70;1;0;10;2;1
2022;      190607101;5;1906;71;1;0;5;1;1
2022;      190607101;6;1906;71;1;0;5;2;2
2022;      190801801;3;1908;18;1;0;6;2;1
2022;      190803301;4;1908;33;1;2;8;2;1
2022;      190803601;6;1908;36;1;0;6;2;1
2022;      190804801;2;1908;48;1;5;3;1;1
2022;      190804801;3;1908;48;1;3;3;2;2
2022;      190805601;6;1908;56;1;0;9;2;1
2022;      191000501;3;1910;5;1;3;9;2;1
2022;      191000601;5;1910;6;1;0;7;2;1
2022;      191001001;3;1910;10;1;3;6;2;1
2022;      191001301;4;1910;13;1;4;0;1;1
2022;      191001301;5;1910;13;1;0;6;2;2
2022;      191001601;4;1910;16;1;1;0;2;1
2022;      191002701;5;1910;27;1;0;3;2;1
2022;      191003001;3;1910;30;1;2;9;2;1
2022;      191201101;3;1912;11;1;3;1;1;1
2022;      191201101;4;1912;11;1;0;8;2;2
2022;      191206301;3;1912;63;1;10;0;2;1
2022;      191207001;4;1912;70;1;0;10;2;1
2022;      191301101;1;1913;11;1;0;2;2;1
2022;      191301401;5;1913;14;1;1;4;2;1
2022;      191301801;3;1913;18;1;1;2;2;1
2022;      191301901;7;1913;19;1;0;6;2;1
2022;      191305501;2;1913;55;1;0;8;1;1
2022;      191305501;5;1913;55;1;0;8;2;2
2022;      191400101;3;1914;1;1;0;7;2;1
2022;      191400401;5;1914;4;1;1;9;2;1
2022;      191402601;4;1914;26;1;5;4;1;1
2022;      191402601;5;1914;26;1;2;0;2;2
2022;      191402701;1;1914;27;1;2;0;2;1
2022;      191404501;3;1914;45;1;0;5;1;1
2022;      191404501;4;1914;45;1;0;5;2;2
2022;      191501501;3;1915;15;1;4;0;1;1
2022;      191501501;4;1915;15;1;2;6;2;2
2022;      191502201;3;1915;22;1;0;1;2;1
2022;      191502901;3;1915;29;1;2;5;2;1
2022;      191505301;8;1915;53;1;0;1;2;1
2022;      191600701;5;1916;7;1;5;0;1;1
2022;      191600701;6;1916;7;1;0;2;2;2
2022;      191601501;4;1916;15;1;6;0;2;1
2022;      191601901;4;1916;19;1;2;8;2;1
2022;      191602301;4;1916;23;1;0;4;2;1
2022;      191709901;6;1917;99;1;5;2;2;1
2022;      192503801;1;1925;38;1;2;0;2;1
2022;      192504001;3;1925;40;1;0;2;2;1
2022;      192506301;2;1925;63;1;0;1;2;1
2022;      192600301;3;1926;3;1;2;3;2;1
2022;      192607101;5;1926;71;1;1;6;1;1
2022;      192607101;9;1926;71;1;1;0;2;2
2022;      192608601;4;1926;86;1;5;1;2;1
2022;      192704001;7;1927;40;1;2;0;2;1
2022;      192708801;3;1927;88;1;0;1;1;1
2022;      192708801;4;1927;88;1;0;1;2;2
2022;      192711501;4;1927;115;1;1;0;1;1
2022;      192711501;5;1927;115;1;1;0;2;2
2022;      192802601;5;1928;26;1;0;4;2;1
2022;      193001401;3;1930;14;1;2;6;2;1
2022;      193004601;2;1930;46;1;5;0;2;1
2022;      193007301;5;1930;73;1;2;6;2;1
2022;      193102101;3;1931;21;1;1;6;1;1
2022;      193102101;4;1931;21;1;1;6;1;2
2022;      193102101;5;1931;21;1;1;6;2;3
2022;      193301701;4;1933;17;1;4;4;2;1
2022;      193303301;3;1933;33;1;1;6;2;1
2022;      193303601;4;1933;36;1;0;6;2;1
2022;      193306301;5;1933;63;1;4;8;2;1
2022;      193307301;5;1933;73;1;3;8;1;1
2022;      193307301;6;1933;73;1;1;7;2;2
2022;      193404201;5;1934;42;1;2;0;2;1
2022;      193406001;3;1934;60;1;1;10;2;1
2022;      193407601;6;1934;76;1;0;1;2;1
2022;      193409501;3;1934;95;1;0;1;2;1
2022;      193413001;4;1934;130;1;0;3;2;1
2022;      193702201;3;1937;22;1;1;4;2;1
2022;      193702701;5;1937;27;1;0;5;2;1
2022;      193707301;4;1937;73;1;6;8;1;1
2022;      193707301;7;1937;73;1;0;3;2;2
2022;      193707501;2;1937;75;1;24;0;2;1
2022;      193800201;4;1938;2;1;4;1;2;1
2022;      193800401;4;1938;4;1;2;4;1;1
2022;      193800401;5;1938;4;1;0;7;2;2
2022;      193803201;2;1938;32;1;10;0;2;1
2022;      193803501;7;1938;35;1;0;6;2;1
2022;      193805101;2;1938;51;1;2;4;2;1
2022;      193805401;6;1938;54;1;5;6;2;1
2022;      193805501;2;1938;55;1;7;0;2;1
2022;      193904101;3;1939;41;1;2;6;2;1
2022;      193904401;6;1939;44;1;2;0;2;1
2022;      193906001;4;1939;60;1;5;0;2;1
2022;      193907801;3;1939;78;1;0;6;1;1
2022;      193907801;4;1939;78;1;3;11;2;2
2022;      193908201;4;1939;82;1;3;4;2;1
2022;      194007001;4;1940;70;1;0;10;2;1
2022;      194007101;5;1940;71;1;6;1;2;1
2022;      194007401;2;1940;74;1;0;3;2;1
2022;      194301901;3;1943;19;1;2;8;2;1
2022;      194302001;3;1943;20;1;5;2;1;1
2022;      194302001;4;1943;20;1;3;2;2;2
2022;      194304001;7;1943;40;1;0;2;2;1
2022;      194304101;5;1943;41;1;4;6;1;1
2022;      194304101;6;1943;41;1;3;6;2;2
2022;      194304401;5;1943;44;1;0;1;2;1
2022;      194400101;2;1944;1;1;0;8;2;1
2022;      194400301;3;1944;3;1;5;5;1;1
2022;      194400301;4;1944;3;1;2;5;2;2
2022;      194400401;6;1944;4;1;0;3;2;1
2022;      194402101;5;1944;21;1;5;0;1;1
2022;      194402101;6;1944;21;1;2;0;2;2
2022;      194402201;5;1944;22;1;5;9;1;1
2022;      194402201;6;1944;22;1;2;8;2;2
2022;      194402301;3;1944;23;1;0;8;1;1
2022;      194402301;5;1944;23;1;0;1;2;2
2022;      194402601;7;1944;26;1;0;8;1;1
2022;      194402601;9;1944;26;1;0;8;2;2
2022;      194402801;3;1944;28;1;3;0;1;1
2022;      194402801;4;1944;28;1;3;0;2;2
2022;      194402901;7;1944;29;1;2;6;2;1
2022;      194403001;3;1944;30;1;5;9;2;1
2022;      194502001;4;1945;20;1;4;1;2;1
2022;      194502501;4;1945;25;1;4;10;1;1
2022;      194502501;5;1945;25;1;1;11;2;2
2022;      194507801;4;1945;78;1;4;98;2;1
2022;      194508001;2;1945;80;1;1;1;1;1
2022;      194508001;3;1945;80;1;1;11;1;2
2022;      194508001;5;1945;80;1;5;5;2;3
2022;      194700701;2;1947;7;1;1;5;1;1
2022;      194700701;7;1947;7;1;1;6;1;2
2022;      194700701;8;1947;7;1;0;6;2;3
2022;      194700901;5;1947;9;1;1;3;1;1
2022;      194700901;6;1947;9;1;0;3;2;2
2022;      194701601;5;1947;16;1;0;3;2;1
2022;      194701801;3;1947;18;1;2;5;1;1
2022;      194701801;4;1947;18;1;2;5;1;2
2022;      194701801;5;1947;18;1;1;5;2;3
2022;      195001601;4;1950;16;1;0;2;1;1
2022;      195001601;6;1950;16;1;3;1;1;2
2022;      195001601;7;1950;16;1;1;3;2;3
2022;      195002001;2;1950;20;1;0;6;1;1
2022;      195002001;3;1950;20;1;0;6;2;2
2022;      195002601;4;1950;26;1;1;0;2;1
2022;      195002701;4;1950;27;1;3;2;2;1
2022;      195003001;2;1950;30;1;7;0;2;1
2022;      195005601;5;1950;56;1;1;6;2;1
2022;      195006101;2;1950;61;1;8;0;2;1
2022;      195006601;4;1950;66;1;0;5;2;1
2022;      195104401;4;1951;44;1;3;2;2;1
2022;      195104501;3;1951;45;1;1;3;2;1
2022;      195104701;4;1951;47;1;2;0;2;1
2022;      195104901;3;1951;49;1;3;4;2;1
2022;      195105001;3;1951;50;1;0;1;2;1
2022;      195300601;6;1953;6;1;2;2;2;1
2022;      195300701;2;1953;7;1;2;8;2;1
2022;      195300801;4;1953;8;1;1;4;2;1
2022;      195301001;2;1953;10;1;0;2;1;1
2022;      195301001;6;1953;10;1;4;4;2;2
2022;      195309201;6;1953;92;1;3;3;2;1
2022;      195309301;1;1953;93;1;10;0;2;1
2022;      195310601;4;1953;106;1;4;3;2;1
2022;      195310701;2;1953;107;1;1;10;2;1
2022;      195311001;4;1953;110;1;1;4;2;1
2022;      195400501;4;1954;5;1;0;3;2;1
2022;      195400701;5;1954;7;1;2;1;2;1
2022;      195403201;3;1954;32;1;2;5;1;1
2022;      195403201;4;1954;32;1;1;5;2;2
2022;      195403401;5;1954;34;1;1;0;2;1
2022;      195410501;3;1954;105;1;5;6;2;1
2022;      195410701;3;1954;107;1;2;10;2;1
2022;      195500101;2;1955;1;1;0;5;2;1
2022;      195500201;3;1955;2;1;1;5;2;1
2022;      195500401;3;1955;4;1;4;2;2;1
2022;      195500701;5;1955;7;1;0;1;2;1
2022;      195505901;2;1955;59;1;1;4;1;1
2022;      195505901;4;1955;59;1;0;6;2;2
2022;      195506001;2;1955;60;1;1;5;1;1
2022;      195506001;4;1955;60;1;0;5;2;2
2022;      195507601;3;1955;76;1;2;0;2;1
2022;      195508001;4;1955;80;1;0;5;2;1
2022;      195702501;3;1957;25;1;0;3;2;1
2022;      195704301;3;1957;43;1;3;10;2;1
2022;      195704501;3;1957;45;1;2;2;2;1
2022;      195704801;2;1957;48;1;3;5;2;1
2022;      195704901;3;1957;49;1;2;5;2;1
2022;      195711501;2;1957;115;1;0;6;2;1
2022;      195712101;4;1957;121;1;3;2;2;1
2022;      195713301;6;1957;133;1;3;0;1;1
2022;      195713301;7;1957;133;1;1;5;2;2
2022;      195801801;4;1958;18;1;4;5;2;1
2022;      195801901;3;1958;19;1;5;0;2;1
2022;      195802001;4;1958;20;1;1;3;2;1
2022;      195804801;3;1958;48;1;0;9;1;1
2022;      195804801;4;1958;48;1;0;2;2;2
2022;      195805001;2;1958;50;1;0;9;1;1
2022;      195805001;4;1958;50;1;0;4;2;2
2022;      195805901;4;1958;59;1;1;2;2;1
2022;      195806001;3;1958;60;1;3;3;2;1
2022;      195900101;3;1959;1;1;3;4;1;1
2022;      195900101;4;1959;1;1;1;4;2;2
2022;      195900401;2;1959;4;1;2;0;2;1
2022;      195900501;7;1959;5;1;0;4;2;1
2022;      195912001;2;1959;120;1;4;4;2;1
2022;      195912301;5;1959;123;1;2;3;1;1
2022;      195912301;6;1959;123;1;1;3;2;2
2022;      195912401;2;1959;124;1;6;0;2;1
2022;      195912701;4;1959;127;1;3;1;2;1
2022;      196104601;4;1961;46;1;3;0;2;1
2022;      196104701;3;1961;47;1;2;6;2;1
2022;      196105201;5;1961;52;1;3;6;2;1
2022;      196113201;5;1961;132;1;4;10;2;1
2022;      196115001;2;1961;150;1;2;6;2;1
2022;      196115201;3;1961;152;1;3;2;2;1
2022;      196115401;3;1961;154;1;2;3;1;1
2022;      196115401;4;1961;154;1;0;8;2;2
2022;      196200601;6;1962;6;1;4;2;2;1
2022;      196200801;6;1962;8;1;1;8;2;1
2022;      196202201;4;1962;22;1;0;6;2;1
2022;      196202301;5;1962;23;1;3;8;2;1
2022;      196202601;3;1962;26;1;4;8;2;1
2022;      196300901;4;1963;9;1;0;11;1;1
2022;      196300901;5;1963;9;1;0;11;2;2
2022;      196301301;3;1963;13;1;2;3;1;1
2022;      196301301;4;1963;13;1;0;4;2;2
2022;      196304601;3;1963;46;1;3;9;2;1
2022;      196304901;2;1963;49;1;4;10;2;1
2022;      196305001;4;1963;50;1;0;5;2;1
2022;      196306501;5;1963;65;1;3;5;2;1
2022;      196307301;4;1963;73;1;6;10;2;1
2022;      196401301;3;1964;13;1;11;6;2;1
2022;      196401401;3;1964;14;1;0;7;2;1
2022;      196401501;3;1964;15;1;2;7;2;1
2022;      196404901;3;1964;49;1;3;8;2;1
2022;      196405101;4;1964;51;1;0;4;2;1
2022;      196405201;5;1964;52;1;0;4;2;1
2022;      196409001;5;1964;90;1;4;6;2;1
2022;      196409401;6;1964;94;1;8;6;1;1
2022;      196409401;7;1964;94;1;4;6;1;2
2022;      196409401;8;1964;94;1;2;6;2;3
2022;      196501501;2;1965;15;1;5;2;2;1
2022;      196501801;5;1965;18;1;0;6;2;1
2022;      196514701;3;1965;147;1;0;2;2;1
2022;      196514801;3;1965;148;1;3;6;2;1
2022;      196807901;4;1968;79;1;2;5;2;1
2022;      196808001;7;1968;80;1;2;0;2;1
2022;      196809301;2;1968;93;1;20;3;2;1
2022;      196809401;7;1968;94;1;0;2;2;1
2022;      196809501;3;1968;95;1;5;4;2;1
2022;      196810701;2;1968;107;1;0;8;2;1
2022;      196810801;4;1968;108;1;7;1;2;1
2022;      196811701;6;1968;117;1;0;5;2;1
2022;      197010501;6;1970;105;1;0;6;2;1
2022;      197204001;7;1972;40;1;1;7;1;1
2022;      197204001;8;1972;40;1;0;5;2;2
2022;      197207401;4;1972;74;1;8;9;2;1
2022;      197505101;5;1975;51;1;2;11;2;1
2022;      197519401;2;1975;194;1;1;11;1;1
2022;      197519401;3;1975;194;1;1;11;2;2
2022;      197603301;3;1976;33;1;1;4;2;1
2022;      197612001;3;1976;120;1;0;2;2;1
2022;      197612901;3;1976;129;1;4;10;1;1
2022;      197612901;4;1976;129;1;1;0;2;2
2022;      197708401;3;1977;84;1;0;3;2;1
2022;      197803701;3;1978;37;1;1;11;1;1
2022;      197803701;4;1978;37;1;1;11;2;2
2022;      197803903;3;1978;39;3;2;0;1;1
2022;      197803903;4;1978;39;3;1;6;2;2
2022;      198202101;5;1982;21;1;0;1;2;1
2022;      198204301;3;1982;43;1;5;6;1;1
2022;      198204301;4;1982;43;1;5;6;2;2
2022;      198206201;8;1982;62;1;0;6;1;1
2022;      198206201;9;1982;62;1;0;6;2;2
2022;      198302501;1;1983;25;1;0;2;2;1
2022;      198308303;2;1983;83;3;1;6;2;1
2022;      198318801;3;1983;188;1;0;6;1;1
2022;      198318801;4;1983;188;1;0;4;2;2
2022;      198602201;3;1986;22;1;1;1;2;1
2022;      199016601;2;1990;166;1;3;10;1;1
2022;      199016601;3;1990;166;1;3;10;2;2
2022;      199111401;4;1991;114;1;0;3;2;1
2022;      199200101;5;1992;1;1;2;0;1;1
2022;      199200101;6;1992;1;1;2;0;2;2
2022;      199200301;6;1992;3;1;0;2;2;1
2022;      200002101;1;2000;21;1;8;6;2;1
2022;      200602401;3;2006;24;1;0;8;2;1
2022;      200605101;4;2006;51;1;2;7;1;1
2022;      200605101;5;2006;51;1;0;7;2;2
2022;      200607701;3;2006;77;1;0;1;2;1
2022;      200609901;3;2006;99;1;8;7;1;1
2022;      200609901;4;2006;99;1;2;7;2;2
2022;      200614301;6;2006;143;1;1;0;2;1
2022;      200614401;3;2006;144;1;1;7;2;1
2022;      200616201;3;2006;162;1;7;7;1;1
2022;      200616201;4;2006;162;1;1;7;2;2
2022;      201105201;8;2011;52;1;9;7;1;1
2022;      201105201;9;2011;52;1;6;6;1;2
2022;      201105201;10;2011;52;1;3;11;2;3
2022;      201106102;3;2011;61;2;7;11;1;1
2022;      201106102;4;2011;61;2;1;11;2;2
2022;      201107901;4;2011;79;1;3;10;1;1
2022;      201107901;5;2011;79;1;0;10;2;2
2022;      201110801;5;2011;108;1;0;2;2;1
2022;      201202001;2;2012;20;1;8;9;1;1
2022;      201202001;4;2012;20;1;1;9;2;2
2022;      201206701;3;2012;67;1;0;11;2;1
2022;      201207901;5;2012;79;1;1;10;1;1
2022;      201207901;8;2012;79;1;1;10;1;2
2022;      201207901;9;2012;79;1;1;10;2;3
2022;      201213101;3;2012;131;1;2;9;2;1
2022;      201414301;3;2014;143;1;0;11;1;1
2022;      201414301;8;2014;143;1;0;11;2;2
2022;      201503301;4;2015;33;1;2;10;1;1
2022;      201503301;5;2015;33;1;0;8;2;2
2022;      201504201;2;2015;42;1;0;8;1;1
2022;      201504201;3;2015;42;1;0;7;1;2
2022;      201504201;4;2015;42;1;0;7;2;3
2022;      201506901;3;2015;69;1;10;4;1;1
2022;      201506901;4;2015;69;1;1;4;1;2
2022;      201506901;5;2015;69;1;0;4;1;3
2022;      201506901;6;2015;69;1;98;98;2;4
2022;      201508202;2;2015;82;2;3;2;2;1
2022;      201508204;3;2015;82;4;0;5;2;1
2022;      201615601;3;2016;156;1;1;4;2;1
2022;      201701601;5;2017;16;1;0;6;2;1
2022;      201704401;5;2017;44;1;0;2;2;1
2022;      201801401;2;2018;14;1;0;2;2;1
2022;      201803201;4;2018;32;1;3;7;1;1
2022;      201803201;6;2018;32;1;0;3;1;2
2022;      201803201;7;2018;32;1;0;3;1;3
2022;      201803201;8;2018;32;1;3;7;2;4
2022;      201805801;3;2018;58;1;2;7;1;1
2022;      201805801;4;2018;58;1;0;7;1;2
2022;      201805801;5;2018;58;1;0;7;2;3
2022;      202109701;5;2021;97;1;2;9;1;1
2022;      202109701;6;2021;97;1;0;4;2;2
2022;      202305101;5;2023;51;1;1;10;1;1
2022;      202305101;6;2023;51;1;1;10;1;2
2022;      202305101;7;2023;51;1;0;10;2;3
2022;      202403301;2;2024;33;1;1;7;1;1
2022;      202403301;3;2024;33;1;0;2;2;2
2022;      202405501;6;2024;55;1;6;10;1;1
2022;      202405501;7;2024;55;1;0;10;2;2
2022;      202407501;3;2024;75;1;4;7;1;1
2022;      202407501;4;2024;75;1;3;7;2;2
2022;      202407601;4;2024;76;1;1;10;2;1
2022;      202500601;4;2025;6;1;1;5;2;1
2022;      202501201;2;2025;12;1;1;6;1;1
2022;      202501201;8;2025;12;1;0;6;2;2
2022;      202505001;4;2025;50;1;1;6;2;1
2022;      202508401;2;2025;84;1;0;7;2;1
2022;      202610701;4;2026;107;1;10;11;1;1
2022;      202610701;5;2026;107;1;1;11;2;2
2022;      202800301;3;2028;3;1;0;1;1;1
2022;      202800301;4;2028;3;1;0;1;2;2
2022;      202801301;9;2028;13;1;0;3;2;1
2022;      202901301;2;2029;13;1;0;9;1;1
2022;      202901301;3;2029;13;1;0;8;1;2
2022;      202901301;4;2029;13;1;0;8;2;3
2022;      202901801;3;2029;18;1;3;6;2;1
2022;      202902001;2;2029;20;1;2;7;2;1
2022;      202902801;4;2029;28;1;1;6;2;1
2022;      202903701;1;2029;37;1;0;6;2;1
2022;      203213301;7;2032;133;1;2;8;1;1
2022;      203213301;8;2032;133;1;1;8;2;2
2022;      203600601;4;2036;6;1;0;11;2;1
2022;      203602001;5;2036;20;1;2;5;2;1
2022;      203604501;4;2036;45;1;1;0;2;1
2022;      203801001;4;2038;10;1;2;6;2;1
2022;      204005601;3;2040;56;1;1;10;2;1
2022;      204309601;3;2043;96;1;2;0;1;1
2022;      204309601;4;2043;96;1;1;2;2;2
2022;      204403401;2;2044;34;1;3;10;2;1
2022;      204405801;4;2044;58;1;0;3;2;1
2022;      204901001;5;2049;10;1;3;0;2;1
2022;      204903101;3;2049;31;1;1;5;2;1
2022;      204903601;3;2049;36;1;1;2;1;1
2022;      204903601;4;2049;36;1;1;2;2;2
2022;      204903801;1;2049;38;1;1;1;2;1
2022;      204908901;4;2049;89;1;5;0;2;1
2022;      205205201;5;2052;52;1;2;0;2;1
2022;      205304601;5;2053;46;1;0;1;2;1
2022;      205305501;3;2053;55;1;0;5;2;1
2022;      205306201;4;2053;62;1;5;11;2;1
2022;      205503801;3;2055;38;1;0;6;2;1
2022;      205505401;4;2055;54;1;4;9;1;1
2022;      205505401;6;2055;54;1;1;0;2;2
2022;      205509301;5;2055;93;1;2;6;2;1
2022;      205601201;3;2056;12;1;3;9;2;1
2022;      205604901;4;2056;49;1;2;9;2;1
2022;      205605701;3;2056;57;1;2;9;2;1
2022;      205607601;2;2056;76;1;4;9;1;1
2022;      205607601;3;2056;76;1;1;4;2;2
2022;      205701401;2;2057;14;1;1;0;2;1
2022;      205704901;4;2057;49;1;1;0;2;1
2022;      205803901;6;2058;39;1;2;5;2;1
2022;      205805801;3;2058;58;1;1;3;2;1
2022;      205808601;3;2058;86;1;3;2;1;1
2022;      205808601;4;2058;86;1;1;0;2;2
2022;      206000101;3;2060;1;1;1;1;2;1
2022;      206013301;6;2060;133;1;0;1;2;1
2022;      206500301;8;2065;3;1;3;0;2;1
2022;      206501201;3;2065;12;1;4;8;2;1
2022;      206501301;6;2065;13;1;5;7;1;1
2022;      206501301;7;2065;13;1;0;1;2;2
2022;      206501601;5;2065;16;1;1;0;2;1
2022;      206502001;1;2065;20;1;0;11;2;1
2022;      206502301;3;2065;23;1;1;5;2;1
2022;      206707601;4;2067;76;1;0;7;2;1
2022;      206710201;3;2067;102;1;0;3;2;1
2022;      206710301;4;2067;103;1;4;6;2;1
2022;      206712201;5;2067;122;1;0;2;2;1
2022;      206800901;5;2068;9;1;1;0;1;1
2022;      206800901;6;2068;9;1;1;0;2;2
2022;      206801401;3;2068;14;1;1;0;2;1
2022;      206801601;4;2068;16;1;0;4;2;1
2022;      206803101;2;2068;31;1;0;11;1;1
2022;      206803101;5;2068;31;1;1;0;2;2
2022;      206804001;3;2068;40;1;3;0;2;1
2022;      206805301;5;2068;53;1;0;5;1;1
2022;      206805301;7;2068;53;1;2;0;2;2
2022;      206805801;3;2068;58;1;2;5;2;1
2022;      206805901;5;2068;59;1;0;1;2;1
2022;      206900101;2;2069;1;1;1;9;2;1
2022;      206900301;2;2069;3;1;0;1;2;1
2022;      206900401;3;2069;4;1;1;9;1;1
2022;      206900401;4;2069;4;1;0;6;2;2
2022;      206900501;2;2069;5;1;0;1;2;1
2022;      206903201;3;2069;32;1;1;0;2;1
2022;      206905501;3;2069;55;1;0;6;2;1
2022;      207005001;2;2070;50;1;1;0;2;1
2022;      207007601;4;2070;76;1;2;8;2;1
2022;      207008601;4;2070;86;1;0;2;2;1
2022;      207008901;3;2070;89;1;0;2;1;1
2022;      207008901;4;2070;89;1;0;2;2;2
2022;      207203001;3;2072;30;1;4;0;2;1
2022;      207203301;3;2072;33;1;3;6;2;1
2022;      207203701;4;2072;37;1;4;8;2;1
2022;      207203801;5;2072;38;1;4;0;2;1
2022;      207204001;3;2072;40;1;1;8;2;1
2022;      207204201;4;2072;42;1;1;6;2;1
2022;      207207801;4;2072;78;1;2;6;2;1
2022;      207208301;6;2072;83;1;1;8;2;1
2022;      207209201;5;2072;92;1;0;8;2;1
2022;      207301801;5;2073;18;1;4;6;2;1
2022;      207302001;2;2073;20;1;0;1;2;1
2022;      207302201;6;2073;22;1;4;11;2;1
2022;      207305401;6;2073;54;1;2;9;2;1
2022;      207401701;4;2074;17;1;5;0;1;1
2022;      207401701;5;2074;17;1;3;0;2;2
2022;      207402501;3;2074;25;1;4;10;1;1
2022;      207402501;4;2074;25;1;2;10;2;2
2022;      207405801;3;2074;58;1;2;10;2;1
2022;      207602501;1;2076;25;1;2;0;2;1
2022;      207606201;4;2076;62;1;4;0;1;1
2022;      207606201;5;2076;62;1;2;0;2;2
2022;      208001001;3;2080;10;1;1;5;2;1
2022;      208001501;5;2080;15;1;0;5;1;1
2022;      208001501;6;2080;15;1;0;5;2;2
2022;      208202201;4;2082;22;1;2;0;2;1
2022;      208205001;3;2082;50;1;0;3;2;1
2022;      208500401;3;2085;4;1;0;10;2;1
2022;      208500501;5;2085;5;1;3;11;1;1
2022;      208500501;6;2085;5;1;0;5;2;2
2022;      208510501;3;2085;105;1;2;6;1;1
2022;      208510501;4;2085;105;1;1;6;1;2
2022;      208510501;5;2085;105;1;1;6;2;3
2022;      208510701;6;2085;107;1;1;10;2;1
2022;      208511301;6;2085;113;1;5;11;2;1
2022;      208512001;4;2085;120;1;0;11;2;1
2022;      208512101;2;2085;121;1;1;10;2;1
2022;      208512201;3;2085;122;1;0;2;2;1
2022;      208702501;7;2087;25;1;1;7;2;1
2022;      208702601;2;2087;26;1;2;8;2;1
2022;      208703001;4;2087;30;1;1;6;2;1
2022;      208710501;3;2087;105;1;0;4;2;1
2022;      208713101;3;2087;131;1;2;6;1;1
2022;      208713101;4;2087;131;1;1;6;2;2
2022;      208713201;8;2087;132;1;1;8;2;1
2022;      208800201;4;2088;2;1;0;11;2;1
2022;      208800801;2;2088;8;1;0;6;2;1
2022;      208913001;3;2089;130;1;9;10;1;1
2022;      208913001;4;2089;130;1;3;10;2;2
2022;      209001001;6;2090;10;1;5;9;1;1
2022;      209001001;7;2090;10;1;0;3;2;2
2022;      209105101;3;2091;51;1;0;9;2;1
2022;      209106001;2;2091;60;1;0;9;2;1
2022;      209301001;2;2093;10;1;1;7;2;1
2022;      209309201;3;2093;92;1;4;9;2;1
2022;      209310201;5;2093;102;1;4;6;1;1
2022;      209310201;6;2093;102;1;2;6;2;2
2022;      209501401;3;2095;14;1;0;10;2;1
2022;      209800601;2;2098;6;1;0;7;2;1
2022;      209801801;2;2098;18;1;0;8;1;1
2022;      209801801;4;2098;18;1;0;7;2;2
2022;      209809701;3;2098;97;1;3;9;1;1
2022;      209809701;4;2098;97;1;0;1;2;2
2022;      209811002;4;2098;110;2;3;10;1;1
2022;      209811002;5;2098;110;2;1;11;2;2
2022;      210004001;3;2100;40;1;0;6;2;1
2022;      210008601;4;2100;86;1;1;6;2;1
2022;      210009201;4;2100;92;1;4;9;1;1
2022;      210009201;5;2100;92;1;1;2;2;2
2022;      210200501;2;2102;5;1;0;4;2;1
2022;      210204501;2;2102;45;1;0;3;2;1
2022;      210205701;4;2102;57;1;7;0;1;1
2022;      210205701;5;2102;57;1;3;6;2;2
2022;      210208501;4;2102;85;1;0;2;2;1
2022;      210401901;6;2104;19;1;3;0;2;1
2022;      210402401;3;2104;24;1;1;5;1;1
2022;      210402401;4;2104;24;1;1;3;2;2
2022;      210402601;1;2104;26;1;2;11;1;1
2022;      210402601;5;2104;26;1;4;11;2;2
2022;      210402701;7;2104;27;1;0;4;1;1
2022;      210402701;8;2104;27;1;0;4;2;2
2022;      210406201;9;2104;62;1;0;6;1;1
2022;      210406201;12;2104;62;1;0;6;2;2
2022;      210407701;5;2104;77;1;2;11;2;1
2022;      210407801;2;2104;78;1;2;11;2;1
2022;      210408001;2;2104;80;1;0;11;2;1
2022;      210408101;6;2104;81;1;4;11;1;1
2022;      210408101;7;2104;81;1;1;11;2;2
2022;      210501201;5;2105;12;1;0;11;2;1
2022;      210501301;3;2105;13;1;3;11;2;1
2022;      210506301;3;2105;63;1;2;0;2;1
2022;      210507801;3;2105;78;1;0;11;1;1
2022;      210507801;4;2105;78;1;0;11;2;2
2022;      210508101;4;2105;81;1;5;11;1;1
2022;      210508101;5;2105;81;1;2;11;2;2
2022;      210603701;5;2106;37;1;2;8;1;1
2022;      210603701;6;2106;37;1;1;2;2;2
2022;      210603801;6;2106;38;1;2;5;2;1
2022;      210603901;3;2106;39;1;2;7;2;1
2022;      210613401;3;2106;134;1;0;11;2;1
2022;      210613501;5;2106;135;1;5;3;1;1
2022;      210613501;6;2106;135;1;0;6;2;2
2022;      210613701;3;2106;137;1;0;8;2;1
2022;      210615401;5;2106;154;1;0;1;2;1
2022;      210700301;4;2107;3;1;3;2;2;1
2022;      210707701;8;2107;77;1;4;2;2;1
2022;      210708001;5;2107;80;1;0;1;2;1
2022;      210710801;4;2107;108;1;0;2;2;1
2022;      210711001;3;2107;110;1;3;8;2;1
2022;      210711201;6;2107;112;1;4;0;2;1
2022;      210902601;4;2109;26;1;2;0;2;1
2022;      210902701;5;2109;27;1;3;7;2;1
2022;      210902801;7;2109;28;1;0;5;1;1
2022;      210902801;8;2109;28;1;2;0;1;2
2022;      210902801;9;2109;28;1;1;0;2;3
2022;      210913101;7;2109;131;1;3;3;2;1
2022;      210913201;5;2109;132;1;1;8;2;1
2022;      210913301;4;2109;133;1;1;6;2;1
2022;      210915501;3;2109;155;1;1;0;2;1
2022;      210915701;6;2109;157;1;1;0;1;1
2022;      210915701;8;2109;157;1;0;9;2;2
2022;      210915801;4;2109;158;1;0;8;1;1
2022;      210915801;5;2109;158;1;0;8;2;2
2022;      210916101;5;2109;161;1;2;0;2;1
2022;      211002101;4;2110;21;1;4;8;2;1
2022;      211002201;5;2110;22;1;0;8;2;1
2022;      211002501;2;2110;25;1;3;10;2;1
2022;      211008401;4;2110;84;1;1;8;2;1
2022;      211008701;4;2110;87;1;5;8;1;1
2022;      211008701;6;2110;87;1;0;8;2;2
2022;      211009801;4;2110;98;1;4;6;2;1
2022;      211010201;1;2110;102;1;0;3;2;1
2022;      211103901;7;2111;39;1;0;6;2;1
2022;      211106001;4;2111;60;1;0;7;2;1
2022;      211106201;5;2111;62;1;0;8;2;1
2022;      211106401;4;2111;64;1;4;11;2;1
2022;      211402601;7;2114;26;1;5;11;2;1
2022;      211406301;4;2114;63;1;3;0;2;1
2022;      211406801;3;2114;68;1;0;4;2;1
2022;      211500601;5;2115;6;1;4;5;2;1
2022;      211500801;3;2115;8;1;2;10;2;1
2022;      211500901;6;2115;9;1;5;5;1;1
2022;      211500901;7;2115;9;1;3;2;2;2
2022;      211501101;3;2115;11;1;3;1;2;1
2022;      211502101;2;2115;21;1;5;0;1;1
2022;      211502101;3;2115;21;1;1;6;2;2
2022;      211502201;3;2115;22;1;4;1;1;1
2022;      211502201;4;2115;22;1;1;10;2;2
2022;      211506301;3;2115;63;1;1;5;2;1
2022;      211506401;3;2115;64;1;5;0;2;1
2022;      211506501;4;2115;65;1;5;6;2;1
2022;      211601601;1;2116;16;1;2;7;2;1
2022;      211601701;3;2116;17;1;2;1;2;1
2022;      211602701;1;2116;27;1;1;0;2;1
2022;      211603301;4;2116;33;1;1;0;2;1
2022;      211700301;3;2117;3;1;1;0;1;1
2022;      211700301;4;2117;3;1;6;0;2;2
2022;      211700501;2;2117;5;1;0;1;1;1
2022;      211700501;4;2117;5;1;0;1;2;2
2022;      211800901;4;2118;9;1;1;6;2;1
2022;      211801001;3;2118;10;1;0;1;2;1
2022;      211806801;4;2118;68;1;0;6;2;1
2022;      211806901;3;2118;69;1;3;6;2;1
2022;      211807101;5;2118;71;1;6;2;1;1
2022;      211807101;6;2118;71;1;0;8;2;2
2022;      211807301;3;2118;73;1;1;0;2;1
2022;      211811001;3;2118;110;1;0;1;1;1
2022;      211811001;4;2118;110;1;1;0;2;2
2022;      211901601;4;2119;16;1;3;0;2;1
2022;      211901701;3;2119;17;1;1;6;1;1
2022;      211901701;4;2119;17;1;1;0;2;2
2022;      211904801;3;2119;48;1;1;1;1;1
2022;      211904801;4;2119;48;1;0;9;2;2
2022;      211904901;3;2119;49;1;0;8;2;1
2022;      211907401;1;2119;74;1;4;6;2;1
2022;      211907501;7;2119;75;1;4;1;2;1
2022;      211907701;1;2119;77;1;98;98;2;1
2022;      212000901;2;2120;9;1;0;2;2;1
2022;      212002201;5;2120;22;1;5;0;1;1
2022;      212002201;6;2120;22;1;0;5;2;2
2022;      212002401;2;2120;24;1;0;1;2;1
2022;      212010301;4;2120;103;1;0;11;2;1
2022;      212011101;6;2120;111;1;6;5;1;1
2022;      212011101;7;2120;111;1;3;11;2;2
2022;      212011501;4;2120;115;1;3;11;2;1
2022;      212011801;3;2120;118;1;1;6;2;1
2022;      212103601;2;2121;36;1;0;1;1;1
2022;      212103601;4;2121;36;1;0;1;2;2
2022;      212104701;2;2121;47;1;0;2;2;1
2022;      212104801;5;2121;48;1;0;2;1;1
2022;      212104801;6;2121;48;1;1;2;2;2
2022;      212108001;2;2121;80;1;0;1;2;1
2022;      212108101;2;2121;81;1;1;2;1;1
2022;      212108101;3;2121;81;1;0;6;2;2
2022;      212300801;3;2123;8;1;4;3;2;1
2022;      212301101;3;2123;11;1;3;6;2;1
2022;      212302901;6;2123;29;1;0;7;2;1
2022;      212303101;3;2123;31;1;5;11;1;1
2022;      212303101;4;2123;31;1;4;7;2;2
2022;      212309201;7;2123;92;1;6;5;1;1
2022;      212309201;8;2123;92;1;3;8;2;2
2022;      212310501;2;2123;105;1;0;7;1;1
2022;      212310501;3;2123;105;1;1;0;2;2
2022;      212500901;5;2125;9;1;0;7;2;1
2022;      212501001;4;2125;10;1;0;6;2;1
2022;      212501901;3;2125;19;1;0;7;2;1
2022;      212503901;3;2125;39;1;3;0;1;1
2022;      212503901;4;2125;39;1;0;1;2;2
2022;      212504501;3;2125;45;1;0;7;2;1
2022;      212505501;1;2125;55;1;2;7;2;1
2022;      212505601;4;2125;56;1;2;0;2;1
2022;      213101401;7;2131;14;1;4;3;2;1
2022;      213101801;4;2131;18;1;3;6;2;1
2022;      213103801;6;2131;38;1;2;6;2;1
2022;      213104101;3;2131;41;1;0;6;1;1
2022;      213104101;4;2131;41;1;0;6;2;2
2022;      213104201;6;2131;42;1;3;2;2;1
2022;      213202201;4;2132;22;1;2;6;1;1
2022;      213202201;5;2132;22;1;1;6;2;2
2022;      213202601;4;2132;26;1;2;1;2;1
2022;      213202901;3;2132;29;1;1;11;2;1
2022;      213203101;4;2132;31;1;6;4;1;1
2022;      213203101;5;2132;31;1;4;4;2;2
2022;      213205201;5;2132;52;1;4;10;2;1
2022;      213301001;3;2133;10;1;2;9;1;1
2022;      213301001;4;2133;10;1;0;5;2;2
2022;      213304501;4;2133;45;1;1;9;1;1
2022;      213304501;5;2133;45;1;1;3;2;2
2022;      213304601;5;2133;46;1;0;11;2;1
2022;      213404801;2;2134;48;1;0;7;2;1
2022;      213405301;5;2134;53;1;1;6;2;1
2022;      213405401;1;2134;54;1;0;1;2;1
2022;      213406201;3;2134;62;1;4;3;2;1
2022;      213407501;4;2134;75;1;5;9;1;1
2022;      213407501;5;2134;75;1;3;1;2;2
2022;      213602601;3;2136;26;1;2;2;2;1
2022;      213603101;5;2136;31;1;5;7;2;1
2022;      213603801;4;2136;38;1;1;6;1;1
2022;      213603801;5;2136;38;1;0;6;2;2
2022;      213702001;3;2137;20;1;1;8;2;1
2022;      213702101;4;2137;21;1;1;8;2;1
2022;      213702201;3;2137;22;1;1;8;2;1
2022;      213702301;4;2137;23;1;2;10;1;1
2022;      213702301;5;2137;23;1;0;2;2;2
2022;      213704501;3;2137;45;1;2;2;2;1
2022;      213704601;3;2137;46;1;0;9;1;1
2022;      213704601;4;2137;46;1;0;6;2;2
2022;      213704701;3;2137;47;1;4;9;2;1
2022;      213711001;4;2137;110;1;1;2;2;1
2022;      213711201;3;2137;112;1;2;8;2;1
2022;      213711301;7;2137;113;1;4;3;2;1
2022;      213800501;3;2138;5;1;1;7;2;1
2022;      213800901;4;2138;9;1;1;3;2;1
2022;      213802301;6;2138;23;1;1;3;2;1
2022;      213812701;5;2138;127;1;1;8;2;1
2022;      213812801;3;2138;128;1;1;11;2;1
2022;      213900701;4;2139;7;1;0;10;2;1
2022;      213904101;5;2139;41;1;0;3;2;1
2022;      213904301;2;2139;43;1;1;11;2;1
2022;      213904801;3;2139;48;1;1;11;2;1
2022;      213906201;4;2139;62;1;1;11;2;1
2022;      213907601;2;2139;76;1;2;11;2;1
2022;      213908301;3;2139;83;1;5;0;2;1
2022;      214001501;3;2140;15;1;2;6;2;1
2022;      214004701;3;2140;47;1;2;0;2;1
2022;      214009001;5;2140;90;1;0;4;2;1
2022;      214209001;3;2142;90;1;0;5;1;1
2022;      214209001;4;2142;90;1;0;5;2;2
2022;      214210801;2;2142;108;1;0;10;2;1
2022;      214212501;4;2142;125;1;0;6;2;1
2022;      214213401;5;2142;134;1;2;4;2;1
2022;      214600401;5;2146;4;1;2;0;2;1
2022;      214603001;3;2146;30;1;1;6;2;1
2022;      214605901;5;2146;59;1;2;0;2;1
2022;      214607501;4;2146;75;1;0;9;2;1
2022;      214705401;4;2147;54;1;3;10;2;1
2022;      214800601;7;2148;6;1;3;10;2;1
2022;      214807301;4;2148;73;1;3;5;2;1
2022;      214808601;5;2148;86;1;4;3;2;1
2022;      214808701;3;2148;87;1;3;2;2;1
2022;      214900601;3;2149;6;1;1;0;2;1
2022;      214907301;3;2149;73;1;0;5;2;1
2022;      214912101;3;2149;121;1;5;4;1;1
2022;      214912101;4;2149;121;1;0;6;2;2
2022;      215211301;3;2152;113;1;2;0;1;1
2022;      215211301;4;2152;113;1;1;0;2;2
2022;      215305301;4;2153;53;1;1;0;2;1
2022;      215604901;2;2156;49;1;0;6;2;1
2022;      215606401;4;2156;64;1;4;0;2;1
2022;      215607201;4;2156;72;1;1;0;2;1
2022;      216001401;4;2160;14;1;0;6;1;1
2022;      216001401;6;2160;14;1;3;6;2;2
2022;      216006301;3;2160;63;1;3;2;2;1
2022;      216006801;7;2160;68;1;0;2;2;1
2022;      216008301;4;2160;83;1;2;0;2;1
2022;      216011501;3;2160;115;1;1;7;1;1
2022;      216011501;4;2160;115;1;0;1;2;2
2022;      216202901;2;2162;29;1;1;0;2;1
2022;      216206901;3;2162;69;1;3;0;2;1
2022;      216208101;3;2162;81;1;2;7;2;1
2022;      216302001;4;2163;20;1;5;1;1;1
2022;      216302001;5;2163;20;1;0;1;1;2
2022;      216302001;6;2163;20;1;0;1;2;3
2022;      216304601;4;2163;46;1;5;7;1;1
2022;      216304601;5;2163;46;1;2;3;1;2
2022;      216304601;7;2163;46;1;0;7;1;3
2022;      216304601;8;2163;46;1;0;4;2;4
2022;      216305901;8;2163;59;1;0;3;2;1
2022;      216308301;7;2163;83;1;3;9;1;1
2022;      216308301;8;2163;83;1;2;4;1;2
2022;      216308301;9;2163;83;1;0;2;2;3
2022;      216605101;5;2166;51;1;1;6;2;1
2022;      216605701;4;2166;57;1;2;7;2;1
2022;      216605801;4;2166;58;1;1;8;2;1
2022;      216807501;4;2168;75;1;1;0;2;1
2022;      216813301;4;2168;133;1;4;0;1;1
2022;      216813301;11;2168;133;1;2;0;2;2
2022;      216813401;6;2168;134;1;2;0;2;1
2022;      216813501;3;2168;135;1;0;5;2;1
2022;      216815001;3;2168;150;1;1;0;2;1
2022;      216815101;3;2168;151;1;0;4;2;1
2022;      217000401;3;2170;4;1;0;3;2;1
2022;      217001001;3;2170;10;1;1;3;2;1
2022;      217001501;5;2170;15;1;0;8;2;1
2022;      217004801;4;2170;48;1;1;10;2;1
2022;      217101101;4;2171;11;1;3;0;2;1
2022;      217101501;3;2171;15;1;0;8;2;1
2022;      217101901;2;2171;19;1;2;7;2;1
2022;      217102101;3;2171;21;1;1;0;2;1
2022;      217104601;3;2171;46;1;1;0;2;1
2022;      217108301;4;2171;83;1;2;11;2;1
2022;      217108401;5;2171;84;1;4;6;2;1
2022;      217201501;4;2172;15;1;0;1;2;1
2022;      217201901;5;2172;19;1;3;0;2;1
2022;      217202001;4;2172;20;1;0;6;2;1
2022;      217210401;6;2172;104;1;0;7;2;1
2022;      217210701;3;2172;107;1;2;0;1;1
2022;      217210701;4;2172;107;1;0;5;2;2
2022;      217210801;7;2172;108;1;0;10;2;1
2022;      217211101;6;2172;111;1;2;6;1;1
2022;      217211101;7;2172;111;1;0;8;2;2
2022;      217303801;2;2173;38;1;2;0;2;1
2022;      217304301;5;2173;43;1;2;0;2;1
2022;      217304601;4;2173;46;1;5;0;2;1
2022;      217401301;4;2174;13;1;3;0;2;1
2022;      217401401;3;2174;14;1;2;0;2;1
2022;      217408801;2;2174;88;1;2;2;1;1
2022;      217408801;4;2174;88;1;2;1;2;2
2022;      217408901;3;2174;89;1;1;6;2;1
2022;      217409201;3;2174;92;1;1;0;2;1
2022;      217418701;4;2174;187;1;0;10;2;1
2022;      217418801;3;2174;188;1;3;6;2;1
2022;      217418901;2;2174;189;1;4;0;2;1
2022;      217419001;5;2174;190;1;4;0;2;1
2022;      217500201;3;2175;2;1;2;0;2;1
2022;      217500601;6;2175;6;1;3;3;2;1
2022;      217501101;3;2175;11;1;4;0;2;1
2022;      217501401;3;2175;14;1;2;3;2;1
2022;      217600901;3;2176;9;1;5;9;1;1
2022;      217600901;4;2176;9;1;0;9;2;2
2022;      217601901;4;2176;19;1;2;0;1;1
2022;      217601901;5;2176;19;1;2;0;2;2
2022;      217602801;4;2176;28;1;4;2;2;1
2022;      217604101;6;2176;41;1;1;8;2;1
2022;      217604401;4;2176;44;1;5;7;1;1
2022;      217604401;5;2176;44;1;1;7;2;2
2022;      217606201;5;2176;62;1;1;0;2;1
2022;      217607101;4;2176;71;1;0;9;2;1
2022;      217608401;5;2176;84;1;2;8;1;1
2022;      217608401;6;2176;84;1;2;8;2;2
2022;      217608801;3;2176;88;1;5;0;2;1
2022;      217707201;4;2177;72;1;0;1;2;1
2022;      217707501;4;2177;75;1;4;6;2;1
2022;      217707701;6;2177;77;1;0;9;2;1
2022;      217708001;3;2177;80;1;1;11;2;1
2022;      217709801;6;2177;98;1;1;11;2;1
2022;      218000401;5;2180;4;1;2;10;2;1
2022;      218000601;3;2180;6;1;4;0;2;1
2022;      218001201;3;2180;12;1;3;9;2;1
2022;      218002301;3;2180;23;1;3;7;1;1
2022;      218002301;4;2180;23;1;2;6;2;2
2022;      218005601;3;2180;56;1;0;2;2;1
2022;      218005701;6;2180;57;1;2;2;2;1
2022;      218006001;1;2180;60;1;3;0;2;1
2022;      218008501;2;2180;85;1;2;10;2;1
2022;      218008601;3;2180;86;1;0;8;2;1
2022;      218202701;5;2182;27;1;3;0;2;1
2022;      218203101;5;2182;31;1;0;2;2;1
2022;      218400201;3;2184;2;1;3;0;2;1
2022;      218401101;3;2184;11;1;3;6;2;1
2022;      218407201;4;2184;72;1;3;3;2;1
2022;      218408101;3;2184;81;1;3;0;2;1
2022;      218409501;3;2184;95;1;2;0;2;1
2022;      218410201;3;2184;102;1;1;6;1;1
2022;      218410201;4;2184;102;1;0;1;2;2
2022;      218410501;3;2184;105;1;3;1;2;1
2022;      218410601;3;2184;106;1;3;0;2;1
2022;      218411101;5;2184;111;1;1;4;1;1
2022;      218411101;6;2184;111;1;0;1;2;2
2022;      218501901;4;2185;19;1;4;0;2;1
2022;      218502001;1;2185;20;1;0;2;2;1
2022;      218502301;4;2185;23;1;1;1;1;1
2022;      218502301;5;2185;23;1;0;2;2;2
2022;      218502401;4;2185;24;1;2;0;2;1
2022;      218505601;3;2185;56;1;2;0;2;1
2022;      218505901;5;2185;59;1;3;8;2;1
2022;      218506001;6;2185;60;1;3;6;2;1
2022;      218506701;3;2185;67;1;0;8;2;1
2022;      218506801;3;2185;68;1;0;2;2;1
2022;      218701301;3;2187;13;1;0;2;1;1
2022;      218701301;4;2187;13;1;0;2;2;2
2022;      218705401;4;2187;54;1;0;4;2;1
2022;      218706301;2;2187;63;1;0;2;2;1
2022;      218706601;3;2187;66;1;0;10;2;1
2022;      218810201;3;2188;102;1;0;4;2;1
2022;      218810301;3;2188;103;1;1;0;2;1
2022;      218810401;5;2188;104;1;1;0;2;1
2022;      218810601;8;2188;106;1;1;0;2;1
2022;      218814201;3;2188;142;1;4;1;2;1
2022;      218814301;9;2188;143;1;2;0;2;1
2022;      218814501;3;2188;145;1;4;0;1;1
2022;      218814501;4;2188;145;1;2;0;2;2
2022;      218900301;3;2189;3;1;1;6;2;1
2022;      218900601;5;2189;6;1;2;10;2;1
2022;      218900801;3;2189;8;1;1;10;2;1
2022;      218900901;6;2189;9;1;1;2;2;1
2022;      218901101;4;2189;11;1;0;8;2;1
2022;      218903201;4;2189;32;1;2;0;1;1
2022;      218903201;5;2189;32;1;2;0;2;2
2022;      218903401;2;2189;34;1;2;8;2;1
2022;      218903501;4;2189;35;1;2;4;2;1
2022;      218904801;6;2189;48;1;2;7;2;1
2022;      218905001;6;2189;50;1;5;5;2;1
2022;      218905101;4;2189;51;1;3;9;2;1
2022;      218905201;5;2189;52;1;2;7;2;1
2022;      219001401;4;2190;14;1;4;0;2;1
2022;      219007801;5;2190;78;1;5;0;2;1
2022;      219008001;3;2190;80;1;1;0;2;1
2022;      219008101;3;2190;81;1;1;0;2;1
2022;      219400101;3;2194;1;1;1;6;2;1
2022;      219401101;2;2194;11;1;2;0;2;1
2022;      219402801;3;2194;28;1;5;7;1;1
2022;      219402801;4;2194;28;1;2;6;2;2
2022;      219600101;4;2196;1;1;0;4;2;1
2022;      219601101;2;2196;11;1;4;9;2;1
2022;      219601901;1;2196;19;1;13;9;1;1
2022;      219601901;3;2196;19;1;6;9;1;2
2022;      219601901;4;2196;19;1;3;9;2;3
2022;      219602001;1;2196;20;1;0;10;1;1
2022;      219602001;7;2196;20;1;2;0;2;2
2022;      219604001;1;2196;40;1;7;0;1;1
2022;      219604001;5;2196;40;1;2;8;2;2
2022;      219605301;6;2196;53;1;4;3;2;1
2022;      219605901;5;2196;59;1;0;10;2;1
2022;      219607101;3;2196;71;1;0;5;2;1
2022;      219607201;5;2196;72;1;5;10;2;1
2022;      219701401;5;2197;14;1;1;5;2;1
2022;      219701901;7;2197;19;1;7;0;1;1
2022;      219701901;8;2197;19;1;3;0;1;2
2022;      219701901;9;2197;19;1;6;0;2;3
2022;      219702601;2;2197;26;1;4;0;1;1
2022;      219702601;4;2197;26;1;0;6;2;2
2022;      219702701;4;2197;27;1;2;6;2;1
2022;      219705801;5;2197;58;1;2;6;2;1
2022;      219706501;3;2197;65;1;14;6;1;1
2022;      219706501;6;2197;65;1;4;6;2;2
2022;      219809901;3;2198;99;1;21;4;1;1
2022;      219809901;5;2198;99;1;10;1;2;2
2022;      219810401;2;2198;104;1;2;5;2;1
2022;      220600701;2;2206;7;1;3;5;2;1
2022;      220604001;3;2206;40;1;0;2;2;1
2022;      221100201;6;2211;2;1;2;7;2;1
2022;      221103001;3;2211;30;1;1;0;2;1
2022;      221105101;3;2211;51;1;1;3;2;1
2022;      221312601;4;2213;126;1;0;1;1;1
2022;      221312601;6;2213;126;1;0;1;1;2
2022;      221312601;7;2213;126;1;0;1;2;3
2022;      221508501;5;2215;85;1;2;4;2;1
2022;      221513001;4;2215;130;1;3;3;2;1
2022;      221607301;5;2216;73;1;1;0;2;1
2022;      222304501;5;2223;45;1;2;10;2;1
2022;      222307601;5;2223;76;1;0;8;2;1
2022;      222310901;3;2223;109;1;1;9;2;1
2022;      222313401;3;2223;134;1;3;10;1;1
2022;      222313401;4;2223;134;1;3;8;2;2
2022;      222601901;5;2226;19;1;0;1;2;1
2022;      222605401;3;2226;54;1;5;10;2;1
2022;      222610801;3;2226;108;1;6;10;1;1
2022;      222610801;7;2226;108;1;4;10;2;2
2022;      223103401;1;2231;34;1;0;10;2;1
2022;      223106701;5;2231;67;1;0;4;2;1
2022;      223601001;4;2236;10;1;1;8;1;1
2022;      223601001;5;2236;10;1;1;8;1;2
2022;      223601001;6;2236;10;1;0;8;2;3
2022;      223602501;4;2236;25;1;5;8;1;1
2022;      223602501;5;2236;25;1;3;8;2;2
2022;      223606701;6;2236;67;1;0;1;2;1
2022;      223702101;3;2237;21;1;3;8;2;1
2022;      223703901;5;2237;39;1;1;10;2;1
2022;      223706801;5;2237;68;1;1;3;2;1
2022;      223908201;6;2239;82;1;4;2;1;1
2022;      223908201;7;2239;82;1;2;2;2;2
2022;      224100701;4;2241;7;1;0;11;2;1
2022;      224200101;5;2242;1;1;1;6;2;1
2022;      224201501;4;2242;15;1;1;4;2;1
2022;      224203501;4;2242;35;1;0;2;2;1
2022;      224204901;4;2242;49;1;2;0;2;1
2022;      224305701;4;2243;57;1;2;8;2;1
2022;      224703101;4;2247;31;1;4;5;2;1
2022;      224703401;4;2247;34;1;0;11;2;1
2022;      224705901;3;2247;59;1;2;3;2;1
2022;      224906401;4;2249;64;1;98;98;2;1
2022;      225100501;4;2251;5;1;0;9;2;1
2022;      225102901;4;2251;29;1;1;10;2;1
2022;      225103101;3;2251;31;1;0;3;2;1
2022;      225106901;1;2251;69;1;0;3;2;1
2022;      225202901;4;2252;29;1;1;4;2;1
2022;      225212001;7;2252;120;1;1;0;2;1
2022;      225309101;3;2253;91;1;3;8;2;1
2022;      225506301;3;2255;63;1;2;6;2;1
2022;      225600301;3;2256;3;1;2;1;2;1
2022;      225600501;4;2256;5;1;1;0;2;1
2022;      225600701;5;2256;7;1;5;0;1;1
2022;      225600701;6;2256;7;1;2;0;1;2
2022;      225600701;7;2256;7;1;4;6;2;3
2022;      225602801;4;2256;28;1;1;6;2;1
2022;      225605201;6;2256;52;1;2;3;2;1
2022;      225605501;5;2256;55;1;3;6;2;1
2022;      225702901;5;2257;29;1;1;8;2;1
2022;      225706001;4;2257;60;1;3;6;2;1
2022;      225900401;5;2259;4;1;3;7;2;1
2022;      225900701;5;2259;7;1;0;11;2;1
2022;      225901101;3;2259;11;1;1;10;1;1
2022;      225901101;4;2259;11;1;1;10;2;2
2022;      225903101;3;2259;31;1;2;11;2;1
2022;      225903701;3;2259;37;1;1;10;2;1
2022;      225903801;4;2259;38;1;3;11;1;1
2022;      225903801;5;2259;38;1;1;11;2;2
2022;      225904301;5;2259;43;1;0;2;2;1
2022;      225905501;6;2259;55;1;1;10;2;1
2022;      225906401;2;2259;64;1;0;10;2;1
2022;      225906801;4;2259;68;1;3;10;1;1
2022;      225906801;5;2259;68;1;0;4;2;2
2022;      226004801;2;2260;48;1;0;3;2;1
2022;      226005401;4;2260;54;1;3;7;2;1
2022;      226005501;3;2260;55;1;1;7;2;1
2022;      226006101;4;2260;61;1;4;6;1;1
2022;      226006101;5;2260;61;1;2;6;2;2
2022;      226007101;3;2260;71;1;0;7;1;1
2022;      226007101;4;2260;71;1;0;7;2;2
2022;      226102601;3;2261;26;1;0;6;1;1
2022;      226102601;4;2261;26;1;0;4;2;2
2022;      226305501;7;2263;55;1;2;4;2;1
2022;      226312501;9;2263;125;1;0;2;2;1
2022;      226704501;3;2267;45;1;2;8;1;1
2022;      226704501;4;2267;45;1;4;5;2;2
2022;      227214901;4;2272;149;1;1;2;2;1
2022;      227302101;3;2273;21;1;0;3;2;1
2022;      227400201;3;2274;2;1;0;7;2;1
2022;      227413801;3;2274;138;1;1;9;2;1
2022;      227605501;2;2276;55;1;1;2;2;1
2022;      227606401;2;2276;64;1;2;5;2;1
2022;      227608301;6;2276;83;1;0;3;2;1
2022;      227701801;3;2277;18;1;0;7;1;1
2022;      227701801;4;2277;18;1;0;7;2;2
2022;      227702401;3;2277;24;1;1;4;2;1
2022;      227718601;5;2277;186;1;0;6;2;1
2022;      227807201;4;2278;72;1;0;7;2;1
2022;      227912901;4;2279;129;1;2;9;2;1
2022;      228001501;3;2280;15;1;3;2;1;1
2022;      228001501;4;2280;15;1;0;7;2;2
2022;      228104701;5;2281;47;1;1;7;1;1
2022;      228104701;6;2281;47;1;0;7;2;2
2022;      228107301;4;2281;73;1;1;4;2;1
2022;      228301101;3;2283;11;1;0;4;2;1
2022;      228302201;3;2283;22;1;1;6;1;1
2022;      228302201;4;2283;22;1;1;6;2;2
2022;      228607301;7;2286;73;1;1;0;2;1
2022;      228801401;5;2288;14;1;0;5;2;1
2022;      228801901;7;2288;19;1;0;3;2;1
2022;      228804101;3;2288;41;1;0;6;1;1
2022;      228804101;4;2288;41;1;0;6;2;2
2022;      229008101;4;2290;81;1;2;8;2;1
2022;      229101001;3;2291;10;1;0;1;2;1
2022;      229413001;5;2294;130;1;3;7;2;1
2022;      229503301;3;2295;33;1;1;11;2;1
2022;      229511601;3;2295;116;1;0;11;2;1
2022;      229516701;6;2295;167;1;5;6;1;1
2022;      229516701;8;2295;167;1;1;6;2;2
2022;      229601601;4;2296;16;1;1;0;2;1
2022;      229701501;4;2297;15;1;2;0;2;1
2022;      229702301;3;2297;23;1;1;0;2;1
2022;      229703901;2;2297;39;1;2;7;2;1
2022;      229705001;4;2297;50;1;0;2;2;1
2022;      229801001;2;2298;10;1;0;1;2;1
2022;      229801101;3;2298;11;1;3;6;1;1
2022;      229801101;4;2298;11;1;2;0;2;2
2022;      229802501;6;2298;25;1;1;5;2;1
2022;      229905201;3;2299;52;1;5;9;1;1
2022;      229905201;4;2299;52;1;0;5;2;2
2022;      229907801;3;2299;78;1;1;0;2;1
2022;      229917701;5;2299;177;1;0;2;1;1
2022;      229917701;6;2299;177;1;0;2;2;2
2022;      229920001;2;2299;200;1;0;1;2;1
2022;      229928301;4;2299;283;1;4;0;2;1
2022;      230001201;2;2300;12;1;6;6;1;1
2022;      230001201;3;2300;12;1;1;6;2;2
2022;      230001501;4;2300;15;1;1;7;2;1
2022;      230003401;5;2300;34;1;0;6;2;1
2022;      230008001;3;2300;80;1;1;0;2;1
2022;      230008801;4;2300;88;1;3;7;1;1
2022;      230008801;5;2300;88;1;1;7;2;2
2022;      230100801;4;2301;8;1;3;2;2;1
2022;      230101201;5;2301;12;1;9;9;1;1
2022;      230101201;6;2301;12;1;1;9;2;2
2022;      230101301;4;2301;13;1;3;10;2;1
2022;      230102801;5;2301;28;1;0;11;2;1
2022;      230105101;3;2301;51;1;3;0;2;1
2022;      230302501;3;2303;25;1;2;7;2;1
2022;      230302701;4;2303;27;1;3;2;2;1
2022;      230304501;4;2303;45;1;0;1;2;1
2022;      230306901;3;2303;69;1;3;7;2;1
2022;      230307801;1;2303;78;1;0;2;2;1
2022;      230603901;3;2306;39;1;0;10;2;1
2022;      230611501;4;2306;115;1;2;0;2;1
2022;      230612401;6;2306;124;1;1;6;2;1
2022;      230803001;3;2308;30;1;0;8;2;1
2022;      230807801;5;2308;78;1;4;9;2;1
2022;      230816101;3;2308;161;1;1;8;2;1
2022;      230816301;4;2308;163;1;0;1;2;1
2022;      230900301;3;2309;3;1;0;4;2;1
2022;      230906501;3;2309;65;1;0;1;2;1
2022;      230908501;3;2309;85;1;4;6;1;1
2022;      230908501;4;2309;85;1;8;0;2;2
2022;      230909701;4;2309;97;1;4;1;2;1
2022;      230910001;3;2309;100;1;2;7;2;1
2022;      230912901;2;2309;129;1;2;5;2;1
2022;      230915901;2;2309;159;1;0;1;2;1
2022;      231001701;4;2310;17;1;3;9;2;1
2022;      231003501;5;2310;35;1;3;2;2;1
2022;      231006001;3;2310;60;1;0;4;2;1
2022;      231009001;4;2310;90;1;1;6;2;1
2022;      231009201;4;2310;92;1;0;1;2;1
2022;      231009401;4;2310;94;1;4;8;1;1
2022;      231009401;5;2310;94;1;0;3;2;2
2022;      231100201;6;2311;2;1;0;11;2;1
2022;      231100301;4;2311;3;1;0;2;1;1
2022;      231100301;5;2311;3;1;0;2;2;2
2022;      231105101;3;2311;51;1;0;2;1;1
2022;      231105101;4;2311;51;1;0;1;2;2
2022;      231400501;6;2314;5;1;0;3;2;1
2022;      231500301;4;2315;3;1;3;6;1;1
2022;      231500301;5;2315;3;1;2;6;2;2
2022;      231502001;7;2315;20;1;3;11;2;1
2022;      231504001;1;2315;40;1;1;11;2;1
2022;      231504301;6;2315;43;1;2;11;2;1
2022;      231504501;1;2315;45;1;2;11;2;1
2022;      231505001;5;2315;50;1;3;5;2;1
2022;      231607801;2;2316;78;1;0;5;2;1
2022;      231608101;3;2316;81;1;6;1;1;1
2022;      231608101;4;2316;81;1;2;1;2;2
2022;      231617301;2;2316;173;1;0;4;1;1
2022;      231617301;3;2316;173;1;3;2;2;2
2022;      231617401;4;2316;174;1;2;0;2;1
2022;      231617701;3;2316;177;1;1;6;2;1
2022;      231708601;3;2317;86;1;1;5;2;1
2022;      231709201;2;2317;92;1;0;2;2;1
2022;      231711101;3;2317;111;1;2;0;2;1
2022;      231711501;3;2317;115;1;5;0;2;1
2022;      231911001;6;2319;110;1;0;3;2;1
2022;      233205001;4;2332;50;1;3;3;2;1
2022;      233217201;5;2332;172;1;0;11;2;1
2022;      233820101;5;2338;201;1;4;5;2;1
2022;      233911102;4;2339;111;2;1;0;2;1
2022;      233911103;5;2339;111;3;0;1;2;1
2022;      233911701;5;2339;117;1;1;6;2;1
2022;      234108801;5;2341;88;1;0;9;2;1
2022;      234410301;5;2344;103;1;7;0;2;1
2022;      234602901;4;2346;29;1;2;0;2;1
2022;      235106901;4;2351;69;1;0;6;2;1
2022;      235402601;3;2354;26;1;0;7;2;1
2022;      235404201;4;2354;42;1;0;7;2;1
2022;      235404501;4;2354;45;1;6;6;1;1
2022;      235404501;5;2354;45;1;0;10;2;2
2022;      235500101;7;2355;1;1;0;3;2;1
2022;      235501601;3;2355;16;1;2;0;2;1
2022;      235508301;3;2355;83;1;4;0;1;1
2022;      235508301;4;2355;83;1;3;0;2;2
2022;      235510901;5;2355;109;1;2;0;2;1
2022;      235705501;4;2357;55;1;4;1;1;1
2022;      235705501;5;2357;55;1;1;6;2;2
2022;      235708801;3;2357;88;1;2;11;2;1
2022;      235711501;4;2357;115;1;3;9;2;1
2022;      235805901;5;2358;59;1;2;7;2;1
2022;      235812101;3;2358;121;1;0;2;2;1
2022;      235812201;4;2358;122;1;0;1;2;1
2022;      235902301;3;2359;23;1;1;6;2;1
2022;      235915901;6;2359;159;1;0;6;2;1
2022;      236212001;5;2362;120;1;1;0;1;1
2022;      236212001;6;2362;120;1;0;5;2;2
2022;      236507501;4;2365;75;1;0;9;2;1
2022;      236514001;4;2365;140;1;1;10;2;1
2022;      236514401;3;2365;144;1;1;6;1;1
2022;      236514401;4;2365;144;1;1;6;2;2
2022;      236600601;4;2366;6;1;0;8;2;1
2022;      236604201;2;2366;42;1;3;6;2;1
2022;      236604401;4;2366;44;1;3;6;2;1
2022;      236606401;3;2366;64;1;5;0;1;1
2022;      236606401;4;2366;64;1;2;0;2;2
2022;      236607001;5;2366;70;1;2;10;2;1
2022;      236607201;2;2366;72;1;0;4;2;1
2022;      236704401;3;2367;44;1;0;5;2;1
2022;      236710101;4;2367;101;1;4;6;1;1
2022;      236710101;5;2367;101;1;3;6;2;2
2022;      236712001;6;2367;120;1;3;8;2;1
2022;      236712101;3;2367;121;1;0;3;2;1
2022;      236712301;4;2367;123;1;1;7;2;1
2022;      236809701;3;2368;97;1;1;9;1;1
2022;      236809701;4;2368;97;1;1;7;2;2
2022;      236809801;6;2368;98;1;1;0;2;1
2022;      236811701;6;2368;117;1;3;0;2;1
2022;      236811901;3;2368;119;1;0;1;2;1
2022;      236812601;4;2368;126;1;4;10;1;1
2022;      236812601;5;2368;126;1;1;9;2;2
2022;      236813001;4;2368;130;1;2;8;2;1
2022;      236813301;3;2368;133;1;1;2;2;1
2022;      237101201;8;2371;12;1;0;3;2;1
2022;      237101401;7;2371;14;1;5;4;2;1
2022;      237101701;7;2371;17;1;5;8;1;1
2022;      237101701;8;2371;17;1;1;8;2;2
2022;      237102101;4;2371;21;1;2;11;2;1
2022;      237102201;4;2371;22;1;6;1;2;1
2022;      237102301;3;2371;23;1;0;2;2;1
2022;      237103101;6;2371;31;1;0;4;1;1
2022;      237103101;7;2371;31;1;0;4;2;2
2022;      237103401;4;2371;34;1;1;0;2;1
2022;      237103501;3;2371;35;1;1;8;1;1
2022;      237103501;4;2371;35;1;0;9;2;2
2022;      237103701;5;2371;37;1;0;2;2;1
2022;      237306201;7;2373;62;1;2;0;2;1
2022;      237306501;4;2373;65;1;4;0;2;1
2022;      237306801;7;2373;68;1;2;3;2;1
2022;      237306901;8;2373;69;1;3;0;2;1
2022;      237307001;8;2373;70;1;2;0;2;1
2022;      237311301;5;2373;113;1;0;8;2;1
2022;      237311401;4;2373;114;1;4;0;2;1
2022;      237311501;4;2373;115;1;1;6;2;1
2022;      237311601;8;2373;116;1;2;0;1;1
2022;      237311601;9;2373;116;1;0;10;1;2
2022;      237311601;11;2373;116;1;3;0;1;3
2022;      237311601;14;2373;116;1;5;0;2;4
2022;      237400801;4;2374;8;1;1;0;1;1
2022;      237400801;5;2374;8;1;1;0;2;2
2022;      237401701;3;2374;17;1;5;3;2;1
2022;      237401801;4;2374;18;1;3;6;1;1
2022;      237401801;7;2374;18;1;0;3;2;2
2022;      237402101;3;2374;21;1;2;0;2;1
2022;      237404701;8;2374;47;1;1;0;1;1
2022;      237404701;10;2374;47;1;1;0;2;2
2022;      237502801;5;2375;28;1;6;0;1;1
2022;      237502801;6;2375;28;1;2;9;2;2
2022;      237506801;4;2375;68;1;3;0;1;1
2022;      237506801;6;2375;68;1;1;6;2;2
2022;      237510101;7;2375;101;1;3;0;2;1
2022;      237510301;8;2375;103;1;3;0;2;1
2022;      237712301;5;2377;123;1;1;0;1;1
2022;      237712301;6;2377;123;1;0;8;2;2
2022;      238215001;4;2382;150;1;0;6;1;1
2022;      238215001;5;2382;150;1;0;6;2;2
2022;      238218001;1;2382;180;1;4;1;1;1
2022;      238218001;3;2382;180;1;7;0;2;2
2022;      239206001;4;2392;60;1;0;4;2;1
2022;      239310401;5;2393;104;1;0;1;2;1
2022;      240502301;7;2405;23;1;2;0;2;1
2022;      240502501;7;2405;25;1;0;2;2;1
2022;      240506501;3;2405;65;1;0;8;1;1
2022;      240506501;4;2405;65;1;0;8;1;2
2022;      240506501;5;2405;65;1;0;8;2;3
2022;      240507701;6;2405;77;1;0;3;2;1
2022;      240515101;3;2405;151;1;2;0;2;1
2022;      240517101;5;2405;171;1;0;8;2;1
2022;      240603001;1;2406;30;1;0;10;1;1
2022;      240603001;3;2406;30;1;0;10;2;2
2022;      240608301;4;2406;83;1;2;8;1;1
2022;      240608301;5;2406;83;1;2;8;2;2
2022;      241109501;6;2411;95;1;1;3;2;1
2022;      241110401;3;2411;104;1;3;0;2;1
2022;      241606301;4;2416;63;1;1;0;2;1
2022;      241607201;3;2416;72;1;1;7;2;1
2022;      241613101;4;2416;131;1;2;1;1;1
2022;      241613101;5;2416;131;1;0;9;1;2
2022;      241613101;7;2416;131;1;2;6;2;3
2022;      242606701;1;2426;67;1;2;8;2;1
2022;      242608002;4;2426;80;2;0;1;2;1
2022;      242608003;2;2426;80;3;0;1;2;1
2022;      242608901;3;2426;89;1;1;4;2;1
2022;      242609201;5;2426;92;1;2;4;2;1
2022;      242617201;1;2426;172;1;10;8;2;1
2022;      242808201;5;2428;82;1;2;0;2;1
2022;      242808501;3;2428;85;1;0;6;2;1
2022;      242903101;1;2429;31;1;0;2;2;1
2022;      242903102;4;2429;31;2;1;11;2;1
2022;      243002201;5;2430;22;1;1;5;2;1
2022;      243007901;2;2430;79;1;5;11;1;1
2022;      243007901;3;2430;79;1;2;6;2;2
2022;      243008101;5;2430;81;1;4;8;1;1
2022;      243008101;6;2430;81;1;1;3;2;2
2022;      243008201;3;2430;82;1;3;2;1;1
2022;      243008201;4;2430;82;1;1;2;2;2
2022;      243011801;6;2430;118;1;1;6;2;1
2022;      243101201;3;2431;12;1;2;0;2;1
2022;      243111101;4;2431;111;1;3;0;1;1
2022;      243111101;5;2431;111;1;2;0;2;2
2022;      243303401;3;2433;34;1;3;0;2;1
2022;      243305001;4;2433;50;1;1;0;1;1
2022;      243305001;5;2433;50;1;1;0;2;2
2022;      243306001;5;2433;60;1;3;0;2;1
2022;      243306101;2;2433;61;1;3;0;2;1
2022;      243308501;4;2433;85;1;0;2;2;1
2022;      243309201;2;2433;92;1;10;0;2;1
2022;      243506901;6;2435;69;1;2;0;2;1
2022;      243509601;5;2435;96;1;4;0;2;1
2022;      243511201;7;2435;112;1;0;4;2;1
2022;      243511301;4;2435;113;1;1;6;2;1
2022;      243605501;3;2436;55;1;6;0;1;1
2022;      243605501;4;2436;55;1;4;0;2;2
2022;      243707001;5;2437;70;1;1;11;2;1
2022;      243707201;6;2437;72;1;0;2;2;1
2022;      243707301;3;2437;73;1;1;0;2;1
2022;      243709601;3;2437;96;1;2;11;1;1
2022;      243709601;4;2437;96;1;1;7;2;2
2022;      243712201;3;2437;122;1;0;6;2;1
2022;      243712601;3;2437;126;1;2;11;1;1
2022;      243712601;4;2437;126;1;1;11;2;2
2022;      243713601;3;2437;136;1;9;0;1;1
2022;      243713601;4;2437;136;1;4;0;1;2
2022;      243713601;5;2437;136;1;2;0;2;3
2022;      243714501;2;2437;145;1;10;0;2;1
2022;      243714701;5;2437;147;1;1;0;2;1
2022;      244201001;6;2442;10;1;1;7;2;1
2022;      244203101;6;2442;31;1;1;8;2;1
2022;      244204101;3;2442;41;1;0;8;1;1
2022;      244204101;4;2442;41;1;0;8;1;2
2022;      244204101;5;2442;41;1;0;1;2;3
2022;      244502901;3;2445;29;1;2;0;2;1
2022;      244505401;2;2445;54;1;8;8;2;1
2022;      244506801;6;2445;68;1;1;9;2;1
2022;      245603501;3;2456;35;1;3;10;1;1
2022;      245603501;5;2456;35;1;8;10;1;2
2022;      245603501;6;2456;35;1;9;10;2;3
2022;      245630701;4;2456;307;1;4;8;2;1
2022;      245710001;5;2457;100;1;10;4;1;1
2022;      245710001;6;2457;100;1;10;4;2;2
2022;      246100901;1;2461;9;1;18;11;2;1
2022;      246102701;3;2461;27;1;2;0;2;1
2022;      246102801;3;2461;28;1;0;6;2;1
2022;      246109301;2;2461;93;1;9;11;2;1
2022;      246110701;4;2461;107;1;0;11;2;1
2022;      246310001;3;2463;100;1;8;9;1;1
2022;      246310001;4;2463;100;1;3;9;2;2
2022;      246404401;3;2464;44;1;0;2;2;1
2022;      246807801;3;2468;78;1;1;9;1;1
2022;      246807801;4;2468;78;1;1;9;2;2
2022;      246807802;2;2468;78;2;0;1;2;1
2022;      246817701;3;2468;177;1;7;9;1;1
2022;      246817701;4;2468;177;1;1;9;2;2
2022;      247002101;6;2470;21;1;1;7;1;1
2022;      247002101;9;2470;21;1;3;7;1;2
2022;      247002101;10;2470;21;1;1;7;2;3
2022;      247004901;1;2470;49;1;5;7;2;1
2022;      247011901;3;2470;119;1;4;7;2;1
2022;      247200501;2;2472;5;1;0;4;2;1
2022;      247203001;5;2472;30;1;2;8;1;1
2022;      247203001;6;2472;30;1;2;6;2;2
2022;      247401401;4;2474;14;1;4;9;1;1
2022;      247401401;6;2474;14;1;3;9;2;2
2022;      247510801;3;2475;108;1;1;9;2;1
2022;      247805201;3;2478;52;1;1;0;1;1
2022;      247805201;5;2478;52;1;1;0;2;2
2022;      247807801;7;2478;78;1;0;9;1;1
2022;      247807801;8;2478;78;1;0;9;2;2
2022;      247906301;1;2479;63;1;9;10;2;1
2022;      247909501;7;2479;95;1;0;11;2;1
2022;      247914601;6;2479;146;1;0;3;2;1
2022;      248007401;3;2480;74;1;1;10;1;1
2022;      248007401;4;2480;74;1;1;10;2;2
2022;      248011001;2;2480;110;1;1;8;2;1
2022;      248011101;2;2480;111;1;2;10;2;1
2022;      248013501;5;2480;135;1;1;5;2;1
2022;      248314001;7;2483;140;1;3;0;1;1
2022;      248314001;10;2483;140;1;1;2;2;2
2022;      248314201;4;2483;142;1;4;10;1;1
2022;      248314201;7;2483;142;1;2;10;2;2
2022;      248315301;3;2483;153;1;9;6;1;1
2022;      248315301;4;2483;153;1;0;11;2;2
2022;      248409101;3;2484;91;1;0;10;2;1
2022;      248502801;5;2485;28;1;3;0;2;1
2022;      248511201;3;2485;112;1;3;0;2;1
2022;      248604901;5;2486;49;1;2;5;2;1
2022;      248608101;6;2486;81;1;0;3;2;1
2022;      248805701;5;2488;57;1;10;7;2;1
2022;      248807101;4;2488;71;1;2;3;2;1
2022;      248815301;3;2488;153;1;7;6;1;1
2022;      248815301;4;2488;153;1;7;6;2;2
2022;      248910501;14;2489;105;1;4;7;2;1
2022;      248910901;2;2489;109;1;0;3;2;1
2022;      249411901;4;2494;119;1;4;9;1;1
2022;      249411901;5;2494;119;1;2;9;2;2
2022;      249413401;3;2494;134;1;1;8;1;1
2022;      249413401;4;2494;134;1;1;8;2;2
2022;      249609701;5;2496;97;1;0;6;2;1
2022;      249611501;4;2496;115;1;8;8;1;1
2022;      249611501;5;2496;115;1;3;5;2;2
2022;      250215701;2;2502;157;1;1;11;1;1
2022;      250215701;3;2502;157;1;1;11;2;2
2022;      250219701;3;2502;197;1;1;8;2;1
2022;      250405501;3;2504;55;1;2;2;2;1
2022;      250509601;1;2505;96;1;3;7;2;1
2022;      250712801;6;2507;128;1;2;0;2;1
2022;      250713301;4;2507;133;1;7;2;1;1
2022;      250713301;5;2507;133;1;3;5;1;2
2022;      250713301;6;2507;133;1;1;4;2;3
2022;      250716801;7;2507;168;1;3;0;2;1
2022;      250721001;3;2507;210;1;3;0;1;1
2022;      250721001;4;2507;210;1;0;5;2;2
2022;      250808901;3;2508;89;1;8;8;1;1
2022;      250808901;4;2508;89;1;3;8;2;2
2022;      251516201;1;2515;162;1;3;9;1;1
2022;      251516201;4;2515;162;1;1;9;2;2
2022;      251516202;6;2515;162;2;0;8;1;1
2022;      251516202;7;2515;162;2;0;8;2;2
2022;      251518501;2;2515;185;1;8;0;2;1
2022;      251521901;4;2515;219;1;2;6;2;1
2022;      252001101;2;2520;11;1;0;1;2;1
2022;      252103201;4;2521;32;1;3;6;1;1
2022;      252103201;5;2521;32;1;3;6;2;2
2022;      252301601;3;2523;16;1;0;3;2;1
2022;      253005701;3;2530;57;1;1;4;2;1
2022;      253006401;2;2530;64;1;4;11;2;1
2022;      253007401;5;2530;74;1;5;11;1;1
2022;      253007401;6;2530;74;1;2;11;2;2
2022;      253200401;3;2532;4;1;0;4;1;1
2022;      253200401;4;2532;4;1;0;4;2;2
2022;      253202201;2;2532;22;1;0;6;2;1
2022;      253206001;2;2532;60;1;3;9;2;1
2022;      253207801;3;2532;78;1;0;7;1;1
2022;      253207801;4;2532;78;1;0;3;2;2
2022;      253213501;3;2532;135;1;5;9;1;1
2022;      253213501;4;2532;135;1;6;9;2;2
2022;      253213701;3;2532;137;1;7;9;1;1
2022;      253213701;4;2532;137;1;0;9;2;2
2022;      253700901;3;2537;9;1;2;0;1;1
2022;      253700901;4;2537;9;1;2;0;2;2
2022;      253707501;3;2537;75;1;0;8;1;1
2022;      253707501;4;2537;75;1;0;8;1;2
2022;      253707501;5;2537;75;1;0;8;1;3
2022;      253707501;6;2537;75;1;0;8;2;4
2022;      253909801;6;2539;98;1;1;7;1;1
2022;      253909801;7;2539;98;1;1;7;2;2
2022;      253914301;4;2539;143;1;5;7;2;1
2022;      253915101;3;2539;151;1;3;7;1;1
2022;      253915101;4;2539;151;1;1;7;2;2
2022;      254026601;7;2540;266;1;5;2;2;1
2022;      254115401;4;2541;154;1;2;4;2;1
2022;      254118201;4;2541;182;1;4;2;1;1
2022;      254118201;5;2541;182;1;4;2;2;2
2022;      254411801;3;2544;118;1;6;3;2;1
2022;      254605801;5;2546;58;1;1;10;2;1
2022;      254607801;3;2546;78;1;1;9;2;1
2022;      254709601;3;2547;96;1;7;7;2;1
2022;      254717501;5;2547;175;1;1;7;2;1
2022;      254812801;5;2548;128;1;1;7;2;1
2022;      255210101;3;2552;101;1;0;6;2;1
2022;      255505001;3;2555;50;1;0;4;2;1
2022;      255506401;3;2555;64;1;2;6;2;1
2022;      255604701;2;2556;47;1;1;11;1;1
2022;      255604701;3;2556;47;1;1;11;1;2
2022;      255604701;4;2556;47;1;0;3;2;3
2022;      255609301;3;2556;93;1;0;4;2;1
2022;      255610501;3;2556;105;1;0;8;2;1
2022;      255904101;2;2559;41;1;0;3;2;1
2022;      255908901;2;2559;89;1;0;1;1;1
2022;      255908901;3;2559;89;1;1;0;2;2
2022;      256015901;3;2560;159;1;0;3;1;1
2022;      256015901;4;2560;159;1;0;2;1;2
2022;      256015901;5;2560;159;1;0;2;2;3
2022;      256020401;3;2560;204;1;0;10;1;1
2022;      256020401;4;2560;204;1;0;10;2;2
2022;      256201401;5;2562;14;1;4;11;2;1
2022;      256314301;4;2563;143;1;2;9;1;1
2022;      256314301;5;2563;143;1;2;9;2;2
2022;      256406901;3;2564;69;1;1;11;1;1
2022;      256406901;4;2564;69;1;1;11;2;2
2022;      256408001;3;2564;80;1;0;10;2;1
2022;      256601601;3;2566;16;1;1;7;1;1
2022;      256601601;4;2566;16;1;1;7;1;2
2022;      256601601;5;2566;16;1;1;7;2;3
2022;      256602901;3;2566;29;1;2;8;1;1
2022;      256602901;5;2566;29;1;2;8;2;2
2022;      256614701;3;2566;147;1;3;1;2;1
2022;      256802303;3;2568;23;3;2;7;2;1
2022;      256811101;3;2568;111;1;0;7;2;1
2022;      256813301;2;2568;133;1;0;7;2;1
2022;      257219201;5;2572;192;1;2;2;2;1
2022;      257904901;3;2579;49;1;1;9;1;1
2022;      257904901;4;2579;49;1;1;9;1;2
2022;      257904901;5;2579;49;1;1;9;2;3
2022;      258507301;3;2585;73;1;0;2;2;1
2022;      259603001;3;2596;30;1;9;7;2;1
2022;      259818401;7;2598;184;1;2;4;2;1
2022;      260200201;3;2602;2;1;7;11;1;1
2022;      260200201;4;2602;2;1;3;11;2;2
2022;      260201001;5;2602;10;1;12;11;2;1
2022;      260217101;3;2602;171;1;0;9;2;1
2022;      260407301;7;2604;73;1;0;2;2;1
2022;      260410101;4;2604;101;1;1;7;2;1
2022;      260502601;3;2605;26;1;1;5;2;1
2022;      260505201;3;2605;52;1;8;6;1;1
2022;      260505201;4;2605;52;1;2;6;2;2
2022;      260512801;3;2605;128;1;0;6;1;1
2022;      260512801;4;2605;128;1;0;6;2;2
2022;      260607601;3;2606;76;1;7;7;1;1
2022;      260607601;4;2606;76;1;3;8;2;2
2022;      260715601;3;2607;156;1;8;6;1;1
2022;      260715601;4;2607;156;1;0;6;2;2
2022;      260805401;4;2608;54;1;5;7;1;1
2022;      260805401;5;2608;54;1;2;7;2;2
2022;      260806901;3;2608;69;1;1;7;1;1
2022;      260806901;5;2608;69;1;2;7;2;2
2022;      260813301;3;2608;133;1;9;7;1;1
2022;      260813301;4;2608;133;1;6;7;2;2
2022;      260900701;2;2609;7;1;0;2;1;1
2022;      260900701;3;2609;7;1;0;2;2;2
2022;      260907101;6;2609;71;1;1;0;1;1
2022;      260907101;7;2609;71;1;3;0;2;2
2022;      261108901;5;2611;89;1;0;5;2;1
2022;      261208501;4;2612;85;1;2;0;1;1
2022;      261208501;5;2612;85;1;0;1;2;2
2022;      261216001;3;2612;160;1;0;2;2;1
2022;      261513001;4;2615;130;1;6;3;2;1
2022;      261600901;4;2616;9;1;2;6;2;1
2022;      261601701;3;2616;17;1;4;2;1;1
2022;      261601701;6;2616;17;1;0;11;2;2
2022;      261602301;5;2616;23;1;0;5;2;1
2022;      261602601;6;2616;26;1;4;2;1;1
2022;      261602601;9;2616;26;1;5;2;2;2
2022;      261604501;4;2616;45;1;4;0;2;1
2022;      261605601;7;2616;56;1;1;2;2;1
2022;      261702301;3;2617;23;1;2;7;2;1
2022;      261712601;5;2617;126;1;3;8;2;1
2022;      262302901;6;2623;29;1;0;9;2;1
2022;      262303501;5;2623;35;1;4;11;2;1
2022;      262308001;3;2623;80;1;4;11;1;1
2022;      262308001;4;2623;80;1;1;11;2;2
2022;      262503501;6;2625;35;1;0;3;1;1
2022;      262503501;7;2625;35;1;0;3;1;2
2022;      262503501;8;2625;35;1;0;3;2;3
2022;      262505501;4;2625;55;1;0;8;2;1
2022;      262507801;3;2625;78;1;1;11;1;1
2022;      262507801;4;2625;78;1;1;11;2;2
2022;      262511201;5;2625;112;1;0;2;2;1
2022;      262707701;4;2627;77;1;3;6;1;1
2022;      262707701;5;2627;77;1;1;6;2;2
2022;      262804101;2;2628;41;1;2;6;2;1
2022;      263200701;2;2632;7;1;3;2;2;1
2022;      263202001;4;2632;20;1;2;4;2;1
2022;      263207901;4;2632;79;1;3;9;2;1
2022;      263400401;3;2634;4;1;1;7;2;1
2022;      263410101;4;2634;101;1;3;7;2;1
2022;      263411001;4;2634;110;1;3;7;2;1
2022;      263502701;5;2635;27;1;0;8;2;1
2022;      263604201;4;2636;42;1;1;8;2;1
2022;      263703501;3;2637;35;1;4;11;1;1
2022;      263703501;4;2637;35;1;1;11;2;2
2022;      263710902;3;2637;109;2;2;6;2;1
2022;      263910601;6;2639;106;1;0;9;2;1
2022;      263910701;5;2639;107;1;0;7;2;1
2022;      264103901;5;2641;39;1;1;10;2;1
2022;      264501801;4;2645;18;1;1;3;2;1
2022;      264603501;4;2646;35;1;0;6;2;1
2022;      264609701;2;2646;97;1;2;0;2;1
2022;      264801301;4;2648;13;1;2;7;1;1
2022;      264801301;5;2648;13;1;0;7;2;2
2022;      264802001;5;2648;20;1;2;6;2;1
2022;      264803501;3;2648;35;1;0;6;2;1
2022;      264804801;6;2648;48;1;2;7;2;1
2022;      264805401;3;2648;54;1;5;4;2;1
2022;      264903201;4;2649;32;1;3;8;2;1
2022;      265011901;4;2650;119;1;2;11;2;1
2022;      265106401;6;2651;64;1;7;5;2;1
2022;      265120501;9;2651;205;1;1;8;2;1
2022;      265611501;2;2656;115;1;4;11;2;1
2022;      265800201;3;2658;2;1;0;9;2;1
2022;      265800501;3;2658;5;1;10;8;2;1
2022;      265806001;4;2658;60;1;1;2;2;1
2022;      265808102;4;2658;81;2;1;8;2;1
2022;      265808103;4;2658;81;3;2;10;2;1
2022;      265808104;3;2658;81;4;0;3;2;1
2022;      265808201;3;2658;82;1;3;1;2;1
2022;      265808301;5;2658;83;1;4;8;2;1
2022;      265900901;1;2659;9;1;0;5;2;1
2022;      265901201;1;2659;12;1;0;9;1;1
2022;      265901201;4;2659;12;1;1;9;1;2
2022;      265901201;5;2659;12;1;1;9;2;3
2022;      265902801;1;2659;28;1;1;10;1;1
2022;      265902801;2;2659;28;1;1;10;2;2
2022;      265903001;2;2659;30;1;1;9;1;1
2022;      265903001;4;2659;30;1;6;9;2;2
2022;      265903701;1;2659;37;1;1;9;2;1
2022;      265904301;3;2659;43;1;0;1;2;1
2022;      265904401;1;2659;44;1;0;5;2;1
2022;      266104201;4;2661;42;1;2;6;2;1
2022;      266104301;3;2661;43;1;0;4;2;1
2022;      266104401;3;2661;44;1;1;8;2;1
2022;      266107001;3;2661;70;1;6;4;1;1
2022;      266107001;4;2661;70;1;1;4;2;2
2022;      266112101;5;2661;121;1;1;6;2;1
2022;      266112501;4;2661;125;1;0;3;2;1
2022;      266303801;7;2663;38;1;3;0;2;1
2022;      266304401;3;2663;44;1;2;0;2;1
2022;      266307001;5;2663;70;1;0;8;2;1
2022;      266402001;3;2664;20;1;3;6;2;1
2022;      266403301;1;2664;33;1;0;3;2;1
2022;      266501101;2;2665;11;1;1;8;2;1
2022;      266501401;5;2665;14;1;5;0;2;1
2022;      266501601;5;2665;16;1;4;3;2;1
2022;      266502101;7;2665;21;1;1;2;2;1
2022;      266502401;5;2665;24;1;4;8;1;1
2022;      266502401;6;2665;24;1;1;8;2;2
2022;      266502901;4;2665;29;1;2;2;2;1
2022;      266503001;4;2665;30;1;6;8;2;1
2022;      266503201;2;2665;32;1;4;8;2;1
2022;      266503401;4;2665;34;1;2;8;2;1
2022;      266604101;2;2666;41;1;2;0;1;1
2022;      266604101;5;2666;41;1;2;0;2;2
2022;      266613601;7;2666;136;1;10;0;2;1
2022;      267315601;5;2673;156;1;1;8;2;1
2022;      267319101;1;2673;191;1;4;11;1;1
2022;      267319101;2;2673;191;1;0;2;2;2
2022;      267407101;10;2674;71;1;0;1;2;1
2022;      267410101;4;2674;101;1;0;2;1;1
2022;      267410101;5;2674;101;1;0;2;2;2
2022;      267413501;3;2674;135;1;4;9;1;1
2022;      267413501;4;2674;135;1;1;9;2;2
2022;      267416401;3;2674;164;1;0;9;2;1
2022;      267505201;3;2675;52;1;1;6;2;1
2022;      267505601;5;2675;56;1;3;6;2;1
2022;      267506201;3;2675;62;1;3;6;2;1
2022;      267509601;3;2675;96;1;1;7;2;1
2022;      267517001;6;2675;170;1;5;7;2;1
2022;      267517002;4;2675;170;2;0;9;1;1
2022;      267517002;5;2675;170;2;0;9;2;2
2022;      267704001;1;2677;40;1;2;0;2;1
2022;      267704002;3;2677;40;2;6;0;1;1
2022;      267704002;4;2677;40;2;1;2;2;2
2022;      267706101;5;2677;61;1;7;8;2;1
2022;      267709301;4;2677;93;1;0;5;2;1
2022;      267713901;6;2677;139;1;0;1;2;1
2022;      267714901;6;2677;149;1;2;5;2;1
2022;      267805601;5;2678;56;1;0;6;2;1
2022;      267809401;3;2678;94;1;0;11;2;1
2022;      267817601;8;2678;176;1;1;10;2;1
2022;      267821401;1;2678;214;1;1;10;1;1
2022;      267821401;5;2678;214;1;0;4;1;2
2022;      267821401;6;2678;214;1;0;4;2;3
2022;      267822401;4;2678;224;1;3;8;2;1
2022;      267902901;9;2679;29;1;0;3;1;1
2022;      267902901;10;2679;29;1;0;3;2;2
2022;      267905501;5;2679;55;1;1;1;2;1
2022;      267914001;5;2679;140;1;1;2;2;1
2022;      268007401;4;2680;74;1;1;6;2;1
2022;      268007901;5;2680;79;1;1;7;2;1
2022;      268009901;7;2680;99;1;0;2;1;1
2022;      268009901;10;2680;99;1;0;2;2;2
2022;      268011701;7;2680;117;1;2;5;2;1
2022;      268014401;6;2680;144;1;0;1;2;1
2022;      268302001;5;2683;20;1;2;11;2;1
2022;      268304001;4;2683;40;1;4;11;1;1
2022;      268304001;5;2683;40;1;1;11;2;2
2022;      268306401;7;2683;64;1;3;6;1;1
2022;      268306401;8;2683;64;1;2;1;2;2
2022;      268306601;1;2683;66;1;0;3;1;1
2022;      268306601;2;2683;66;1;0;3;2;2
2022;      268400301;5;2684;3;1;1;7;2;1
2022;      268403401;5;2684;34;1;1;7;1;1
2022;      268403401;7;2684;34;1;1;4;2;2
2022;      268406601;3;2684;66;1;0;8;2;1
2022;      268406701;3;2684;67;1;0;4;2;1
2022;      268804001;1;2688;40;1;5;10;2;1
2022;      269211901;1;2692;119;1;8;6;2;1
2022;      269306601;4;2693;66;1;0;5;2;1
2022;      269605101;4;2696;51;1;3;11;2;1
2022;      269605801;3;2696;58;1;0;7;2;1
2022;      269618601;4;2696;186;1;2;11;2;1
2022;      269623301;4;2696;233;1;1;11;2;1
2022;      269803501;4;2698;35;1;0;11;2;1
2022;      269804501;3;2698;45;1;2;6;2;1
2022;      269804801;4;2698;48;1;0;8;2;1
2022;      270004301;5;2700;43;1;0;4;2;1
2022;      270008801;7;2700;88;1;1;3;2;1
2022;      270010501;8;2700;105;1;2;4;2;1
2022;      270013301;4;2700;133;1;4;3;2;1
2022;      270013401;4;2700;134;1;0;2;2;1
2022;      270205201;6;2702;52;1;4;6;1;1
2022;      270205201;7;2702;52;1;2;6;2;2
2022;      270211701;5;2702;117;1;2;7;1;1
2022;      270211701;6;2702;117;1;0;11;2;2
2022;      270212701;4;2702;127;1;2;7;1;1
2022;      270212701;5;2702;127;1;1;9;2;2
2022;      270302001;6;2703;20;1;9;2;1;1
2022;      270302001;7;2703;20;1;8;2;1;2
2022;      270302001;8;2703;20;1;5;1;1;3
2022;      270302001;9;2703;20;1;2;3;2;4
2022;      270313601;3;2703;136;1;9;1;1;1
2022;      270313601;4;2703;136;1;6;9;2;2
2022;      270318901;8;2703;189;1;0;5;2;1
2022;      270323201;10;2703;232;1;2;3;1;1
2022;      270323201;15;2703;232;1;0;4;1;2
2022;      270323201;16;2703;232;1;2;4;1;3
2022;      270323201;17;2703;232;1;2;6;2;4
2022;      270404401;4;2704;44;1;0;4;2;1
2022;      270406702;4;2704;67;2;0;3;2;1
2022;      270408301;3;2704;83;1;0;2;2;1
2022;      270410201;6;2704;102;1;8;6;1;1
2022;      270410201;7;2704;102;1;6;7;1;2
2022;      270410201;8;2704;102;1;4;6;1;3
2022;      270410201;9;2704;102;1;1;3;2;4
2022;      270600901;16;2706;9;1;3;10;1;1
2022;      270600901;19;2706;9;1;3;6;2;2
2022;      270601601;3;2706;16;1;3;0;2;1
2022;      270604101;4;2706;41;1;3;6;2;1
2022;      270608702;4;2706;87;2;3;6;2;1
2022;      270610801;3;2706;108;1;0;7;2;1
2022;      270611301;7;2706;113;1;2;5;2;1
2022;      270708501;4;2707;85;1;7;11;1;1
2022;      270708501;5;2707;85;1;4;11;2;2
2022;      270708601;5;2707;86;1;1;8;2;1
2022;      270708701;5;2707;87;1;1;11;2;1
2022;      270708801;5;2707;88;1;0;2;2;1
2022;      270708901;5;2707;89;1;6;11;1;1
2022;      270708901;7;2707;89;1;1;11;2;2
2022;      270711001;4;2707;110;1;0;11;1;1
2022;      270711001;5;2707;110;1;0;11;2;2
2022;      270711301;6;2707;113;1;0;2;2;1
2022;      270712401;6;2707;124;1;1;11;2;1
2022;      270712801;5;2707;128;1;3;5;2;1
2022;      270804101;2;2708;41;1;9;6;2;1
2022;      270804301;2;2708;43;1;10;4;2;1
2022;      270804501;2;2708;45;1;5;4;2;1
2022;      270806401;2;2708;64;1;0;3;2;1
2022;      270806501;7;2708;65;1;0;1;1;1
2022;      270806501;8;2708;65;1;0;1;2;2
2022;      270806701;4;2708;67;1;3;4;2;1
2022;      270806901;2;2708;69;1;2;3;2;1
2022;      270807001;2;2708;70;1;8;4;2;1
2022;      270910601;1;2709;106;1;2;7;2;1
2022;      270911501;5;2709;115;1;1;5;2;1
2022;      271100201;3;2711;2;1;0;3;1;1
2022;      271100201;4;2711;2;1;0;3;2;2
2022;      271100301;4;2711;3;1;1;0;1;1
2022;      271100301;5;2711;3;1;1;0;2;2
2022;      271100401;5;2711;4;1;1;7;2;1
2022;      271109001;7;2711;90;1;0;2;1;1
2022;      271109001;8;2711;90;1;0;2;1;2
2022;      271109001;9;2711;90;1;0;2;2;3
2022;      271109201;4;2711;92;1;1;7;2;1
2022;      271109501;4;2711;95;1;11;3;1;1
2022;      271109501;6;2711;95;1;0;1;2;2
2022;      271300501;3;2713;5;1;1;0;2;1
2022;      271301101;4;2713;11;1;7;2;1;1
2022;      271301101;5;2713;11;1;0;9;2;2
2022;      271301201;5;2713;12;1;8;0;2;1
2022;      271307601;5;2713;76;1;0;4;2;1
2022;      271308901;3;2713;89;1;0;6;2;1
2022;      271309101;3;2713;91;1;0;8;2;1
2022;      271401501;3;2714;15;1;2;9;2;1
2022;      271405401;5;2714;54;1;2;9;1;1
2022;      271405401;6;2714;54;1;0;9;2;2
2022;      271405601;5;2714;56;1;3;9;1;1
2022;      271405601;6;2714;56;1;1;9;2;2
2022;      271406001;5;2714;60;1;0;1;2;1
2022;      271406101;3;2714;61;1;4;9;1;1
2022;      271406101;4;2714;61;1;1;9;2;2
2022;      271415201;5;2714;152;1;2;9;2;1
2022;      271415301;4;2714;153;1;2;9;2;1
2022;      271415701;3;2714;157;1;1;10;1;1
2022;      271415701;4;2714;157;1;0;9;2;2
2022;      271601301;5;2716;13;1;2;10;2;1
2022;      271601701;6;2716;17;1;0;2;2;1
2022;      271601801;5;2716;18;1;0;6;2;1
2022;      271602001;6;2716;20;1;1;5;2;1
2022;      271605701;6;2716;57;1;4;3;1;1
2022;      271605701;7;2716;57;1;1;3;2;2
2022;      271605901;5;2716;59;1;4;7;2;1
2022;      271900201;1;2719;2;1;6;0;1;1
2022;      271900201;6;2719;2;1;2;9;2;2
2022;      271900301;3;2719;3;1;2;3;2;1
2022;      271900401;8;2719;4;1;5;0;1;1
2022;      271900401;10;2719;4;1;1;0;2;2
2022;      271900501;3;2719;5;1;5;0;2;1
2022;      271911801;3;2719;118;1;1;3;1;1
2022;      271911801;4;2719;118;1;0;2;2;2
2022;      271911901;6;2719;119;1;3;0;2;1
2022;      271912001;3;2719;120;1;1;2;2;1
2022;      271912101;4;2719;121;1;3;7;1;1
2022;      271912101;5;2719;121;1;1;7;2;2
2022;      271916601;6;2719;166;1;0;3;1;1
2022;      271916601;7;2719;166;1;0;3;2;2
2022;      271917001;6;2719;170;1;5;3;1;1
2022;      271917001;7;2719;170;1;2;3;2;2
2022;      271917101;3;2719;171;1;2;3;1;1
2022;      271917101;4;2719;171;1;2;3;2;2
2022;      272001101;5;2720;11;1;3;5;2;1
2022;      272004501;3;2720;45;1;0;3;2;1
2022;      272005801;5;2720;58;1;2;6;2;1
2022;      272008501;5;2720;85;1;0;2;2;1
2022;      272010001;8;2720;100;1;1;7;2;1
2022;      272013001;3;2720;130;1;5;4;2;1
2022;      272100601;6;2721;6;1;3;0;2;1
2022;      272100801;7;2721;8;1;3;0;1;1
2022;      272100801;8;2721;8;1;0;1;2;2
2022;      272107101;5;2721;71;1;0;5;2;1
2022;      272107201;6;2721;72;1;3;11;1;1
2022;      272107201;7;2721;72;1;1;3;2;2
2022;      272114201;3;2721;142;1;0;4;2;1
2022;      272114301;4;2721;143;1;1;6;2;1
2022;      272114401;3;2721;144;1;3;6;1;1
2022;      272114401;4;2721;144;1;1;1;2;2
2022;      272114501;6;2721;145;1;2;4;2;1
2022;      272114601;4;2721;146;1;0;1;1;1
2022;      272114601;5;2721;146;1;0;1;2;2
2022;      272200701;4;2722;7;1;0;5;2;1
2022;      272201601;6;2722;16;1;1;8;2;1
2022;      272202101;6;2722;21;1;2;7;2;1
2022;      272203201;4;2722;32;1;2;2;2;1
2022;      272203501;5;2722;35;1;3;2;2;1
2022;      272203801;6;2722;38;1;5;4;1;1
2022;      272203801;7;2722;38;1;0;4;2;2
2022;      272204101;3;2722;41;1;2;4;1;1
2022;      272204101;4;2722;41;1;0;1;2;2
2022;      272204201;4;2722;42;1;5;8;1;1
2022;      272204201;5;2722;42;1;2;3;2;2
2022;      272204301;3;2722;43;1;3;2;1;1
2022;      272204301;4;2722;43;1;2;2;1;2
2022;      272204301;5;2722;43;1;0;8;2;3
2022;      272206201;4;2722;62;1;6;1;1;1
2022;      272206201;5;2722;62;1;0;5;2;2
2022;      273009601;5;2730;96;1;3;0;2;1
2022;      273601101;2;2736;11;1;1;7;2;1
2022;      273602501;5;2736;25;1;0;1;2;1
2022;      273605501;5;2736;55;1;2;2;2;1
2022;      274904201;5;2749;42;1;0;2;2;1
2022;      274904701;3;2749;47;1;1;10;1;1
2022;      274904701;4;2749;47;1;0;2;2;2
2022;      275008201;4;2750;82;1;3;5;2;1
2022;      275902801;3;2759;28;1;1;4;2;1
2022;      276308801;6;2763;88;1;0;2;2;1
2022;      276311801;3;2763;118;1;2;2;2;1
2022;      276400801;6;2764;8;1;0;2;2;1
2022;      276403001;5;2764;30;1;2;10;2;1
2022;      276700801;3;2767;8;1;0;3;2;1
2022;      276904801;5;2769;48;1;0;1;2;1
2022;      277100501;4;2771;5;1;0;7;2;1
2022;      277102501;1;2771;25;1;0;7;2;1
2022;      277202801;6;2772;28;1;4;7;2;1
2022;      277202901;3;2772;29;1;2;10;2;1
2022;      277203401;3;2772;34;1;1;10;2;1
2022;      277203501;7;2772;35;1;1;9;2;1
2022;      277204701;2;2772;47;1;0;2;2;1
2022;      277502101;1;2775;21;1;0;1;2;1
2022;      277504901;4;2775;49;1;0;11;2;1
2022;      277505701;4;2775;57;1;0;4;2;1
2022;      277506101;3;2775;61;1;1;11;2;1
2022;      277705101;6;2777;51;1;1;8;2;1
2022;      277710601;3;2777;106;1;0;1;2;1
2022;      277710701;2;2777;107;1;0;1;2;1
2022;      277902502;3;2779;25;2;1;2;2;1
2022;      277903601;5;2779;36;1;2;0;2;1
2022;      277903901;3;2779;39;1;0;4;2;1
2022;      277904001;3;2779;40;1;0;7;1;1
2022;      277904001;4;2779;40;1;0;7;2;2
2022;      278105701;4;2781;57;1;1;7;2;1
2022;      278506301;6;2785;63;1;2;10;1;1
2022;      278506301;7;2785;63;1;2;10;1;2
2022;      278506301;8;2785;63;1;1;10;2;3
2022;      278507901;1;2785;79;1;0;10;1;1
2022;      278507901;7;2785;79;1;3;10;2;2
2022;      279300101;5;2793;1;1;0;6;1;1
2022;      279300101;6;2793;1;1;0;3;2;2
2022;      279405201;3;2794;52;1;0;4;1;1
2022;      279405201;4;2794;52;1;0;4;2;2
2022;      279501201;3;2795;12;1;1;7;1;1
2022;      279501201;4;2795;12;1;1;7;1;2
2022;      279501201;5;2795;12;1;1;7;2;3
2022;      279501801;4;2795;18;1;0;7;2;1
2022;      279801301;4;2798;13;1;0;8;2;1
2022;      279805801;4;2798;58;1;0;6;2;1
2022;      280006301;4;2800;63;1;1;4;2;1
2022;      280007601;7;2800;76;1;2;6;2;1
2022;      280008701;3;2800;87;1;1;6;2;1
2022;      280008801;5;2800;88;1;1;6;2;1
2022;      280106301;5;2801;63;1;0;11;2;1
2022;      280300901;3;2803;9;1;2;8;2;1
2022;      280303101;3;2803;31;1;0;11;2;1
2022;      280307101;2;2803;71;1;6;7;1;1
2022;      280307101;3;2803;71;1;5;7;2;2
2022;      280604301;2;2806;43;1;1;7;2;1
2022;      280700701;4;2807;7;1;2;0;1;1
2022;      280700701;5;2807;7;1;0;2;2;2
2022;      280705001;4;2807;50;1;0;6;2;1
2022;      280705401;3;2807;54;1;4;10;2;1
2022;      280706701;4;2807;67;1;0;6;2;1
2022;      281002301;3;2810;23;1;3;8;2;1
2022;      281003401;4;2810;34;1;98;98;2;1
2022;      281004701;3;2810;47;1;1;7;2;1
2022;      281005301;4;2810;53;1;2;7;2;1
2022;      281005401;5;2810;54;1;2;8;2;1
2022;      281105601;3;2811;56;1;1;11;1;1
2022;      281105601;4;2811;56;1;0;3;2;2
2022;      281108001;2;2811;80;1;0;2;2;1
2022;      281504701;5;2815;47;1;0;7;2;1
2022;      281505601;3;2815;56;1;0;4;1;1
2022;      281505601;7;2815;56;1;0;4;2;2
2022;      281505701;4;2815;57;1;0;4;1;1
2022;      281505701;5;2815;57;1;0;4;2;2
2022;      281507501;4;2815;75;1;2;7;2;1
2022;      281602501;5;2816;25;1;3;10;1;1
2022;      281602501;6;2816;25;1;1;10;2;2
2022;      281603701;3;2816;37;1;98;98;2;1
2022;      281805101;3;2818;51;1;3;2;1;1
2022;      281805101;4;2818;51;1;1;10;2;2
2022;      281808501;3;2818;85;1;0;6;2;1
2022;      281809001;2;2818;90;1;1;11;2;1
2022;      281909201;7;2819;92;1;0;5;2;1
2022;      282001201;2;2820;12;1;4;8;2;1
2022;      282002101;4;2820;21;1;0;2;2;1
2022;      282103501;7;2821;35;1;1;10;2;1
2022;      282106601;5;2821;66;1;1;10;2;1
2022;      282403301;3;2824;33;1;0;6;2;1
2022;      282503701;2;2825;37;1;2;2;2;1
2022;      282512201;5;2825;122;1;1;2;2;1
2022;      282806301;3;2828;63;1;0;9;2;1
2022;      282902301;4;2829;23;1;1;11;1;1
2022;      282902301;5;2829;23;1;2;11;2;2
2022;      282907401;6;2829;74;1;1;11;2;1
2022;      282908101;4;2829;81;1;3;3;2;1
2022;      283103101;2;2831;31;1;6;8;1;1
2022;      283103101;3;2831;31;1;2;8;2;2
2022;      283106601;5;2831;66;1;0;2;2;1
2022;      283108501;5;2831;85;1;0;5;2;1
2022;      283307301;4;2833;73;1;3;11;2;1
2022;      283701701;3;2837;17;1;3;6;2;1
2022;      283701801;3;2837;18;1;1;4;2;1
2022;      283703501;4;2837;35;1;0;6;2;1
2022;      283704601;3;2837;46;1;0;9;1;1
2022;      283704601;4;2837;46;1;4;6;2;2
2022;      283704701;6;2837;47;1;3;6;2;1
2022;      283704901;4;2837;49;1;1;6;2;1
2022;      283705301;5;2837;53;1;0;6;2;1
2022;      283800601;3;2838;6;1;3;2;2;1
2022;      283801401;6;2838;14;1;2;7;2;1
2022;      283803301;2;2838;33;1;0;2;2;1
2022;      284002401;4;2840;24;1;2;10;2;1
2022;      284003301;3;2840;33;1;0;8;2;1
2022;      284104301;4;2841;43;1;0;10;2;1
2022;      284401201;4;2844;12;1;5;4;2;1
2022;      284501601;4;2845;16;1;0;6;2;1
2022;      284504701;3;2845;47;1;1;2;2;1
2022;      284506301;4;2845;63;1;1;6;2;1
2022;      284509501;2;2845;95;1;3;2;2;1
2022;      284602101;3;2846;21;1;2;0;2;1
2022;      284604101;3;2846;41;1;0;6;2;1
2022;      284604701;7;2846;47;1;3;0;2;1
2022;      284608001;5;2846;80;1;0;8;2;1
2022;      284610701;5;2846;107;1;0;7;2;1
2022;      284701901;2;2847;19;1;6;0;2;1
2022;      284704901;5;2847;49;1;7;0;2;1
2022;      284711501;3;2847;115;1;0;7;2;1
2022;      284712301;3;2847;123;1;3;1;2;1
2022;      284800501;4;2848;5;1;4;6;2;1
2022;      284801401;4;2848;14;1;4;1;2;1
2022;      284801701;3;2848;17;1;4;10;2;1
2022;      284808001;4;2848;80;1;3;10;2;1
2022;      284902801;2;2849;28;1;3;7;2;1
2022;      285001001;4;2850;10;1;11;0;2;1
2022;      285001601;4;2850;16;1;0;1;2;1
2022;      285002101;3;2850;21;1;5;11;1;1
2022;      285002101;4;2850;21;1;2;9;2;2
2022;      285005401;7;2850;54;1;1;10;2;1
2022;      285006801;3;2850;68;1;1;6;2;1
2022;      285006901;4;2850;69;1;5;1;2;1
2022;      285203001;5;2852;30;1;0;5;2;1
2022;      285204001;3;2852;40;1;0;3;2;1
2022;      285207301;3;2852;73;1;3;1;2;1
2022;      285208701;7;2852;87;1;10;1;1;1
2022;      285208701;10;2852;87;1;0;7;2;2
2022;      285304401;5;2853;44;1;0;1;2;1
2022;      285304701;4;2853;47;1;98;98;2;1
2022;      285305101;2;2853;51;1;0;6;2;1
2022;      285306801;5;2853;68;1;0;6;2;1
2022;      285400601;3;2854;6;1;1;1;2;1
2022;      285403501;5;2854;35;1;0;6;2;1
2022;      285403801;4;2854;38;1;1;3;2;1
2022;      285907501;2;2859;75;1;5;1;2;1
2022;      285909701;3;2859;97;1;3;1;2;1
2022;      286002901;4;2860;29;1;1;0;1;1
2022;      286002901;5;2860;29;1;1;0;2;2
2022;      286005301;3;2860;53;1;4;3;2;1
2022;      286009001;6;2860;90;1;1;0;2;1
2022;      286014801;5;2860;148;1;4;0;2;1
2022;      286106901;4;2861;69;1;4;0;1;1
2022;      286106901;5;2861;69;1;0;6;2;2
2022;      286109401;3;2861;94;1;0;6;2;1
2022;      286109701;3;2861;97;1;0;3;2;1
2022;      286200301;3;2862;3;1;0;9;1;1
2022;      286200301;5;2862;3;1;1;1;2;2
2022;      286201601;4;2862;16;1;1;4;2;1
2022;      286202701;4;2862;27;1;4;8;2;1
2022;      286205401;3;2862;54;1;1;6;2;1
2022;      286210201;3;2862;102;1;0;1;1;1
2022;      286210201;4;2862;102;1;0;1;2;2
2022;      286213701;4;2862;137;1;2;4;2;1
2022;      286216801;4;2862;168;1;3;10;2;1
2022;      286300401;4;2863;4;1;4;6;2;1
2022;      286302201;4;2863;22;1;0;8;1;1
2022;      286302201;5;2863;22;1;0;8;2;2
2022;      286302701;5;2863;27;1;2;0;2;1
2022;      286303701;2;2863;37;1;2;1;2;1
2022;      286303801;5;2863;38;1;3;1;2;1
2022;      286307201;3;2863;72;1;0;8;2;1
2022;      286403101;3;2864;31;1;1;3;2;1
2022;      286502801;3;2865;28;1;1;8;2;1
2022;      286503301;4;2865;33;1;1;8;1;1
2022;      286503301;5;2865;33;1;0;8;2;2
2022;      286503401;4;2865;34;1;3;9;2;1
2022;      286506601;3;2865;66;1;3;6;2;1
2022;      286508601;5;2865;86;1;4;8;2;1
2022;      286604601;4;2866;46;1;1;0;2;1
2022;      286604901;2;2866;49;1;2;0;2;1
2022;      286605501;3;2866;55;1;3;6;2;1
2022;      286605801;5;2866;58;1;2;0;2;1
2022;      286606401;3;2866;64;1;0;3;2;1
2022;      286700701;3;2867;7;1;2;0;2;1
2022;      286700901;3;2867;9;1;0;6;2;1
2022;      286701501;3;2867;15;1;2;7;2;1
2022;      286703601;3;2867;36;1;0;4;2;1
2022;      286706101;3;2867;61;1;2;6;2;1
2022;      286802001;3;2868;20;1;1;9;2;1
2022;      286804001;5;2868;40;1;0;9;2;1
2022;      286804601;3;2868;46;1;1;9;2;1
2022;      286806801;4;2868;68;1;0;8;2;1
2022;      286807201;5;2868;72;1;0;9;2;1
2022;      286807701;4;2868;77;1;2;10;2;1
2022;      287200301;3;2872;3;1;0;6;2;1
2022;      287202901;4;2872;29;1;1;0;2;1
2022;      287203401;6;2872;34;1;1;9;2;1
2022;      287204801;4;2872;48;1;0;4;2;1
2022;      287208801;4;2872;88;1;0;1;2;1
2022;      287502601;3;2875;26;1;0;4;2;1
2022;      287805301;5;2878;53;1;1;1;2;1
2022;      287807501;4;2878;75;1;0;1;2;1
2022;      287808001;4;2878;80;1;4;10;2;1
2022;      287809601;5;2878;96;1;3;5;2;1
2022;      287811801;3;2878;118;1;0;4;2;1
2022;      287908501;3;2879;85;1;0;3;2;1
2022;      288103301;6;2881;33;1;4;0;2;1
2022;      288103401;5;2881;34;1;0;5;2;1
2022;      288105401;3;2881;54;1;0;1;2;1
2022;      288105501;3;2881;55;1;1;4;2;1
2022;      288105901;3;2881;59;1;4;8;2;1
2022;      288402701;3;2884;27;1;10;11;1;1
2022;      288402701;4;2884;27;1;9;5;1;2
2022;      288402701;5;2884;27;1;1;0;2;3
2022;      288402901;4;2884;29;1;10;10;2;1
2022;      288405101;3;2884;51;1;0;5;2;1
2022;      288406501;2;2884;65;1;1;3;2;1
2022;      288406601;2;2884;66;1;14;8;2;1
2022;      288502801;4;2885;28;1;3;0;2;1
2022;      288505201;4;2885;52;1;0;8;2;1
2022;      288506801;4;2885;68;1;3;8;2;1
2022;      288507301;4;2885;73;1;3;2;2;1
2022;      288507601;4;2885;76;1;5;0;2;1
2022;      288701901;1;2887;19;1;0;1;2;1
2022;      288702001;3;2887;20;1;0;1;2;1
2022;      288702201;3;2887;22;1;3;0;2;1
2022;      288703701;1;2887;37;1;2;3;2;1
2022;      288703901;4;2887;39;1;2;0;2;1
2022;      288900601;3;2889;6;1;0;5;2;1
2022;      288902101;4;2889;21;1;1;1;2;1
2022;      288903001;5;2889;30;1;2;4;2;1
2022;      288904801;3;2889;48;1;3;2;2;1
2022;      288905701;3;2889;57;1;1;0;2;1
2022;      288905801;6;2889;58;1;5;0;2;1
2022;      288906601;3;2889;66;1;0;5;2;1
2022;      289107401;3;2891;74;1;1;6;2;1
2022;      289402101;3;2894;21;1;1;9;2;1
2022;      289407801;5;2894;78;1;1;6;2;1
2022;      289506001;3;2895;60;1;4;7;2;1
2022;      289514701;7;2895;147;1;2;11;2;1
2022;      289514801;6;2895;148;1;4;11;1;1
2022;      289514801;7;2895;148;1;4;0;1;2
2022;      289514801;8;2895;148;1;1;2;2;3
2022;      289514901;3;2895;149;1;2;0;2;1
2022;      289515101;5;2895;151;1;3;9;2;1
2022;      289515201;8;2895;152;1;2;6;2;1
2022;      289603401;4;2896;34;1;0;4;2;1
2022;      289603601;5;2896;36;1;2;1;2;1
2022;      289604701;5;2896;47;1;0;6;2;1
2022;      289605001;4;2896;50;1;2;11;2;1
2022;      289605101;2;2896;51;1;2;9;2;1
2022;      289702401;2;2897;24;1;4;10;2;1
2022;      289702601;6;2897;26;1;10;11;2;1
2022;      289702701;4;2897;27;1;3;3;2;1
2022;      289703301;2;2897;33;1;0;1;1;1
2022;      289703301;4;2897;33;1;3;6;2;2
2022;      289703501;4;2897;35;1;1;6;2;1
2022;      289706701;4;2897;67;1;0;11;2;1
2022;      289707201;4;2897;72;1;5;11;1;1
2022;      289707201;5;2897;72;1;0;11;2;2
2022;      289800401;3;2898;4;1;2;0;2;1
2022;      289800501;3;2898;5;1;4;7;1;1
2022;      289800501;4;2898;5;1;1;4;2;2
2022;      289801201;3;2898;12;1;5;8;1;1
2022;      289801201;5;2898;12;1;1;8;2;2
2022;      289805101;3;2898;51;1;1;9;2;1
2022;      289805201;3;2898;52;1;0;11;2;1
2022;      289807701;4;2898;77;1;0;7;2;1
2022;      289808601;5;2898;86;1;1;4;2;1
2022;      290009901;7;2900;99;1;1;4;2;1
2022;      290310301;4;2903;103;1;0;3;2;1
2022;      290311801;5;2903;118;1;1;0;1;1
2022;      290311801;6;2903;118;1;0;3;2;2
2022;      291101401;2;2911;14;1;0;4;2;1
2022;      291102401;3;2911;24;1;2;8;1;1
2022;      291102401;5;2911;24;1;0;6;2;2
2022;      291105901;4;2911;59;1;1;0;1;1
2022;      291105901;5;2911;59;1;0;5;2;2
2022;      291205501;3;2912;55;1;0;3;2;1
2022;      291205801;2;2912;58;1;2;11;1;1
2022;      291205801;5;2912;58;1;2;11;1;2
2022;      291205801;6;2912;58;1;0;5;2;3
2022;      291206401;1;2912;64;1;1;11;2;1
2022;      291206402;3;2912;64;2;1;8;2;1
2022;      291302101;5;2913;21;1;0;1;2;1
2022;      291702601;6;2917;26;1;4;0;2;1
2022;      291708001;8;2917;80;1;3;0;2;1
2022;      291709501;4;2917;95;1;2;3;2;1
2022;      291800801;3;2918;8;1;0;3;2;1
2022;      291804402;3;2918;44;2;3;4;1;1
2022;      291804402;4;2918;44;2;0;1;2;2
2022;      291804501;4;2918;45;1;3;1;2;1
2022;      291804701;5;2918;47;1;4;7;2;1
2022;      291805501;4;2918;55;1;2;6;1;1
2022;      291805501;5;2918;55;1;0;5;2;2
2022;      291806901;3;2918;69;1;6;3;1;1
2022;      291806901;4;2918;69;1;3;11;2;2
2022;      291916601;5;2919;166;1;1;0;2;1
2022;      291916701;6;2919;167;1;2;0;2;1
2022;      292101801;3;2921;18;1;2;0;1;1
2022;      292101801;4;2921;18;1;0;6;2;2
2022;      292102701;5;2921;27;1;4;9;1;1
2022;      292102701;6;2921;27;1;3;9;2;2
2022;      292103601;5;2921;36;1;5;0;1;1
2022;      292103601;6;2921;36;1;5;0;2;2
2022;      292106901;4;2921;69;1;1;9;2;1
2022;      292108001;5;2921;80;1;0;3;2;1
2022;      292310101;4;2923;101;1;3;9;1;1
2022;      292310101;5;2923;101;1;0;9;2;2
2022;      292508401;4;2925;84;1;0;6;2;1
2022;      292712901;4;2927;129;1;1;0;2;1
2022;      292806901;3;2928;69;1;1;5;2;1
2022;      292903401;5;2929;34;1;2;0;1;1
2022;      292903401;6;2929;34;1;3;0;2;2
2022;      292907801;4;2929;78;1;1;0;1;1
2022;      292907801;5;2929;78;1;1;0;2;2
2022;      292909001;4;2929;90;1;0;3;1;1
2022;      292909001;6;2929;90;1;0;3;2;2
2022;      293100801;4;2931;8;1;0;3;2;1
2022;      293108801;4;2931;88;1;0;5;2;1
2022;      293109501;4;2931;95;1;5;11;2;1
2022;      293111101;5;2931;111;1;0;11;1;1
2022;      293111101;6;2931;111;1;0;11;2;2
2022;      293111401;3;2931;114;1;0;3;2;1
2022;      293114301;3;2931;143;1;0;1;2;1
2022;      293301701;3;2933;17;1;0;2;2;1
2022;      293304302;4;2933;43;2;0;2;2;1
2022;      293307301;2;2933;73;1;0;6;2;1
2022;      293312902;3;2933;129;2;3;0;2;1
2022;      293316501;4;2933;165;1;1;0;2;1
2022;      293317302;3;2933;173;2;3;0;2;1
2022;      293400801;4;2934;8;1;1;0;2;1
2022;      293401201;4;2934;12;1;2;6;2;1
2022;      293406001;3;2934;60;1;1;0;2;1
2022;      293406101;4;2934;61;1;3;0;2;1
2022;      293410001;3;2934;100;1;1;0;2;1
2022;      293410301;4;2934;103;1;2;0;2;1
2022;      294202701;4;2942;27;1;1;0;2;1
2022;      294207401;2;2942;74;1;0;3;2;1
2022;      294301401;2;2943;14;1;1;0;1;1
2022;      294301401;4;2943;14;1;1;0;2;2
2022;      294401701;4;2944;17;1;2;0;2;1
2022;      294401801;5;2944;18;1;4;6;2;1
2022;      294403201;5;2944;32;1;1;7;2;1
2022;      294407001;5;2944;70;1;3;0;2;1
2022;      294407101;4;2944;71;1;1;6;2;1
2022;      294503401;1;2945;34;1;3;0;1;1
2022;      294503401;3;2945;34;1;2;0;2;2
2022;      294506001;4;2945;60;1;0;1;2;1
2022;      294600701;4;2946;7;1;3;0;2;1
2022;      294601101;3;2946;11;1;0;6;2;1
2022;      294601301;2;2946;13;1;1;0;2;1
2022;      294605601;5;2946;56;1;4;0;2;1
2022;      294605801;3;2946;58;1;5;6;1;1
2022;      294605801;4;2946;58;1;0;1;2;2
2022;      294606001;6;2946;60;1;5;0;2;1
2022;      294607001;6;2946;70;1;0;6;2;1
2022;      294607601;1;2946;76;1;3;0;2;1
2022;      294607602;2;2946;76;2;1;4;2;1
2022;      294607701;3;2946;77;1;0;8;2;1
2022;      294702201;4;2947;22;1;2;0;2;1
2022;      294711201;2;2947;112;1;1;0;2;1
2022;      294900501;6;2949;5;1;4;0;1;1
2022;      294900501;7;2949;5;1;2;0;2;2
2022;      294900901;7;2949;9;1;1;2;1;1
2022;      294900901;9;2949;9;1;4;2;2;2
2022;      294901301;9;2949;13;1;1;0;2;1
2022;      294905501;6;2949;55;1;1;0;2;1
2022;      294905601;1;2949;56;1;2;4;2;1
2022;      294905701;3;2949;57;1;2;3;1;1
2022;      294905701;4;2949;57;1;1;3;2;2
2022;      294911001;4;2949;110;1;2;0;2;1
2022;      294911101;4;2949;111;1;1;3;2;1
2022;      294911301;1;2949;113;1;14;2;2;1
2022;      294911401;3;2949;114;1;1;0;2;1
2022;      295004701;5;2950;47;1;0;4;2;1
2022;      295004801;2;2950;48;1;0;6;1;1
2022;      295004801;5;2950;48;1;3;0;2;2
2022;      295005101;3;2950;51;1;1;6;2;1
2022;      295005201;3;2950;52;1;0;3;2;1
2022;      295011501;5;2950;115;1;0;4;2;1
2022;      295011601;3;2950;116;1;6;4;1;1
2022;      295011601;4;2950;116;1;4;1;2;2
2022;      295012101;3;2950;121;1;3;0;1;1
2022;      295012101;4;2950;121;1;1;0;2;2
2022;      295012201;9;2950;122;1;1;3;2;1
2022;      295201301;3;2952;13;1;4;0;1;1
2022;      295201301;4;2952;13;1;3;0;2;2
2022;      295201501;5;2952;15;1;4;6;2;1
2022;      295201801;7;2952;18;1;5;5;1;1
2022;      295201801;8;2952;18;1;2;5;2;2
2022;      295205201;5;2952;52;1;3;5;1;1
2022;      295205201;6;2952;52;1;2;5;2;2
2022;      295205601;4;2952;56;1;3;8;2;1
2022;      295211101;5;2952;111;1;3;0;2;1
2022;      295211501;3;2952;115;1;2;3;2;1
2022;      295211601;6;2952;116;1;4;10;2;1
2022;      295400301;9;2954;3;1;0;6;2;1
2022;      295400801;9;2954;8;1;3;0;1;1
2022;      295400801;10;2954;8;1;1;0;2;2
2022;      295401501;4;2954;15;1;0;2;2;1
2022;      295402201;6;2954;22;1;3;0;1;1
2022;      295402201;7;2954;22;1;2;0;2;2
2022;      295402301;3;2954;23;1;1;0;2;1
2022;      295402401;5;2954;24;1;1;0;2;1
2022;      295408001;3;2954;80;1;0;1;1;1
2022;      295408001;4;2954;80;1;0;1;2;2
2022;      295408301;2;2954;83;1;4;0;2;1
2022;      295501001;5;2955;10;1;4;0;1;1
2022;      295501001;6;2955;10;1;0;5;2;2
2022;      295502601;6;2955;26;1;2;10;2;1
2022;      295505901;4;2955;59;1;1;0;2;1
2022;      295506601;6;2955;66;1;1;0;2;1
2022;      295512401;4;2955;124;1;0;1;2;1
2022;      295512501;7;2955;125;1;1;11;2;1
2022;      295512901;6;2955;129;1;0;6;2;1
2022;      295514401;4;2955;144;1;0;10;2;1
2022;      295600201;3;2956;2;1;3;0;1;1
2022;      295600201;4;2956;2;1;2;0;2;2
2022;      295600501;5;2956;5;1;1;6;2;1
2022;      295600601;5;2956;6;1;2;0;1;1
2022;      295600601;6;2956;6;1;1;5;1;2
2022;      295600601;8;2956;6;1;1;0;2;3
2022;      295601301;3;2956;13;1;0;10;2;1
2022;      295601401;4;2956;14;1;2;0;2;1
2022;      295601701;4;2956;17;1;1;0;2;1
2022;      295615001;3;2956;150;1;5;0;2;1
2022;      295615101;2;2956;151;1;0;5;1;1
2022;      295615101;3;2956;151;1;1;0;2;2
2022;      295802901;4;2958;29;1;2;9;2;1
2022;      295811901;3;2958;119;1;1;7;2;1
2022;      295902001;3;2959;20;1;0;9;2;1
2022;      296003701;3;2960;37;1;98;98;2;1
2022;      296009201;3;2960;92;1;3;0;2;1
2022;      296011801;3;2960;118;1;1;0;2;1
2022;      296402301;3;2964;23;1;0;5;2;1
2022;      296404501;3;2964;45;1;3;0;2;1
2022;      296407001;4;2964;70;1;4;1;2;1
2022;      296408401;3;2964;84;1;0;2;2;1
2022;      296409201;5;2964;92;1;3;5;1;1
2022;      296409201;6;2964;92;1;1;5;2;2
2022;      296501101;4;2965;11;1;2;3;2;1
2022;      296504201;2;2965;42;1;1;6;2;1
2022;      296700701;10;2967;7;1;2;5;1;1
2022;      296700701;11;2967;7;1;0;8;2;2
2022;      296704501;4;2967;45;1;1;0;2;1
2022;      296705701;3;2967;57;1;0;8;2;1
2022;      296708401;4;2967;84;1;2;0;2;1
2022;      296900601;4;2969;6;1;1;0;2;1
2022;      296906101;2;2969;61;1;3;6;2;1
2022;      296912601;6;2969;126;1;1;7;2;1
2022;      296912701;4;2969;127;1;4;3;2;1
2022;      297001301;2;2970;13;1;0;10;2;1
2022;      297005001;4;2970;50;1;0;6;2;1
2022;      297010501;4;2970;105;1;2;6;2;1
2022;      297102201;7;2971;22;1;4;6;2;1
2022;      297104401;4;2971;44;1;3;3;2;1
2022;      297105301;3;2971;53;1;2;3;2;1
2022;      297200801;3;2972;8;1;0;6;2;1
2022;      297202201;3;2972;22;1;2;0;2;1
2022;      297202701;5;2972;27;1;0;9;2;1
2022;      297203401;5;2972;34;1;2;0;2;1
2022;      297204601;4;2972;46;1;2;0;2;1
2022;      297400901;3;2974;9;1;4;1;2;1
2022;      297401201;3;2974;12;1;6;0;1;1
2022;      297401201;4;2974;12;1;0;9;2;2
2022;      297402201;3;2974;22;1;1;0;2;1
2022;      297402801;4;2974;28;1;2;10;2;1
2022;      297404701;3;2974;47;1;4;0;2;1
2022;      297703801;4;2977;38;1;5;0;2;1
2022;      297709501;4;2977;95;1;2;0;2;1
2022;      297712301;3;2977;123;1;1;0;1;1
2022;      297712301;4;2977;123;1;1;0;2;2
2022;      298000501;3;2980;5;1;1;3;2;1
2022;      298010601;3;2980;106;1;3;11;2;1
2022;      298105501;2;2981;55;1;1;6;2;1
2022;      298113101;4;2981;131;1;1;6;2;1
2022;      298205401;3;2982;54;1;0;3;2;1
2022;      298504201;5;2985;42;1;0;3;2;1
2022;      298506501;1;2985;65;1;1;9;2;1
2022;      298506701;3;2985;67;1;0;3;1;1
2022;      298506701;4;2985;67;1;0;3;2;2
2022;      298507101;3;2985;71;1;2;0;2;1
2022;      298605801;8;2986;58;1;2;4;2;1
2022;      298607401;2;2986;74;1;0;6;2;1
2022;      298607501;3;2986;75;1;3;2;2;1
2022;      298607901;2;2986;79;1;0;9;1;1
2022;      298607901;3;2986;79;1;4;7;2;2
2022;      298701901;4;2987;19;1;0;9;2;1
2022;      298702101;3;2987;21;1;2;9;2;1
2022;      298702301;5;2987;23;1;1;5;1;1
2022;      298702301;6;2987;23;1;1;5;2;2
2022;      298702601;3;2987;26;1;2;0;2;1
2022;      298707601;5;2987;76;1;4;9;2;1
2022;      298707701;4;2987;77;1;3;5;1;1
2022;      298707701;5;2987;77;1;1;2;2;2
2022;      298804601;3;2988;46;1;0;11;2;1
2022;      298804901;3;2988;49;1;0;11;2;1
2022;      298809101;3;2988;91;1;3;11;1;1
2022;      298809101;4;2988;91;1;1;11;2;2
2022;      298809801;2;2988;98;1;0;11;2;1
2022;      298905201;3;2989;52;1;1;11;2;1
2022;      298911701;3;2989;117;1;2;2;2;1
2022;      299004701;6;2990;47;1;4;6;1;1
2022;      299004701;7;2990;47;1;0;4;2;2
2022;      299006901;2;2990;69;1;4;0;2;1
2022;      299007101;3;2990;71;1;5;0;2;1
2022;      299007201;3;2990;72;1;2;0;2;1
2022;      299202901;7;2992;29;1;2;5;2;1
2022;      299203001;2;2992;30;1;5;6;2;1
2022;      299207101;5;2992;71;1;2;4;2;1
2022;      299207201;2;2992;72;1;1;6;2;1
2022;      299207301;5;2992;73;1;2;5;1;1
2022;      299207301;6;2992;73;1;2;5;2;2
2022;      299208101;3;2992;81;1;3;6;1;1
2022;      299208101;4;2992;81;1;1;6;2;2
2022;      299306301;4;2993;63;1;0;7;2;1
2022;      299306401;6;2993;64;1;2;9;2;1
2022;      299306501;3;2993;65;1;1;8;2;1
2022;      299306601;4;2993;66;1;2;9;2;1
2022;      299306801;4;2993;68;1;2;9;2;1
2022;      299307001;2;2993;70;1;1;9;2;1
2022;      299501201;3;2995;12;1;3;6;2;1
2022;      299501701;2;2995;17;1;7;7;1;1
2022;      299501701;3;2995;17;1;5;7;2;2
2022;      299504001;4;2995;40;1;3;2;2;1
2022;      299505701;1;2995;57;1;2;0;2;1
2022;      299505901;4;2995;59;1;11;0;1;1
2022;      299505901;5;2995;59;1;9;0;2;2
2022;      299506001;2;2995;60;1;8;3;2;1
2022;      300101201;3;3001;12;1;0;6;2;1
2022;      300102601;2;3001;26;1;7;9;2;1
2022;      300102701;3;3001;27;1;0;6;2;1
2022;      300105401;2;3001;54;1;2;6;2;1
2022;      300305001;3;3003;50;1;4;2;1;1
2022;      300305001;4;3003;50;1;3;2;2;2
2022;      300305601;4;3003;56;1;4;10;2;1
2022;      300307901;3;3003;79;1;0;6;2;1
2022;      300308801;5;3003;88;1;2;0;2;1
2022;      300309501;3;3003;95;1;0;9;2;1
2022;      300502301;3;3005;23;1;5;6;1;1
2022;      300502301;4;3005;23;1;2;6;2;2
2022;      300504201;2;3005;42;1;0;11;2;1
2022;      300505501;5;3005;55;1;1;10;2;1
2022;      300602901;5;3006;29;1;2;4;2;1
2022;      300610001;2;3006;100;1;1;3;2;1
2022;      300610201;3;3006;102;1;1;0;2;1
2022;      300611201;5;3006;112;1;5;0;1;1
2022;      300611201;6;3006;112;1;3;0;2;2
2022;      300704301;3;3007;43;1;4;8;2;1
2022;      300704401;3;3007;44;1;4;9;2;1
2022;      300704801;4;3007;48;1;0;6;2;1
2022;      300705001;4;3007;50;1;4;9;2;1
2022;      300711701;3;3007;117;1;1;9;2;1
2022;      300802101;3;3008;21;1;2;7;2;1
2022;      300805101;3;3008;51;1;3;1;2;1
2022;      300805501;2;3008;55;1;2;8;2;1
2022;      300807001;7;3008;70;1;0;7;2;1
2022;      300808301;3;3008;83;1;3;0;2;1
2022;      300808401;3;3008;84;1;0;9;2;1
2022;      300900401;2;3009;4;1;1;9;2;1
2022;      300900601;4;3009;6;1;1;6;2;1
2022;      300901101;3;3009;11;1;0;3;2;1
2022;      300901301;3;3009;13;1;1;0;2;1
2022;      300901601;6;3009;16;1;4;9;2;1
2022;      301000901;5;3010;9;1;0;6;2;1
2022;      301002701;3;3010;27;1;0;6;1;1
2022;      301002701;4;3010;27;1;0;6;2;2
2022;      301002801;5;3010;28;1;1;0;2;1
2022;      301003101;4;3010;31;1;2;0;1;1
2022;      301003101;5;3010;31;1;0;3;2;2
2022;      301202701;4;3012;27;1;1;3;2;1
2022;      301204301;4;3012;43;1;3;8;2;1
2022;      301204501;1;3012;45;1;15;98;2;1
2022;      302205001;2;3022;50;1;0;3;2;1
2022;      302205003;2;3022;50;3;0;4;2;1
2022;      302500701;3;3025;7;1;1;9;2;1
2022;      302604001;5;3026;40;1;4;2;2;1
2022;      303005401;5;3030;54;1;3;0;2;1
2022;      303014901;8;3030;149;1;5;6;2;1
2022;      303016501;4;3030;165;1;2;3;2;1
2022;      303102401;3;3031;24;1;0;5;2;1
2022;      303507001;5;3035;70;1;1;6;2;1
2022;      303512701;3;3035;127;1;1;6;1;1
2022;      303512701;4;3035;127;1;0;6;2;2
2022;      303711901;2;3037;119;1;0;1;2;1
2022;      303805701;2;3038;57;1;2;0;2;1
2022;      303808501;1;3038;85;1;1;0;2;1
2022;      303811101;5;3038;111;1;1;0;2;1
2022;      304103501;5;3041;35;1;0;1;2;1
2022;      304105301;3;3041;53;1;1;9;1;1
2022;      304105301;4;3041;53;1;7;4;1;2
2022;      304105301;5;3041;53;1;3;4;1;3
2022;      304105301;6;3041;53;1;3;4;2;4
2022;      304303401;4;3043;34;1;2;11;2;1
2022;      304307801;7;3043;78;1;3;8;2;1
2022;      304309601;3;3043;96;1;0;2;2;1
2022;      304311401;5;3043;114;1;0;2;2;1
2022;      304401101;1;3044;11;1;0;5;1;1
2022;      304401101;4;3044;11;1;2;0;1;2
2022;      304401101;8;3044;11;1;2;0;2;3
2022;      304404201;5;3044;42;1;0;4;1;1
2022;      304404201;6;3044;42;1;0;4;2;2
2022;      304608801;4;3046;88;1;0;7;2;1
2022;      304711101;5;3047;111;1;2;6;2;1
2022;      304902201;3;3049;22;1;0;11;1;1
2022;      304902201;4;3049;22;1;0;4;2;2
2022;      305003301;4;3050;33;1;1;10;2;1
2022;      305102001;2;3051;20;1;1;3;2;1
2022;      305112601;4;3051;126;1;2;2;2;1
2022;      305116401;4;3051;164;1;0;4;2;1
2022;      305400801;4;3054;8;1;1;11;2;1
2022;      305411601;6;3054;116;1;1;11;2;1
2022;      305411901;5;3054;119;1;0;11;2;1
2022;      305601801;6;3056;18;1;1;4;2;1
2022;      305602001;2;3056;20;1;0;2;2;1
2022;      305604601;4;3056;46;1;2;3;2;1
2022;      305605201;3;3056;52;1;1;98;2;1
2022;      305612501;6;3056;125;1;3;8;1;1
2022;      305612501;7;3056;125;1;3;8;2;2
2022;      305613201;4;3056;132;1;0;6;2;1
2022;      305613301;5;3056;133;1;1;0;2;1
2022;      305613401;4;3056;134;1;2;3;2;1
2022;      305800101;8;3058;1;1;3;3;1;1
2022;      305800101;9;3058;1;1;1;7;2;2
2022;      305800201;6;3058;2;1;2;9;2;1
2022;      305800401;7;3058;4;1;2;8;2;1
2022;      305801301;4;3058;13;1;4;6;1;1
2022;      305801301;5;3058;13;1;0;8;2;2
2022;      305801401;5;3058;14;1;0;4;2;1
2022;      305807001;6;3058;70;1;1;4;2;1
2022;      305807101;5;3058;71;1;0;1;2;1
2022;      305807201;6;3058;72;1;3;6;2;1
2022;      305900901;5;3059;9;1;3;6;2;1
2022;      305905201;3;3059;52;1;13;4;2;1
2022;      305905401;3;3059;54;1;0;1;2;1
2022;      305905601;4;3059;56;1;5;4;1;1
2022;      305905601;5;3059;56;1;3;4;2;2
2022;      305905801;4;3059;58;1;4;2;2;1
2022;      306006701;3;3060;67;1;5;3;1;1
2022;      306006701;4;3060;67;1;3;4;2;2
2022;      306015601;4;3060;156;1;4;3;1;1
2022;      306015601;5;3060;156;1;1;5;2;2
2022;      306101401;4;3061;14;1;1;11;2;1
2022;      306103401;3;3061;34;1;0;2;2;1
2022;      306104001;5;3061;40;1;0;1;2;1
2022;      306200701;6;3062;7;1;1;8;2;1
2022;      306200901;4;3062;9;1;1;8;2;1
2022;      306205701;5;3062;57;1;2;8;2;1
2022;      306211101;5;3062;111;1;2;7;2;1
2022;      306211201;8;3062;112;1;2;8;2;1
2022;      306211401;3;3062;114;1;3;8;2;1
2022;      306400501;5;3064;5;1;3;6;2;1
2022;      306400701;5;3064;7;1;1;4;2;1
2022;      306402901;3;3064;29;1;2;8;1;1
2022;      306402901;4;3064;29;1;0;7;2;2
2022;      306404701;3;3064;47;1;0;4;1;1
2022;      306404701;4;3064;47;1;0;4;2;2
2022;      306406401;3;3064;64;1;1;4;2;1
2022;      306406801;6;3064;68;1;0;3;2;1
2022;      306409701;3;3064;97;1;1;1;2;1
2022;      306412201;4;3064;122;1;0;6;2;1
2022;      306700701;5;3067;7;1;0;5;2;1
2022;      306701501;2;3067;15;1;3;6;2;1
2022;      306703801;4;3067;38;1;0;2;2;1
2022;      306704901;4;3067;49;1;1;6;2;1
2022;      306904401;3;3069;44;1;1;2;1;1
2022;      306904401;4;3069;44;1;0;1;2;2
2022;      306905401;2;3069;54;1;1;8;2;1
2022;      306905501;4;3069;55;1;0;9;2;1
2022;      306912301;4;3069;123;1;2;4;2;1
2022;      306912401;4;3069;124;1;4;11;2;1
2022;      307204001;3;3072;40;1;1;9;1;1
2022;      307204001;4;3072;40;1;0;2;2;2
2022;      307706101;4;3077;61;1;3;9;2;1
2022;      307816001;3;3078;160;1;0;1;1;1
2022;      307816001;4;3078;160;1;0;1;2;2
2022;      308204701;3;3082;47;1;2;9;2;1
2022;      308305801;3;3083;58;1;0;6;2;1
2022;      308309101;4;3083;91;1;0;6;2;1
2022;      308501001;3;3085;10;1;0;6;1;1
2022;      308501001;6;3085;10;1;0;2;2;2
2022;      308601701;4;3086;17;1;1;6;2;1
2022;      308703901;4;3087;39;1;1;0;2;1
2022;      308705701;4;3087;57;1;1;0;2;1
2022;      308806801;2;3088;68;1;0;3;2;1
2022;      309301201;6;3093;12;1;2;4;2;1
2022;      309301401;3;3093;14;1;0;6;2;1
2022;      309304501;4;3093;45;1;0;2;2;1
2022;      309305101;3;3093;51;1;3;11;1;1
2022;      309305101;4;3093;51;1;2;11;2;2
2022;      309305601;3;3093;56;1;3;8;1;1
2022;      309305601;4;3093;56;1;0;8;2;2
2022;      309310901;4;3093;109;1;8;11;1;1
2022;      309310901;5;3093;109;1;3;6;1;2
2022;      309310901;6;3093;109;1;1;3;2;3
2022;      309311101;2;3093;111;1;2;8;2;1
2022;      309311501;8;3093;115;1;1;2;2;1
2022;      309402802;4;3094;28;2;3;3;2;1
2022;      309409101;3;3094;91;1;1;1;2;1
2022;      309503801;3;3095;38;1;0;4;2;1
2022;      309504801;2;3095;48;1;1;0;2;1
2022;      309508601;2;3095;86;1;4;7;2;1
2022;      309509401;3;3095;94;1;4;0;1;1
2022;      309509401;5;3095;94;1;0;9;2;2
2022;      309701001;3;3097;10;1;4;9;2;1
2022;      309703601;2;3097;36;1;0;9;2;1
2022;      309802001;3;3098;20;1;0;3;2;1
2022;      310513201;2;3105;132;1;0;10;2;1
2022;      310811501;2;3108;115;1;0;1;2;1
2022;      310907801;6;3109;78;1;1;0;2;1
2022;      311008201;3;3110;82;1;0;4;2;1
2022;      311009901;4;3110;99;1;2;1;2;1
2022;      311305101;4;3113;51;1;1;7;2;1
2022;      311305901;3;3113;59;1;0;6;2;1
2022;      311402401;4;3114;24;1;0;5;2;1
2022;      311403701;3;3114;37;1;5;6;1;1
2022;      311403701;4;3114;37;1;0;6;2;2
2022;      311408601;3;3114;86;1;1;5;2;1
2022;      311506601;2;3115;66;1;1;0;1;1
2022;      311506601;3;3115;66;1;1;0;2;2
2022;      311508301;3;3115;83;1;0;4;2;1
2022;      311605301;4;3116;53;1;0;7;2;1
2022;      311903801;5;3119;38;1;3;6;1;1
2022;      311903801;6;3119;38;1;2;6;2;2
2022;      311904701;3;3119;47;1;0;3;1;1
2022;      311904701;4;3119;47;1;0;3;2;2
2022;      312301501;3;3123;15;1;2;3;2;1
2022;      312303101;4;3123;31;1;4;6;2;1
2022;      312304701;3;3123;47;1;5;6;2;1
2022;      312401001;3;3124;10;1;3;8;2;1
2022;      312402101;3;3124;21;1;0;4;1;1
2022;      312402101;4;3124;21;1;0;1;2;2
2022;      312404201;3;3124;42;1;4;7;2;1
2022;      312404701;3;3124;47;1;2;7;2;1
2022;      312603101;4;3126;31;1;1;0;2;1
2022;      312805801;5;3128;58;1;0;6;2;1
2022;      313100101;3;3131;1;1;0;3;2;1
2022;      313102401;6;3131;24;1;1;2;2;1
2022;      313103401;3;3131;34;1;3;3;2;1
2022;      313105001;3;3131;50;1;5;4;2;1
2022;      313106201;3;3131;62;1;0;11;1;1
2022;      313106201;4;3131;62;1;1;8;2;2
2022;      313408001;2;3134;80;1;2;0;2;1
2022;      314202801;2;3142;28;1;0;9;2;1
2022;      314203001;3;3142;30;1;1;0;2;1
2022;      314203301;4;3142;33;1;1;6;2;1
2022;      314204301;4;3142;43;1;1;6;2;1
2022;      314401201;4;3144;12;1;2;7;1;1
2022;      314401201;5;3144;12;1;1;7;2;2
2022;      314405901;5;3144;59;1;5;0;1;1
2022;      314405901;6;3144;59;1;3;6;2;2
2022;      314605801;6;3146;58;1;0;6;2;1
2022;      314607401;3;3146;74;1;2;0;2;1
2022;      314614301;7;3146;143;1;1;4;2;1
2022;      314705201;5;3147;52;1;1;6;2;1
2022;      314713601;5;3147;136;1;5;3;1;1
2022;      314713601;6;3147;136;1;1;7;2;2
2022;      315011501;6;3150;115;1;1;0;2;1
2022;      315218201;4;3152;182;1;1;4;2;1
2022;      315510301;4;3155;103;1;3;4;2;1
2022;      315513201;3;3155;132;1;5;5;2;1
2022;      315704601;3;3157;46;1;2;0;2;1
2022;      315906401;3;3159;64;1;0;2;2;1
2022;      316210501;3;3162;105;1;1;0;2;1
2022;      316212401;4;3162;124;1;5;4;1;1
2022;      316212401;5;3162;124;1;4;4;2;2
2022;      316212701;3;3162;127;1;17;0;1;1
2022;      316212701;4;3162;127;1;14;0;1;2
2022;      316212701;6;3162;127;1;2;0;2;3
2022;      316212801;4;3162;128;1;4;7;2;1
2022;      316304101;2;3163;41;1;2;6;2;1
2022;      316308001;4;3163;80;1;0;3;2;1
2022;      316312301;3;3163;123;1;1;9;2;1
2022;      316313301;4;3163;133;1;0;4;2;1
2022;      316409301;5;3164;93;1;0;9;2;1
2022;      316410601;5;3164;106;1;0;9;2;1
2022;      316417802;3;3164;178;2;3;11;2;1
2022;      316805101;3;3168;51;1;0;4;2;1
2022;      316805201;5;3168;52;1;0;2;2;1
2022;      316816401;4;3168;164;1;1;10;2;1
2022;      317205601;6;3172;56;1;3;0;2;1
2022;      317505601;6;3175;56;1;0;8;1;1
2022;      317505601;7;3175;56;1;0;8;2;2
2022;      317801701;3;3178;17;1;2;4;2;1
2022;      317803401;5;3178;34;1;3;0;2;1
2022;      318307101;5;3183;71;1;0;1;2;1
2022;      318307901;4;3183;79;1;3;0;2;1
2022;      318807101;4;3188;71;1;0;1;2;1
2022;      318808501;4;3188;85;1;2;0;2;1
2022;      318818701;5;3188;187;1;0;1;2;1
2022;      319004601;5;3190;46;1;2;0;1;1
2022;      319004601;6;3190;46;1;1;0;2;2
2022;      319004701;3;3190;47;1;0;4;2;1
2022;      319008501;4;3190;85;1;0;6;2;1
2022;      319008901;7;3190;89;1;0;2;2;1
2022;      319202901;4;3192;29;1;3;3;2;1
2022;      319205701;5;3192;57;1;5;98;2;1
2022;      319205801;3;3192;58;1;5;0;2;1
2022;      319205901;5;3192;59;1;3;0;2;1
2022;      319206001;3;3192;60;1;0;3;2;1
2022;      319208401;4;3192;84;1;1;5;2;1
2022;      319212301;3;3192;123;1;1;0;1;1
2022;      319212301;5;3192;123;1;1;0;2;2
2022;      319309001;13;3193;90;1;0;6;2;1
2022;      319309201;3;3193;92;1;1;7;1;1
2022;      319309201;4;3193;92;1;0;8;2;2
2022;      319309301;3;3193;93;1;2;5;2;1
2022;      319320001;7;3193;200;1;0;3;2;1
2022;      321109101;2;3211;91;1;8;0;1;1
2022;      321109101;3;3211;91;1;4;0;1;2
2022;      321109101;4;3211;91;1;4;0;1;3
2022;      321109101;5;3211;91;1;3;0;2;4
2022;      321508201;4;3215;82;1;0;4;1;1
2022;      321508201;5;3215;82;1;0;4;2;2
2022;      321509901;3;3215;99;1;5;8;1;1
2022;      321509901;4;3215;99;1;3;8;1;2
2022;      321509901;5;3215;99;1;1;3;2;3
2022;      321515301;6;3215;153;1;0;4;1;1
2022;      321515301;7;3215;153;1;0;4;2;2
2022;      321701801;6;3217;18;1;2;7;2;1
2022;      321706701;3;3217;67;1;0;4;1;1
2022;      321706701;4;3217;67;1;0;4;2;2
2022;      321706901;3;3217;69;1;0;1;2;1
2022;      321809801;3;3218;98;1;1;4;2;1
2022;      321907001;4;3219;70;1;6;4;1;1
2022;      321907001;5;3219;70;1;4;8;1;2
2022;      321907001;6;3219;70;1;0;3;2;3
2022;      322505601;5;3225;56;1;0;3;2;1
2022;      323111101;3;3231;111;1;2;5;2;1
2022;      323202601;2;3232;26;1;0;6;1;1
2022;      323202601;3;3232;26;1;0;6;2;2
2022;      323902901;5;3239;29;1;0;2;2;1
2022;      323904101;3;3239;41;1;0;3;2;1
2022;      323906701;3;3239;67;1;0;3;2;1
2022;      323909601;3;3239;96;1;0;8;2;1
2022;      323910101;6;3239;101;1;1;6;2;1
2022;      324201401;4;3242;14;1;0;1;2;1
2022;      324205801;4;3242;58;1;3;0;2;1
2022;      324307501;4;3243;75;1;3;7;1;1
2022;      324307501;5;3243;75;1;2;6;2;2
2022;      324307901;3;3243;79;1;2;7;2;1
2022;      324308001;3;3243;80;1;2;9;2;1
2022;      324308201;3;3243;82;1;0;2;2;1
2022;      324500401;4;3245;4;1;0;8;2;1
2022;      324501201;5;3245;12;1;0;4;2;1
2022;      324502701;8;3245;27;1;1;2;2;1
2022;      324600301;2;3246;3;1;0;2;2;1
2022;      324604301;3;3246;43;1;0;1;2;1
2022;      324604401;4;3246;44;1;2;4;1;1
2022;      324604401;5;3246;44;1;1;3;1;2
2022;      324604401;6;3246;44;1;0;1;2;3
2022;      324604501;6;3246;45;1;3;6;1;1
2022;      324604501;7;3246;45;1;0;7;2;2
2022;      324604601;6;3246;46;1;1;2;2;1
2022;      324609901;6;3246;99;1;1;10;2;1
2022;      324610001;5;3246;100;1;3;7;1;1
2022;      324610001;6;3246;100;1;2;1;2;2
2022;      324610101;3;3246;101;1;2;8;2;1
2022;      324902501;6;3249;25;1;1;2;2;1
2022;      324902701;3;3249;27;1;0;3;1;1
2022;      324902701;4;3249;27;1;0;3;1;2
2022;      324902701;5;3249;27;1;0;3;2;3
2022;      324902801;2;3249;28;1;6;2;2;1
2022;      324902901;6;3249;29;1;1;6;2;1
2022;      324907901;7;3249;79;1;1;3;2;1
2022;      324908201;3;3249;82;1;4;3;1;1
2022;      324908201;4;3249;82;1;2;2;2;2
2022;      324908501;3;3249;85;1;5;2;2;1
2022;      325000201;3;3250;2;1;2;2;1;1
2022;      325000201;4;3250;2;1;1;6;2;2
2022;      325000401;5;3250;4;1;3;4;1;1
2022;      325000401;6;3250;4;1;3;4;2;2
2022;      325000501;1;3250;5;1;7;4;2;1
2022;      325109501;3;3251;95;1;4;3;1;1
2022;      325109501;4;3251;95;1;2;3;2;2
2022;      325109701;3;3251;97;1;0;3;1;1
2022;      325109701;4;3251;97;1;3;3;2;2
2022;      325109801;2;3251;98;1;0;2;1;1
2022;      325109801;5;3251;98;1;3;1;1;2
2022;      325109801;6;3251;98;1;0;9;2;3
2022;      325403401;6;3254;34;1;1;6;2;1
2022;      325404401;6;3254;44;1;3;0;2;1
2022;      325410601;6;3254;106;1;2;0;2;1
2022;      325800401;4;3258;4;1;0;7;2;1
2022;      325810401;5;3258;104;1;1;9;2;1
2022;      325812701;2;3258;127;1;1;3;2;1
2022;      325905801;4;3259;58;1;0;1;2;1
2022;      326003101;4;3260;31;1;3;2;2;1
2022;      326006601;3;3260;66;1;0;1;2;1
2022;      326007601;4;3260;76;1;2;6;2;1
2022;      326104201;8;3261;42;1;2;3;1;1
2022;      326104201;9;3261;42;1;0;10;2;2
2022;      326105701;5;3261;57;1;0;6;2;1
2022;      326108101;6;3261;81;1;2;0;1;1
2022;      326108101;7;3261;81;1;2;0;2;2
2022;      326210401;3;3262;104;1;2;0;2;1
2022;      326309701;4;3263;97;1;2;6;2;1
2022;      326401701;5;3264;17;1;1;0;2;1
2022;      326402001;5;3264;20;1;1;2;2;1
2022;      326405001;4;3264;50;1;2;0;2;1
2022;      326511501;3;3265;115;1;1;3;2;1
2022;      326514501;2;3265;145;1;3;5;2;1
2022;      326514601;6;3265;146;1;4;1;2;1
2022;      326514801;3;3265;148;1;2;1;2;1
2022;      326514901;4;3265;149;1;1;7;2;1
2022;      326600101;4;3266;1;1;1;5;2;1
2022;      326600401;3;3266;4;1;1;2;2;1
2022;      326600501;6;3266;5;1;1;0;2;1
2022;      326602301;6;3266;23;1;0;7;2;1
2022;      326602401;3;3266;24;1;4;0;2;1
2022;      326608101;3;3266;81;1;0;7;2;1
2022;      326608401;3;3266;84;1;2;0;1;1
2022;      326608401;4;3266;84;1;1;0;2;2
2022;      326700401;7;3267;4;1;1;0;2;1
2022;      326702301;2;3267;23;1;1;1;2;1
2022;      326702601;2;3267;26;1;2;0;2;1
2022;      326702701;3;3267;27;1;3;3;2;1
2022;      326705301;3;3267;53;1;0;1;2;1
2022;      326801701;3;3268;17;1;2;0;2;1
2022;      326802001;3;3268;20;1;1;6;2;1
2022;      326802201;5;3268;22;1;0;4;2;1
2022;      326804401;4;3268;44;1;3;6;2;1
2022;      326810501;5;3268;105;1;1;0;2;1
2022;      326810701;6;3268;107;1;3;6;2;1
2022;      326811001;4;3268;110;1;4;3;1;1
2022;      326811001;5;3268;110;1;0;9;2;2
2022;      326900201;3;3269;2;1;1;2;2;1
2022;      326900301;4;3269;3;1;2;0;2;1
2022;      326900401;2;3269;4;1;1;1;2;1
2022;      326900601;3;3269;6;1;5;2;2;1
2022;      326901001;4;3269;10;1;3;2;1;1
2022;      326901001;5;3269;10;1;1;6;2;2
2022;      326902301;3;3269;23;1;4;2;2;1
2022;      326903301;2;3269;33;1;1;5;2;1
2022;      326904001;5;3269;40;1;0;4;2;1
2022;      326905201;4;3269;52;1;3;8;1;1
2022;      326905201;5;3269;52;1;1;1;2;2
2022;      327001201;4;3270;12;1;3;1;2;1
2022;      327002601;3;3270;26;1;3;1;2;1
2022;      327003701;5;3270;37;1;4;1;2;1
2022;      327004201;6;3270;42;1;5;2;2;1
2022;      327007201;5;3270;72;1;5;6;2;1
2022;      327100201;5;3271;2;1;0;1;2;1
2022;      327104201;5;3271;42;1;1;0;2;1
2022;      327104401;3;3271;44;1;0;3;2;1
2022;      327105001;2;3271;50;1;4;5;1;1
2022;      327105001;3;3271;50;1;0;1;2;2
2022;      327200201;5;3272;2;1;2;6;2;1
2022;      327201801;4;3272;18;1;4;3;2;1
2022;      327203701;3;3272;37;1;5;5;1;1
2022;      327203701;4;3272;37;1;3;7;2;2
2022;      327204801;3;3272;48;1;4;7;1;1
2022;      327204801;4;3272;48;1;0;10;2;2
2022;      327205801;5;3272;58;1;0;3;2;1
2022;      327206201;3;3272;62;1;0;4;2;1
2022;      327207101;4;3272;71;1;2;6;2;1
2022;      327210401;2;3272;104;1;3;5;2;1
2022;      327210901;4;3272;109;1;2;7;2;1
2022;      327303701;3;3273;37;1;0;6;2;1
2022;      327313001;8;3273;130;1;0;3;2;1
2022;      327313101;4;3273;131;1;4;1;2;1
2022;      327313401;5;3273;134;1;2;1;2;1
2022;      327313501;3;3273;135;1;0;4;2;1
2022;      327313601;4;3273;136;1;4;2;2;1
2022;      327313801;4;3273;138;1;5;0;2;1
2022;      327400301;4;3274;3;1;4;6;2;1
2022;      327400501;4;3274;5;1;0;2;2;1
2022;      327402101;4;3274;21;1;5;1;2;1
2022;      327402301;4;3274;23;1;2;5;2;1
2022;      327402401;4;3274;24;1;1;1;2;1
2022;      327402501;6;3274;25;1;1;0;2;1
2022;      327406901;4;3274;69;1;0;1;2;1
2022;      327407001;5;3274;70;1;3;6;2;1
2022;      327505501;4;3275;55;1;2;4;1;1
2022;      327505501;5;3275;55;1;2;4;2;2
2022;      327507701;4;3275;77;1;3;6;1;1
2022;      327507701;9;3275;77;1;5;5;1;2
2022;      327507701;10;3275;77;1;5;5;2;3
2022;      328000601;6;3280;6;1;4;0;2;1
2022;      328102001;5;3281;20;1;1;0;2;1
2022;      328109801;5;3281;98;1;0;9;2;1
2022;      328501801;4;3285;18;1;4;0;1;1
2022;      328501801;5;3285;18;1;1;0;1;2
2022;      328501801;7;3285;18;1;3;0;2;3
2022;      328506101;3;3285;61;1;0;6;2;1
2022;      328603501;5;3286;35;1;2;0;2;1
2022;      328702401;3;3287;24;1;3;0;2;1
2022;      328702601;4;3287;26;1;6;3;2;1
2022;      328703201;1;3287;32;1;1;0;1;1
2022;      328703201;5;3287;32;1;3;0;1;2
2022;      328703201;6;3287;32;1;3;0;1;3
2022;      328703201;7;3287;32;1;3;0;2;4
2022;      328703601;3;3287;36;1;1;1;1;1
2022;      328703601;4;3287;36;1;1;1;2;2
2022;      328707001;3;3287;70;1;2;0;2;1
2022;      328707401;6;3287;74;1;1;1;2;1
2022;      328800801;3;3288;8;1;4;0;1;1
2022;      328800801;4;3288;8;1;2;0;2;2
2022;      328804401;4;3288;44;1;1;0;2;1
2022;      328805601;11;3288;56;1;1;6;2;1
2022;      328805901;3;3288;59;1;0;3;2;1
2022;      328806601;2;3288;66;1;2;0;2;1
2022;      328903801;3;3289;38;1;1;5;1;1
2022;      328903801;4;3289;38;1;1;5;2;2
2022;      328904001;3;3289;40;1;2;5;2;1
2022;      328904801;4;3289;48;1;0;2;2;1
2022;      328910501;3;3289;105;1;2;5;1;1
2022;      328910501;4;3289;105;1;0;5;2;2
2022;      328910701;4;3289;107;1;2;6;2;1
2022;      328914101;5;3289;141;1;2;0;2;1
2022;      328914401;3;3289;144;1;2;0;2;1
2022;      329001301;3;3290;13;1;3;0;2;1
2022;      329001401;6;3290;14;1;0;4;2;1
2022;      329001501;5;3290;15;1;2;0;2;1
2022;      329001601;7;3290;16;1;3;0;2;1
2022;      329001701;2;3290;17;1;13;0;2;1
2022;      329004101;7;3290;41;1;1;0;2;1
2022;      329007801;6;3290;78;1;2;0;2;1
2022;      329007901;8;3290;79;1;0;4;2;1
2022;      329104101;5;3291;41;1;1;2;2;1
2022;      329104401;4;3291;44;1;4;0;2;1
2022;      329104601;5;3291;46;1;1;0;2;1
2022;      329106101;4;3291;61;1;4;0;1;1
2022;      329106101;5;3291;61;1;1;0;2;2
2022;      329106401;4;3291;64;1;0;1;2;1
2022;      329109901;3;3291;99;1;0;7;2;1
2022;      329110301;5;3291;103;1;1;1;2;1
2022;      329201401;3;3292;14;1;3;10;1;1
2022;      329201401;4;3292;14;1;0;3;2;2
2022;      329202701;4;3292;27;1;5;5;1;1
2022;      329202701;5;3292;27;1;0;9;2;2
2022;      329203601;2;3292;36;1;0;4;2;1
2022;      329204801;3;3292;48;1;2;5;2;1
2022;      329205601;3;3292;56;1;3;5;2;1
2022;      329206901;4;3292;69;1;3;5;2;1
2022;      329507601;5;3295;76;1;1;9;1;1
2022;      329507601;6;3295;76;1;0;9;2;2
2022;      329700601;3;3297;6;1;0;1;2;1
2022;      329803801;3;3298;38;1;0;2;2;1
2022;      329808001;3;3298;80;1;1;0;1;1
2022;      329808001;4;3298;80;1;5;0;1;2
2022;      329808001;5;3298;80;1;5;0;2;3
2022;      329812501;1;3298;125;1;0;4;1;1
2022;      329812501;2;3298;125;1;0;4;2;2
2022;      329902001;3;3299;20;1;1;2;1;1
2022;      329902001;4;3299;20;1;0;2;2;2
2022;      329905901;3;3299;59;1;3;0;2;1
2022;      329912101;3;3299;121;1;3;2;2;1
2022;      329912201;5;3299;122;1;1;1;2;1
2022;      330001601;6;3300;16;1;0;1;2;1
2022;      330002101;8;3300;21;1;3;0;2;1
2022;      330002701;3;3300;27;1;1;5;1;1
2022;      330002701;4;3300;27;1;0;1;2;2
2022;      330003101;5;3300;31;1;2;0;1;1
2022;      330003101;7;3300;31;1;2;0;1;2
2022;      330003101;8;3300;31;1;0;1;2;3
2022;      330011201;3;3300;112;1;3;0;2;1
2022;      330111001;2;3301;110;1;3;6;2;1
2022;      330111701;3;3301;117;1;0;4;2;1
2022;      330111901;3;3301;119;1;5;0;1;1
2022;      330111901;4;3301;119;1;3;0;2;2
2022;      330112001;3;3301;120;1;5;2;2;1
2022;      330115101;5;3301;151;1;4;0;2;1
2022;      330115201;6;3301;152;1;4;11;2;1
2022;      330115301;6;3301;153;1;6;0;1;1
2022;      330115301;7;3301;153;1;3;0;2;2
2022;      330115501;4;3301;155;1;6;5;1;1
2022;      330115501;5;3301;155;1;1;1;2;2
2022;      330200701;6;3302;7;1;0;2;2;1
2022;      330202201;3;3302;22;1;0;9;2;1
2022;      330203401;5;3302;34;1;0;8;2;1
2022;      330204301;3;3302;43;1;2;6;1;1
2022;      330204301;5;3302;43;1;1;8;2;2
2022;      330207801;6;3302;78;1;1;6;2;1
2022;      330209301;3;3302;93;1;4;0;1;1
2022;      330209301;4;3302;93;1;2;0;2;2
2022;      330211301;3;3302;113;1;0;10;2;1
2022;      330211601;3;3302;116;1;3;2;2;1
2022;      330212001;4;3302;120;1;0;11;2;1
2022;      330212101;2;3302;121;1;26;0;2;1
2022;      330300901;3;3303;9;1;3;0;2;1
2022;      330301201;5;3303;12;1;2;0;2;1
2022;      330315601;3;3303;156;1;2;0;2;1
2022;      330315901;3;3303;159;1;1;0;2;1
2022;      330316501;4;3303;165;1;4;0;2;1
2022;      330400301;3;3304;3;1;2;0;2;1
2022;      330401301;3;3304;13;1;5;6;1;1
2022;      330401301;4;3304;13;1;3;2;2;2
2022;      330402701;3;3304;27;1;1;0;2;1
2022;      330402801;3;3304;28;1;0;1;2;1
2022;      330501701;3;3305;17;1;2;0;1;1
2022;      330501701;4;3305;17;1;1;0;2;2
2022;      330503101;4;3305;31;1;1;3;2;1
2022;      330503201;4;3305;32;1;2;0;2;1
2022;      330517901;4;3305;179;1;2;0;2;1
2022;      330518001;3;3305;180;1;2;0;1;1
2022;      330518001;4;3305;180;1;2;0;2;2
2022;      330518101;3;3305;181;1;2;6;2;1
2022;      330518201;3;3305;182;1;3;0;1;1
2022;      330518201;4;3305;182;1;0;3;2;2
2022;      330600101;4;3306;1;1;3;2;2;1
2022;      330603701;5;3306;37;1;2;6;2;1
2022;      330603801;3;3306;38;1;2;2;2;1
2022;      330606001;3;3306;60;1;1;0;2;1
2022;      330606201;5;3306;62;1;4;0;2;1
2022;      330701201;3;3307;12;1;4;8;2;1
2022;      330701601;2;3307;16;1;0;8;2;1
2022;      330702501;5;3307;25;1;4;1;2;1
2022;      330702801;4;3307;28;1;2;2;1;1
2022;      330702801;5;3307;28;1;1;0;2;2
2022;      330709301;5;3307;93;1;3;6;1;1
2022;      330709301;6;3307;93;1;1;0;2;2
2022;      330709401;3;3307;94;1;3;0;2;1
2022;      330802101;2;3308;21;1;1;8;2;1
2022;      330802601;3;3308;26;1;1;11;2;1
2022;      330802801;2;3308;28;1;1;0;2;1
2022;      330805901;4;3308;59;1;2;0;2;1
2022;      330900301;2;3309;3;1;2;0;1;1
2022;      330900301;3;3309;3;1;2;0;2;2
2022;      330902601;5;3309;26;1;3;8;2;1
2022;      330903301;2;3309;33;1;2;6;2;1
2022;      330904101;4;3309;41;1;2;6;2;1
2022;      330904901;2;3309;49;1;0;7;1;1
2022;      330904901;4;3309;49;1;0;2;2;2
2022;      330905801;3;3309;58;1;3;2;2;1
2022;      330906701;4;3309;67;1;1;9;2;1
2022;      330908401;3;3309;84;1;3;0;1;1
2022;      330908401;4;3309;84;1;2;0;2;2
2022;      330908701;3;3309;87;1;1;6;2;1
2022;      330909401;4;3309;94;1;3;6;2;1
2022;      330909501;2;3309;95;1;0;4;2;1
2022;      331002801;3;3310;28;1;0;6;2;1
2022;      331003201;3;3310;32;1;1;0;2;1
2022;      331003401;3;3310;34;1;0;2;2;1
2022;      331005001;3;3310;50;1;0;4;1;1
2022;      331005001;4;3310;50;1;0;4;2;2
2022;      331005301;1;3310;53;1;10;1;2;1
2022;      331105002;4;3311;50;2;1;6;2;1
2022;      331105003;4;3311;50;3;5;0;2;1
2022;      331106101;5;3311;61;1;2;2;2;1
2022;      331107601;4;3311;76;1;1;2;1;1
2022;      331107601;5;3311;76;1;1;2;2;2
2022;      331109601;3;3311;96;1;6;2;2;1
2022;      331208901;2;3312;89;1;0;5;2;1
2022;      331301501;4;3313;15;1;0;6;1;1
2022;      331301501;5;3313;15;1;0;6;2;2
2022;      331304201;2;3313;42;1;0;9;1;1
2022;      331304201;3;3313;42;1;0;9;2;2
2022;      331304701;1;3313;47;1;0;2;2;1
2022;      331603502;2;3316;35;2;8;0;1;1
2022;      331603502;3;3316;35;2;3;0;2;2
2022;      331705201;3;3317;52;1;5;0;1;1
2022;      331705201;4;3317;52;1;2;0;2;2
2022;      331717801;2;3317;178;1;0;7;2;1
2022;      331719501;7;3317;195;1;3;1;2;1
2022;      331807401;3;3318;74;1;0;2;2;1
2022;      331808101;5;3318;81;1;0;4;2;1
2022;      331902301;4;3319;23;1;0;4;2;1
2022;      331912401;9;3319;124;1;1;3;2;1
2022;      332108301;2;3321;83;1;0;3;1;1
2022;      332108301;3;3321;83;1;1;0;2;2
2022;      332201401;4;3322;14;1;1;0;2;1
2022;      332203702;3;3322;37;2;0;4;2;1
2022;      332208001;3;3322;80;1;0;2;1;1
2022;      332208001;4;3322;80;1;0;2;2;2
2022;      332400601;4;3324;6;1;0;3;2;1
2022;      332401501;4;3324;15;1;0;4;2;1
2022;      332402101;4;3324;21;1;0;7;2;1
2022;      332405901;3;3324;59;1;3;5;2;1
2022;      332503901;4;3325;39;1;1;0;2;1
2022;      332506001;3;3325;60;1;0;3;1;1
2022;      332506001;4;3325;60;1;0;3;2;2
2022;      332508201;4;3325;82;1;4;0;2;1
2022;      332605001;4;3326;50;1;2;0;2;1
2022;      332609001;9;3326;90;1;0;6;2;1
2022;      332706101;3;3327;61;1;3;9;2;1
2022;      332802901;5;3328;29;1;0;1;2;1
2022;      332805201;3;3328;52;1;0;6;2;1
2022;      332902301;3;3329;23;1;1;6;1;1
2022;      332902301;4;3329;23;1;0;2;1;2
2022;      332902301;5;3329;23;1;3;10;2;3
2022;      332907801;4;3329;78;1;2;5;1;1
2022;      332907801;5;3329;78;1;2;10;2;2
2022;      333003001;3;3330;30;1;1;3;1;1
2022;      333003001;4;3330;30;1;0;5;2;2
2022;      333003401;3;3330;34;1;0;5;2;1
2022;      333005801;4;3330;58;1;7;4;1;1
2022;      333005801;5;3330;58;1;0;2;2;2
2022;      333006701;6;3330;67;1;3;3;2;1
2022;      333008001;3;3330;80;1;1;3;1;1
2022;      333008001;4;3330;80;1;3;3;2;2
2022;      333008101;5;3330;81;1;2;3;2;1
2022;      333010101;2;3330;101;1;1;3;2;1
2022;      333011201;6;3330;112;1;1;3;2;1
2022;      333011301;3;3330;113;1;0;11;2;1
2022;      333011901;2;3330;119;1;3;3;2;1
2022;      333101401;3;3331;14;1;5;3;2;1
2022;      333109301;3;3331;93;1;0;2;2;1
2022;      333206501;3;3332;65;1;3;0;2;1
2022;      333208301;3;3332;83;1;5;0;1;1
2022;      333208301;4;3332;83;1;2;0;2;2
2022;      333209801;4;3332;98;1;2;0;2;1
2022;      333302201;3;3333;22;1;4;0;1;1
2022;      333302201;4;3333;22;1;0;6;2;2
2022;      333404901;4;3334;49;1;0;6;2;1
2022;      333503801;3;3335;38;1;0;4;2;1
2022;      333508801;1;3335;88;1;0;5;1;1
2022;      333508801;2;3335;88;1;0;5;2;2
2022;      333508802;2;3335;88;2;1;0;2;1
2022;      333600401;5;3336;4;1;1;2;2;1
2022;      333600701;2;3336;7;1;0;3;2;1
2022;      333904701;4;3339;47;1;1;0;2;1
2022;      334011401;2;3340;114;1;3;0;2;1
2022;      334102401;3;3341;24;1;2;1;2;1
2022;      334102601;3;3341;26;1;2;0;1;1
2022;      334102601;4;3341;26;1;0;1;2;2
2022;      334103401;4;3341;34;1;2;0;2;1
2022;      334103601;3;3341;36;1;0;8;2;1
2022;      334205301;6;3342;53;1;1;4;2;1
2022;      334208501;5;3342;85;1;1;0;2;1
2022;      334307101;3;3343;71;1;3;2;2;1
2022;      334307801;4;3343;78;1;0;4;2;1
2022;      334500701;2;3345;7;1;0;1;1;1
2022;      334500701;5;3345;7;1;2;0;2;2
2022;      334500801;4;3345;8;1;2;0;2;1
2022;      334501801;1;3345;18;1;1;0;2;1
2022;      334503401;7;3345;34;1;3;0;2;1
2022;      334504601;4;3345;46;1;5;0;2;1
2022;      334505301;2;3345;53;1;2;0;2;1
2022;      334505801;3;3345;58;1;1;0;2;1
2022;      334508901;7;3345;89;1;1;8;2;1
2022;      334509201;5;3345;92;1;3;0;2;1
2022;      334601601;4;3346;16;1;2;0;2;1
2022;      334601801;3;3346;18;1;4;0;2;1
2022;      334601901;3;3346;19;1;2;6;1;1
2022;      334601901;4;3346;19;1;0;3;2;2
2022;      334602101;3;3346;21;1;3;4;2;1
2022;      334602201;3;3346;22;1;0;2;1;1
2022;      334602201;5;3346;22;1;1;2;2;2
2022;      334602401;2;3346;24;1;0;2;2;1
2022;      334602501;5;3346;25;1;0;4;2;1
2022;      334603101;4;3346;31;1;0;2;2;1
2022;      334700801;2;3347;8;1;1;4;2;1
2022;      334700901;2;3347;9;1;3;0;2;1
2022;      334701001;5;3347;10;1;0;9;2;1
2022;      334701701;6;3347;17;1;5;3;1;1
2022;      334701701;7;3347;17;1;3;1;2;2
2022;      334701801;3;3347;18;1;0;9;1;1
2022;      334701801;4;3347;18;1;4;10;2;2
2022;      334702001;3;3347;20;1;2;0;2;1
2022;      334709801;5;3347;98;1;4;0;2;1
2022;      334709901;6;3347;99;1;3;5;2;1
2022;      334803101;4;3348;31;1;1;5;1;1
2022;      334803101;5;3348;31;1;0;1;2;2
2022;      334804401;4;3348;44;1;2;6;2;1
2022;      334804501;3;3348;45;1;1;0;2;1
2022;      334804901;6;3348;49;1;3;0;2;1
2022;      334805601;2;3348;56;1;0;2;2;1
2022;      334905601;5;3349;56;1;1;0;2;1
2022;      334906001;2;3349;60;1;3;0;2;1
2022;      334906701;6;3349;67;1;4;6;2;1
2022;      334906801;5;3349;68;1;3;0;2;1
2022;      334907001;5;3349;70;1;1;1;2;1
2022;      334907101;5;3349;71;1;2;6;2;1
2022;      335000401;3;3350;4;1;0;2;1;1
2022;      335000401;4;3350;4;1;0;2;2;2
2022;      335002301;4;3350;23;1;2;0;1;1
2022;      335002301;5;3350;23;1;2;0;2;2
2022;      335002901;3;3350;29;1;3;3;1;1
2022;      335002901;4;3350;29;1;3;3;2;2
2022;      335004001;5;3350;40;1;6;3;1;1
2022;      335004001;6;3350;40;1;4;3;2;2
2022;      335005201;2;3350;52;1;0;1;1;1
2022;      335005201;3;3350;52;1;0;1;1;2
2022;      335005201;4;3350;52;1;0;1;2;3
2022;      335005701;3;3350;57;1;5;3;1;1
2022;      335005701;4;3350;57;1;3;3;1;2
2022;      335005701;5;3350;57;1;1;3;2;3
2022;      335100701;9;3351;7;1;2;0;2;1
2022;      335102001;6;3351;20;1;2;6;2;1
2022;      335102601;5;3351;26;1;0;5;2;1
2022;      335103901;4;3351;39;1;3;0;2;1
2022;      335105701;4;3351;57;1;5;0;2;1
2022;      335105901;3;3351;59;1;3;7;1;1
2022;      335105901;4;3351;59;1;1;0;2;2
2022;      335108701;5;3351;87;1;4;6;2;1
2022;      335108901;4;3351;89;1;4;0;2;1
2022;      335109301;6;3351;93;1;3;0;2;1
2022;      335203601;4;3352;36;1;5;6;2;1
2022;      335203701;3;3352;37;1;4;0;1;1
2022;      335203701;4;3352;37;1;2;0;2;2
2022;      335203801;3;3352;38;1;1;0;2;1
2022;      335204001;3;3352;40;1;2;0;2;1
2022;      335204101;3;3352;41;1;6;0;2;1
2022;      335207201;3;3352;72;1;3;0;1;1
2022;      335207201;4;3352;72;1;0;6;2;2
2022;      335207301;6;3352;73;1;2;0;1;1
2022;      335207301;7;3352;73;1;1;0;2;2
2022;      335207501;6;3352;75;1;1;0;2;1
2022;      335208601;3;3352;86;1;1;0;2;1
2022;      335300701;3;3353;7;1;0;3;2;1
2022;      335301201;3;3353;12;1;3;0;2;1
2022;      335301901;4;3353;19;1;4;0;2;1
2022;      335304301;4;3353;43;1;4;0;2;1
2022;      335304701;3;3353;47;1;3;0;1;1
2022;      335304701;4;3353;47;1;0;1;2;2
2022;      335304901;2;3353;49;1;0;1;2;1
2022;      335603301;5;3356;33;1;0;6;2;1
2022;      335707001;4;3357;70;1;0;1;1;1
2022;      335707001;13;3357;70;1;0;1;2;2
2022;      335707801;3;3357;78;1;3;0;2;1
2022;      335804101;2;3358;41;1;0;2;2;1
2022;      335805901;5;3358;59;1;1;3;2;1
2022;      335901301;4;3359;13;1;0;7;2;1
2022;      335902401;3;3359;24;1;3;6;2;1
2022;      335905501;4;3359;55;1;2;4;2;1
2022;      335911101;3;3359;111;1;4;1;2;1
2022;      336004301;4;3360;43;1;1;9;2;1
2022;      336004401;3;3360;44;1;4;4;2;1
2022;      336004501;3;3360;45;1;1;0;2;1
2022;      336007701;4;3360;77;1;2;3;2;1
2022;      336007901;4;3360;79;1;3;3;2;1
2022;      336008001;3;3360;80;1;3;4;2;1
2022;      336008401;3;3360;84;1;2;5;2;1
2022;      336011201;4;3360;112;1;0;10;2;1
2022;      336011501;3;3360;115;1;4;7;2;1
2022;      336011601;3;3360;116;1;3;8;1;1
2022;      336011601;4;3360;116;1;2;2;2;2
2022;      336012001;3;3360;120;1;3;5;1;1
2022;      336012001;4;3360;120;1;1;0;2;2
2022;      336200101;4;3362;1;1;98;98;1;1
2022;      336200101;5;3362;1;1;1;0;2;2
2022;      336200301;5;3362;3;1;11;0;2;1
2022;      336200401;2;3362;4;1;9;5;2;1
2022;      336203601;4;3362;36;1;0;6;2;1
2022;      336205301;3;3362;53;1;3;11;2;1
2022;      336205501;3;3362;55;1;2;8;2;1
2022;      336205801;4;3362;58;1;1;6;1;1
2022;      336205801;5;3362;58;1;1;6;2;2
2022;      336207401;2;3362;74;1;13;0;2;1
2022;      336207601;3;3362;76;1;3;0;2;1
2022;      336207701;3;3362;77;1;9;0;1;1
2022;      336207701;4;3362;77;1;4;10;2;2
2022;      336306301;3;3363;63;1;0;3;2;1
2022;      336306501;3;3363;65;1;2;4;1;1
2022;      336306501;4;3363;65;1;5;4;1;2
2022;      336306501;5;3363;65;1;2;4;2;3
2022;      336306601;3;3363;66;1;3;7;2;1
2022;      336307801;4;3363;78;1;7;4;2;1
2022;      336311501;4;3363;115;1;0;11;2;1
2022;      336311601;5;3363;116;1;5;6;1;1
2022;      336311601;6;3363;116;1;3;6;2;2
2022;      336311801;3;3363;118;1;4;6;2;1
2022;      336407101;3;3364;71;1;4;0;1;1
2022;      336407101;4;3364;71;1;0;6;2;2
2022;      336407301;3;3364;73;1;6;4;1;1
2022;      336407301;4;3364;73;1;3;4;2;2
2022;      336411701;6;3364;117;1;2;4;2;1
2022;      336501501;4;3365;15;1;0;2;2;1
2022;      336502101;4;3365;21;1;0;2;2;1
2022;      336502201;2;3365;22;1;10;0;2;1
2022;      336502301;3;3365;23;1;1;2;1;1
2022;      336502301;4;3365;23;1;0;2;2;2
2022;      336503101;3;3365;31;1;2;6;2;1
2022;      336503501;3;3365;35;1;0;6;2;1
2022;      336505801;4;3365;58;1;4;6;1;1
2022;      336505801;5;3365;58;1;2;6;2;2
2022;      336506001;4;3365;60;1;4;2;2;1
2022;      336506201;5;3365;62;1;2;5;2;1
2022;      336601101;5;3366;11;1;3;2;1;1
2022;      336601101;6;3366;11;1;1;2;2;2
2022;      336601301;8;3366;13;1;3;11;2;1
2022;      336601401;5;3366;14;1;4;3;2;1
2022;      336609101;3;3366;91;1;2;5;2;1
2022;      336609701;4;3366;97;1;1;6;2;1
2022;      336705501;4;3367;55;1;3;8;2;1
2022;      336705601;1;3367;56;1;15;4;2;1
2022;      336705701;4;3367;57;1;6;4;1;1
2022;      336705701;5;3367;57;1;4;4;2;2
2022;      336705901;4;3367;59;1;5;6;2;1
2022;      336706601;3;3367;66;1;1;2;2;1
2022;      336707201;6;3367;72;1;0;6;2;1
2022;      336800301;4;3368;3;1;4;11;2;1
2022;      336800501;3;3368;5;1;5;0;1;1
2022;      336800501;4;3368;5;1;3;4;1;2
2022;      336800501;5;3368;5;1;2;1;2;3
2022;      336806901;2;3368;69;1;0;1;2;1
2022;      336807301;5;3368;73;1;4;0;2;1
2022;      336807601;4;3368;76;1;4;0;2;1
2022;      336810901;5;3368;109;1;4;9;1;1
2022;      336810901;6;3368;109;1;0;1;2;2
2022;      336911301;3;3369;113;1;0;6;2;1
2022;      336911601;5;3369;116;1;1;5;2;1
2022;      336919701;4;3369;197;1;3;4;2;1
2022;      336919801;3;3369;198;1;2;5;2;1
2022;      336920001;4;3369;200;1;1;5;2;1
2022;      336920101;3;3369;201;1;3;5;2;1
2022;      337002601;3;3370;26;1;3;6;1;1
2022;      337002601;4;3370;26;1;0;1;2;2
2022;      337009401;4;3370;94;1;2;6;2;1
2022;      337009701;4;3370;97;1;2;5;2;1
2022;      337010001;3;3370;100;1;1;1;2;1
2022;      337010601;4;3370;106;1;0;11;2;1
2022;      337113401;3;3371;134;1;1;1;1;1
2022;      337113401;4;3371;134;1;0;1;2;2
2022;      337114401;6;3371;144;1;2;0;2;1
2022;      337202901;8;3372;29;1;0;3;2;1
2022;      337217501;5;3372;175;1;0;5;2;1
2022;      337418301;4;3374;183;1;0;1;2;1
2022;      337504401;4;3375;44;1;1;2;1;1
2022;      337504401;5;3375;44;1;1;2;2;2
2022;      337507201;3;3375;72;1;2;0;1;1
2022;      337507201;4;3375;72;1;1;0;2;2
2022;      337509701;5;3375;97;1;1;2;1;1
2022;      337509701;6;3375;97;1;1;2;1;2
2022;      337509701;7;3375;97;1;1;2;1;3
2022;      337509701;8;3375;97;1;1;2;2;4
2022;      337510601;3;3375;106;1;1;2;1;1
2022;      337510601;4;3375;106;1;1;0;2;2
2022;      337511901;3;3375;119;1;0;3;1;1
2022;      337511901;4;3375;119;1;0;3;1;2
2022;      337511901;5;3375;119;1;0;3;2;3
2022;      337603501;2;3376;35;1;98;98;2;1
2022;      337603602;3;3376;36;2;2;3;1;1
2022;      337603602;4;3376;36;2;2;3;2;2
2022;      337609001;2;3376;90;1;4;3;1;1
2022;      337609001;7;3376;90;1;0;1;2;2
2022;      337610301;4;3376;103;1;0;3;2;1
2022;      337806301;1;3378;63;1;0;9;2;1
2022;      337904001;5;3379;40;1;1;5;2;1
2022;      337904401;4;3379;44;1;1;5;2;1
2022;      338008301;3;3380;83;1;3;5;1;1
2022;      338008301;4;3380;83;1;2;5;1;2
2022;      338008301;6;3380;83;1;3;5;2;3
2022;      338010301;5;3380;103;1;1;5;2;1
2022;      338012601;2;3380;126;1;11;0;1;1
2022;      338012601;6;3380;126;1;7;0;1;2
2022;      338012601;7;3380;126;1;3;0;2;3
2022;      338110901;3;3381;109;1;10;4;2;1
2022;      338116501;5;3381;165;1;2;4;1;1
2022;      338116501;6;3381;165;1;2;4;1;2
2022;      338116501;9;3381;165;1;2;4;1;3
2022;      338116501;10;3381;165;1;2;4;2;4
2022;      338118801;5;3381;188;1;2;4;1;1
2022;      338118801;6;3381;188;1;2;4;2;2
2022;      338205501;3;3382;55;1;2;0;1;1
2022;      338205501;4;3382;55;1;2;0;1;2
2022;      338205501;5;3382;55;1;0;9;2;3
2022;      338317101;3;3383;171;1;1;3;1;1
2022;      338317101;4;3383;171;1;1;3;2;2
2022;      338400901;4;3384;9;1;2;5;2;1
2022;      338411302;4;3384;113;2;8;5;1;1
2022;      338411302;5;3384;113;2;6;5;2;2
2022;      338704801;3;3387;48;1;1;1;2;1
2022;      338710001;1;3387;100;1;0;1;2;1
2022;      338710901;4;3387;109;1;0;1;1;1
2022;      338710901;5;3387;109;1;0;1;2;2
2022;      338802801;7;3388;28;1;3;11;1;1
2022;      338802801;8;3388;28;1;0;6;2;2
2022;      338808301;3;3388;83;1;3;0;1;1
2022;      338808301;4;3388;83;1;2;6;2;2
2022;      338901003;3;3389;10;3;1;3;2;1
2022;      338901801;2;3389;18;1;0;3;2;1
2022;      338910601;3;3389;106;1;0;3;2;1
2022;      339010401;6;3390;104;1;0;2;2;1
2022;      339012001;5;3390;120;1;2;0;2;1
2022;      339013801;3;3390;138;1;2;0;1;1
2022;      339013801;4;3390;138;1;2;0;2;2
2022;      339309001;4;3393;90;1;0;1;2;1
2022;      339408201;2;3394;82;1;3;0;2;1
2022;      339903301;5;3399;33;1;3;2;2;1
2022;      340001801;5;3400;18;1;0;4;2;1
2022;      340009601;3;3400;96;1;6;0;1;1
2022;      340009601;4;3400;96;1;1;0;2;2
2022;      340105601;4;3401;56;1;2;0;1;1
2022;      340105601;5;3401;56;1;1;3;2;2
2022;      340112701;3;3401;127;1;4;2;1;1
2022;      340112701;4;3401;127;1;3;1;1;2
2022;      340112701;5;3401;127;1;0;3;2;3
2022;      340201101;3;3402;11;1;1;0;1;1
2022;      340201101;4;3402;11;1;1;0;1;2
2022;      340201101;5;3402;11;1;1;0;2;3
2022;      340400901;3;3404;9;1;0;10;2;1
2022;      340402001;3;3404;20;1;3;6;2;1
2022;      340402301;3;3404;23;1;1;0;1;1
2022;      340402301;5;3404;23;1;3;0;2;2
2022;      340500601;4;3405;6;1;2;0;2;1
2022;      340500801;3;3405;8;1;2;0;2;1
2022;      340513801;5;3405;138;1;1;0;2;1
2022;      340514001;3;3405;140;1;4;0;2;1
2022;      340514201;5;3405;142;1;1;6;2;1
2022;      340514801;5;3405;148;1;3;0;2;1
2022;      340515301;4;3405;153;1;3;0;1;1
2022;      340515301;5;3405;153;1;0;5;2;2
2022;      340515601;3;3405;156;1;0;2;2;1
2022;      340515701;3;3405;157;1;3;0;1;1
2022;      340515701;4;3405;157;1;1;0;2;2
2022;      340605201;6;3406;52;1;1;0;2;1
2022;      340605901;4;3406;59;1;3;0;2;1
2022;      340700201;4;3407;2;1;1;0;2;1
2022;      340701601;3;3407;16;1;0;10;1;1
2022;      340701601;4;3407;16;1;0;1;2;2
2022;      340702701;2;3407;27;1;2;0;2;1
2022;      340705401;5;3407;54;1;1;0;2;1
2022;      340706401;1;3407;64;1;1;3;2;1
2022;      340707001;3;3407;70;1;5;4;1;1
2022;      340707001;4;3407;70;1;0;5;2;2
2022;      340709301;4;3407;93;1;1;2;2;1
2022;      340802901;3;3408;29;1;2;0;2;1
2022;      340803101;4;3408;31;1;6;0;2;1
2022;      340803201;2;3408;32;1;5;0;1;1
2022;      340803201;3;3408;32;1;2;6;2;2
2022;      340803301;3;3408;33;1;4;0;1;1
2022;      340803301;4;3408;33;1;0;1;2;2
2022;      340805101;6;3408;51;1;4;0;1;1
2022;      340805101;7;3408;51;1;2;4;2;2
2022;      340805201;1;3408;52;1;2;0;2;1
2022;      340805401;5;3408;54;1;3;0;2;1
2022;      340805701;4;3408;57;1;3;0;2;1
2022;      340901001;4;3409;10;1;1;3;2;1
2022;      340902601;3;3409;26;1;3;1;2;1
2022;      340903001;3;3409;30;1;0;1;2;1
2022;      340905701;5;3409;57;1;4;5;2;1
2022;      340905801;5;3409;58;1;3;5;2;1
2022;      340906001;6;3409;60;1;2;2;2;1
2022;      341000401;5;3410;4;1;4;1;2;1
2022;      341100201;3;3411;2;1;2;0;1;1
2022;      341100201;4;3411;2;1;0;1;2;2
2022;      341100801;2;3411;8;1;1;0;2;1
2022;      341101001;3;3411;10;1;2;0;1;1
2022;      341101001;4;3411;10;1;1;6;2;2
2022;      341101301;3;3411;13;1;4;0;2;1
2022;      341101501;4;3411;15;1;4;0;1;1
2022;      341101501;5;3411;15;1;1;0;2;2
2022;      341201901;4;3412;19;1;0;1;2;1
2022;      341202101;2;3412;21;1;1;2;2;1
2022;      341202501;3;3412;25;1;1;3;2;1
2022;      341305301;4;3413;53;1;0;3;2;1
2022;      341500301;6;3415;3;1;1;1;2;1
2022;      341506301;4;3415;63;1;0;6;2;1
2022;      341506901;3;3415;69;1;1;6;2;1
2022;      341600901;5;3416;9;1;3;4;2;1
2022;      341601801;4;3416;18;1;1;3;2;1
2022;      341605301;3;3416;53;1;4;3;2;1
2022;      341610401;4;3416;104;1;3;3;2;1
2022;      341703501;5;3417;35;1;5;10;2;1
2022;      341712101;5;3417;121;1;4;0;2;1
2022;      341712201;3;3417;122;1;4;0;2;1
2022;      341800501;4;3418;5;1;1;3;2;1
2022;      341804301;2;3418;43;1;0;1;2;1
2022;      341804701;5;3418;47;1;0;3;2;1
2022;      341804901;4;3418;49;1;3;3;2;1
2022;      341805201;3;3418;52;1;1;0;2;1
2022;      341806201;6;3418;62;1;5;0;1;1
2022;      341806201;7;3418;62;1;3;0;2;2
2022;      341806401;2;3418;64;1;2;3;2;1
2022;      341902001;7;3419;20;1;3;0;2;1
2022;      341904701;2;3419;47;1;26;3;2;1
2022;      341905001;6;3419;50;1;1;4;2;1
2022;      341905301;4;3419;53;1;1;4;2;1
2022;      341907101;3;3419;71;1;9;8;1;1
2022;      341907101;4;3419;71;1;4;4;1;2
2022;      341907101;5;3419;71;1;2;1;2;3
2022;      341907201;3;3419;72;1;1;1;2;1
2022;      341907701;7;3419;77;1;5;10;2;1
2022;      341907801;2;3419;78;1;15;1;2;1
2022;      342002201;3;3420;22;1;0;1;2;1
2022;      342006501;3;3420;65;1;0;6;1;1
2022;      342006501;5;3420;65;1;6;8;1;2
2022;      342006501;6;3420;65;1;0;6;2;3
2022;      342006601;6;3420;66;1;6;1;1;1
2022;      342006601;7;3420;66;1;3;4;2;2
2022;      342006801;5;3420;68;1;6;4;2;1
2022;      342007101;5;3420;71;1;0;1;2;1
2022;      342100301;5;3421;3;1;2;0;2;1
2022;      342100501;6;3421;5;1;2;9;1;1
2022;      342100501;7;3421;5;1;0;4;2;2
2022;      342101801;6;3421;18;1;4;2;1;1
2022;      342101801;8;3421;18;1;0;1;2;2
2022;      342103701;3;3421;37;1;0;1;2;1
2022;      342103901;7;3421;39;1;1;6;2;1
2022;      342201301;4;3422;13;1;1;0;2;1
2022;      342201501;2;3422;15;1;2;98;1;1
2022;      342201501;3;3422;15;1;2;1;2;2
2022;      342208001;3;3422;80;1;2;0;2;1
2022;      342213901;4;3422;139;1;1;2;2;1
2022;      342214401;5;3422;144;1;0;8;1;1
2022;      342214401;6;3422;144;1;0;10;2;2
2022;      342214701;3;3422;147;1;0;5;2;1
2022;      342300401;1;3423;4;1;2;0;2;1
2022;      342300501;2;3423;5;1;4;0;2;1
2022;      342300701;6;3423;7;1;4;0;1;1
2022;      342300701;7;3423;7;1;2;0;1;2
2022;      342300701;8;3423;7;1;0;8;2;3
2022;      342300801;3;3423;8;1;4;1;1;1
2022;      342300801;4;3423;8;1;0;11;2;2
2022;      342301701;1;3423;17;1;3;98;2;1
2022;      342301901;5;3423;19;1;5;0;2;1
2022;      342302001;5;3423;20;1;5;0;2;1
2022;      342304601;6;3423;46;1;4;3;2;1
2022;      342304701;3;3423;47;1;0;11;2;1
2022;      342304901;5;3423;49;1;4;0;2;1
2022;      342401201;4;3424;12;1;5;0;2;1
2022;      342401501;3;3424;15;1;1;0;2;1
2022;      342402101;3;3424;21;1;0;1;2;1
2022;      342405101;2;3424;51;1;3;0;2;1
2022;      342406501;3;3424;65;1;4;0;2;1
2022;      342407201;3;3424;72;1;6;0;1;1
2022;      342407201;4;3424;72;1;0;10;2;2
2022;      342501501;1;3425;15;1;1;0;2;1
2022;      342502001;3;3425;20;1;3;0;2;1
2022;      342507501;7;3425;75;1;1;10;2;1
2022;      342507601;7;3425;76;1;3;0;2;1
2022;      342507801;6;3425;78;1;2;0;2;1
2022;      342603601;4;3426;36;1;2;6;2;1
2022;      342603701;1;3426;37;1;1;0;2;1
2022;      342604501;3;3426;45;1;2;3;2;1
2022;      342604801;6;3426;48;1;5;1;1;1
2022;      342604801;7;3426;48;1;3;3;2;2
2022;      342605301;4;3426;53;1;0;7;2;1
2022;      342605401;5;3426;54;1;5;5;2;1
2022;      342606601;7;3426;66;1;0;7;2;1
2022;      342702701;3;3427;27;1;5;0;1;1
2022;      342702701;4;3427;27;1;3;0;2;2
2022;      342704901;5;3427;49;1;5;5;2;1
2022;      342705501;3;3427;55;1;1;0;1;1
2022;      342705501;4;3427;55;1;2;0;2;2
2022;      342705801;5;3427;58;1;1;0;2;1
2022;      342705901;2;3427;59;1;0;2;1;1
2022;      342705901;3;3427;59;1;0;2;2;2
2022;      342706001;4;3427;60;1;0;8;2;1
2022;      342801001;3;3428;10;1;3;8;2;1
2022;      342801201;4;3428;12;1;1;3;2;1
2022;      342803901;4;3428;39;1;2;0;2;1
2022;      342804601;2;3428;46;1;0;3;2;1
2022;      342903201;4;3429;32;1;4;0;1;1
2022;      342903201;5;3429;32;1;1;2;2;2
2022;      343004301;4;3430;43;1;4;3;1;1
2022;      343004301;5;3430;43;1;3;0;2;2
2022;      343007101;4;3430;71;1;4;11;2;1
2022;      343106901;4;3431;69;1;0;3;1;1
2022;      343106901;5;3431;69;1;0;3;2;2
2022;      343200701;3;3432;7;1;3;2;2;1
2022;      343207001;3;3432;70;1;4;0;2;1
2022;      343212301;4;3432;123;1;1;0;2;1
2022;      343311301;4;3433;113;1;3;2;1;1
2022;      343311301;5;3433;113;1;2;2;2;2
2022;      343705001;4;3437;50;1;6;8;2;1
2022;      343705801;2;3437;58;1;2;4;2;1
2022;      343706701;6;3437;67;1;2;10;2;1
2022;      343708501;3;3437;85;1;0;11;2;1
2022;      343712901;3;3437;129;1;0;9;2;1
2022;      343714901;3;3437;149;1;5;0;1;1
2022;      343714901;4;3437;149;1;0;6;2;2
2022;      343806601;5;3438;66;1;0;1;2;1
2022;      343806701;3;3438;67;1;98;98;1;1
2022;      343806701;6;3438;67;1;1;0;2;2
2022;      343807001;6;3438;70;1;0;1;2;1
2022;      343811801;6;3438;118;1;4;0;2;1
2022;      343812001;3;3438;120;1;1;1;2;1
2022;      343813201;2;3438;132;1;1;0;1;1
2022;      343813201;6;3438;132;1;2;0;2;2
2022;      343814001;3;3438;140;1;0;1;1;1
2022;      343814001;4;3438;140;1;0;1;2;2
2022;      343905701;2;3439;57;1;1;0;2;1
2022;      343908201;3;3439;82;1;2;0;1;1
2022;      343908201;4;3439;82;1;2;6;2;2
2022;      344000701;3;3440;7;1;3;9;2;1
2022;      344000801;5;3440;8;1;2;0;2;1
2022;      344002501;3;3440;25;1;2;0;2;1
2022;      344005101;4;3440;51;1;2;3;2;1
2022;      344005401;3;3440;54;1;1;0;2;1
2022;      344101301;3;3441;13;1;0;5;2;1
2022;      344102001;5;3441;20;1;4;0;2;1
2022;      344102901;4;3441;29;1;3;0;2;1
2022;      344103401;3;3441;34;1;4;0;2;1
2022;      344104301;4;3441;43;1;4;0;2;1
2022;      344106301;5;3441;63;1;0;6;2;1
2022;      344200501;4;3442;5;1;3;8;2;1
2022;      344201401;6;3442;14;1;6;0;1;1
2022;      344201401;7;3442;14;1;4;0;2;2
2022;      344203001;4;3442;30;1;9;0;1;1
2022;      344203001;5;3442;30;1;3;0;2;2
2022;      344203101;4;3442;31;1;0;1;2;1
2022;      344203901;3;3442;39;1;3;0;2;1
2022;      344204801;4;3442;48;1;4;4;2;1
2022;      344206901;3;3442;69;1;2;0;2;1
2022;      344208601;4;3442;86;1;1;0;2;1
2022;      344208701;4;3442;87;1;6;0;2;1
2022;      344301301;4;3443;13;1;4;0;2;1
2022;      344304201;4;3443;42;1;3;6;2;1
2022;      344307701;4;3443;77;1;1;8;2;1
2022;      344309901;3;3443;99;1;2;6;2;1
2022;      344311301;3;3443;113;1;0;3;2;1
2022;      344400201;3;3444;2;1;3;0;1;1
2022;      344400201;4;3444;2;1;2;6;2;2
2022;      344400801;5;3444;8;1;0;7;2;1
2022;      344406101;3;3444;61;1;2;0;1;1
2022;      344406101;4;3444;61;1;2;0;2;2
2022;      344406301;3;3444;63;1;3;6;2;1
2022;      344406501;5;3444;65;1;1;0;2;1
2022;      344406701;5;3444;67;1;0;4;2;1
2022;      344406801;3;3444;68;1;3;0;1;1
2022;      344406801;5;3444;68;1;4;0;1;2
2022;      344406801;6;3444;68;1;3;0;2;3
2022;      344506201;3;3445;62;1;4;0;1;1
2022;      344506201;4;3445;62;1;3;0;2;2
2022;      344506501;4;3445;65;1;1;1;2;1
2022;      344506601;3;3445;66;1;0;7;2;1
2022;      344506901;5;3445;69;1;1;0;2;1
2022;      344507201;4;3445;72;1;4;0;2;1
2022;      344509701;5;3445;97;1;3;8;2;1
2022;      344509901;6;3445;99;1;1;0;2;1
2022;      344510001;5;3445;100;1;3;0;2;1
2022;      344600101;4;3446;1;1;3;0;1;1
2022;      344600101;5;3446;1;1;1;7;2;2
2022;      344600301;4;3446;3;1;2;6;2;1
2022;      344600401;5;3446;4;1;3;6;2;1
2022;      344600501;2;3446;5;1;0;5;2;1
2022;      344603401;6;3446;34;1;4;0;1;1
2022;      344603401;7;3446;34;1;2;0;2;2
2022;      344603501;2;3446;35;1;4;0;1;1
2022;      344603501;3;3446;35;1;3;0;2;2
2022;      344603701;1;3446;37;1;1;0;1;1
2022;      344603701;4;3446;37;1;1;6;2;2
2022;      344608401;5;3446;84;1;2;0;2;1
2022;      344801001;4;3448;10;1;1;6;2;1
2022;      344801301;2;3448;13;1;2;0;2;1
2022;      344801801;3;3448;18;1;3;0;2;1
2022;      344804501;3;3448;45;1;4;0;1;1
2022;      344804501;4;3448;45;1;0;3;2;2
2022;      344805101;4;3448;51;1;0;7;2;1
2022;      344807001;5;3448;70;1;2;6;2;1
2022;      344808601;4;3448;86;1;1;0;2;1
2022;      344905401;3;3449;54;1;1;4;1;1
2022;      344905401;4;3449;54;1;1;4;2;2
2022;      345100801;4;3451;8;1;7;1;2;1
2022;      345410201;5;3454;102;1;1;6;2;1
2022;      345413901;4;3454;139;1;1;5;1;1
2022;      345413901;5;3454;139;1;1;5;1;2
2022;      345413901;6;3454;139;1;1;7;2;3
2022;      345415401;4;3454;154;1;0;1;1;1
2022;      345415401;7;3454;154;1;4;5;2;2
2022;      345602901;1;3456;29;1;0;6;2;1
2022;      345602902;4;3456;29;2;3;0;2;1
2022;      345602903;5;3456;29;3;2;1;1;1
2022;      345602903;6;3456;29;3;0;3;2;2
2022;      345605401;8;3456;54;1;1;0;2;1
2022;      345702901;5;3457;29;1;1;4;1;1
2022;      345702901;7;3457;29;1;1;4;2;2
2022;      345712201;3;3457;122;1;2;0;1;1
2022;      345712201;7;3457;122;1;2;1;2;2
2022;      346105701;4;3461;57;1;0;10;2;1
2022;      346302601;2;3463;26;1;2;2;1;1
2022;      346302601;3;3463;26;1;0;6;2;2
2022;      346303301;3;3463;33;1;2;4;2;1
2022;      346305001;4;3463;50;1;0;6;2;1
2022;      346403801;3;3464;38;1;0;4;2;1
2022;      346406501;3;3464;65;1;2;4;2;1
2022;      346505501;4;3465;55;1;4;6;2;1
2022;      346506801;3;3465;68;1;1;0;2;1
2022;      346601101;3;3466;11;1;0;6;2;1
2022;      346601801;3;3466;18;1;1;0;1;1
2022;      346601801;5;3466;18;1;1;0;2;2
2022;      346602601;4;3466;26;1;4;3;2;1
2022;      346606101;4;3466;61;1;1;0;2;1
2022;      346609901;3;3466;99;1;1;1;2;1
2022;      346800601;7;3468;6;1;3;4;1;1
2022;      346800601;8;3468;6;1;2;4;2;2
2022;      346801101;3;3468;11;1;4;4;1;1
2022;      346801101;4;3468;11;1;2;3;2;2
2022;      346801201;6;3468;12;1;3;6;1;1
2022;      346801201;7;3468;12;1;1;0;2;2
2022;      346801301;4;3468;13;1;1;4;2;1
2022;      346801501;3;3468;15;1;4;4;1;1
2022;      346801501;4;3468;15;1;2;0;2;2
2022;      346901101;5;3469;11;1;0;2;2;1
2022;      346904201;5;3469;42;1;3;1;1;1
2022;      346904201;6;3469;42;1;2;1;2;2
2022;      347104101;2;3471;41;1;0;1;2;1
2022;      347310201;4;3473;102;1;3;1;2;1
2022;      347402701;3;3474;27;1;4;3;1;1
2022;      347402701;4;3474;27;1;2;0;2;2
2022;      347607401;3;3476;74;1;2;4;2;1
2022;      347608001;4;3476;80;1;3;4;2;1
2022;      347705401;2;3477;54;1;2;6;1;1
2022;      347705401;3;3477;54;1;2;6;2;2
2022;      347802201;5;3478;22;1;0;5;1;1
2022;      347802201;6;3478;22;1;0;5;2;2
2022;      347802401;3;3478;24;1;2;1;2;1
2022;      348010201;4;3480;102;1;2;0;2;1
2022;      348203501;3;3482;35;1;1;2;2;1
2022;      348208601;4;3482;86;1;1;4;2;1
2022;      348212501;5;3482;125;1;1;0;2;1
2022;      348500701;5;3485;7;1;0;6;2;1
2022;      348501001;3;3485;10;1;1;1;2;1
2022;      348503801;3;3485;38;1;4;0;1;1
2022;      348503801;4;3485;38;1;3;6;1;2
2022;      348503801;5;3485;38;1;1;0;2;3
2022;      348503901;4;3485;39;1;1;0;2;1
2022;      348504001;6;3485;40;1;3;6;1;1
2022;      348504001;7;3485;40;1;2;6;1;2
2022;      348504001;8;3485;40;1;0;6;2;3
2022;      348509301;3;3485;93;1;2;2;2;1
2022;      348509401;6;3485;94;1;0;1;2;1
2022;      348701801;3;3487;18;1;2;0;2;1
2022;      348702001;3;3487;20;1;3;11;2;1
2022;      348702301;4;3487;23;1;2;5;2;1
2022;      348703001;4;3487;30;1;2;0;2;1
2022;      348704601;4;3487;46;1;1;4;2;1
2022;      348705101;4;3487;51;1;0;4;1;1
2022;      348705101;5;3487;51;1;1;4;2;2
2022;      348801601;5;3488;16;1;2;9;2;1
2022;      348806501;6;3488;65;1;0;2;2;1
2022;      348806601;6;3488;66;1;0;3;2;1
2022;      348806701;2;3488;67;1;1;9;2;1
2022;      348814001;4;3488;140;1;4;6;2;1
2022;      349004601;3;3490;46;1;2;0;1;1
2022;      349004601;4;3490;46;1;0;3;2;2
2022;      349407501;2;3494;75;1;0;2;1;1
2022;      349407501;3;3494;75;1;0;2;2;2
2022;      349602201;1;3496;22;1;0;6;2;1
2022;      349606601;3;3496;66;1;0;5;1;1
2022;      349606601;4;3496;66;1;0;5;2;2
2022;      349609301;2;3496;93;1;11;5;2;1
2022;      349803401;3;3498;34;1;2;0;2;1
2022;      350002001;3;3500;20;1;1;4;2;1
2022;      350008501;3;3500;85;1;0;3;2;1
2022;      350009701;5;3500;97;1;2;0;1;1
2022;      350009701;6;3500;97;1;2;0;2;2
2022;      350012101;3;3500;121;1;1;6;2;1
2022;      350105701;4;3501;57;1;0;2;2;1
2022;      350405701;5;3504;57;1;2;4;2;1
2022;      350502401;4;3505;24;1;1;2;2;1
2022;      350514101;4;3505;141;1;1;0;2;1
2022;      350600701;3;3506;7;1;1;3;2;1
2022;      350600801;5;3506;8;1;0;8;2;1
2022;      350601001;1;3506;10;1;0;5;1;1
2022;      350601001;2;3506;10;1;0;5;2;2
2022;      350608701;4;3506;87;1;1;11;2;1
2022;      350608901;6;3506;89;1;0;2;2;1
2022;      350609001;4;3506;90;1;4;4;1;1
2022;      350609001;5;3506;90;1;2;4;2;2
2022;      350703601;3;3507;36;1;0;6;2;1
2022;      350704101;3;3507;41;1;1;0;2;1
2022;      350704301;5;3507;43;1;3;8;2;1
2022;      350708201;2;3507;82;1;4;0;1;1
2022;      350708201;3;3507;82;1;4;0;2;2
2022;      350800101;5;3508;1;1;1;9;2;1
2022;      350800301;3;3508;3;1;1;6;2;1
2022;      350800501;3;3508;5;1;4;3;2;1
2022;      350805301;3;3508;53;1;1;2;2;1
2022;      350805601;3;3508;56;1;3;9;1;1
2022;      350805601;4;3508;56;1;1;9;1;2
2022;      350805601;5;3508;56;1;6;0;2;3
2022;      350805701;3;3508;57;1;4;6;1;1
2022;      350805701;4;3508;57;1;1;5;2;2
2022;      350812001;4;3508;120;1;4;6;1;1
2022;      350812001;5;3508;120;1;2;2;2;2
2022;      350812201;4;3508;122;1;2;0;1;1
2022;      350812201;5;3508;122;1;6;6;2;2
2022;      350912801;1;3509;128;1;1;3;1;1
2022;      350912801;7;3509;128;1;1;0;2;2
2022;      351000701;3;3510;7;1;0;1;1;1
2022;      351000701;4;3510;7;1;0;1;2;2
2022;      351002001;4;3510;20;1;11;2;1;1
2022;      351002001;5;3510;20;1;9;1;1;2
2022;      351002001;6;3510;20;1;6;10;2;3
2022;      351003201;3;3510;32;1;4;0;1;1
2022;      351003201;5;3510;32;1;9;0;2;2
2022;      351501801;3;3515;18;1;3;0;2;1
2022;      351513401;1;3515;134;1;8;4;2;1
2022;      351804401;5;3518;44;1;2;10;2;1
2022;      352200601;4;3522;6;1;1;3;2;1
2022;      352202501;1;3522;25;1;1;5;2;1
2022;      352202801;5;3522;28;1;0;6;2;1
2022;      352208101;3;3522;81;1;1;2;2;1
2022;      352208601;6;3522;86;1;2;5;1;1
2022;      352208601;7;3522;86;1;2;5;2;2
2022;      352502001;5;3525;20;1;4;0;2;1
2022;      352507401;5;3525;74;1;1;2;2;1
2022;      352510401;6;3525;104;1;1;3;2;1
2022;      352706301;3;3527;63;1;0;2;1;1
2022;      352706301;4;3527;63;1;0;2;2;2
2022;      352706401;3;3527;64;1;1;3;1;1
2022;      352706401;4;3527;64;1;1;3;2;2
2022;      352710801;5;3527;108;1;5;6;1;1
2022;      352710801;6;3527;108;1;4;6;2;2
2022;      352710901;6;3527;109;1;2;1;2;1
2022;      352712501;4;3527;125;1;2;0;1;1
2022;      352712501;5;3527;125;1;0;6;2;2
2022;      352712602;3;3527;126;2;3;2;1;1
2022;      352712602;4;3527;126;2;0;6;2;2
2022;      352712701;4;3527;127;1;6;0;1;1
2022;      352712701;5;3527;127;1;4;0;2;2
2022;      352712901;4;3527;129;1;3;0;1;1
2022;      352712901;5;3527;129;1;1;6;2;2
2022;      352802701;6;3528;27;1;0;9;2;1
2022;      352803301;4;3528;33;1;0;4;2;1
2022;      352803601;2;3528;36;1;0;8;1;1
2022;      352803601;4;3528;36;1;0;8;2;2
2022;      352803701;3;3528;37;1;4;0;1;1
2022;      352803701;4;3528;37;1;3;0;2;2
2022;      352806901;4;3528;69;1;0;1;2;1
2022;      352902101;4;3529;21;1;3;6;2;1
2022;      352902201;5;3529;22;1;0;4;2;1
2022;      352905701;6;3529;57;1;2;5;2;1
2022;      352905801;4;3529;58;1;1;0;2;1
2022;      352905901;4;3529;59;1;3;6;2;1
2022;      352906001;3;3529;60;1;1;0;1;1
2022;      352906001;4;3529;60;1;1;0;2;2
2022;      352911201;5;3529;112;1;12;6;2;1
2022;      352911401;3;3529;114;1;4;0;1;1
2022;      352911401;4;3529;114;1;3;0;2;2
2022;      352911501;4;3529;115;1;4;0;2;1
2022;      353100601;5;3531;6;1;1;3;2;1
2022;      353100701;1;3531;7;1;2;0;1;1
2022;      353100701;4;3531;7;1;3;0;2;2
2022;      353208301;1;3532;83;1;0;2;2;1
2022;      353208401;3;3532;84;1;0;10;2;1
2022;      353402301;4;3534;23;1;1;3;1;1
2022;      353402301;5;3534;23;1;1;3;2;2
2022;      353403901;6;3534;39;1;1;0;2;1
2022;      353411101;3;3534;111;1;2;3;2;1
2022;      353414801;2;3534;148;1;11;0;1;1
2022;      353414801;6;3534;148;1;9;0;2;2
2022;      353415201;3;3534;152;1;4;4;1;1
2022;      353415201;4;3534;152;1;2;4;2;2
2022;      353705001;1;3537;50;1;6;0;1;1
2022;      353705001;4;3537;50;1;3;2;2;2
2022;      353705701;4;3537;57;1;1;4;2;1
2022;      353717601;3;3537;176;1;6;4;1;1
2022;      353717601;4;3537;176;1;1;4;2;2
2022;      353800601;3;3538;6;1;5;6;2;1
2022;      353805901;2;3538;59;1;2;6;2;1
2022;      353807901;3;3538;79;1;10;4;1;1
2022;      353807901;4;3538;79;1;8;4;1;2
2022;      353807901;5;3538;79;1;2;4;2;3
2022;      353811601;1;3538;116;1;12;6;2;1
2022;      353811602;2;3538;116;2;7;6;1;1
2022;      353811602;3;3538;116;2;5;6;1;2
2022;      353811602;4;3538;116;2;2;6;2;3
2022;      354111301;2;3541;113;1;12;6;2;1
2022;      354111401;5;3541;114;1;0;5;2;1
2022;      354212801;3;3542;128;1;2;0;1;1
2022;      354212801;4;3542;128;1;1;0;2;2
2022;      354300101;5;3543;1;1;8;0;1;1
2022;      354300101;6;3543;1;1;6;0;1;2
2022;      354300101;7;3543;1;1;3;0;2;3
2022;      354300601;7;3543;6;1;2;0;2;1
2022;      354300801;3;3543;8;1;5;2;2;1
2022;      354302801;4;3543;28;1;2;2;2;1
2022;      354303801;7;3543;38;1;1;3;2;1
2022;      354304201;3;3543;42;1;1;0;2;1
2022;      354305301;3;3543;53;1;6;0;1;1
2022;      354305301;4;3543;53;1;3;0;2;2
2022;      354410801;3;3544;108;1;5;2;2;1
2022;      354411201;4;3544;112;1;0;1;2;1
2022;      354414601;5;3544;146;1;7;3;2;1
2022;      354500401;3;3545;4;1;0;6;2;1
2022;      354501501;5;3545;15;1;3;5;1;1
2022;      354501501;6;3545;15;1;1;5;2;2
2022;      354509702;5;3545;97;2;1;3;2;1
2022;      354705201;3;3547;52;1;3;5;2;1
2022;      354801501;4;3548;15;1;5;3;2;1
2022;      355009301;4;3550;93;1;8;1;1;1
2022;      355009301;5;3550;93;1;0;2;2;2
2022;      355114201;2;3551;142;1;3;1;2;1
2022;      355209101;8;3552;91;1;1;2;1;1
2022;      355209101;10;3552;91;1;1;2;2;2
2022;      355213701;3;3552;137;1;1;2;2;1
2022;      355303602;2;3553;36;2;2;2;2;1
2022;      355308901;3;3553;89;1;1;0;1;1
2022;      355308901;4;3553;89;1;1;0;2;2
2022;      355309001;4;3553;90;1;1;1;2;1
2022;      355508901;3;3555;89;1;7;1;1;1
2022;      355508901;4;3555;89;1;3;1;2;2
2022;      355805601;3;3558;56;1;0;6;1;1
2022;      355805601;4;3558;56;1;0;6;1;2
2022;      355805601;6;3558;56;1;0;6;2;3
2022;      355805701;3;3558;57;1;98;98;1;1
2022;      355805701;4;3558;57;1;98;98;1;2
2022;      355805701;5;3558;57;1;98;98;2;3
2022;      355805901;3;3558;59;1;0;4;1;1
2022;      355805901;4;3558;59;1;0;4;2;2
2022;      356016001;1;3560;160;1;11;0;2;1
2022;      356401901;2;3564;19;1;1;3;2;1
2022;      356711501;1;3567;115;1;1;0;2;1
2022;      356902501;4;3569;25;1;2;4;1;1
2022;      356902501;5;3569;25;1;1;4;2;2
2022;      357003601;7;3570;36;1;1;5;2;1
2022;      357009001;5;3570;90;1;0;3;2;1
2022;      357009501;3;3570;95;1;1;4;2;1
2022;      357110001;5;3571;100;1;0;1;2;1
2022;      357110403;4;3571;104;3;2;6;1;1
2022;      357110403;5;3571;104;3;2;6;2;2
2022;      357201501;4;3572;15;1;1;2;2;1
2022;      357205801;4;3572;58;1;2;6;1;1
2022;      357205801;5;3572;58;1;2;6;2;2
2022;      357411001;3;3574;110;1;3;5;2;1
2022;      357413501;6;3574;135;1;2;0;1;1
2022;      357413501;7;3574;135;1;0;6;2;2
2022;      357612301;2;3576;123;1;1;2;2;1
2022;      357701101;3;3577;11;1;3;6;2;1
2022;      357702801;3;3577;28;1;0;6;2;1
2022;      357704102;3;3577;41;2;5;6;2;1
2022;      357705302;1;3577;53;2;3;6;2;1
2022;      357707101;2;3577;71;1;4;4;2;1
2022;      357809601;3;3578;96;1;0;2;1;1
2022;      357809601;5;3578;96;1;4;5;1;2
2022;      357809601;6;3578;96;1;1;5;1;3
2022;      357809601;7;3578;96;1;4;5;2;4
2022;      357810301;3;3578;103;1;2;6;1;1
2022;      357810301;5;3578;103;1;2;6;2;2
2022;      357913601;4;3579;136;1;0;2;2;1
2022;      358300701;4;3583;7;1;1;3;2;1
2022;      358300901;2;3583;9;1;7;4;2;1
2022;      358406301;2;3584;63;1;1;1;2;1
2022;      358819501;3;3588;195;1;1;3;2;1
2022;      359105701;5;3591;57;1;1;7;2;1
2022;      359204701;3;3592;47;1;2;3;2;1
2022;      359313101;2;3593;131;1;2;2;2;1
2022;      359404001;3;3594;40;1;3;3;2;1
2022;      359602201;4;3596;22;1;2;0;1;1
2022;      359602201;5;3596;22;1;0;6;2;2
2022;      359603301;4;3596;33;1;3;0;2;1
2022;      359605801;3;3596;58;1;1;7;2;1
2022;      359607701;3;3596;77;1;1;0;2;1
2022;      359609001;5;3596;90;1;0;5;2;1
2022;      359612101;3;3596;121;1;2;0;2;1
2022;      359612201;2;3596;122;1;6;1;1;1
2022;      359612201;3;3596;122;1;2;1;2;2
2022;      359801801;1;3598;18;1;4;1;2;1
2022;      359903201;2;3599;32;1;1;5;2;1
2022;      360200301;5;3602;3;1;4;5;1;1
2022;      360200301;6;3602;3;1;2;5;2;2
2022;      360200401;3;3602;4;1;3;5;2;1
2022;      360201501;2;3602;15;1;1;8;2;1
2022;      360201601;1;3602;16;1;1;3;2;1
2022;      360201701;3;3602;17;1;2;5;2;1
2022;      360212001;5;3602;120;1;3;5;2;1
2022;      360212201;3;3602;122;1;3;5;1;1
2022;      360212201;4;3602;122;1;2;5;2;2
2022;      360305401;5;3603;54;1;1;0;2;1
2022;      360400601;3;3604;6;1;6;2;2;1
2022;      360403101;3;3604;31;1;1;4;2;1
2022;      360403701;2;3604;37;1;3;1;2;1
2022;      360404701;5;3604;47;1;7;3;2;1
2022;      360404901;3;3604;49;1;3;3;1;1
2022;      360404901;4;3604;49;1;1;3;2;2
2022;      360406201;2;3604;62;1;10;3;2;1
2022;      360406601;1;3604;66;1;1;5;2;1
2022;      360407001;4;3604;70;1;1;5;2;1
2022;      360407801;2;3604;78;1;2;3;2;1
2022;      360408001;3;3604;80;1;4;3;2;1
2022;      360604701;3;3606;47;1;1;5;2;1
2022;      360604801;3;3606;48;1;1;6;2;1
2022;      360609901;3;3606;99;1;2;2;2;1
2022;      360610201;13;3606;102;1;4;6;1;1
2022;      360610201;14;3606;102;1;2;6;2;2
2022;      360610301;4;3606;103;1;1;1;2;1
2022;      360612701;4;3606;127;1;0;6;2;1
2022;      360612801;3;3606;128;1;1;1;2;1
2022;      360613001;3;3606;130;1;1;6;2;1
2022;      360613101;3;3606;131;1;2;5;2;1
2022;      360712801;1;3607;128;1;3;5;1;1
2022;      360712801;2;3607;128;1;3;5;2;2
2022;      360720201;5;3607;202;1;1;1;1;1
2022;      360720201;8;3607;202;1;1;1;2;2
2022;      360720701;6;3607;207;1;7;5;1;1
2022;      360720701;7;3607;207;1;4;5;1;2
2022;      360720701;10;3607;207;1;4;5;2;3
2022;      361307901;1;3613;79;1;5;2;1;1
2022;      361307901;2;3613;79;1;5;3;1;2
2022;      361307901;3;3613;79;1;5;3;2;3
2022;      361308701;1;3613;87;1;5;5;2;1
2022;      361308702;3;3613;87;2;0;3;1;1
2022;      361308702;4;3613;87;2;0;3;1;2
2022;      361308702;5;3613;87;2;0;3;2;3
2022;      361308901;4;3613;89;1;2;5;2;1
2022;      361309301;1;3613;93;1;8;6;1;1
2022;      361309301;2;3613;93;1;8;6;2;2
2022;      361408801;2;3614;88;1;13;0;2;1
2022;      361409001;7;3614;90;1;0;6;2;1
2022;      361409601;2;3614;96;1;2;0;2;1
2022;      361508101;3;3615;81;1;10;3;1;1
2022;      361508101;4;3615;81;1;3;1;2;2
2022;      361513001;5;3615;130;1;1;2;2;1
2022;      361518401;4;3615;184;1;0;7;2;1
2022;      361605601;4;3616;56;1;2;3;2;1
2022;      361606901;5;3616;69;1;3;6;1;1
2022;      361606901;8;3616;69;1;3;3;1;2
2022;      361606901;11;3616;69;1;3;1;2;3
2022;      361608501;8;3616;85;1;1;1;2;1
2022;      361609501;5;3616;95;1;5;2;2;1
2022;      361703601;4;3617;36;1;0;1;2;1
2022;      361704601;5;3617;46;1;0;2;2;1
2022;      361707001;5;3617;70;1;1;0;1;1
2022;      361707001;6;3617;70;1;0;6;2;2
2022;      361708701;4;3617;87;1;3;0;2;1
2022;      361714201;4;3617;142;1;2;4;2;1
2022;      361714501;5;3617;145;1;0;3;2;1
2022;      361916201;3;3619;162;1;1;4;2;1
2022;      362100101;2;3621;1;1;4;0;2;1
2022;      362100201;1;3621;2;1;3;0;2;1
2022;      362100301;4;3621;3;1;3;0;2;1
2022;      362100401;5;3621;4;1;7;0;1;1
2022;      362100401;6;3621;4;1;5;0;1;2
2022;      362100401;7;3621;4;1;0;8;2;3
2022;      362100501;6;3621;5;1;1;0;2;1
2022;      362103501;4;3621;35;1;1;7;2;1
2022;      362103601;2;3621;36;1;20;0;2;1
2022;      362103701;8;3621;37;1;4;0;2;1
2022;      362103801;5;3621;38;1;3;0;2;1
2022;      362103901;2;3621;39;1;0;9;1;1
2022;      362103901;4;3621;39;1;2;0;2;2
2022;      362106001;6;3621;60;1;2;0;2;1
2022;      362106201;2;3621;62;1;3;0;2;1
2022;      362106301;4;3621;63;1;5;5;1;1
2022;      362106301;5;3621;63;1;3;6;2;2
2022;      362106401;6;3621;64;1;4;0;1;1
2022;      362106401;9;3621;64;1;0;2;1;2
2022;      362106401;10;3621;64;1;0;2;1;3
2022;      362106401;12;3621;64;1;0;2;2;4
2022;      362208401;5;3622;84;1;1;4;2;1
2022;      362208501;4;3622;85;1;4;6;2;1
2022;      362208601;6;3622;86;1;1;4;2;1
2022;      362212401;5;3622;124;1;1;0;2;1
2022;      362212601;3;3622;126;1;7;4;2;1
2022;      362212801;3;3622;128;1;8;2;2;1
2022;      362303801;5;3623;38;1;0;6;2;1
2022;      362303901;3;3623;39;1;5;0;2;1
2022;      362304001;2;3623;40;1;0;1;2;1
2022;      362308701;7;3623;87;1;0;5;2;1
2022;      362308901;3;3623;89;1;0;8;1;1
2022;      362308901;4;3623;89;1;0;8;1;2
2022;      362308901;5;3623;89;1;0;3;2;3
2022;      362317501;2;3623;175;1;3;0;2;1
2022;      362317601;2;3623;176;1;2;0;2;1
2022;      362317701;2;3623;177;1;4;5;2;1
2022;      362400101;3;3624;1;1;0;6;2;1
2022;      362401201;2;3624;12;1;5;6;2;1
2022;      362402001;2;3624;20;1;2;6;2;1
2022;      362402101;2;3624;21;1;22;4;1;1
2022;      362402101;9;3624;21;1;1;2;2;2
2022;      362405101;6;3624;51;1;0;2;2;1
2022;      362405201;6;3624;52;1;5;6;1;1
2022;      362405201;7;3624;52;1;3;6;1;2
2022;      362405201;8;3624;52;1;0;6;2;3
2022;      362405301;3;3624;53;1;0;2;2;1
2022;      362405401;3;3624;54;1;0;2;1;1
2022;      362405401;4;3624;54;1;0;2;2;2
2022;      362505801;3;3625;58;1;1;0;2;1
2022;      363401501;2;3634;15;1;0;9;2;1
2022;      363604901;4;3636;49;1;1;1;2;1
2022;      363701701;3;3637;17;1;3;1;2;1
2022;      363901001;3;3639;10;1;1;0;2;1
2022;      364001201;4;3640;12;1;0;3;2;1
2022;      364001401;4;3640;14;1;1;9;1;1
2022;      364001401;5;3640;14;1;0;10;2;2
2022;      364002501;3;3640;25;1;0;1;2;1
2022;      364004101;6;3640;41;1;1;2;2;1
2022;      364004301;3;3640;43;1;4;1;2;1
2022;      364006201;4;3640;62;1;0;3;2;1
2022;      364102801;3;3641;28;1;4;5;2;1
2022;      364102901;3;3641;29;1;1;6;2;1
2022;      364200101;7;3642;1;1;0;4;2;1
2022;      364204001;4;3642;40;1;0;2;2;1
2022;      364205401;3;3642;54;1;4;10;2;1
2022;      364205501;4;3642;55;1;1;1;2;1
2022;      364205601;4;3642;56;1;1;0;2;1
2022;      364605301;4;3646;53;1;4;2;2;1
2022;      364608901;3;3646;89;1;2;2;1;1
2022;      364608901;4;3646;89;1;0;4;2;2
2022;      365104801;5;3651;48;1;5;1;1;1
2022;      365104801;6;3651;48;1;1;1;2;2
2022;      365107001;3;3651;70;1;6;5;1;1
2022;      365107001;4;3651;70;1;0;8;2;2
2022;      365300501;4;3653;5;1;0;3;2;1
2022;      365405601;5;3654;56;1;3;0;2;1
2022;      365503601;4;3655;36;1;1;10;2;1
2022;      365504501;3;3655;45;1;1;1;2;1
2022;      365709601;2;3657;96;1;1;5;2;1
2022;      365803001;2;3658;30;1;0;4;1;1
2022;      365803001;3;3658;30;1;2;3;2;2
2022;      365904801;3;3659;48;1;0;5;2;1
2022;      365911901;3;3659;119;1;1;4;2;1
2022;      366005801;4;3660;58;1;0;6;1;1
2022;      366005801;5;3660;58;1;0;6;2;2
2022;      366008901;4;3660;89;1;0;3;2;1
2022;      366101601;5;3661;16;1;4;3;1;1
2022;      366101601;6;3661;16;1;2;3;2;2
2022;      366101701;4;3661;17;1;3;4;1;1
2022;      366101701;5;3661;17;1;2;4;2;2
2022;      366102101;6;3661;21;1;0;6;2;1
2022;      366103301;4;3661;33;1;0;10;2;1
2022;      366201601;5;3662;16;1;2;3;1;1
2022;      366201601;6;3662;16;1;0;3;2;2
2022;      366205401;5;3662;54;1;2;0;2;1
2022;      366205601;2;3662;56;1;6;4;1;1
2022;      366205601;3;3662;56;1;1;4;2;2
2022;      366306001;4;3663;60;1;1;8;2;1
2022;      366306301;4;3663;63;1;3;4;2;1
2022;      366306701;5;3663;67;1;1;4;2;1
2022;      366400901;5;3664;9;1;1;0;2;1
2022;      366403201;7;3664;32;1;2;0;2;1
2022;      366403401;3;3664;34;1;1;0;2;1
2022;      366403501;2;3664;35;1;1;0;2;1
2022;      366403801;5;3664;38;1;4;0;2;1
2022;      366600601;3;3666;6;1;1;3;2;1
2022;      366603201;5;3666;32;1;1;7;2;1
2022;      366603701;5;3666;37;1;2;5;1;1
2022;      366603701;6;3666;37;1;0;6;2;2
2022;      366604501;5;3666;45;1;0;2;2;1
2022;      366604801;5;3666;48;1;0;3;2;1
2022;      366605101;3;3666;51;1;1;4;1;1
2022;      366605101;4;3666;51;1;0;4;2;2
2022;      366606001;3;3666;60;1;1;5;2;1
2022;      366606801;5;3666;68;1;2;2;2;1
2022;      366700701;3;3667;7;1;8;1;2;1
2022;      366705801;4;3667;58;1;1;0;2;1
2022;      366806901;3;3668;69;1;0;3;2;1
2022;      366808601;5;3668;86;1;2;0;2;1
2022;      366901201;3;3669;12;1;1;2;2;1
2022;      366904601;4;3669;46;1;2;2;2;1
2022;      366906601;4;3669;66;1;3;7;2;1
2022;      366910501;3;3669;105;1;4;5;2;1
2022;      367001201;5;3670;12;1;0;2;2;1
2022;      367003601;6;3670;36;1;1;1;2;1
2022;      367008301;1;3670;83;1;5;0;2;1
2022;      367012301;6;3670;123;1;1;3;2;1
2022;      367012501;4;3670;125;1;1;11;2;1
2022;      367102801;5;3671;28;1;6;0;1;1
2022;      367102801;6;3671;28;1;4;0;2;2
2022;      367103401;3;3671;34;1;2;0;2;1
2022;      367103501;4;3671;35;1;3;3;2;1
2022;      367202201;5;3672;22;1;3;7;2;1
2022;      367204501;2;3672;45;1;3;6;2;1
2022;      367208601;4;3672;86;1;1;5;2;1
2022;      367209101;4;3672;91;1;11;6;2;1
2022;      367211101;2;3672;111;1;2;5;2;1
2022;      367303001;4;3673;30;1;1;4;2;1
2022;      367304601;6;3673;46;1;7;10;2;1
2022;      367401001;4;3674;10;1;0;5;2;1
2022;      367401601;4;3674;16;1;0;4;2;1
2022;      367404801;4;3674;48;1;0;1;2;1
2022;      367405201;4;3674;52;1;3;0;2;1
2022;      367405701;3;3674;57;1;4;1;2;1
2022;      367406401;3;3674;64;1;0;10;2;1
2022;      367406701;4;3674;67;1;0;7;2;1
2022;      367503301;3;3675;33;1;5;1;1;1
2022;      367503301;4;3675;33;1;3;1;2;2
2022;      367503801;3;3675;38;1;1;3;2;1
2022;      367505401;2;3675;54;1;5;3;1;1
2022;      367505401;3;3675;54;1;1;8;2;2
2022;      367506501;5;3675;65;1;1;3;2;1
2022;      367604101;4;3676;41;1;3;3;2;1
2022;      367605201;4;3676;52;1;1;7;2;1
2022;      367608801;4;3676;88;1;0;3;2;1
2022;      367609001;7;3676;90;1;3;5;2;1
2022;      367609801;6;3676;98;1;3;0;2;1
2022;      367703601;2;3677;36;1;3;3;2;1
2022;      367801001;7;3678;10;1;0;4;2;1
2022;      367903101;3;3679;31;1;0;2;2;1
2022;      368000401;4;3680;4;1;1;5;2;1
2022;      368001301;3;3680;13;1;6;8;1;1
2022;      368001301;4;3680;13;1;2;4;2;2
2022;      368002401;3;3680;24;1;3;0;1;1
2022;      368002401;4;3680;24;1;2;0;2;2
2022;      368002901;3;3680;29;1;3;8;2;1
2022;      368003101;3;3680;31;1;98;98;2;1
2022;      368003201;4;3680;32;1;5;10;1;1
2022;      368003201;5;3680;32;1;3;6;1;2
2022;      368003201;6;3680;32;1;2;6;2;3
2022;      368004701;3;3680;47;1;1;2;2;1
2022;      368005501;5;3680;55;1;3;0;2;1
2022;      368103201;5;3681;32;1;3;2;2;1
2022;      368103301;5;3681;33;1;3;5;2;1
2022;      368103401;4;3681;34;1;2;4;2;1
2022;      368103701;3;3681;37;1;7;1;2;1
2022;      368103801;2;3681;38;1;1;1;2;1
2022;      368104001;2;3681;40;1;10;1;2;1
2022;      368104501;5;3681;45;1;4;2;2;1
2022;      368200401;4;3682;4;1;8;0;2;1
2022;      368202401;3;3682;24;1;2;0;2;1
2022;      368203201;4;3682;32;1;2;6;2;1
2022;      368204201;5;3682;42;1;2;0;1;1
2022;      368204201;6;3682;42;1;1;6;2;2
2022;      368206101;3;3682;61;1;2;0;2;1
2022;      368207101;2;3682;71;1;0;3;2;1
2022;      368207801;1;3682;78;1;5;2;2;1
2022;      368300901;4;3683;9;1;1;5;2;1
2022;      368301001;3;3683;10;1;3;11;2;1
2022;      368301101;5;3683;11;1;2;10;2;1
2022;      368301301;3;3683;13;1;1;8;2;1
2022;      368301401;3;3683;14;1;5;4;2;1
2022;      368302801;3;3683;28;1;0;7;2;1
2022;      368303101;4;3683;31;1;3;11;2;1
2022;      368303201;3;3683;32;1;6;5;2;1
2022;      368305501;5;3683;55;1;4;4;2;1
2022;      368306001;4;3683;60;1;3;3;2;1
2022;      368306201;4;3683;62;1;0;9;2;1
2022;      368402201;8;3684;22;1;2;4;2;1
2022;      368402301;7;3684;23;1;0;5;2;1
2022;      368402701;5;3684;27;1;0;4;2;1
2022;      368502701;4;3685;27;1;98;98;2;1
2022;      368503801;1;3685;38;1;0;4;2;1
2022;      368507001;4;3685;70;1;1;10;2;1
2022;      368508801;2;3685;88;1;0;4;2;1
2022;      368600701;4;3686;7;1;0;10;2;1
2022;      369001601;4;3690;16;1;0;2;2;1
2022;      369006301;5;3690;63;1;4;0;1;1
2022;      369006301;6;3690;63;1;0;5;2;2
2022;      369312401;5;3693;124;1;2;0;2;1
2022;      369403701;5;3694;37;1;1;0;2;1
2022;      369506701;4;3695;67;1;1;0;1;1
2022;      369506701;5;3695;67;1;1;0;1;2
2022;      369506701;6;3695;67;1;1;0;2;3
2022;      369509501;6;3695;95;1;3;1;2;1
2022;      369509601;6;3695;96;1;1;6;2;1
2022;      369600301;4;3696;3;1;1;1;2;1
2022;      369601201;5;3696;12;1;3;0;2;1
2022;      369602201;4;3696;22;1;3;2;2;1
2022;      369605701;4;3696;57;1;0;3;2;1
2022;      369605901;4;3696;59;1;2;4;2;1
2022;      369702301;4;3697;23;1;1;0;2;1
2022;      369705901;4;3697;59;1;4;2;1;1
2022;      369705901;5;3697;59;1;1;2;2;2
2022;      369708001;5;3697;80;1;0;1;2;1
2022;      369802201;4;3698;22;1;2;0;2;1
2022;      369810902;3;3698;109;2;2;0;2;1
2022;      369815701;5;3698;157;1;0;6;2;1
2022;      369907401;8;3699;74;1;0;4;2;1
2022;      369908201;5;3699;82;1;2;0;1;1
2022;      369908201;6;3699;82;1;2;0;2;2
2022;      370102001;3;3701;20;1;2;0;2;1
2022;      370106401;4;3701;64;1;5;0;1;1
2022;      370106401;5;3701;64;1;1;0;2;2
2022;      370107701;4;3701;77;1;1;0;2;1
2022;      370200701;5;3702;7;1;1;0;2;1
2022;      370200901;6;3702;9;1;3;0;2;1
2022;      370205201;6;3702;52;1;0;5;2;1
2022;      370205301;5;3702;53;1;5;0;1;1
2022;      370205301;6;3702;53;1;4;0;1;2
2022;      370205301;7;3702;53;1;4;0;2;3
2022;      370205501;3;3702;55;1;3;0;2;1
2022;      370205701;3;3702;57;1;1;0;2;1
2022;      370205801;3;3702;58;1;4;0;2;1
2022;      370206001;3;3702;60;1;3;0;2;1
2022;      370304201;5;3703;42;1;0;6;2;1
2022;      370304401;6;3703;44;1;0;3;2;1
2022;      370310301;3;3703;103;1;1;0;2;1
2022;      370312101;3;3703;121;1;4;4;2;1
2022;      370312301;3;3703;123;1;0;6;1;1
2022;      370312301;4;3703;123;1;0;1;2;2
2022;      370312401;2;3703;124;1;6;0;1;1
2022;      370312401;3;3703;124;1;1;0;2;2
2022;      370510801;3;3705;108;1;6;0;1;1
2022;      370510801;4;3705;108;1;4;0;2;2
2022;      370600201;1;3706;2;1;1;8;2;1
2022;      370601701;3;3706;17;1;0;1;2;1
2022;      370602101;3;3706;21;1;1;1;2;1
2022;      370604801;3;3706;48;1;4;4;2;1
2022;      370606801;5;3706;68;1;4;4;2;1
2022;      370608701;4;3706;87;1;2;1;2;1
2022;      370609501;3;3706;95;1;2;3;2;1
2022;      370700301;2;3707;3;1;1;0;2;1
2022;      370702501;4;3707;25;1;0;2;2;1
2022;      370702601;3;3707;26;1;0;5;2;1
2022;      370704101;3;3707;41;1;0;2;2;1
2022;      370704801;3;3707;48;1;3;2;2;1
2022;      370705101;5;3707;51;1;0;8;2;1
2022;      370800201;2;3708;2;1;1;0;2;1
2022;      370807601;4;3708;76;1;1;0;2;1
2022;      370809601;5;3708;96;1;2;0;2;1
2022;      370811301;3;3708;113;1;2;0;2;1
2022;      371001201;3;3710;12;1;0;6;2;1
2022;      371011501;3;3710;115;1;1;5;2;1
2022;      371105001;4;3711;50;1;2;3;2;1
2022;      371107901;6;3711;79;1;0;1;2;1
2022;      371201001;3;3712;10;1;0;1;2;1
2022;      371203601;4;3712;36;1;2;4;2;1
2022;      371205501;8;3712;55;1;0;2;2;1
2022;      371208901;2;3712;89;1;2;2;2;1
2022;      371300101;1;3713;1;1;1;0;2;1
2022;      371300201;6;3713;2;1;0;2;2;1
2022;      371300301;4;3713;3;1;5;0;2;1
2022;      371300501;4;3713;5;1;4;0;2;1
2022;      371301901;6;3713;19;1;4;0;1;1
2022;      371301901;7;3713;19;1;3;0;1;2
2022;      371301901;8;3713;19;1;0;4;2;3
2022;      371302801;3;3713;28;1;2;0;2;1
2022;      371303301;2;3713;33;1;1;0;1;1
2022;      371303301;3;3713;33;1;1;0;2;2
2022;      371303701;4;3713;37;1;3;0;2;1
2022;      371402501;1;3714;25;1;5;0;2;1
2022;      371406001;4;3714;60;1;0;7;2;1
2022;      371406701;3;3714;67;1;3;1;2;1
2022;      371503101;3;3715;31;1;0;7;2;1
2022;      371503401;4;3715;34;1;1;0;1;1
2022;      371503401;5;3715;34;1;1;0;2;2
2022;      371506001;2;3715;60;1;3;5;2;1
2022;      371506201;7;3715;62;1;0;3;2;1
2022;      371508901;5;3715;89;1;3;6;2;1
2022;      371509001;3;3715;90;1;2;4;2;1
2022;      371510001;3;3715;100;1;3;7;2;1
2022;      371601701;3;3716;17;1;1;3;2;1
2022;      371602401;4;3716;24;1;4;0;2;1
2022;      371604501;3;3716;45;1;3;1;2;1
2022;      371604601;3;3716;46;1;1;1;2;1
2022;      371605001;3;3716;50;1;1;1;2;1
2022;      371605101;3;3716;51;1;3;2;2;1
2022;      371605201;4;3716;52;1;2;1;2;1
2022;      371700101;4;3717;1;1;2;0;2;1
2022;      371700501;1;3717;5;1;2;0;1;1
2022;      371700501;2;3717;5;1;2;0;2;2
2022;      371704101;2;3717;41;1;1;0;2;1
2022;      371704401;3;3717;44;1;1;1;2;1
2022;      371708401;3;3717;84;1;2;5;2;1
2022;      371708701;3;3717;87;1;0;1;2;1
2022;      371800501;2;3718;5;1;8;0;1;1
2022;      371800501;3;3718;5;1;2;0;2;2
2022;      371805201;5;3718;52;1;4;0;2;1
2022;      371805701;3;3718;57;1;2;5;2;1
2022;      371807001;2;3718;70;1;1;0;1;1
2022;      371807001;3;3718;70;1;0;6;2;2
2022;      371902601;2;3719;26;1;1;1;2;1
2022;      371908801;3;3719;88;1;4;0;2;1
2022;      371914901;5;3719;149;1;2;0;1;1
2022;      371914901;6;3719;149;1;1;0;2;2
2022;      371915001;3;3719;150;1;2;0;2;1
2022;      372002201;3;3720;22;1;2;5;2;1
2022;      372003401;3;3720;34;1;2;5;2;1
2022;      372003801;4;3720;38;1;1;2;2;1
2022;      372003901;3;3720;39;1;1;0;2;1
2022;      372009301;3;3720;93;1;1;5;1;1
2022;      372009301;4;3720;93;1;0;2;2;2
2022;      372610001;5;3726;100;1;3;0;2;1
2022;      372703701;4;3727;37;1;2;6;2;1
2022;      372705501;3;3727;55;1;3;4;1;1
2022;      372705501;4;3727;55;1;2;10;2;2
2022;      372806601;3;3728;66;1;1;1;2;1
2022;      372807701;4;3728;77;1;2;3;2;1
2022;      372808601;5;3728;86;1;0;3;2;1
2022;      372901201;3;3729;12;1;1;3;2;1
2022;      372901301;3;3729;13;1;0;1;1;1
2022;      372901301;4;3729;13;1;0;1;2;2
2022;      373004101;3;3730;41;1;2;4;2;1
2022;      373006101;6;3730;61;1;2;5;2;1
2022;      373007401;3;3730;74;1;0;2;1;1
2022;      373007401;5;3730;74;1;0;2;1;2
2022;      373007401;8;3730;74;1;2;2;2;3
2022;      373007701;4;3730;77;1;0;7;2;1
2022;      373009201;3;3730;92;1;1;6;2;1
2022;      373107001;6;3731;70;1;1;6;2;1
2022;      373200201;3;3732;2;1;6;4;2;1
2022;      373202801;2;3732;28;1;2;2;1;1
2022;      373202801;3;3732;28;1;2;2;2;2
2022;      373203701;3;3732;37;1;7;6;2;1
2022;      373205201;6;3732;52;1;0;6;2;1
2022;      373206101;6;3732;61;1;0;2;1;1
2022;      373206101;9;3732;61;1;3;9;2;2
2022;      373210901;3;3732;109;1;1;9;1;1
2022;      373210901;4;3732;109;1;4;6;2;2
2022;      373303301;6;3733;33;1;0;5;2;1
2022;      373304501;3;3733;45;1;0;4;2;1
2022;      373305701;5;3733;57;1;0;4;2;1
2022;      373402301;5;3734;23;1;4;2;2;1
2022;      373407401;4;3734;74;1;0;6;2;1
2022;      373410101;5;3734;101;1;0;10;2;1
2022;      373414501;3;3734;145;1;0;5;2;1
2022;      373415201;3;3734;152;1;1;4;2;1
2022;      373500601;3;3735;6;1;1;2;2;1
2022;      373501001;5;3735;10;1;0;3;2;1
2022;      373502701;1;3735;27;1;3;3;2;1
2022;      373507001;5;3735;70;1;2;3;2;1
2022;      373507101;3;3735;71;1;2;4;2;1
2022;      373507201;4;3735;72;1;4;2;2;1
2022;      373602301;3;3736;23;1;3;5;1;1
2022;      373602301;4;3736;23;1;2;2;2;2
2022;      373602801;6;3736;28;1;2;1;1;1
2022;      373602801;7;3736;28;1;0;4;2;2
2022;      373603001;6;3736;30;1;0;4;2;1
2022;      373608201;4;3736;82;1;3;8;1;1
2022;      373608201;5;3736;82;1;1;2;2;2
2022;      373608601;3;3736;86;1;2;6;1;1
2022;      373608601;4;3736;86;1;1;3;2;2
2022;      373608701;3;3736;87;1;2;5;2;1
2022;      373608801;4;3736;88;1;3;0;2;1
2022;      373612701;6;3736;127;1;0;3;1;1
2022;      373612701;8;3736;127;1;0;4;2;2
2022;      373613101;3;3736;131;1;2;4;1;1
2022;      373613101;4;3736;131;1;2;4;1;2
2022;      373613101;5;3736;131;1;0;8;2;3
2022;      373701701;7;3737;17;1;1;3;2;1
2022;      373702001;4;3737;20;1;3;2;2;1
2022;      373720101;5;3737;201;1;3;2;2;1
2022;      373720201;3;3737;202;1;0;2;2;1
2022;      373812501;5;3738;125;1;5;4;1;1
2022;      373812501;7;3738;125;1;0;3;2;2
2022;      373909901;4;3739;99;1;1;2;2;1
2022;      373910701;3;3739;107;1;1;1;2;1
2022;      374000601;5;3740;6;1;2;5;2;1
2022;      374007401;5;3740;74;1;4;3;2;1
2022;      374008401;4;3740;84;1;0;7;2;1
2022;      374101401;4;3741;14;1;4;0;2;1
2022;      374209501;3;3742;95;1;0;7;2;1
2022;      374312301;3;3743;123;1;1;0;2;1
2022;      374412201;3;3744;122;1;0;6;2;1
2022;      374701401;3;3747;14;1;8;8;1;1
2022;      374701401;4;3747;14;1;3;8;2;2
2022;      374703701;3;3747;37;1;2;1;1;1
2022;      374703701;4;3747;37;1;1;2;2;2
2022;      374712701;3;3747;127;1;5;3;1;1
2022;      374712701;4;3747;127;1;5;3;1;2
2022;      374712701;5;3747;127;1;3;3;2;3
2022;      374902001;4;3749;20;1;1;3;2;1
2022;      374907301;3;3749;73;1;2;3;1;1
2022;      374907301;5;3749;73;1;2;3;2;2
2022;      375003701;4;3750;37;1;1;1;2;1
2022;      375004601;3;3750;46;1;2;1;2;1
2022;      375100701;2;3751;7;1;1;3;2;1
2022;      375103801;5;3751;38;1;3;1;2;1
2022;      375104101;4;3751;41;1;0;4;2;1
2022;      375107601;4;3751;76;1;3;2;2;1
2022;      375109301;4;3751;93;1;0;3;2;1
2022;      375111101;4;3751;111;1;2;2;2;1
2022;      375306501;3;3753;65;1;1;4;2;1
2022;      375402401;3;3754;24;1;0;6;2;1
2022;      375405401;3;3754;54;1;1;5;2;1
2022;      375406601;4;3754;66;1;1;5;2;1
2022;      375501501;3;3755;15;1;0;3;2;1
2022;      375507201;3;3755;72;1;1;4;1;1
2022;      375507201;4;3755;72;1;1;4;2;2
2022;      375601401;5;3756;14;1;3;5;2;1
2022;      375602601;4;3756;26;1;1;6;2;1
2022;      375602701;3;3756;27;1;1;6;1;1
2022;      375602701;5;3756;27;1;1;3;2;2
2022;      375602901;3;3756;29;1;0;6;1;1
2022;      375602901;6;3756;29;1;0;6;2;2
2022;      375604301;5;3756;43;1;4;5;2;1
2022;      375702701;4;3757;27;1;2;2;2;1
2022;      375702801;5;3757;28;1;3;0;2;1
2022;      375708801;4;3757;88;1;0;8;2;1
2022;      375800101;3;3758;1;1;2;8;2;1
2022;      375800801;4;3758;8;1;1;5;2;1
2022;      375801901;3;3758;19;1;6;1;2;1
2022;      375802001;4;3758;20;1;1;8;2;1
2022;      375808801;4;3758;88;1;1;0;2;1
2022;      376010801;5;3760;108;1;1;0;2;1
2022;      376210601;5;3762;106;1;0;9;2;1
2022;      376706901;3;3767;69;1;1;6;2;1
2022;      377305301;4;3773;53;1;4;0;2;1
2022;      377307601;3;3773;76;1;4;1;2;1
2022;      377313101;4;3773;131;1;1;1;2;1
2022;      377404601;5;3774;46;1;1;1;2;1
2022;      377805101;7;3778;51;1;0;1;2;1
2022;      377818101;6;3778;181;1;1;4;1;1
2022;      377818101;8;3778;181;1;6;2;2;2
2022;      377902401;3;3779;24;1;1;2;2;1
2022;      377902701;4;3779;27;1;3;0;2;1
2022;      377902801;5;3779;28;1;1;3;2;1
2022;      377903201;4;3779;32;1;0;1;2;1
2022;      379001301;3;3790;13;1;0;7;2;1
2022;      379001501;3;3790;15;1;2;6;2;1
2022;      379011901;3;3790;119;1;2;10;1;1
2022;      379011901;6;3790;119;1;6;8;2;2
2022;      379311201;6;3793;112;1;0;3;2;1
2022;      379400301;3;3794;3;1;1;0;2;1
2022;      379500601;5;3795;6;1;0;1;1;1
2022;      379500601;6;3795;6;1;0;1;2;2
2022;      379505601;4;3795;56;1;1;4;2;1
2022;      379600201;7;3796;2;1;4;0;1;1
2022;      379600201;8;3796;2;1;0;2;2;2
2022;      379600501;3;3796;5;1;1;1;2;1
2022;      379606701;3;3796;67;1;5;0;2;1
2022;      379607101;4;3796;71;1;0;8;2;1
2022;      379704401;6;3797;44;1;1;7;1;1
2022;      379704401;7;3797;44;1;1;8;2;2
2022;      379704601;5;3797;46;1;3;5;2;1
2022;      379704801;4;3797;48;1;0;8;2;1
2022;      379706601;5;3797;66;1;3;7;2;1
2022;      379706801;5;3797;68;1;5;3;1;1
2022;      379706801;6;3797;68;1;0;2;2;2
2022;      379707101;3;3797;71;1;1;2;2;1
2022;      379708501;5;3797;85;1;0;7;2;1
2022;      379708601;3;3797;86;1;2;2;1;1
2022;      379708601;4;3797;86;1;1;2;2;2
2022;      379800601;9;3798;6;1;4;5;1;1
2022;      379800601;13;3798;6;1;0;1;2;2
2022;      379800801;1;3798;8;1;0;2;2;1
2022;      379800901;4;3798;9;1;3;3;2;1
2022;      379808801;3;3798;88;1;1;4;2;1
2022;      379813001;4;3798;130;1;2;1;2;1
2022;      379813201;3;3798;132;1;2;1;2;1
2022;      379813301;3;3798;133;1;2;0;2;1
2022;      379910401;5;3799;104;1;1;5;2;1
2022;      379912701;5;3799;127;1;2;5;2;1
2022;      380002101;3;3800;21;1;4;9;2;1
2022;      380008201;6;3800;82;1;2;9;2;1
2022;      380206001;3;3802;60;1;3;0;2;1
2022;      380208001;5;3802;80;1;1;0;2;1
2022;      380208201;4;3802;82;1;4;0;2;1
2022;      380400701;3;3804;7;1;2;3;2;1
2022;      380402701;5;3804;27;1;1;0;2;1
2022;      380410301;5;3804;103;1;0;2;2;1
2022;      380500101;3;3805;1;1;2;0;2;1
2022;      380502701;3;3805;27;1;0;9;2;1
2022;      380505301;3;3805;53;1;1;0;2;1
2022;      380509801;3;3805;98;1;0;10;2;1
2022;      380600801;3;3806;8;1;2;11;2;1
2022;      380603201;3;3806;32;1;1;11;2;1
2022;      380604501;6;3806;45;1;2;0;2;1
2022;      380604901;4;3806;49;1;4;3;2;1
2022;      380605302;3;3806;53;2;2;11;2;1
2022;      380610701;4;3806;107;1;0;2;2;1
2022;      380800601;4;3808;6;1;1;10;2;1
2022;      380801101;3;3808;11;1;2;11;1;1
2022;      380801101;4;3808;11;1;1;0;2;2
2022;      380801201;5;3808;12;1;1;11;2;1
2022;      380801601;5;3808;16;1;1;0;2;1
2022;      380900601;6;3809;6;1;3;6;1;1
2022;      380900601;7;3809;6;1;0;10;2;2
2022;      380901001;6;3809;10;1;1;7;2;1
2022;      380906801;3;3809;68;1;3;6;1;1
2022;      380906801;4;3809;68;1;2;3;1;2
2022;      380906801;5;3809;68;1;1;3;2;3
2022;      380906901;6;3809;69;1;2;7;2;1
2022;      380918501;4;3809;185;1;1;1;2;1
2022;      381107601;7;3811;76;1;2;8;2;1
2022;      381108001;4;3811;80;1;2;8;2;1
2022;      381111301;4;3811;113;1;3;7;2;1
2022;      381111601;5;3811;116;1;1;8;1;1
2022;      381111601;6;3811;116;1;1;2;2;2
2022;      381111901;6;3811;119;1;4;8;2;1
2022;      381112301;6;3811;123;1;2;8;2;1
2022;      381304601;6;3813;46;1;3;4;2;1
2022;      381304701;6;3813;47;1;1;4;2;1
2022;      381308801;4;3813;88;1;1;0;2;1
2022;      381308901;5;3813;89;1;0;5;2;1
2022;      381309501;3;3813;95;1;1;8;2;1
2022;      381311601;4;3813;116;1;4;0;2;1
2022;      381311701;3;3813;117;1;3;1;1;1
2022;      381311701;4;3813;117;1;0;7;2;2
2022;      381311801;5;3813;118;1;0;8;2;1
2022;      381312001;4;3813;120;1;0;5;2;1
2022;      381402301;3;3814;23;1;1;1;2;1
2022;      381407401;4;3814;74;1;3;0;2;1
2022;      381407501;3;3814;75;1;2;6;2;1
2022;      381407701;5;3814;77;1;3;2;2;1
2022;      381413901;3;3814;139;1;0;8;2;1
2022;      381414001;3;3814;140;1;3;0;1;1
2022;      381414001;4;3814;140;1;1;0;2;2
2022;      381502001;3;3815;20;1;5;10;1;1
2022;      381502001;4;3815;20;1;2;10;2;2
2022;      381502601;3;3815;26;1;4;10;2;1
2022;      381502901;2;3815;29;1;2;0;2;1
2022;      381503101;3;3815;31;1;6;10;1;1
2022;      381503101;4;3815;31;1;1;10;2;2
2022;      381505901;1;3815;59;1;2;10;1;1
2022;      381505901;2;3815;59;1;1;10;2;2
2022;      381506101;4;3815;61;1;3;10;2;1
2022;      381506301;1;3815;63;1;1;10;2;1
2022;      381506401;1;3815;64;1;2;10;2;1
2022;      381601901;4;3816;19;1;3;0;2;1
2022;      381602001;3;3816;20;1;2;7;1;1
2022;      381602001;4;3816;20;1;0;11;2;2
2022;      381602101;5;3816;21;1;2;0;2;1
2022;      381603001;4;3816;30;1;4;0;1;1
2022;      381603001;5;3816;30;1;0;8;2;2
2022;      381603101;5;3816;31;1;1;5;2;1
2022;      381604401;4;3816;44;1;3;0;2;1
2022;      381604501;4;3816;45;1;1;4;2;1
2022;      381604801;2;3816;48;1;0;1;2;1
2022;      381703301;5;3817;33;1;1;5;2;1
2022;      381703601;4;3817;36;1;2;11;2;1
2022;      381704401;3;3817;44;1;4;10;2;1
2022;      381707501;3;3817;75;1;4;6;2;1
2022;      381707601;4;3817;76;1;1;9;2;1
2022;      381707801;3;3817;78;1;4;6;2;1
2022;      381708101;2;3817;81;1;0;5;1;1
2022;      381708101;3;3817;81;1;4;9;2;2
2022;      381708201;3;3817;82;1;2;9;2;1
2022;      381708301;5;3817;83;1;4;8;2;1
2022;      381802701;3;3818;27;1;1;7;2;1
2022;      381802901;3;3818;29;1;4;0;1;1
2022;      381802901;4;3818;29;1;2;0;2;2
2022;      381803001;4;3818;30;1;1;0;2;1
2022;      381806801;3;3818;68;1;4;0;1;1
2022;      381806801;4;3818;68;1;2;0;2;2
2022;      381806901;3;3818;69;1;3;0;1;1
2022;      381806901;4;3818;69;1;0;1;2;2
2022;      381818601;4;3818;186;1;3;4;2;1
2022;      382202201;4;3822;22;1;0;5;2;1
2022;      382205001;2;3822;50;1;3;0;2;1
2022;      382205303;3;3822;53;3;0;5;2;1
2022;      382605901;3;3826;59;1;1;7;2;1
2022;      382706801;3;3827;68;1;0;3;1;1
2022;      382706801;4;3827;68;1;0;3;2;2
2022;      382806701;3;3828;67;1;1;8;1;1
2022;      382806701;4;3828;67;1;1;8;2;2
2022;      382809301;3;3828;93;1;3;5;2;1
2022;      382907101;2;3829;71;1;2;4;2;1
2022;      382908701;5;3829;87;1;2;9;2;1
2022;      382912501;5;3829;125;1;2;5;2;1
2022;      383000503;2;3830;5;3;3;0;2;1
2022;      383003201;4;3830;32;1;4;0;2;1
2022;      383005101;3;3830;51;1;0;11;2;1
2022;      383006201;5;3830;62;1;2;6;1;1
2022;      383006201;6;3830;62;1;1;0;2;2
2022;      383103601;2;3831;36;1;0;9;2;1
2022;      383103901;3;3831;39;1;4;9;2;1
2022;      383105001;2;3831;50;1;0;3;1;1
2022;      383105001;4;3831;50;1;3;9;2;2
2022;      383105301;3;3831;53;1;1;8;1;1
2022;      383105301;4;3831;53;1;0;2;2;2
2022;      383106901;4;3831;69;1;2;2;2;1
2022;      383107201;2;3831;72;1;2;9;1;1
2022;      383107201;3;3831;72;1;2;9;2;2
2022;      383200901;6;3832;9;1;2;0;1;1
2022;      383200901;8;3832;9;1;1;0;2;2
2022;      383202701;6;3832;27;1;1;0;2;1
2022;      383202801;3;3832;28;1;5;8;1;1
2022;      383202801;5;3832;28;1;3;8;2;2
2022;      383202901;3;3832;29;1;2;6;2;1
2022;      383203301;3;3832;33;1;4;7;2;1
2022;      383203801;3;3832;38;1;3;2;1;1
2022;      383203801;4;3832;38;1;1;6;2;2
2022;      383302001;5;3833;20;1;3;9;2;1
2022;      383307001;3;3833;70;1;0;5;2;1
2022;      383407201;4;3834;72;1;3;6;1;1
2022;      383407201;5;3834;72;1;2;6;2;2
2022;      383417601;7;3834;176;1;3;1;2;1
2022;      383501001;3;3835;10;1;2;0;2;1
2022;      383501101;5;3835;11;1;2;5;2;1
2022;      383501201;3;3835;12;1;5;0;2;1
2022;      383503001;2;3835;30;1;3;7;2;1
2022;      383503101;2;3835;31;1;1;0;2;1
2022;      383503201;5;3835;32;1;1;6;2;1
2022;      383505501;4;3835;55;1;2;0;1;1
2022;      383505501;5;3835;55;1;2;0;2;2
2022;      383506001;4;3835;60;1;2;0;2;1
2022;      383603101;3;3836;31;1;1;4;2;1
2022;      383603301;3;3836;33;1;0;5;2;1
2022;      383603401;3;3836;34;1;3;9;1;1
2022;      383603401;4;3836;34;1;1;9;2;2
2022;      383603601;1;3836;36;1;0;3;2;1
2022;      383603701;5;3836;37;1;4;0;2;1
2022;      383603801;5;3836;38;1;1;11;2;1
2022;      383604001;3;3836;40;1;4;11;1;1
2022;      383604001;4;3836;40;1;1;11;2;2
2022;      383607601;2;3836;76;1;0;5;2;1
2022;      383607701;4;3836;77;1;1;11;2;1
2022;      383607801;4;3836;78;1;4;11;2;1
2022;      383608001;4;3836;80;1;4;5;2;1
2022;      383802201;4;3838;22;1;0;8;1;1
2022;      383802201;5;3838;22;1;0;8;2;2
2022;      383905501;5;3839;55;1;0;3;2;1
2022;      383909901;4;3839;99;1;1;10;1;1
2022;      383909901;5;3839;99;1;1;10;2;2
2022;      384110001;4;3841;100;1;2;0;2;1
2022;      384200501;5;3842;5;1;0;6;2;1
2022;      384205601;5;3842;56;1;0;3;2;1
2022;      384207701;4;3842;77;1;3;0;2;1
2022;      384210301;5;3842;103;1;0;2;2;1
2022;      384211101;5;3842;111;1;2;0;2;1
2022;      384405601;5;3844;56;1;3;2;2;1
2022;      384406201;1;3844;62;1;1;7;2;1
2022;      384406601;4;3844;66;1;2;0;2;1
2022;      384407001;2;3844;70;1;0;10;1;1
2022;      384407001;4;3844;70;1;4;6;2;2
2022;      384500101;3;3845;1;1;0;2;2;1
2022;      384500201;7;3845;2;1;1;3;2;1
2022;      384501901;2;3845;19;1;0;3;2;1
2022;      384502001;6;3845;20;1;0;6;2;1
2022;      384505601;4;3845;56;1;0;4;2;1
2022;      384506101;3;3845;61;1;0;6;2;1
2022;      384601101;3;3846;11;1;2;0;1;1
2022;      384601101;4;3846;11;1;2;0;2;2
2022;      384605001;3;3846;50;1;2;2;2;1
2022;      384605101;3;3846;51;1;4;10;1;1
2022;      384605101;4;3846;51;1;2;10;2;2
2022;      384605201;5;3846;52;1;3;0;1;1
2022;      384605201;6;3846;52;1;1;0;2;2
2022;      384605401;6;3846;54;1;4;9;2;1
2022;      384611501;3;3846;115;1;1;0;2;1
2022;      384611601;4;3846;116;1;0;11;2;1
2022;      384611801;4;3846;118;1;1;3;1;1
2022;      384611801;5;3846;118;1;0;3;2;2
2022;      384702501;3;3847;25;1;6;0;1;1
2022;      384702501;4;3847;25;1;4;0;2;2
2022;      384702901;4;3847;29;1;9;0;1;1
2022;      384702901;5;3847;29;1;5;0;2;2
2022;      384703501;3;3847;35;1;1;6;2;1
2022;      384705001;5;3847;50;1;6;0;2;1
2022;      384705101;3;3847;51;1;9;0;1;1
2022;      384705101;4;3847;51;1;6;0;2;2
2022;      384705201;3;3847;52;1;6;6;2;1
2022;      384705301;3;3847;53;1;1;1;2;1
2022;      384705401;3;3847;54;1;1;0;2;1
2022;      384706001;4;3847;60;1;4;2;2;1
2022;      384706101;3;3847;61;1;1;0;1;1
2022;      384706101;4;3847;61;1;1;0;2;2
2022;      384706201;5;3847;62;1;1;6;2;1
2022;      384706301;4;3847;63;1;7;0;1;1
2022;      384706301;5;3847;63;1;2;0;2;2
2022;      384706401;1;3847;64;1;3;0;1;1
2022;      384706401;4;3847;64;1;3;0;2;2
2022;      384802801;4;3848;28;1;1;0;2;1
2022;      384802901;4;3848;29;1;4;10;2;1
2022;      384803001;3;3848;30;1;0;1;2;1
2022;      384810401;3;3848;104;1;0;8;2;1
2022;      384810701;2;3848;107;1;0;6;1;1
2022;      384810701;3;3848;107;1;1;0;2;2
2022;      384810801;2;3848;108;1;0;1;2;1
2022;      384815701;3;3848;157;1;0;6;2;1
2022;      384900901;3;3849;9;1;6;0;2;1
2022;      384901701;3;3849;17;1;5;0;2;1
2022;      384902201;2;3849;22;1;0;1;2;1
2022;      384902701;2;3849;27;1;3;0;2;1
2022;      384904501;3;3849;45;1;4;0;2;1
2022;      384904701;1;3849;47;1;3;5;1;1
2022;      384904701;2;3849;47;1;4;2;2;2
2022;      384904901;1;3849;49;1;2;0;1;1
2022;      384904901;2;3849;49;1;2;0;2;2
2022;      384906601;1;3849;66;1;1;0;2;1
2022;      385000701;4;3850;7;1;4;0;2;1
2022;      385003001;4;3850;30;1;3;0;2;1
2022;      385004101;3;3850;41;1;5;0;2;1
2022;      385005401;3;3850;54;1;5;7;1;1
2022;      385005401;4;3850;54;1;3;7;2;2
2022;      385006801;4;3850;68;1;3;0;2;1
2022;      385009301;1;3850;93;1;1;0;2;1
2022;      385100101;7;3851;1;1;2;6;2;1
2022;      385100201;1;3851;2;1;2;0;2;1
2022;      385104101;4;3851;41;1;0;2;2;1
2022;      385104201;5;3851;42;1;0;2;2;1
2022;      385104301;3;3851;43;1;1;0;2;1
2022;      385106101;5;3851;61;1;2;0;2;1
2022;      385203001;5;3852;30;1;4;11;2;1
2022;      385204901;3;3852;49;1;4;2;2;1
2022;      385205201;7;3852;52;1;2;11;2;1
2022;      385206101;3;3852;61;1;5;0;1;1
2022;      385206101;4;3852;61;1;4;0;2;2
2022;      385207001;4;3852;70;1;0;6;2;1
2022;      385207401;3;3852;74;1;4;4;2;1
2022;      385207601;5;3852;76;1;4;2;2;1
2022;      385208001;5;3852;80;1;4;0;2;1
2022;      385303001;3;3853;30;1;2;0;1;1
2022;      385303001;4;3853;30;1;1;4;2;2
2022;      385303101;1;3853;31;1;0;3;1;1
2022;      385303101;2;3853;31;1;2;0;2;2
2022;      385307101;4;3853;71;1;1;1;2;1
2022;      385307501;3;3853;75;1;1;6;2;1
2022;      385503801;3;3855;38;1;0;6;2;1
2022;      385505701;3;3855;57;1;0;6;2;1
2022;      385811401;4;3858;114;1;0;7;2;1
2022;      385909101;2;3859;91;1;1;7;1;1
2022;      385909101;3;3859;91;1;0;7;2;2
2022;      386211301;4;3862;113;1;0;2;2;1
2022;      386211401;3;3862;114;1;2;8;2;1
2022;      386511701;4;3865;117;1;3;7;2;1
2022;      386512101;3;3865;121;1;1;7;1;1
2022;      386512101;4;3865;121;1;1;7;2;2
2022;      386601201;3;3866;12;1;0;3;2;1
2022;      386603301;3;3866;33;1;0;1;1;1
2022;      386603301;4;3866;33;1;0;1;2;2
2022;      386606701;4;3866;67;1;0;10;2;1
2022;      386700501;3;3867;5;1;0;4;2;1
2022;      386703501;3;3867;35;1;0;5;2;1
2022;      386705101;3;3867;51;1;5;7;2;1
2022;      386705301;4;3867;53;1;0;2;2;1
2022;      386800901;4;3868;9;1;2;1;2;1
2022;      386803401;3;3868;34;1;1;0;1;1
2022;      386803401;4;3868;34;1;1;0;2;2
2022;      386804201;4;3868;42;1;3;3;2;1
2022;      386902601;4;3869;26;1;3;0;2;1
2022;      386906801;6;3869;68;1;4;0;2;1
2022;      387000401;1;3870;4;1;1;5;2;1
2022;      387000901;5;3870;9;1;2;10;2;1
2022;      387001001;2;3870;10;1;1;9;2;1
2022;      387004701;3;3870;47;1;2;10;2;1
2022;      387006101;2;3870;61;1;0;4;1;1
2022;      387006101;3;3870;61;1;0;4;2;2
2022;      387105301;3;3871;53;1;0;10;2;1
2022;      387200601;3;3872;6;1;0;1;2;1
2022;      387201301;5;3872;13;1;1;8;1;1
2022;      387201301;6;3872;13;1;0;8;2;2
2022;      387202001;4;3872;20;1;0;1;2;1
2022;      387202701;5;3872;27;1;1;2;1;1
2022;      387202701;6;3872;27;1;0;8;2;2
2022;      387300601;4;3873;6;1;0;9;2;1
2022;      387302401;3;3873;24;1;2;10;2;1
2022;      387303601;3;3873;36;1;1;10;2;1
2022;      387304201;3;3873;42;1;1;9;2;1
2022;      387305701;3;3873;57;1;3;8;2;1
2022;      387305801;5;3873;58;1;2;6;2;1
2022;      387307401;8;3873;74;1;0;4;2;1
2022;      387309501;4;3873;95;1;2;6;2;1
2022;      387400101;3;3874;1;1;1;4;1;1
2022;      387400101;4;3874;1;1;1;0;2;2
2022;      387400801;3;3874;8;1;5;11;2;1
2022;      387401201;4;3874;12;1;2;11;2;1
2022;      387401401;2;3874;14;1;2;11;2;1
2022;      387401701;2;3874;17;1;2;3;2;1
2022;      387502301;4;3875;23;1;1;6;2;1
2022;      387503401;4;3875;34;1;1;0;2;1
2022;      387503601;3;3875;36;1;0;2;2;1
2022;      387505001;7;3875;50;1;0;3;2;1
2022;      387506401;3;3875;64;1;6;7;2;1
2022;      387802201;8;3878;22;1;0;3;2;1
2022;      387903501;5;3879;35;1;2;2;2;1
2022;      388004701;4;3880;47;1;0;2;2;1
2022;      388101101;3;3881;11;1;1;4;2;1
2022;      388103101;3;3881;31;1;1;5;2;1
2022;      388103701;4;3881;37;1;2;10;2;1
2022;      388103901;2;3881;39;1;3;5;2;1
2022;      388200501;1;3882;5;1;3;0;2;1
2022;      388201101;6;3882;11;1;6;6;2;1
2022;      388202801;3;3882;28;1;1;7;1;1
2022;      388202801;4;3882;28;1;1;7;1;2
2022;      388202801;5;3882;28;1;1;7;1;3
2022;      388202801;6;3882;28;1;1;7;1;4
2022;      388202801;7;3882;28;1;1;7;2;5
2022;      388202901;5;3882;29;1;1;0;2;1
2022;      388204401;4;3882;44;1;5;6;1;1
2022;      388204401;5;3882;44;1;3;6;2;2
2022;      388300801;3;3883;8;1;0;8;2;1
2022;      388301901;2;3883;19;1;0;6;1;1
2022;      388301901;4;3883;19;1;5;5;2;2
2022;      388303401;3;3883;34;1;0;1;2;1
2022;      388304101;3;3883;41;1;0;6;2;1
2022;      388305801;4;3883;58;1;5;7;1;1
2022;      388305801;5;3883;58;1;2;6;2;2
2022;      388307701;4;3883;77;1;5;7;2;1
2022;      388308501;3;3883;85;1;5;0;2;1
2022;      388401801;4;3884;18;1;1;1;2;1
2022;      388404601;6;3884;46;1;2;2;2;1
2022;      388506001;5;3885;60;1;0;8;2;1
2022;      388602501;1;3886;25;1;2;0;2;1
2022;      388604601;4;3886;46;1;1;0;2;1
2022;      388605701;3;3886;57;1;2;0;1;1
2022;      388605701;4;3886;57;1;2;0;2;2
2022;      388701701;2;3887;17;1;0;6;2;1
2022;      388701801;5;3887;18;1;4;0;1;1
2022;      388701801;6;3887;18;1;0;2;2;2
2022;      388701901;2;3887;19;1;0;6;2;1
2022;      388702001;6;3887;20;1;0;1;2;1
2022;      388708701;4;3887;87;1;0;1;2;1
2022;      388709101;3;3887;91;1;3;5;2;1
2022;      388803601;4;3888;36;1;5;0;2;1
2022;      388804001;6;3888;40;1;5;0;2;1
2022;      388804101;5;3888;41;1;3;0;2;1
2022;      388901101;4;3889;11;1;3;0;2;1
2022;      388901201;3;3889;12;1;1;8;2;1
2022;      388901401;4;3889;14;1;3;8;2;1
2022;      388910801;5;3889;108;1;3;6;2;1
2022;      388910901;6;3889;109;1;1;8;2;1
2022;      388915201;4;3889;152;1;0;6;2;1
2022;      388915301;4;3889;153;1;3;8;2;1
2022;      389003301;4;3890;33;1;2;6;1;1
2022;      389003301;5;3890;33;1;1;6;2;2
2022;      389003401;4;3890;34;1;1;6;2;1
2022;      389008601;4;3890;86;1;0;6;1;1
2022;      389008601;5;3890;86;1;1;6;2;2
2022;      389008701;6;3890;87;1;1;4;2;1
2022;      389008901;3;3890;89;1;4;0;2;1
2022;      389009001;7;3890;90;1;4;5;2;1
2022;      389010601;4;3890;106;1;4;6;1;1
2022;      389010601;5;3890;106;1;0;6;2;2
2022;      389010901;4;3890;109;1;2;6;2;1
2022;      389104701;6;3891;47;1;0;1;2;1
2022;      389108801;7;3891;88;1;0;1;2;1
2022;      389108901;6;3891;89;1;0;2;2;1
2022;      389109001;5;3891;90;1;0;1;1;1
2022;      389109001;7;3891;90;1;0;1;2;2
2022;      389109101;3;3891;91;1;0;1;1;1
2022;      389109101;4;3891;91;1;0;1;2;2
2022;      389200601;4;3892;6;1;3;0;2;1
2022;      389201301;4;3892;13;1;2;4;2;1
2022;      389202101;4;3892;21;1;0;1;1;1
2022;      389202101;5;3892;21;1;0;1;2;2
2022;      389203601;7;3892;36;1;0;6;2;1
2022;      389203901;3;3892;39;1;0;9;1;1
2022;      389203901;4;3892;39;1;0;9;2;2
2022;      389204701;3;3892;47;1;0;2;2;1
2022;      389300801;4;3893;8;1;1;9;2;1
2022;      389303501;4;3893;35;1;0;2;2;1
2022;      389303601;3;3893;36;1;0;5;1;1
2022;      389303601;4;3893;36;1;3;0;2;2
2022;      389303701;4;3893;37;1;5;8;1;1
2022;      389303701;5;3893;37;1;4;8;1;2
2022;      389303701;6;3893;37;1;2;8;2;3
2022;      389305501;5;3893;55;1;1;1;2;1
2022;      389305701;3;3893;57;1;0;8;2;1
2022;      389305901;3;3893;59;1;3;0;1;1
2022;      389305901;4;3893;59;1;0;1;2;2
2022;      389401101;5;3894;11;1;1;6;2;1
2022;      389401201;3;3894;12;1;1;0;1;1
2022;      389401201;4;3894;12;1;0;2;2;2
2022;      389403601;4;3894;36;1;3;0;2;1
2022;      389403801;5;3894;38;1;2;6;2;1
2022;      389403901;4;3894;39;1;5;10;2;1
2022;      389404001;4;3894;40;1;5;0;1;1
2022;      389404001;5;3894;40;1;1;10;2;2
2022;      389404801;4;3894;48;1;1;10;2;1
2022;      389404901;3;3894;49;1;1;0;2;1
2022;      389405101;1;3894;51;1;0;1;2;1
2022;      389502101;3;3895;21;1;0;2;2;1
2022;      389508301;2;3895;83;1;2;4;2;1
2022;      389806801;3;3898;68;1;1;2;2;1
2022;      389904201;3;3899;42;1;3;0;2;1
2022;      390005401;3;3900;54;1;2;0;2;1
2022;      390006101;7;3900;61;1;0;2;2;1
2022;      390100301;2;3901;3;1;2;0;2;1
2022;      390100501;1;3901;5;1;4;0;2;1
2022;      390104601;3;3901;46;1;5;0;2;1
2022;      390104701;7;3901;47;1;4;0;2;1
2022;      390104901;5;3901;49;1;3;11;2;1
2022;      390114701;3;3901;147;1;3;2;1;1
2022;      390114701;4;3901;147;1;0;1;2;2
2022;      390114801;2;3901;148;1;0;5;2;1
2022;      390115001;4;3901;150;1;1;0;2;1
2022;      390200101;7;3902;1;1;4;4;1;1
2022;      390200101;8;3902;1;1;1;8;2;2
2022;      390200201;6;3902;2;1;2;4;2;1
2022;      390200501;6;3902;5;1;5;3;1;1
2022;      390200501;8;3902;5;1;2;3;2;2
2022;      390209101;5;3902;91;1;1;1;1;1
2022;      390209101;6;3902;91;1;1;1;2;2
2022;      390209201;3;3902;92;1;1;10;1;1
2022;      390209201;4;3902;92;1;2;0;2;2
2022;      390209301;9;3902;93;1;0;3;2;1
2022;      390300601;5;3903;6;1;1;0;2;1
2022;      390300701;4;3903;7;1;2;11;2;1
2022;      390300801;3;3903;8;1;0;10;2;1
2022;      390301201;3;3903;12;1;4;9;1;1
2022;      390301201;4;3903;12;1;1;6;2;2
2022;      390301301;4;3903;13;1;5;2;2;1
2022;      390301501;2;3903;15;1;4;0;2;1
2022;      390302801;2;3903;28;1;6;2;2;1
2022;      390303001;2;3903;30;1;5;0;2;1
2022;      390303101;6;3903;31;1;0;2;2;1
2022;      390303201;2;3903;32;1;12;0;2;1
2022;      390406101;3;3904;61;1;0;3;2;1
2022;      390406301;3;3904;63;1;4;10;1;1
2022;      390406301;4;3904;63;1;3;5;2;2
2022;      390408201;4;3904;82;1;0;3;2;1
2022;      390411401;4;3904;114;1;1;2;2;1
2022;      390501201;3;3905;12;1;4;0;1;1
2022;      390501201;4;3905;12;1;3;11;1;2
2022;      390501201;5;3905;12;1;0;2;2;3
2022;      390501301;6;3905;13;1;4;2;2;1
2022;      390501501;4;3905;15;1;1;4;2;1
2022;      390503001;6;3905;30;1;2;10;2;1
2022;      390503101;6;3905;31;1;2;11;2;1
2022;      390503301;2;3905;33;1;5;4;2;1
2022;      390505001;3;3905;50;1;2;9;2;1
2022;      390505201;2;3905;52;1;2;6;1;1
2022;      390505201;3;3905;52;1;3;0;2;2
2022;      390600201;5;3906;2;1;1;0;2;1
2022;      390600501;6;3906;5;1;1;10;2;1
2022;      390604101;4;3906;41;1;1;0;2;1
2022;      390612401;3;3906;124;1;3;0;1;1
2022;      390612401;4;3906;124;1;0;2;2;2
2022;      390703701;4;3907;37;1;1;10;2;1
2022;      390703801;3;3907;38;1;1;9;2;1
2022;      390704001;5;3907;40;1;1;0;2;1
2022;      390712601;4;3907;126;1;3;5;2;1
2022;      390713001;3;3907;130;1;2;0;2;1
2022;      390716201;3;3907;162;1;6;0;1;1
2022;      390716201;4;3907;162;1;4;0;1;2
2022;      390716201;5;3907;162;1;2;0;2;3
2022;      390716301;4;3907;163;1;5;4;1;1
2022;      390716301;5;3907;163;1;3;0;2;2
2022;      390716401;3;3907;164;1;1;0;2;1
2022;      390716501;3;3907;165;1;2;0;2;1
2022;      390800301;4;3908;3;1;1;8;1;1
2022;      390800301;5;3908;3;1;1;8;2;2
2022;      390800401;4;3908;4;1;1;6;2;1
2022;      390809401;6;3908;94;1;3;11;2;1
2022;      390809501;1;3908;95;1;0;2;2;1
2022;      390904101;4;3909;41;1;4;0;2;1
2022;      390904201;5;3909;42;1;1;5;2;1
2022;      390906601;4;3909;66;1;4;1;2;1
2022;      390909301;4;3909;93;1;0;11;2;1
2022;      390909401;4;3909;94;1;5;5;1;1
2022;      390909401;5;3909;94;1;0;11;2;2
2022;      390909501;4;3909;95;1;4;9;2;1
2022;      391005201;2;3910;52;1;3;0;2;1
2022;      391005301;4;3910;53;1;3;6;2;1
2022;      391005401;1;3910;54;1;0;6;2;1
2022;      391005501;8;3910;55;1;2;5;2;1
2022;      391005601;2;3910;56;1;1;8;2;1
2022;      391015001;6;3910;150;1;0;10;2;1
2022;      391017901;2;3910;179;1;5;0;2;1
2022;      391018001;2;3910;180;1;8;0;2;1
2022;      391101901;6;3911;19;1;0;6;2;1
2022;      391104301;5;3911;43;1;4;10;2;1
2022;      391104601;4;3911;46;1;2;3;2;1
2022;      391104801;6;3911;48;1;3;10;1;1
2022;      391104801;7;3911;48;1;2;10;2;2
2022;      391105501;5;3911;55;1;4;5;2;1
2022;      391105701;6;3911;57;1;4;10;2;1
2022;      391107601;3;3911;76;1;5;10;2;1
2022;      391200401;9;3912;4;1;0;4;2;1
2022;      391204501;7;3912;45;1;98;98;2;1
2022;      391205401;3;3912;54;1;2;7;2;1
2022;      391205501;2;3912;55;1;0;8;2;1
2022;      391206201;3;3912;62;1;0;6;2;1
2022;      391208101;2;3912;81;1;0;4;2;1
2022;      391208801;3;3912;88;1;0;3;2;1
2022;      391301801;5;3913;18;1;4;4;2;1
2022;      391309501;4;3913;95;1;2;6;2;1
2022;      391512501;3;3915;125;1;5;8;1;1
2022;      391512501;4;3915;125;1;4;8;1;2
2022;      391512501;5;3915;125;1;1;10;2;3
2022;      391606302;3;3916;63;2;0;2;2;1
2022;      391614101;4;3916;141;1;0;9;1;1
2022;      391614101;5;3916;141;1;0;9;1;2
2022;      391614101;6;3916;141;1;0;4;2;3
2022;      391708501;3;3917;85;1;1;3;1;1
2022;      391708501;4;3917;85;1;1;3;2;2
2022;      391710101;2;3917;101;1;1;9;2;1
2022;      391807301;4;3918;73;1;1;6;2;1
2022;      391901101;3;3919;11;1;4;10;1;1
2022;      391901101;4;3919;11;1;2;10;2;2
2022;      391902901;5;3919;29;1;4;8;1;1
2022;      391902901;6;3919;29;1;3;8;1;2
2022;      391902901;7;3919;29;1;3;8;2;3
2022;      391904401;1;3919;44;1;1;10;2;1
2022;      391904701;3;3919;47;1;0;10;2;1
2022;      391905701;1;3919;57;1;0;4;1;1
2022;      391905701;2;3919;57;1;0;4;2;2
2022;      391907101;1;3919;71;1;1;10;2;1
2022;      392005001;2;3920;50;1;20;11;2;1
2022;      392011001;3;3920;110;1;0;5;2;1
2022;      392011901;5;3920;119;1;1;11;1;1
2022;      392011901;6;3920;119;1;1;7;2;2
2022;      392101101;8;3921;11;1;0;7;2;1
2022;      392103701;1;3921;37;1;6;3;1;1
2022;      392103701;2;3921;37;1;6;2;2;2
2022;      392104501;2;3921;45;1;1;8;1;1
2022;      392104501;3;3921;45;1;0;6;2;2
2022;      392104901;3;3921;49;1;3;8;1;1
2022;      392104901;4;3921;49;1;5;8;2;2
2022;      392108901;4;3921;89;1;4;5;2;1
2022;      392202601;5;3922;26;1;1;1;2;1
2022;      392203501;2;3922;35;1;0;3;1;1
2022;      392203501;4;3922;35;1;0;1;2;2
2022;      392207101;3;3922;71;1;0;11;1;1
2022;      392207101;4;3922;71;1;0;11;2;2
2022;      392207201;2;3922;72;1;1;0;1;1
2022;      392207201;3;3922;72;1;1;0;2;2
2022;      392209301;4;3922;93;1;1;11;1;1
2022;      392209301;5;3922;93;1;1;11;2;2
2022;      392309401;3;3923;94;1;1;7;1;1
2022;      392309401;4;3923;94;1;1;7;1;2
2022;      392309401;5;3923;94;1;1;7;2;3
2022;      392315803;2;3923;158;3;12;9;1;1
2022;      392315803;3;3923;158;3;10;9;1;2
2022;      392315803;4;3923;158;3;7;9;1;3
2022;      392315803;5;3923;158;3;1;9;2;4
2022;      392400401;5;3924;4;1;3;11;2;1
2022;      392503201;1;3925;32;1;2;0;1;1
2022;      392503201;4;3925;32;1;2;0;2;2
2022;      392511701;3;3925;117;1;2;4;2;1
2022;      392701701;5;3927;17;1;0;6;2;1
2022;      392704201;5;3927;42;1;1;0;2;1
2022;      392707702;4;3927;77;2;5;6;2;1
2022;      392707703;3;3927;77;3;0;4;2;1
2022;      392716401;3;3927;164;1;1;0;1;1
2022;      392716401;4;3927;164;1;0;1;2;2
2022;      392803601;5;3928;36;1;0;7;1;1
2022;      392803601;6;3928;36;1;0;7;2;2
2022;      392804601;5;3928;46;1;3;8;2;1
2022;      392807001;4;3928;70;1;2;6;2;1
2022;      392818001;2;3928;180;1;12;0;1;1
2022;      392818001;8;3928;180;1;0;8;1;2
2022;      392818001;9;3928;180;1;3;0;2;3
2022;      393102201;6;3931;22;1;4;10;1;1
2022;      393102201;7;3931;22;1;1;0;2;2
2022;      393601401;1;3936;14;1;5;0;2;1
2022;      393804101;4;3938;41;1;0;10;2;1
2022;      394004501;5;3940;45;1;6;0;1;1
2022;      394004501;6;3940;45;1;4;0;1;2
2022;      394004501;7;3940;45;1;2;0;2;3
2022;      394011901;4;3940;119;1;4;0;2;1
2022;      394012001;3;3940;120;1;2;0;2;1
2022;      394104701;4;3941;47;1;3;4;2;1
2022;      394107701;6;3941;77;1;2;2;2;1
2022;      394210301;5;3942;103;1;10;0;2;1
2022;      394401001;4;3944;10;1;0;5;2;1
2022;      394403901;3;3944;39;1;3;5;2;1
2022;      394404201;3;3944;42;1;1;5;2;1
2022;      394406001;3;3944;60;1;1;6;2;1
2022;      394500101;7;3945;1;1;1;0;2;1
2022;      394500301;7;3945;3;1;0;1;2;1
2022;      394503701;4;3945;37;1;0;6;2;1
2022;      394601301;6;3946;13;1;1;7;2;1
2022;      394601501;4;3946;15;1;0;9;2;1
2022;      394601601;8;3946;16;1;2;0;2;1
2022;      394601701;5;3946;17;1;1;2;1;1
2022;      394601701;6;3946;17;1;0;8;2;2
2022;      394603101;3;3946;31;1;0;6;2;1
2022;      394603201;4;3946;32;1;6;9;1;1
2022;      394603201;5;3946;32;1;3;9;1;2
2022;      394603201;6;3946;32;1;1;9;2;3
2022;      394603501;2;3946;35;1;1;0;1;1
2022;      394603501;3;3946;35;1;0;1;2;2
2022;      394605601;5;3946;56;1;6;0;1;1
2022;      394605601;6;3946;56;1;4;0;1;2
2022;      394605601;7;3946;56;1;4;0;2;3
2022;      394605701;7;3946;57;1;3;10;2;1
2022;      394707601;3;3947;76;1;3;6;2;1
2022;      394707801;3;3947;78;1;2;6;1;1
2022;      394707801;4;3947;78;1;0;6;1;2
2022;      394707801;5;3947;78;1;5;6;2;3
2022;      394707901;4;3947;79;1;4;8;2;1
2022;      394711701;3;3947;117;1;0;6;2;1
2022;      394711801;5;3947;118;1;2;5;2;1
2022;      394711901;4;3947;119;1;0;5;2;1
2022;      394712101;3;3947;121;1;3;4;1;1
2022;      394712101;4;3947;121;1;0;4;2;2
2022;      394712901;6;3947;129;1;0;8;2;1
2022;      394713101;3;3947;131;1;2;6;2;1
2022;      394802401;4;3948;24;1;4;1;2;1
2022;      394803001;3;3948;30;1;3;0;2;1
2022;      394803201;3;3948;32;1;1;0;2;1
2022;      394902201;1;3949;22;1;0;4;2;1
2022;      395004701;2;3950;47;1;2;8;2;1
2022;      395101601;7;3951;16;1;2;7;2;1
2022;      395101901;4;3951;19;1;1;0;2;1
2022;      395102001;3;3951;20;1;6;7;1;1
2022;      395102001;4;3951;20;1;4;7;2;2
2022;      395112201;2;3951;122;1;0;6;2;1
2022;      395112301;2;3951;123;1;1;0;2;1
2022;      395117801;1;3951;178;1;4;4;1;1
2022;      395117801;5;3951;178;1;2;4;2;2
2022;      395118101;3;3951;181;1;0;9;2;1
2022;      395202101;3;3952;21;1;1;2;2;1
2022;      395206001;5;3952;60;1;0;1;2;1
2022;      395208301;4;3952;83;1;0;3;2;1
2022;      395210901;4;3952;109;1;0;6;2;1
2022;      395214201;3;3952;142;1;3;9;1;1
2022;      395214201;4;3952;142;1;2;9;2;2
2022;      395300401;4;3953;4;1;0;8;2;1
2022;      395306701;5;3953;67;1;0;2;2;1
2022;      395311501;4;3953;115;1;3;10;2;1
2022;      395405401;3;3954;54;1;5;5;2;1
2022;      395406701;4;3954;67;1;1;4;2;1
2022;      395501501;4;3955;15;1;3;6;2;1
2022;      395502201;5;3955;22;1;3;2;2;1
2022;      395504501;3;3955;45;1;4;3;2;1
2022;      395507801;4;3955;78;1;1;2;1;1
2022;      395507801;5;3955;78;1;1;1;2;2
2022;      395508501;7;3955;85;1;2;6;2;1
2022;      395601701;5;3956;17;1;0;1;2;1
2022;      395602701;3;3956;27;1;3;2;2;1
2022;      395604201;4;3956;42;1;5;2;2;1
2022;      395606101;3;3956;61;1;0;11;1;1
2022;      395606101;4;3956;61;1;0;11;2;2
2022;      395705201;3;3957;52;1;4;9;1;1
2022;      395705201;4;3957;52;1;1;7;2;2
2022;      395705301;4;3957;53;1;0;9;2;1
2022;      395705401;6;3957;54;1;3;9;2;1
2022;      395708601;2;3957;86;1;1;1;2;1
2022;      395708701;5;3957;87;1;1;3;2;1
2022;      395712501;2;3957;125;1;0;6;2;1
2022;      395800101;2;3958;1;1;0;8;2;1
2022;      395800301;4;3958;3;1;4;4;2;1
2022;      395800401;7;3958;4;1;4;7;2;1
2022;      395800501;6;3958;5;1;2;1;2;1
2022;      395802301;1;3958;23;1;2;6;2;1
2022;      395802501;5;3958;25;1;2;9;2;1
2022;      395802701;1;3958;27;1;0;6;2;1
2022;      395808501;3;3958;85;1;0;6;2;1
2022;      395808601;3;3958;86;1;4;10;2;1
2022;      395808701;3;3958;87;1;1;5;2;1
2022;      395808801;3;3958;88;1;1;0;2;1
2022;      395902301;1;3959;23;1;2;6;1;1
2022;      395902301;4;3959;23;1;2;3;2;2
2022;      395902501;3;3959;25;1;2;0;2;1
2022;      395903201;5;3959;32;1;2;0;2;1
2022;      395903801;6;3959;38;1;2;10;1;1
2022;      395903801;7;3959;38;1;0;2;2;2
2022;      395904801;2;3959;48;1;0;4;1;1
2022;      395904801;5;3959;48;1;0;4;1;2
2022;      395904801;6;3959;48;1;0;4;2;3
2022;      395905501;3;3959;55;1;3;2;1;1
2022;      395905501;4;3959;55;1;0;5;2;2
2022;      395906001;10;3959;60;1;0;6;2;1
2022;      395908301;3;3959;83;1;0;6;1;1
2022;      395908301;5;3959;83;1;0;11;2;2
2022;      396000801;4;3960;8;1;2;2;2;1
2022;      396002001;5;3960;20;1;0;4;2;1
2022;      396003701;3;3960;37;1;3;6;2;1
2022;      396004801;3;3960;48;1;4;10;1;1
2022;      396004801;4;3960;48;1;2;10;2;2
2022;      396006301;3;3960;63;1;6;10;1;1
2022;      396006301;4;3960;63;1;2;9;2;2
2022;      396007601;3;3960;76;1;2;7;2;1
2022;      396111001;5;3961;110;1;2;10;2;1
2022;      396111101;2;3961;111;1;12;3;2;1
2022;      396111301;4;3961;113;1;2;0;2;1
2022;      396111401;4;3961;114;1;2;9;1;1
2022;      396111401;5;3961;114;1;1;2;2;2
2022;      396111801;4;3961;118;1;4;9;2;1
2022;      396113001;2;3961;130;1;0;4;2;1
2022;      396113201;5;3961;132;1;4;5;2;1
2022;      396208601;7;3962;86;1;1;8;2;1
2022;      396212401;3;3962;124;1;2;0;1;1
2022;      396212401;4;3962;124;1;2;0;2;2
2022;      396212701;8;3962;127;1;1;11;2;1
2022;      396214701;1;3962;147;1;3;4;1;1
2022;      396214701;4;3962;147;1;3;4;2;2
2022;      396303701;2;3963;37;1;0;8;1;1
2022;      396303701;6;3963;37;1;0;8;2;2
2022;      396306801;6;3963;68;1;0;8;2;1
2022;      396311501;6;3963;115;1;0;10;2;1
2022;      396401201;2;3964;12;1;7;0;1;1
2022;      396401201;3;3964;12;1;3;6;2;2
2022;      396401301;4;3964;13;1;0;4;2;1
2022;      396403701;5;3964;37;1;1;0;2;1
2022;      396403901;4;3964;39;1;4;1;2;1
2022;      396404001;4;3964;40;1;1;8;2;1
2022;      396406801;3;3964;68;1;0;4;2;1
2022;      396406901;4;3964;69;1;0;8;2;1
2022;      396407101;4;3964;71;1;3;8;1;1
2022;      396407101;5;3964;71;1;1;8;2;2
2022;      396502301;6;3965;23;1;1;6;2;1
2022;      396502401;4;3965;24;1;1;11;1;1
2022;      396502401;5;3965;24;1;1;11;2;2
2022;      396502501;7;3965;25;1;4;9;1;1
2022;      396502501;8;3965;25;1;1;4;2;2
2022;      396502701;7;3965;27;1;1;11;1;1
2022;      396502701;8;3965;27;1;0;11;2;2
2022;      396504001;2;3965;40;1;3;11;2;1
2022;      396504101;5;3965;41;1;3;6;1;1
2022;      396504101;7;3965;41;1;0;11;2;2
2022;      396504301;5;3965;43;1;3;3;2;1
2022;      396507401;5;3965;74;1;2;11;2;1
2022;      396507501;5;3965;75;1;1;0;2;1
2022;      396507601;7;3965;76;1;1;11;2;1
2022;      396601001;3;3966;10;1;0;6;2;1
2022;      396601701;5;3966;17;1;1;2;2;1
2022;      396602401;5;3966;24;1;3;10;2;1
2022;      396604201;3;3966;42;1;1;0;2;1
2022;      396604701;3;3966;47;1;6;7;1;1
2022;      396604701;4;3966;47;1;4;8;1;2
2022;      396604701;5;3966;47;1;0;3;2;3
2022;      396607101;4;3966;71;1;5;2;1;1
2022;      396607101;5;3966;71;1;4;7;2;2
2022;      396607501;4;3966;75;1;0;6;2;1
2022;      396700701;5;3967;7;1;1;5;2;1
2022;      396702401;4;3967;24;1;3;8;2;1
2022;      396703601;5;3967;36;1;2;0;1;1
2022;      396703601;6;3967;36;1;2;0;1;2
2022;      396703601;7;3967;36;1;2;0;2;3
2022;      396704401;3;3967;44;1;2;10;1;1
2022;      396704401;4;3967;44;1;2;10;2;2
2022;      396705301;4;3967;53;1;3;0;2;1
2022;      396709501;5;3967;95;1;3;1;2;1
2022;      396803401;2;3968;34;1;13;10;1;1
2022;      396803401;4;3968;34;1;5;0;2;2
2022;      396803501;2;3968;35;1;3;10;2;1
2022;      396803701;1;3968;37;1;1;8;2;1
2022;      396805301;3;3968;53;1;0;10;1;1
2022;      396805301;4;3968;53;1;0;4;2;2
2022;      396805501;2;3968;55;1;0;10;2;1
2022;      396805601;1;3968;56;1;5;10;2;1
2022;      396809201;3;3968;92;1;4;1;2;1
2022;      396809701;4;3968;97;1;3;6;1;1
2022;      396809701;5;3968;97;1;1;1;2;2
2022;      397105001;3;3971;50;1;1;11;1;1
2022;      397105001;4;3971;50;1;1;11;2;2
2022;      397201401;4;3972;14;1;3;0;1;1
2022;      397201401;5;3972;14;1;1;6;2;2
2022;      397206801;4;3972;68;1;1;0;2;1
2022;      397400201;1;3974;2;1;0;6;2;1
2022;      397402101;4;3974;21;1;0;2;2;1
2022;      397402701;3;3974;27;1;1;0;2;1
2022;      397404501;3;3974;45;1;0;3;2;1
2022;      397408201;3;3974;82;1;3;0;2;1
2022;      397503201;3;3975;32;1;2;10;2;1
2022;      397504601;4;3975;46;1;3;11;2;1
2022;      397505401;6;3975;54;1;1;0;2;1
2022;      397506301;3;3975;63;1;1;9;2;1
2022;      397509301;3;3975;93;1;1;0;2;1
2022;      397601401;3;3976;14;1;2;0;2;1
2022;      397602001;4;3976;20;1;0;3;2;1
2022;      397605001;3;3976;50;1;4;0;1;1
2022;      397605001;4;3976;50;1;4;0;2;2
2022;      397608501;3;3976;85;1;0;6;2;1
2022;      397611101;4;3976;111;1;0;1;2;1
2022;      397700101;3;3977;1;1;0;4;2;1
2022;      397701901;3;3977;19;1;0;3;2;1
2022;      397706701;5;3977;67;1;1;7;2;1
2022;      397709501;6;3977;95;1;4;9;2;1
2022;      397803201;5;3978;32;1;2;4;2;1
2022;      397803301;3;3978;33;1;2;8;2;1
2022;      397803401;2;3978;34;1;0;1;2;1
2022;      397814401;6;3978;144;1;0;2;2;1
2022;      397814501;5;3978;145;1;1;10;2;1
2022;      397902201;5;3979;22;1;1;0;2;1
2022;      397902401;4;3979;24;1;1;7;2;1
2022;      397906901;4;3979;69;1;2;1;2;1
2022;      397910601;1;3979;106;1;1;0;1;1
2022;      397910601;6;3979;106;1;1;0;2;2
2022;      397910801;3;3979;108;1;1;0;2;1
2022;      397910901;3;3979;109;1;1;3;2;1
2022;      398004101;2;3980;41;1;2;7;2;1
2022;      398006501;4;3980;65;1;3;7;2;1
2022;      398006601;3;3980;66;1;0;1;2;1
2022;      398009701;3;3980;97;1;4;0;1;1
2022;      398009701;4;3980;97;1;4;0;2;2
2022;      398009901;3;3980;99;1;1;7;2;1
2022;      398010401;3;3980;104;1;3;4;2;1
2022;      398101801;6;3981;18;1;3;6;2;1
2022;      398101901;5;3981;19;1;5;5;1;1
2022;      398101901;6;3981;19;1;5;5;2;2
2022;      398102101;3;3981;21;1;1;6;2;1
2022;      398104301;4;3981;43;1;4;6;2;1
2022;      398104701;3;3981;47;1;3;3;2;1
2022;      398105201;3;3981;52;1;1;6;2;1
2022;      398105601;3;3981;56;1;6;2;1;1
2022;      398105601;5;3981;56;1;0;1;2;2
2022;      398200301;5;3982;3;1;0;10;2;1
2022;      398201501;4;3982;15;1;3;4;2;1
2022;      398202301;6;3982;23;1;3;7;2;1
2022;      398203901;3;3982;39;1;0;4;2;1
2022;      398205001;5;3982;50;1;0;4;2;1
2022;      398205301;5;3982;53;1;6;0;1;1
2022;      398205301;6;3982;53;1;5;5;2;2
2022;      398209501;3;3982;95;1;5;4;1;1
2022;      398209501;4;3982;95;1;2;0;2;2
2022;      398211301;4;3982;113;1;0;4;2;1
2022;      398211901;6;3982;119;1;0;7;1;1
2022;      398211901;7;3982;119;1;0;11;2;2
2022;      398301201;2;3983;12;1;0;5;1;1
2022;      398301201;4;3983;12;1;4;0;2;2
2022;      398301401;7;3983;14;1;0;10;2;1
2022;      398301501;6;3983;15;1;0;1;2;1
2022;      398304601;4;3983;46;1;2;5;2;1
2022;      398304801;2;3983;48;1;4;0;2;1
2022;      398311801;1;3983;118;1;0;5;2;1
2022;      398311901;3;3983;119;1;0;4;2;1
2022;      398312001;3;3983;120;1;3;0;2;1
2022;      398312101;4;3983;121;1;1;2;2;1
2022;      398501101;6;3985;11;1;3;6;2;1
2022;      398501201;3;3985;12;1;2;3;2;1
2022;      398504401;2;3985;44;1;0;1;1;1
2022;      398504401;4;3985;44;1;3;4;2;2
2022;      398504701;6;3985;47;1;3;0;1;1
2022;      398504701;7;3985;47;1;1;6;2;2
2022;      398504801;3;3985;48;1;4;3;2;1
2022;      398506601;1;3985;66;1;1;3;2;1
2022;      398700101;3;3987;1;1;1;0;2;1
2022;      398700501;5;3987;5;1;3;0;2;1
2022;      398701701;3;3987;17;1;2;0;2;1
2022;      398701801;3;3987;18;1;3;0;2;1
2022;      398704301;3;3987;43;1;2;0;2;1
2022;      398704501;2;3987;45;1;0;5;2;1
2022;      398810001;3;3988;100;1;2;4;2;1
2022;      398810301;3;3988;103;1;4;6;2;1
2022;      398909801;3;3989;98;1;2;4;2;1
2022;      399309301;6;3993;93;1;1;6;2;1
2022;      399313301;5;3993;133;1;4;6;1;1
2022;      399313301;6;3993;133;1;1;3;2;2
2022;      399401001;6;3994;10;1;0;3;1;1
2022;      399401001;7;3994;10;1;0;3;2;2
2022;      399604401;5;3996;44;1;2;6;2;1
2022;      399800601;5;3998;6;1;2;3;2;1
2022;      399806601;7;3998;66;1;3;10;1;1
2022;      399806601;8;3998;66;1;0;3;2;2
2022;      399901901;4;3999;19;1;1;1;1;1
2022;      399901901;5;3999;19;1;1;1;2;2
2022;      399905901;3;3999;59;1;2;8;2;1
2022;      399906201;5;3999;62;1;2;9;2;1
2022;      399907701;3;3999;77;1;1;2;2;1
2022;      399913401;6;3999;134;1;0;6;2;1
2022;      400212801;3;4002;128;1;0;11;2;1
2022;      400301401;3;4003;14;1;1;11;1;1
2022;      400301401;4;4003;14;1;0;8;2;2
2022;      400309701;5;4003;97;1;2;10;2;1
2022;      400400901;4;4004;9;1;0;2;2;1
2022;      400504001;5;4005;40;1;6;7;1;1
2022;      400504001;6;4005;40;1;0;7;2;2
2022;      400505801;4;4005;58;1;3;7;2;1
2022;      400703301;3;4007;33;1;3;11;2;1
2022;      400807601;3;4008;76;1;2;9;2;1
2022;      400807701;3;4008;77;1;3;9;2;1
2022;      400807901;4;4008;79;1;1;6;2;1
2022;      400808001;4;4008;80;1;2;8;2;1
2022;      400809901;6;4008;99;1;1;8;2;1
2022;      400810101;5;4008;101;1;0;2;2;1
2022;      400810501;3;4008;105;1;2;6;2;1
2022;      400812201;5;4008;122;1;2;6;2;1
2022;      400812701;3;4008;127;1;2;9;1;1
2022;      400812701;4;4008;127;1;2;9;2;2
2022;      400813601;6;4008;136;1;3;9;2;1
2022;      400904601;3;4009;46;1;0;1;2;1
2022;      401102101;3;4011;21;1;0;9;1;1
2022;      401102101;4;4011;21;1;0;9;2;2
2022;      401104701;4;4011;47;1;2;3;2;1
2022;      401110801;4;4011;108;1;0;3;1;1
2022;      401110801;5;4011;108;1;0;3;2;2
2022;      401207501;4;4012;75;1;0;7;1;1
2022;      401207501;5;4012;75;1;0;4;2;2
2022;      401301201;4;4013;12;1;1;3;2;1
2022;      401418201;4;4014;182;1;0;5;2;1
2022;      401610701;4;4016;107;1;2;10;1;1
2022;      401610701;5;4016;107;1;0;4;2;2
2022;      401706801;5;4017;68;1;3;9;2;1
2022;      401707501;5;4017;75;1;3;8;2;1
2022;      401707901;2;4017;79;1;2;9;1;1
2022;      401707901;4;4017;79;1;3;9;2;2
2022;      401804601;4;4018;46;1;2;11;2;1
2022;      401814101;3;4018;141;1;0;1;2;1
2022;      401900101;3;4019;1;1;1;1;2;1
2022;      401912401;5;4019;124;1;3;6;2;1
2022;      402009001;4;4020;90;1;0;4;2;1
2022;      402012301;2;4020;123;1;4;6;2;1
2022;      402108201;3;4021;82;1;0;1;2;1
2022;      402108801;3;4021;88;1;0;2;2;1
2022;      402300501;5;4023;5;1;1;9;2;1
2022;      402301401;4;4023;14;1;0;10;2;1
2022;      402304401;3;4023;44;1;2;9;2;1
2022;      402307401;4;4023;74;1;0;1;2;1
2022;      402308001;3;4023;80;1;3;10;2;1
2022;      402309501;4;4023;95;1;4;10;2;1
2022;      402309801;3;4023;98;1;5;10;2;1
2022;      402403101;7;4024;31;1;1;7;2;1
2022;      402405001;3;4024;50;1;0;6;2;1
2022;      402406001;5;4024;60;1;2;3;2;1
2022;      402407601;7;4024;76;1;1;7;2;1
2022;      402408601;4;4024;86;1;0;8;2;1
2022;      402412401;4;4024;124;1;4;6;1;1
2022;      402412401;5;4024;124;1;0;3;2;2
2022;      402503501;2;4025;35;1;0;4;2;1
2022;      402503901;3;4025;39;1;1;0;2;1
2022;      402510701;4;4025;107;1;1;4;2;1
2022;      402603601;2;4026;36;1;1;5;1;1
2022;      402603601;3;4026;36;1;1;5;2;2
2022;      402603801;3;4026;38;1;5;2;1;1
2022;      402603801;4;4026;38;1;2;2;2;2
2022;      402603901;3;4026;39;1;1;10;2;1
2022;      402607101;3;4026;71;1;4;8;1;1
2022;      402607101;4;4026;71;1;0;8;1;2
2022;      402607101;6;4026;71;1;6;6;2;3
2022;      402607201;5;4026;72;1;4;3;2;1
2022;      402607301;3;4026;73;1;6;8;1;1
2022;      402607301;4;4026;73;1;0;1;1;2
2022;      402607301;7;4026;73;1;1;2;2;3
2022;      402611601;6;4026;116;1;7;8;1;1
2022;      402611601;7;4026;116;1;1;3;2;2
2022;      402611801;3;4026;118;1;5;0;1;1
2022;      402611801;4;4026;118;1;3;3;2;2
2022;      402612001;3;4026;120;1;1;2;2;1
2022;      402701401;3;4027;14;1;0;10;2;1
2022;      402710901;5;4027;109;1;1;11;1;1
2022;      402710901;6;4027;109;1;1;6;2;2
2022;      402711201;7;4027;112;1;1;1;2;1
2022;      402713701;5;4027;137;1;2;6;2;1
2022;      402714301;4;4027;143;1;2;11;2;1
2022;      402714701;3;4027;147;1;0;3;2;1
2022;      402714901;5;4027;149;1;2;11;2;1
2022;      403203801;3;4032;38;1;2;0;2;1
2022;      403205101;4;4032;51;1;0;4;2;1
2022;      403309101;2;4033;91;1;2;4;1;1
2022;      403309101;5;4033;91;1;2;4;1;2
2022;      403309101;7;4033;91;1;0;1;1;3
2022;      403309101;8;4033;91;1;1;3;2;4
2022;      403312201;5;4033;122;1;0;6;1;1
2022;      403312201;6;4033;122;1;0;6;2;2
2022;      403416801;3;4034;168;1;1;0;1;1
2022;      403416801;4;4034;168;1;1;0;2;2
2022;      403425601;4;4034;256;1;1;0;2;1
2022;      403514601;3;4035;146;1;1;0;1;1
2022;      403514601;4;4035;146;1;1;0;2;2
2022;      403517401;4;4035;174;1;1;0;2;1
2022;      403710101;3;4037;101;1;0;2;1;1
2022;      403710101;4;4037;101;1;0;2;2;2
2022;      404105901;5;4041;59;1;0;2;2;1
2022;      404106001;1;4041;60;1;3;11;2;1
2022;      404110801;3;4041;108;1;4;0;2;1
2022;      404202501;3;4042;25;1;1;10;2;1
2022;      404205501;3;4042;55;1;0;4;2;1
2022;      404205901;3;4042;59;1;5;5;2;1
2022;      404208701;1;4042;87;1;1;4;2;1
2022;      404301401;5;4043;14;1;5;7;2;1
2022;      404302001;3;4043;20;1;4;1;1;1
2022;      404302001;4;4043;20;1;2;3;2;2
2022;      404310601;5;4043;106;1;2;0;2;1
2022;      404311001;4;4043;110;1;2;2;2;1
2022;      404401201;3;4044;12;1;0;6;2;1
2022;      404401301;3;4044;13;1;1;10;2;1
2022;      404401401;4;4044;14;1;0;6;2;1
2022;      404407201;6;4044;72;1;2;0;2;1
2022;      404407301;5;4044;73;1;0;4;2;1
2022;      404407401;3;4044;74;1;0;10;2;1
2022;      404411501;6;4044;115;1;2;0;2;1
2022;      404411701;5;4044;117;1;1;10;2;1
2022;      404503501;1;4045;35;1;3;0;2;1
2022;      404503701;4;4045;37;1;4;10;1;1
2022;      404503701;5;4045;37;1;2;2;2;2
2022;      404503801;8;4045;38;1;2;6;2;1
2022;      404506701;5;4045;67;1;2;6;2;1
2022;      404506801;5;4045;68;1;2;0;2;1
2022;      404511601;3;4045;116;1;3;2;1;1
2022;      404511601;4;4045;116;1;0;1;2;2
2022;      404511701;8;4045;117;1;0;2;2;1
2022;      404511801;1;4045;118;1;0;2;2;1
2022;      404512001;4;4045;120;1;2;3;2;1
2022;      404600301;4;4046;3;1;4;6;1;1
2022;      404600301;5;4046;3;1;2;7;1;2
2022;      404600301;6;4046;3;1;2;7;2;3
2022;      404600801;4;4046;8;1;4;0;2;1
2022;      404601301;6;4046;13;1;6;6;1;1
2022;      404601301;7;4046;13;1;4;6;1;2
2022;      404601301;8;4046;13;1;0;3;2;3
2022;      404601501;3;4046;15;1;4;0;2;1
2022;      404601701;3;4046;17;1;0;6;2;1
2022;      404602501;3;4046;25;1;4;0;1;1
2022;      404602501;4;4046;25;1;2;11;1;2
2022;      404602501;5;4046;25;1;0;11;2;3
2022;      404603701;2;4046;37;1;4;4;2;1
2022;      404607001;1;4046;70;1;2;0;2;1
2022;      404607401;6;4046;74;1;0;3;2;1
2022;      404608101;1;4046;81;1;1;0;2;1
2022;      404608701;5;4046;87;1;4;0;2;1
2022;      404611701;2;4046;117;1;0;2;2;1
2022;      404700201;3;4047;2;1;0;6;2;1
2022;      404700501;6;4047;5;1;2;7;2;1
2022;      404707001;3;4047;70;1;0;3;2;1
2022;      404707301;4;4047;73;1;0;1;2;1
2022;      404707401;6;4047;74;1;2;5;2;1
2022;      404712001;4;4047;120;1;2;6;2;1
2022;      404712201;5;4047;122;1;1;0;2;1
2022;      404712501;5;4047;125;1;2;0;2;1
2022;      404712601;5;4047;126;1;2;8;2;1
2022;      405405101;5;4054;51;1;9;6;2;1
2022;      405601601;3;4056;16;1;0;4;2;1
2022;      405605701;3;4056;57;1;0;2;1;1
2022;      405605701;5;4056;57;1;0;6;2;2
2022;      405704001;3;4057;40;1;1;6;1;1
2022;      405704001;4;4057;40;1;1;6;2;2
2022;      405808201;3;4058;82;1;0;1;2;1
2022;      405811801;3;4058;118;1;3;2;2;1
2022;      406004802;2;4060;48;2;0;8;1;1
2022;      406004802;3;4060;48;2;0;8;2;2
2022;      406109501;1;4061;95;1;6;0;1;1
2022;      406109501;3;4061;95;1;2;10;1;2
2022;      406109501;4;4061;95;1;0;5;1;3
2022;      406109501;6;4061;95;1;2;9;2;4
2022;      406201601;1;4062;16;1;1;6;1;1
2022;      406201601;5;4062;16;1;0;6;2;2
2022;      406211401;5;4062;114;1;0;5;2;1
2022;      406300301;4;4063;3;1;1;9;1;1
2022;      406300301;5;4063;3;1;1;9;2;2
2022;      406304901;4;4063;49;1;1;0;2;1
2022;      406309401;3;4063;94;1;1;7;1;1
2022;      406309401;4;4063;94;1;2;0;2;2
2022;      406401901;3;4064;19;1;4;5;1;1
2022;      406401901;4;4064;19;1;2;5;2;2
2022;      406402102;1;4064;21;2;0;1;2;1
2022;      406407101;6;4064;71;1;1;0;2;1
2022;      406501601;4;4065;16;1;0;2;2;1
2022;      406502301;5;4065;23;1;2;11;1;1
2022;      406502301;6;4065;23;1;2;11;2;2
2022;      406600701;5;4066;7;1;1;6;2;1
2022;      406613901;5;4066;139;1;1;8;2;1
2022;      406706201;6;4067;62;1;4;0;2;1
2022;      406706401;5;4067;64;1;0;1;2;1
2022;      406714001;3;4067;140;1;2;9;2;1
2022;      406714201;2;4067;142;1;6;4;2;1
2022;      406714501;3;4067;145;1;1;0;2;1
2022;      406714601;3;4067;146;1;3;3;2;1
2022;      406714701;4;4067;147;1;5;0;2;1
2022;      406714801;3;4067;148;1;4;3;2;1
2022;      406904501;3;4069;45;1;3;7;1;1
2022;      406904501;4;4069;45;1;0;2;2;2
2022;      407101402;4;4071;14;2;0;6;2;1
2022;      407102601;2;4071;26;1;1;10;2;1
2022;      407110301;3;4071;103;1;0;9;2;1
2022;      407206401;4;4072;64;1;8;7;1;1
2022;      407206401;5;4072;64;1;3;7;2;2
2022;      407302101;6;4073;21;1;4;0;2;1
2022;      407404201;5;4074;42;1;6;10;1;1
2022;      407404201;6;4074;42;1;1;10;2;2
2022;      407500601;5;4075;6;1;0;2;2;1
2022;      407604101;4;4076;41;1;3;4;1;1
2022;      407604101;5;4076;41;1;2;4;2;2
2022;      407701701;1;4077;17;1;1;2;1;1
2022;      407701701;3;4077;17;1;1;2;2;2
2022;      407706001;1;4077;60;1;2;10;1;1
2022;      407706001;2;4077;60;1;2;10;1;2
2022;      407706001;6;4077;60;1;2;10;2;3
2022;      407706101;5;4077;61;1;1;8;1;1
2022;      407706101;6;4077;61;1;1;8;2;2
2022;      407803001;1;4078;30;1;10;3;2;1
2022;      407809701;3;4078;97;1;12;7;1;1
2022;      407809701;4;4078;97;1;0;11;2;2
2022;      407818001;5;4078;180;1;1;7;2;1
2022;      407900101;4;4079;1;1;2;10;2;1
2022;      407905701;3;4079;57;1;0;2;2;1
2022;      408004101;2;4080;41;1;3;11;1;1
2022;      408004101;3;4080;41;1;0;11;2;2
2022;      408005201;3;4080;52;1;2;10;2;1
2022;      408005901;3;4080;59;1;12;10;1;1
2022;      408005901;4;4080;59;1;9;10;2;2
2022;      408105101;6;4081;51;1;0;1;2;1
2022;      408107302;1;4081;73;2;3;6;2;1
2022;      408400301;2;4084;3;1;9;9;2;1
2022;      408411901;5;4084;119;1;0;11;1;1
2022;      408411901;8;4084;119;1;4;11;2;2
2022;      408416301;3;4084;163;1;3;10;2;1
2022;      408508601;3;4085;86;1;4;0;1;1
2022;      408508601;4;4085;86;1;9;0;2;2
2022;      408513101;3;4085;131;1;3;0;2;1
2022;      408600701;2;4086;7;1;0;10;2;1
2022;      408601301;3;4086;13;1;1;4;2;1
2022;      408610101;3;4086;101;1;0;4;2;1
2022;      408815801;2;4088;158;1;1;3;1;1
2022;      408815801;3;4088;158;1;1;3;2;2
2022;      408901301;4;4089;13;1;1;11;2;1
2022;      408912301;6;4089;123;1;0;6;2;1
2022;      408912601;6;4089;126;1;3;0;1;1
2022;      408912601;7;4089;126;1;3;0;2;2
2022;      409102001;3;4091;20;1;2;8;2;1
2022;      409201101;6;4092;11;1;0;3;2;1
2022;      409900701;2;4099;7;1;0;3;1;1
2022;      409900701;3;4099;7;1;8;0;1;2
2022;      409900701;5;4099;7;1;0;6;2;3
2022;      409900901;4;4099;9;1;98;98;1;1
2022;      409900901;5;4099;9;1;98;98;1;2
2022;      409900901;8;4099;9;1;10;6;2;3
2022;      410001701;5;4100;17;1;3;10;2;1
2022;      410006001;2;4100;60;1;10;11;2;1
2022;      410012901;1;4100;129;1;2;10;2;1
2022;      410014801;3;4100;148;1;2;10;2;1
2022;      410101701;2;4101;17;1;2;0;2;1
2022;      410206201;5;4102;62;1;1;9;2;1
2022;      410310201;4;4103;102;1;2;98;2;1
2022;      410605401;5;4106;54;1;1;11;2;1
2022;      411102801;7;4111;28;1;10;6;1;1
2022;      411102801;8;4111;28;1;7;6;1;2
2022;      411102801;9;4111;28;1;3;6;2;3
2022;      411300201;4;4113;2;1;1;6;1;1
2022;      411300201;5;4113;2;1;1;6;2;2
2022;      411401701;2;4114;17;1;0;1;2;1
2022;      411402801;3;4114;28;1;0;8;2;1
2022;      411403301;6;4114;33;1;0;6;2;1
2022;      411405101;3;4114;51;1;1;6;1;1
2022;      411405101;4;4114;51;1;2;3;2;2
2022;      411501601;6;4115;16;1;1;10;2;1
2022;      411501602;2;4115;16;2;0;3;2;1
2022;      411505101;3;4115;51;1;1;9;2;1
2022;      411505501;3;4115;55;1;2;9;2;1
2022;      411506101;4;4115;61;1;0;3;2;1
2022;      411714401;4;4117;144;1;1;10;1;1
2022;      411714401;5;4117;144;1;1;10;2;2
2022;      411803401;3;4118;34;1;2;0;1;1
2022;      411803401;4;4118;34;1;2;4;2;2
2022;      411804601;3;4118;46;1;0;8;1;1
2022;      411804601;4;4118;46;1;0;8;2;2
2022;      411911401;4;4119;114;1;8;9;1;1
2022;      411911401;5;4119;114;1;3;9;2;2
2022;      412011101;5;4120;111;1;4;8;1;1
2022;      412011101;7;4120;111;1;0;6;2;2
2022;      412013801;3;4120;138;1;0;5;2;1
2022;      412018501;3;4120;185;1;0;4;1;1
2022;      412018501;4;4120;185;1;0;4;2;2
2022;      412104701;3;4121;47;1;0;1;1;1
2022;      412104701;4;4121;47;1;0;1;2;2
2022;      412107301;5;4121;73;1;2;6;1;1
2022;      412107301;6;4121;73;1;2;6;2;2
2022;      412200201;4;4122;2;1;2;4;2;1
2022;      412203901;5;4122;39;1;1;7;2;1
2022;      412205701;4;4122;57;1;8;0;1;1
2022;      412205701;5;4122;57;1;4;6;2;2
2022;      412208401;3;4122;84;1;2;6;2;1
2022;      412302301;3;4123;23;1;0;6;1;1
2022;      412302301;4;4123;23;1;0;6;2;2
2022;      412307201;2;4123;72;1;14;6;2;1
2022;      412500601;4;4125;6;1;0;2;2;1
2022;      412504401;3;4125;44;1;0;3;2;1
2022;      412805701;5;4128;57;1;1;7;2;1
2022;      412806001;2;4128;60;1;0;1;2;1
2022;      413102001;3;4131;20;1;4;2;2;1
2022;      413103601;6;4131;36;1;0;2;2;1
2022;      413107901;5;4131;79;1;10;11;1;1
2022;      413107901;6;4131;79;1;3;11;2;2
2022;      413110001;4;4131;100;1;0;2;2;1
2022;      413110201;3;4131;102;1;0;4;2;1
2022;      413200901;2;4132;9;1;2;8;2;1
2022;      413207901;3;4132;79;1;0;6;2;1
2022;      413217202;3;4132;172;2;98;98;2;1
2022;      413219801;3;4132;198;1;3;8;2;1
2022;      413403801;4;4134;38;1;0;2;2;1
2022;      413407701;3;4134;77;1;5;8;2;1
2022;      413700701;5;4137;7;1;0;2;2;1
2022;      413703001;5;4137;30;1;3;9;2;1
2022;      413800301;2;4138;3;1;0;4;2;1
2022;      413904201;4;4139;42;1;1;7;2;1
2022;      413907801;3;4139;78;1;1;0;2;1
2022;      414000701;4;4140;7;1;2;8;2;1
2022;      414000801;5;4140;8;1;1;3;1;1
2022;      414000801;6;4140;8;1;1;3;2;2
2022;      414001001;2;4140;10;1;1;8;2;1
2022;      414002301;3;4140;23;1;3;6;1;1
2022;      414002301;4;4140;23;1;1;6;2;2
2022;      414002401;4;4140;24;1;5;3;2;1
2022;      414002701;1;4140;27;1;2;0;2;1
2022;      414101101;1;4141;11;1;0;3;1;1
2022;      414101101;2;4141;11;1;0;3;1;2
2022;      414101101;4;4141;11;1;6;11;2;3
2022;      414101201;3;4141;12;1;0;4;2;1
2022;      414101301;4;4141;13;1;7;11;1;1
2022;      414101301;5;4141;13;1;1;7;2;2
2022;      414102201;3;4141;22;1;0;4;2;1
2022;      414102301;3;4141;23;1;5;7;1;1
2022;      414102301;4;4141;23;1;2;7;2;2
2022;      414102501;3;4141;25;1;6;11;1;1
2022;      414102501;4;4141;25;1;4;11;1;2
2022;      414102501;5;4141;25;1;0;2;2;3
2022;      414102601;5;4141;26;1;0;11;2;1
2022;      414103001;3;4141;30;1;0;6;1;1
2022;      414103001;4;4141;30;1;7;11;1;2
2022;      414103001;5;4141;30;1;7;11;2;3
2022;      414105301;3;4141;53;1;8;7;2;1
2022;      414105401;5;4141;54;1;1;11;2;1
2022;      414105402;3;4141;54;2;0;4;1;1
2022;      414105402;4;4141;54;2;0;4;2;2
2022;      414105501;6;4141;55;1;0;6;1;1
2022;      414105501;7;4141;55;1;0;6;1;2
2022;      414105501;8;4141;55;1;0;6;2;3
2022;      414200701;4;4142;7;1;3;4;2;1
2022;      414204401;3;4142;44;1;0;1;1;1
2022;      414204401;4;4142;44;1;0;1;2;2
2022;      414207301;1;4142;73;1;3;5;2;1
2022;      414312501;3;4143;125;1;0;2;2;1
2022;      414506601;3;4145;66;1;0;8;1;1
2022;      414506601;5;4145;66;1;0;8;2;2
2022;      414508801;5;4145;88;1;1;5;2;1
2022;      414809601;7;4148;96;1;0;2;2;1
2022;      414811201;2;4148;112;1;8;11;2;1
2022;      414814401;3;4148;144;1;5;11;1;1
2022;      414814401;4;4148;144;1;0;6;2;2
2022;      415204801;3;4152;48;1;0;8;1;1
2022;      415204801;4;4152;48;1;1;8;2;2
2022;      415401101;6;4154;11;1;3;4;1;1
2022;      415401101;7;4154;11;1;1;6;2;2
2022;      415402001;2;4154;20;1;0;1;2;1
2022;      415404101;7;4154;41;1;2;0;1;1
2022;      415404101;10;4154;41;1;1;0;2;2
2022;      415406701;3;4154;67;1;4;6;2;1
2022;      415407701;7;4154;77;1;0;1;1;1
2022;      415407701;9;4154;77;1;0;6;2;2
2022;      415600101;5;4156;1;1;4;1;2;1
2022;      415600601;5;4156;6;1;4;0;1;1
2022;      415600601;6;4156;6;1;1;0;2;2
2022;      415601201;4;4156;12;1;0;10;2;1
2022;      415602801;6;4156;28;1;1;0;2;1
2022;      415604501;5;4156;45;1;4;8;1;1
2022;      415604501;7;4156;45;1;0;7;2;2
2022;      415604801;1;4156;48;1;0;2;1;1
2022;      415604801;2;4156;48;1;3;0;2;2
2022;      415605501;6;4156;55;1;0;8;2;1
2022;      415700501;4;4157;5;1;1;0;2;1
2022;      415701001;3;4157;10;1;5;9;1;1
2022;      415701001;4;4157;10;1;1;9;2;2
2022;      415706201;4;4157;62;1;5;0;2;1
2022;      415706401;1;4157;64;1;1;2;2;1
2022;      415706601;9;4157;66;1;0;2;2;1
2022;      415711801;5;4157;118;1;0;4;2;1
2022;      415712001;3;4157;120;1;5;3;1;1
2022;      415712001;4;4157;120;1;3;3;2;2
2022;      415712301;3;4157;123;1;0;2;2;1
2022;      415801101;6;4158;11;1;1;8;2;1
2022;      415801201;3;4158;12;1;0;5;2;1
2022;      415801301;3;4158;13;1;6;5;1;1
2022;      415801301;4;4158;13;1;4;5;2;2
2022;      415806501;5;4158;65;1;3;7;2;1
2022;      415806601;6;4158;66;1;3;3;1;1
2022;      415806601;7;4158;66;1;2;3;2;2
2022;      415806701;8;4158;67;1;5;9;2;1
2022;      415807201;3;4158;72;1;5;5;1;1
2022;      415807201;4;4158;72;1;3;5;2;2
2022;      415808901;3;4158;89;1;1;2;2;1
2022;      415809001;7;4158;90;1;0;8;2;1
2022;      415809101;6;4158;91;1;0;4;2;1
2022;      415809201;4;4158;92;1;1;9;2;1
2022;      415908601;8;4159;86;1;0;4;2;1
2022;      415914101;3;4159;141;1;2;0;2;1
2022;      415914301;6;4159;143;1;3;6;2;1
2022;      415916601;6;4159;166;1;3;0;1;1
2022;      415916601;7;4159;166;1;2;0;2;2
2022;      415916701;3;4159;167;1;2;6;2;1
2022;      415916801;5;4159;168;1;4;0;2;1
2022;      415917001;3;4159;170;1;3;0;2;1
2022;      416010601;8;4160;106;1;4;6;1;1
2022;      416010601;11;4160;106;1;1;6;2;2
2022;      416010701;6;4160;107;1;1;1;2;1
2022;      416010801;2;4160;108;1;3;1;2;1
2022;      416010901;4;4160;109;1;8;4;2;1
2022;      416014201;3;4160;142;1;1;6;1;1
2022;      416014201;5;4160;142;1;4;0;2;2
2022;      416014301;5;4160;143;1;2;5;2;1
2022;      416014501;6;4160;145;1;3;7;2;1
2022;      416203301;1;4162;33;1;8;11;2;1
2022;      416708901;4;4167;89;1;6;2;1;1
2022;      416708901;5;4167;89;1;1;2;2;2
2022;      416903001;3;4169;30;1;1;1;2;1
2022;      417404601;4;4174;46;1;3;10;1;1
2022;      417404601;5;4174;46;1;1;1;2;2
2022;      417503701;1;4175;37;1;0;3;1;1
2022;      417503701;5;4175;37;1;1;7;2;2
2022;      417708201;4;4177;82;1;0;3;2;1
2022;      417804801;2;4178;48;1;2;9;2;1
2022;      417805901;2;4178;59;1;0;3;2;1
2022;      417812701;6;4178;127;1;1;2;2;1
2022;      417812901;6;4178;129;1;0;2;2;1
2022;      417813101;3;4178;131;1;3;11;2;1
2022;      417904701;2;4179;47;1;0;2;2;1
2022;      417905501;3;4179;55;1;0;1;2;1
2022;      417905601;4;4179;56;1;4;1;2;1
2022;      418000401;5;4180;4;1;0;1;2;1
2022;      418003001;5;4180;30;1;0;3;2;1
2022;      418006401;4;4180;64;1;0;4;2;1
2022;      418104601;3;4181;46;1;0;2;2;1
2022;      418111001;6;4181;110;1;0;6;2;1
2022;      418304901;1;4183;49;1;2;11;2;1
2022;      418403701;7;4184;37;1;1;6;1;1
2022;      418403701;8;4184;37;1;1;6;2;2
2022;      418500601;3;4185;6;1;1;2;2;1
2022;      418504601;5;4185;46;1;2;7;1;1
2022;      418504601;7;4185;46;1;1;7;2;2
2022;      418606101;5;4186;61;1;2;6;2;1
2022;      418611201;3;4186;112;1;1;8;2;1
2022;      419000101;4;4190;1;1;3;2;2;1
2022;      419009301;4;4190;93;1;1;10;2;1
2022;      419103201;3;4191;32;1;1;11;2;1
2022;      419107501;5;4191;75;1;0;11;2;1
2022;      419108301;3;4191;83;1;0;2;2;1
2022;      419201601;3;4192;16;1;0;6;2;1
2022;      419202501;2;4192;25;1;3;10;2;1
2022;      419203501;3;4192;35;1;1;9;1;1
2022;      419203501;4;4192;35;1;5;9;2;2
2022;      419204001;3;4192;40;1;4;9;2;1
2022;      419204201;3;4192;42;1;0;6;2;1
2022;      419205301;5;4192;53;1;1;6;2;1
2022;      419308001;4;4193;80;1;0;4;2;1
2022;      419310701;4;4193;107;1;98;98;2;1
2022;      419310801;5;4193;108;1;1;6;1;1
2022;      419310801;6;4193;108;1;1;6;2;2
2022;      419401301;4;4194;13;1;0;2;2;1
2022;      419408601;5;4194;86;1;1;0;2;1
2022;      419409201;3;4194;92;1;1;6;1;1
2022;      419409201;4;4194;92;1;1;6;2;2
2022;      419506201;6;4195;62;1;0;8;1;1
2022;      419506201;7;4195;62;1;0;2;2;2
2022;      419507001;5;4195;70;1;1;8;2;1
2022;      419507701;5;4195;77;1;0;4;2;1
2022;      419701001;3;4197;10;1;4;7;1;1
2022;      419701001;4;4197;10;1;3;7;2;2
2022;      419704001;3;4197;40;1;2;7;2;1
2022;      419706101;1;4197;61;1;5;7;1;1
2022;      419706101;3;4197;61;1;4;7;1;2
2022;      419706101;4;4197;61;1;3;7;2;3
2022;      419708201;5;4197;82;1;1;4;2;1
2022;      419803101;3;4198;31;1;2;11;1;1
2022;      419803101;4;4198;31;1;1;11;2;2
2022;      419808301;4;4198;83;1;3;11;2;1
2022;      419808901;3;4198;89;1;3;2;1;1
2022;      419808901;4;4198;89;1;2;5;2;2
2022;      419811101;4;4198;111;1;1;2;2;1
2022;      419811801;3;4198;118;1;1;11;1;1
2022;      419811801;4;4198;118;1;1;11;2;2
2022;      419902501;3;4199;25;1;3;10;2;1
2022;      419903101;4;4199;31;1;3;11;2;1
2022;      419903601;3;4199;36;1;3;11;1;1
2022;      419903601;4;4199;36;1;3;11;2;2
2022;      419904001;3;4199;40;1;1;10;2;1
2022;      419906001;2;4199;60;1;4;10;2;1
2022;      419906801;4;4199;68;1;1;11;1;1
2022;      419906801;5;4199;68;1;0;3;2;2
2022;      419907001;3;4199;70;1;5;10;2;1
2022;      420003401;3;4200;34;1;5;7;1;1
2022;      420003401;4;4200;34;1;2;7;2;2
2022;      420003701;4;4200;37;1;5;0;2;1
2022;      420003901;3;4200;39;1;3;7;1;1
2022;      420003901;4;4200;39;1;0;4;2;2
2022;      420004201;3;4200;42;1;0;1;2;1
2022;      420100201;4;4201;2;1;2;6;2;1
2022;      420101101;3;4201;11;1;5;4;1;1
2022;      420101101;4;4201;11;1;4;4;2;2
2022;      420101401;4;4201;14;1;1;8;2;1
2022;      420102301;4;4201;23;1;1;10;2;1
2022;      420102901;3;4201;29;1;2;8;2;1
2022;      420105101;4;4201;51;1;2;9;2;1
2022;      420105301;4;4201;53;1;1;8;2;1
2022;      420105901;3;4201;59;1;2;8;2;1
2022;      420106101;4;4201;61;1;0;8;2;1
2022;      420201701;4;4202;17;1;1;7;2;1
2022;      420201801;4;4202;18;1;98;98;2;1
2022;      420305301;3;4203;53;1;2;11;2;1
2022;      420308401;3;4203;84;1;98;98;2;1
2022;      420308801;2;4203;88;1;2;4;2;1
2022;      420400401;6;4204;4;1;1;0;2;1
2022;      420401601;3;4204;16;1;1;8;2;1
2022;      420401901;3;4204;19;1;3;9;2;1
2022;      420402901;5;4204;29;1;7;5;2;1
2022;      420404501;5;4204;45;1;0;8;2;1
2022;      420405501;5;4204;55;1;1;6;2;1
2022;      420502201;3;4205;22;1;1;7;2;1
2022;      420601501;3;4206;15;1;2;3;2;1
2022;      420605901;4;4206;59;1;3;10;2;1
2022;      420607301;2;4206;73;1;0;6;2;1
2022;      420608701;2;4206;87;1;2;0;2;1
2022;      420611301;5;4206;113;1;2;10;2;1
2022;      420700201;4;4207;2;1;2;10;2;1
2022;      420705701;4;4207;57;1;4;9;2;1
2022;      420706901;5;4207;69;1;3;5;2;1
2022;      420800101;5;4208;1;1;3;4;2;1
2022;      420800401;3;4208;4;1;2;1;1;1
2022;      420800401;4;4208;4;1;2;6;2;2
2022;      420802701;4;4208;27;1;2;7;2;1
2022;      420803501;3;4208;35;1;0;3;2;1
2022;      420901901;4;4209;19;1;3;8;2;1
2022;      420902401;5;4209;24;1;4;0;2;1
2022;      420905201;3;4209;52;1;4;7;1;1
2022;      420905201;4;4209;52;1;4;7;2;2
2022;      420907501;2;4209;75;1;0;8;2;1
2022;      420907601;2;4209;76;1;0;3;2;1
2022;      421005901;3;4210;59;1;0;6;2;1
2022;      421100201;3;4211;2;1;0;2;2;1
2022;      421104901;4;4211;49;1;0;11;2;1
2022;      421202101;6;4212;21;1;0;3;2;1
2022;      421207801;1;4212;78;1;0;3;1;1
2022;      421207801;3;4212;78;1;0;3;2;2
2022;      421302301;4;4213;23;1;4;2;1;1
2022;      421302301;5;4213;23;1;1;5;2;2
2022;      421307501;7;4213;75;1;1;0;2;1
2022;      421401401;1;4214;14;1;0;7;2;1
2022;      421406401;5;4214;64;1;2;1;2;1
2022;      421406801;3;4214;68;1;1;2;2;1
2022;      421407801;4;4214;78;1;1;8;2;1
2022;      421408101;3;4214;81;1;4;10;2;1
2022;      421501201;5;4215;12;1;1;6;2;1
2022;      421506201;3;4215;62;1;5;8;1;1
2022;      421506201;4;4215;62;1;0;8;2;2
2022;      421506901;3;4215;69;1;2;8;1;1
2022;      421506901;4;4215;69;1;2;8;2;2
2022;      421512401;3;4215;124;1;0;1;2;1
2022;      421602401;4;4216;24;1;5;0;2;1
2022;      421603101;5;4216;31;1;3;9;2;1
2022;      421603601;1;4216;36;1;8;0;2;1
2022;      421604301;4;4216;43;1;12;3;2;1
2022;      421604401;4;4216;44;1;3;2;2;1
2022;      421604601;3;4216;46;1;1;0;1;1
2022;      421604601;5;4216;46;1;1;0;2;2
2022;      421604801;3;4216;48;1;0;2;2;1
2022;      421605201;4;4216;52;1;2;3;2;1
2022;      421605901;4;4216;59;1;5;9;2;1
2022;      421606901;2;4216;69;1;3;0;2;1
2022;      421607501;1;4216;75;1;1;2;2;1
2022;      421608701;5;4216;87;1;3;1;2;1
2022;      421700401;5;4217;4;1;4;0;2;1
2022;      421705701;3;4217;57;1;0;11;2;1
2022;      421706001;3;4217;60;1;2;0;2;1
2022;      421706301;4;4217;63;1;2;10;2;1
2022;      421801901;2;4218;19;1;0;1;2;1
2022;      421802701;3;4218;27;1;2;0;2;1
2022;      421803901;4;4218;39;1;2;5;2;1
2022;      421907301;4;4219;73;1;0;6;2;1
2022;      421907501;5;4219;75;1;2;0;2;1
2022;      421907601;4;4219;76;1;2;2;2;1
2022;      421907701;5;4219;77;1;1;1;2;1
2022;      421916601;3;4219;166;1;4;0;1;1
2022;      421916601;4;4219;166;1;1;5;2;2
2022;      422000501;2;4220;5;1;0;3;2;1
2022;      422001301;5;4220;13;1;3;8;2;1
2022;      422002601;5;4220;26;1;1;3;2;1
2022;      422005101;5;4220;51;1;0;6;2;1
2022;      422005301;2;4220;53;1;4;11;2;1
2022;      422100701;5;4221;7;1;0;4;2;1
2022;      422100901;4;4221;9;1;1;9;2;1
2022;      422104601;3;4221;46;1;1;11;2;1
2022;      422104801;6;4221;48;1;2;10;2;1
2022;      422104901;3;4221;49;1;2;0;2;1
2022;      422105001;4;4221;50;1;6;0;2;1
2022;      422108001;5;4221;80;1;0;11;2;1
2022;      422108201;3;4221;82;1;3;3;2;1
2022;      422108301;3;4221;83;1;4;9;2;1
2022;      422108401;6;4221;84;1;0;6;2;1
2022;      422108901;3;4221;89;1;3;0;1;1
2022;      422108901;4;4221;89;1;3;0;2;2
2022;      422400101;2;4224;1;1;0;6;2;1
2022;      422704901;4;4227;49;1;1;0;2;1
2022;      422705002;4;4227;50;2;1;8;2;1
2022;      422706701;4;4227;67;1;0;4;2;1
2022;      422706901;4;4227;69;1;3;0;2;1
2022;      423100501;13;4231;5;1;1;0;2;1
2022;      423204901;3;4232;49;1;2;0;2;1
2022;      423208101;4;4232;81;1;1;0;2;1
2022;      423213401;5;4232;134;1;4;4;2;1
2022;      423300401;3;4233;4;1;2;0;2;1
2022;      423302301;3;4233;23;1;0;6;2;1
2022;      423306501;4;4233;65;1;4;1;2;1
2022;      423309401;3;4233;94;1;0;2;2;1
2022;      423400902;5;4234;9;2;0;1;2;1
2022;      423401501;4;4234;15;1;2;0;2;1
2022;      423416201;4;4234;162;1;4;0;2;1
2022;      423503801;9;4235;38;1;2;0;2;1
2022;      423604001;7;4236;40;1;2;0;2;1
2022;      423801201;3;4238;12;1;0;9;2;1
2022;      423801301;6;4238;13;1;2;7;2;1
2022;      423801501;3;4238;15;1;0;8;2;1
2022;      423801901;4;4238;19;1;0;11;2;1
2022;      423813701;4;4238;137;1;0;6;2;1
2022;      423813801;3;4238;138;1;1;0;2;1
2022;      423813901;6;4238;139;1;1;8;2;1
2022;      423820201;4;4238;202;1;0;8;2;1
2022;      423820501;4;4238;205;1;2;0;2;1
2022;      423820601;7;4238;206;1;3;0;2;1
2022;      423900301;3;4239;3;1;2;4;1;1
2022;      423900301;4;4239;3;1;0;6;2;2
2022;      423901702;4;4239;17;2;2;10;2;1
2022;      423902001;3;4239;20;1;2;4;2;1
2022;      423903001;5;4239;30;1;0;11;2;1
2022;      423903101;4;4239;31;1;1;6;2;1
2022;      423904301;3;4239;43;1;3;4;2;1
2022;      423905301;5;4239;53;1;2;4;2;1
2022;      423913201;4;4239;132;1;2;7;2;1
2022;      424002401;6;4240;24;1;2;3;2;1
2022;      424002601;4;4240;26;1;0;10;2;1
2022;      424011901;5;4240;119;1;0;3;1;1
2022;      424011901;6;4240;119;1;0;3;2;2
2022;      424012101;8;4240;121;1;3;5;1;1
2022;      424012101;9;4240;121;1;1;5;2;2
2022;      424012201;4;4240;122;1;2;0;2;1
2022;      424014101;4;4240;141;1;0;10;2;1
2022;      424014501;5;4240;145;1;1;4;2;1
2022;      424015101;4;4240;151;1;2;0;1;1
2022;      424015101;5;4240;151;1;0;9;2;2
2022;      424102601;4;4241;26;1;5;0;1;1
2022;      424102601;5;4241;26;1;3;0;2;2
2022;      424102801;4;4241;28;1;2;6;2;1
2022;      424103001;3;4241;30;1;4;0;2;1
2022;      424106701;4;4241;67;1;2;0;2;1
2022;      424107001;4;4241;70;1;3;4;2;1
2022;      424107901;4;4241;79;1;2;2;2;1
2022;      424303901;4;4243;39;1;1;11;2;1
2022;      424304201;4;4243;42;1;0;9;2;1
2022;      424307201;4;4243;72;1;0;11;2;1
2022;      424500501;4;4245;5;1;4;9;1;1
2022;      424500501;5;4245;5;1;0;2;2;2
2022;      424501201;3;4245;12;1;0;5;2;1
2022;      424502801;3;4245;28;1;3;9;2;1
2022;      424505401;2;4245;54;1;2;9;2;1
2022;      424702901;6;4247;29;1;2;0;2;1
2022;      424708401;2;4247;84;1;2;2;2;1
2022;      424709701;3;4247;97;1;2;5;2;1
2022;      424806301;4;4248;63;1;0;3;2;1
2022;      424904101;2;4249;41;1;1;4;1;1
2022;      424904101;3;4249;41;1;1;4;2;2
2022;      425006901;4;4250;69;1;2;1;2;1
2022;      425008201;5;4250;82;1;0;9;2;1
2022;      425100101;3;4251;1;1;0;6;2;1
2022;      425101401;4;4251;14;1;1;4;2;1
2022;      425103601;3;4251;36;1;2;3;2;1
2022;      425105101;3;4251;51;1;3;5;2;1
2022;      425105701;1;4251;57;1;0;2;2;1
2022;      425107401;3;4251;74;1;1;7;2;1
2022;      425107601;2;4251;76;1;2;10;2;1
2022;      425109401;3;4251;94;1;0;7;2;1
2022;      425109901;5;4251;99;1;3;6;1;1
2022;      425109901;6;4251;99;1;1;6;2;2
2022;      425200801;5;4252;8;1;2;4;2;1
2022;      425203501;5;4252;35;1;0;7;2;1
2022;      425207001;4;4252;70;1;1;0;2;1
2022;      425300701;4;4253;7;1;0;5;2;1
2022;      425301001;3;4253;10;1;3;2;2;1
2022;      425302201;3;4253;22;1;2;8;2;1
2022;      425307101;3;4253;71;1;4;2;2;1
2022;      425307501;5;4253;75;1;2;7;2;1
2022;      425307701;3;4253;77;1;2;8;2;1
2022;      425309301;2;4253;93;1;2;8;2;1
2022;      425310001;6;4253;100;1;4;3;2;1
2022;      425310101;2;4253;101;1;5;8;2;1
2022;      425403601;3;4254;36;1;0;8;1;1
2022;      425403601;4;4254;36;1;0;8;2;2
2022;      425403701;4;4254;37;1;1;0;2;1
2022;      425404401;2;4254;44;1;4;3;2;1
2022;      425404601;3;4254;46;1;5;5;1;1
2022;      425404601;4;4254;46;1;3;7;1;2
2022;      425404601;5;4254;46;1;1;6;2;3
2022;      425404801;1;4254;48;1;1;7;2;1
2022;      425405001;1;4254;50;1;0;2;2;1
2022;      425407201;5;4254;72;1;0;2;2;1
2022;      425407301;4;4254;73;1;5;0;1;1
2022;      425407301;5;4254;73;1;3;0;2;2
2022;      425407801;3;4254;78;1;4;9;1;1
2022;      425407801;4;4254;78;1;2;3;2;2
2022;      425500201;5;4255;2;1;2;8;2;1
2022;      425500701;4;4255;7;1;4;0;1;1
2022;      425500701;5;4255;7;1;2;7;2;2
2022;      425500801;3;4255;8;1;3;8;2;1
2022;      425501701;4;4255;17;1;0;5;2;1
2022;      425501901;3;4255;19;1;4;2;2;1
2022;      425505401;1;4255;54;1;2;3;2;1
2022;      425506001;4;4255;60;1;2;10;1;1
2022;      425506001;5;4255;60;1;0;8;2;2
2022;      425600501;4;4256;5;1;1;3;2;1
2022;      425600801;2;4256;8;1;0;8;2;1
2022;      425600901;2;4256;9;1;1;9;2;1
2022;      425601401;3;4256;14;1;1;8;2;1
2022;      425606901;3;4256;69;1;0;10;2;1
2022;      425607101;3;4256;71;1;2;0;1;1
2022;      425607101;4;4256;71;1;1;0;2;2
2022;      425608601;2;4256;86;1;2;0;2;1
2022;      425705201;4;4257;52;1;1;9;2;1
2022;      425705301;5;4257;53;1;0;2;2;1
2022;      425708901;5;4257;89;1;1;0;2;1
2022;      425709201;4;4257;92;1;4;3;1;1
2022;      425709201;5;4257;92;1;3;2;2;2
2022;      425709301;7;4257;93;1;1;9;2;1
2022;      425709401;4;4257;94;1;4;2;1;1
2022;      425709401;5;4257;94;1;1;7;2;2
2022;      425808801;3;4258;88;1;2;6;2;1
2022;      425808901;4;4258;89;1;3;11;2;1
2022;      425810001;5;4258;100;1;2;0;2;1
2022;      425810101;4;4258;101;1;0;6;2;1
2022;      425812301;4;4258;123;1;5;0;2;1
2022;      425812401;6;4258;124;1;0;6;2;1
2022;      425902101;3;4259;21;1;0;3;2;1
2022;      426300201;3;4263;2;1;0;2;1;1
2022;      426300201;4;4263;2;1;0;1;2;2
2022;      426307001;3;4263;70;1;1;5;1;1
2022;      426307001;4;4263;70;1;1;5;1;2
2022;      426307001;5;4263;70;1;1;5;2;3
2022;      426505601;4;4265;56;1;3;11;2;1
2022;      426507301;5;4265;73;1;2;11;2;1
2022;      426703901;3;4267;39;1;0;9;2;1
2022;      426800601;4;4268;6;1;1;9;1;1
2022;      426800601;5;4268;6;1;1;9;2;2
2022;      426803201;5;4268;32;1;4;7;2;1
2022;      426904701;4;4269;47;1;0;1;2;1
2022;      426911501;4;4269;115;1;1;9;1;1
2022;      426911501;5;4269;115;1;0;1;2;2
2022;      426912302;3;4269;123;2;0;2;2;1
2022;      427000601;6;4270;6;1;0;3;2;1
2022;      427000901;7;4270;9;1;1;9;2;1
2022;      427001801;3;4270;18;1;0;8;2;1
2022;      427008501;4;4270;85;1;1;9;2;1
2022;      427010401;4;4270;104;1;2;9;2;1
2022;      427200401;4;4272;4;1;3;10;2;1
2022;      427207801;4;4272;78;1;2;11;2;1
2022;      427300601;5;4273;6;1;1;8;2;1
2022;      427300901;6;4273;9;1;0;4;2;1
2022;      427305101;3;4273;51;1;0;6;2;1
2022;      427305201;3;4273;52;1;0;8;2;1
2022;      427305501;2;4273;55;1;0;8;2;1
2022;      427311801;4;4273;118;1;1;8;2;1
2022;      427312001;5;4273;120;1;3;8;2;1
2022;      427400101;5;4274;1;1;0;4;2;1
2022;      427404001;2;4274;40;1;0;11;1;1
2022;      427404001;4;4274;40;1;0;11;2;2
2022;      427407001;8;4274;70;1;4;11;2;1
2022;      427409201;5;4274;92;1;2;10;2;1
2022;      427501901;7;4275;19;1;0;7;2;1
2022;      427502001;4;4275;20;1;0;5;2;1
2022;      427508201;3;4275;82;1;0;11;2;1
2022;      427601701;3;4276;17;1;3;9;2;1
2022;      427603201;3;4276;32;1;3;0;2;1
2022;      427603401;5;4276;34;1;1;9;2;1
2022;      427603501;3;4276;35;1;0;7;2;1
2022;      427615301;4;4276;153;1;5;9;1;1
2022;      427615301;5;4276;153;1;1;8;2;2
2022;      427616001;3;4276;160;1;0;2;1;1
2022;      427616001;5;4276;160;1;0;9;2;2
2022;      427703401;3;4277;34;1;0;3;2;1
2022;      427703901;5;4277;39;1;0;5;2;1
2022;      427806201;4;4278;62;1;6;6;1;1
2022;      427806201;5;4278;62;1;1;6;1;2
2022;      427806201;8;4278;62;1;1;6;1;3
2022;      427806201;9;4278;62;1;1;6;2;4
2022;      427806401;3;4278;64;1;1;2;1;1
2022;      427806401;4;4278;64;1;0;2;2;2
2022;      427816801;3;4278;168;1;0;6;2;1
2022;      427817101;2;4278;171;1;1;6;2;1
2022;      427817401;3;4278;174;1;3;9;2;1
2022;      427817501;5;4278;175;1;11;6;2;1
2022;      427817601;3;4278;176;1;1;3;1;1
2022;      427817601;4;4278;176;1;2;1;2;2
2022;      427907801;5;4279;78;1;1;5;1;1
2022;      427907801;6;4279;78;1;1;5;2;2
2022;      427914201;3;4279;142;1;1;8;2;1
2022;      428105101;3;4281;51;1;5;8;1;1
2022;      428105101;4;4281;51;1;3;8;2;2
2022;      428300901;6;4283;9;1;0;1;2;1
2022;      428400501;6;4284;5;1;0;7;1;1
2022;      428400501;7;4284;5;1;0;7;2;2
2022;      428401201;5;4284;12;1;1;0;2;1
2022;      428611501;4;4286;115;1;4;9;2;1
2022;      428612001;4;4286;120;1;3;8;2;1
2022;      428800701;9;4288;7;1;0;4;2;1
2022;      429004601;3;4290;46;1;1;6;2;1
2022;      429005801;5;4290;58;1;1;10;2;1
2022;      429105801;4;4291;58;1;1;6;2;1
2022;      429106101;2;4291;61;1;1;7;2;1
2022;      429407101;3;4294;71;1;0;6;2;1
2022;      429407901;4;4294;79;1;0;6;2;1
2022;      429600101;4;4296;1;1;2;11;1;1
2022;      429600101;5;4296;1;1;0;6;2;2
2022;      429600301;2;4296;3;1;1;4;1;1
2022;      429600301;3;4296;3;1;1;4;2;2
2022;      429602901;3;4296;29;1;2;6;2;1
2022;      429701801;3;4297;18;1;1;3;2;1
2022;      429703001;5;4297;30;1;0;1;2;1
2022;      429707101;5;4297;71;1;3;2;2;1
2022;      429709601;3;4297;96;1;0;10;1;1
2022;      429709601;5;4297;96;1;0;10;2;2
2022;      429709801;3;4297;98;1;2;3;2;1
2022;      429710801;2;4297;108;1;0;5;2;1
2022;      429800501;4;4298;5;1;3;8;2;1
2022;      429804201;5;4298;42;1;0;6;2;1
2022;      429805501;5;4298;55;1;3;6;2;1
2022;      429805601;3;4298;56;1;4;0;1;1
2022;      429805601;4;4298;56;1;2;2;2;2
2022;      429805701;2;4298;57;1;1;3;2;1
2022;      429806301;2;4298;63;1;1;10;1;1
2022;      429806301;3;4298;63;1;1;10;2;2
2022;      429807301;3;4298;73;1;0;9;2;1
2022;      429807801;3;4298;78;1;3;2;2;1
2022;      430301501;4;4303;15;1;3;4;1;1
2022;      430301501;5;4303;15;1;0;4;2;2
2022;      430804301;3;4308;43;1;2;9;1;1
2022;      430804301;4;4308;43;1;1;9;2;2
2022;      430805601;3;4308;56;1;0;2;1;1
2022;      430805601;4;4308;56;1;0;2;1;2
2022;      430805601;5;4308;56;1;0;2;2;3
2022;      430902901;3;4309;29;1;0;1;2;1
2022;      430903001;5;4309;30;1;0;3;2;1
2022;      431004501;4;4310;45;1;0;3;2;1
2022;      431006201;5;4310;62;1;5;8;2;1
2022;      431008401;3;4310;84;1;0;1;2;1
2022;      431010001;4;4310;100;1;0;3;2;1
2022;      431303801;3;4313;38;1;1;1;2;1
2022;      431311001;4;4313;110;1;2;0;1;1
2022;      431311001;5;4313;110;1;2;0;2;2
2022;      431312001;3;4313;120;1;0;3;2;1
2022;      431312201;3;4313;122;1;6;8;1;1
2022;      431312201;4;4313;122;1;4;6;2;2
2022;      431402201;3;4314;22;1;0;2;2;1
2022;      431409501;6;4314;95;1;1;2;2;1
2022;      431609801;3;4316;98;1;1;11;2;1
2022;      431610001;4;4316;100;1;2;0;2;1
2022;      431700201;2;4317;2;1;1;0;2;1
2022;      431704101;4;4317;41;1;1;8;2;1
2022;      431709101;3;4317;91;1;0;1;1;1
2022;      431709101;4;4317;91;1;0;1;2;2
2022;      431803001;3;4318;30;1;0;1;1;1
2022;      431803001;4;4318;30;1;0;1;2;2
2022;      431809501;5;4318;95;1;2;0;2;1
2022;      431813101;4;4318;131;1;2;6;2;1
2022;      432000201;3;4320;2;1;6;11;2;1
2022;      432001201;3;4320;12;1;3;5;2;1
2022;      432001901;3;4320;19;1;0;3;2;1
2022;      432007601;3;4320;76;1;1;6;2;1
2022;      432008501;4;4320;85;1;4;10;2;1
2022;      433104601;4;4331;46;1;0;11;1;1
2022;      433104601;5;4331;46;1;0;11;2;2
2022;      433106901;5;4331;69;1;9;8;1;1
2022;      433106901;6;4331;69;1;2;9;2;2
2022;      433206501;6;4332;65;1;3;10;1;1
2022;      433206501;7;4332;65;1;2;6;1;2
2022;      433206501;8;4332;65;1;1;3;2;3
2022;      433210801;3;4332;108;1;1;0;1;1
2022;      433210801;4;4332;108;1;2;0;2;2
2022;      433211701;3;4332;117;1;0;3;2;1
2022;      433400101;5;4334;1;1;2;1;2;1
2022;      433410901;5;4334;109;1;2;3;2;1
2022;      433507601;6;4335;76;1;3;4;2;1
2022;      433508701;5;4335;87;1;1;3;1;1
2022;      433508701;10;4335;87;1;1;2;2;2
2022;      433508901;3;4335;89;1;3;2;1;1
2022;      433508901;4;4335;89;1;3;2;2;2
2022;      433510501;3;4335;105;1;3;2;1;1
2022;      433510501;4;4335;105;1;0;5;2;2
2022;      433510801;4;4335;108;1;0;5;2;1
2022;      433602701;3;4336;27;1;0;5;2;1
2022;      433606101;8;4336;61;1;1;4;2;1
2022;      433608601;6;4336;86;1;0;7;1;1
2022;      433608601;7;4336;86;1;0;7;2;2
2022;      433611401;4;4336;114;1;1;6;2;1
2022;      433613201;5;4336;132;1;4;0;2;1
2022;      433802501;2;4338;25;1;4;6;2;1
2022;      433802601;3;4338;26;1;3;11;2;1
2022;      433802801;4;4338;28;1;3;0;2;1
2022;      433804901;7;4338;49;1;0;8;2;1
2022;      433805001;4;4338;50;1;3;11;2;1
2022;      433805101;5;4338;51;1;2;6;2;1
2022;      433805201;4;4338;52;1;0;11;2;1
2022;      433902301;5;4339;23;1;3;3;2;1
2022;      433902501;5;4339;25;1;1;4;2;1
2022;      433903801;6;4339;38;1;2;2;2;1
2022;      433904001;5;4339;40;1;3;3;2;1
2022;      434000301;3;4340;3;1;1;7;1;1
2022;      434000301;5;4340;3;1;1;7;2;2
2022;      434000401;3;4340;4;1;2;9;2;1
2022;      434000601;5;4340;6;1;3;8;2;1
2022;      434005201;6;4340;52;1;1;2;2;1
2022;      434005301;5;4340;53;1;0;4;2;1
2022;      434009701;4;4340;97;1;0;2;2;1
2022;      434103201;3;4341;32;1;1;2;2;1
2022;      434103501;9;4341;35;1;0;6;2;1
