ID1,HHID,HVIDX,QHCLUSTER,QHNUMBER,QHHOME,PS100C1_A,PS100C1_M,PS100C_1S,PS8
2025,      434505801,3,4345,58,1,0,1,2,1
2025,      434510601,5,4345,106,1,0,3,2,1
2025,      434601401,5,4346,14,1,0,3,2,1
2025,      434602401,6,4346,24,1,2,4,1,1
2025,      434602401,7,4346,24,1,0,6,2,2
2025,      434604801,3,4346,48,1,1,1,2,1
2025,      434606701,6,4346,67,1,2,0,2,1
2025,      434607001,6,4346,70,1,1,4,2,1
2025,      434611301,9,4346,113,1,0,2,2,1
2025,      434617601,7,4346,176,1,0,1,2,1
2025,      434808001,5,4348,80,1,1,6,2,1
2025,      434908701,5,4349,87,1,0,10,2,1
2025,      435003401,4,4350,34,1,0,3,2,1
2025,      435112501,5,4351,125,1,1,2,2,1
2025,      435214301,6,4352,143,1,0,7,2,1
2025,      435303501,3,4353,35,1,0,1,2,1
2025,      435309901,5,4353,99,1,0,7,2,1
2025,      435310301,4,4353,103,1,1,1,2,1
2025,      435314401,3,4353,144,1,0,2,2,1
2025,      435404801,4,4354,48,1,0,3,1,1
2025,      435404801,5,4354,48,1,0,2,2,2
2025,      435404901,6,4354,49,1,0,4,2,1
2025,      435405001,2,4354,50,1,0,6,2,1
2025,      435405101,4,4354,51,1,0,1,2,1
2025,      435412101,5,4354,121,1,1,4,1,1
2025,      435412101,6,4354,121,1,0,2,2,2
2025,      435412201,4,4354,122,1,1,10,2,1
2025,      435506701,4,4355,67,1,0,5,2,1
2025,      435506801,3,4355,68,1,0,7,2,1
2025,      435506901,3,4355,69,1,0,11,2,1
2025,      435512801,6,4355,128,1,1,1,2,1
2025,      435516101,3,4355,161,1,1,3,2,1
2025,      435516901,7,4355,169,1,1,5,2,1
2025,      435517001,6,4355,170,1,1,1,1,1
2025,      435517001,8,4355,170,1,0,6,2,2
2025,      435603601,5,4356,36,1,1,11,1,1
2025,      435603601,8,4356,36,1,0,1,2,2
2025,      435608701,5,4356,87,1,0,1,2,1
2025,      435616301,3,4356,163,1,1,10,1,1
2025,      435616301,4,4356,163,1,0,9,2,2
2025,      435804401,5,4358,44,1,0,2,2,1
2025,      435907801,4,4359,78,1,0,4,2,1
2025,      435908201,4,4359,82,1,1,3,2,1
2025,      435909001,2,4359,90,1,2,1,2,1
2025,      435913701,1,4359,137,1,0,1,2,1
2025,      436012101,3,4360,121,1,0,2,2,1
2025,      436103601,3,4361,36,1,0,10,2,1
2025,      436103801,4,4361,38,1,1,0,2,1
2025,      436106501,5,4361,65,1,0,6,2,1
2025,      436113801,4,4361,138,1,1,10,2,1
2025,      436201101,6,4362,11,1,0,2,2,1
2025,      436201301,4,4362,13,1,1,8,2,1
2025,      436204101,7,4362,41,1,0,11,2,1
2025,      436210201,4,4362,102,1,2,6,2,1
2025,      436304001,3,4363,40,1,0,2,2,1
2025,      436307401,4,4363,74,1,1,0,2,1
2025,      436307901,3,4363,79,1,0,9,2,1
2025,      436502301,7,4365,23,1,1,4,2,1
2025,      436900401,4,4369,4,1,0,6,2,1
2025,      437606501,5,4376,65,1,2,4,2,1
2025,      437803601,6,4378,36,1,1,0,2,1
2025,      437815001,6,4378,150,1,0,6,2,1
2025,      437815201,5,4378,152,1,0,2,2,1
2025,      438000101,4,4380,1,1,1,3,2,1
2025,      438003601,6,4380,36,1,0,6,2,1
2025,      438003701,5,4380,37,1,1,0,2,1
2025,      438004301,7,4380,43,1,0,2,2,1
2025,      438108201,7,4381,82,1,0,8,2,1
2025,      438200201,3,4382,2,1,1,2,2,1
2025,      438200701,4,4382,7,1,0,7,2,1
2025,      438207101,2,4382,71,1,0,2,2,1
2025,      438406901,3,4384,69,1,0,2,2,1
2025,      438604901,3,4386,49,1,0,5,2,1
2025,      438606201,4,4386,62,1,0,1,2,1
2025,      438610501,3,4386,105,1,0,7,2,1
2025,      438703701,4,4387,37,1,2,0,2,1
2025,      438804701,4,4388,47,1,1,3,2,1
2025,      438808701,4,4388,87,1,0,5,2,1
2025,      438901001,5,4389,10,1,0,2,2,1
2025,      438902101,3,4389,21,1,2,7,2,1
2025,      439004101,4,4390,41,1,0,1,2,1
2025,      439103201,4,4391,32,1,1,5,2,1
2025,      439103501,1,4391,35,1,1,5,2,1
2025,      439103601,3,4391,36,1,1,0,2,1
2025,      439108301,4,4391,83,1,1,0,2,1
2025,      439109201,2,4391,92,1,1,4,2,1
2025,      439201301,4,4392,13,1,0,8,2,1
2025,      439209701,3,4392,97,1,0,6,2,1
2025,      439306001,3,4393,60,1,0,6,2,1
2025,      439312901,4,4393,129,1,1,0,2,1
2025,      439313001,3,4393,130,1,1,5,2,1
2025,      439400401,3,4394,4,1,0,5,2,1
2025,      439400601,2,4394,6,1,0,5,2,1
2025,      439406101,4,4394,61,1,0,6,2,1
2025,      439412201,6,4394,122,1,0,8,2,1
2025,      439412701,9,4394,127,1,1,0,2,1
2025,      439501901,7,4395,19,1,1,0,2,1
2025,      439508201,3,4395,82,1,1,8,2,1
2025,      439602201,4,4396,22,1,0,6,2,1
2025,      439604801,3,4396,48,1,0,1,2,1
2025,      439704601,2,4397,46,1,0,3,2,1
2025,      439708401,2,4397,84,1,2,9,2,1
2025,      439801101,3,4398,11,1,1,0,2,1
2025,      439802101,3,4398,21,1,1,4,2,1
2025,      439803701,3,4398,37,1,0,7,2,1
2025,      439900101,5,4399,1,1,0,9,2,1
2025,      439900501,4,4399,5,1,1,1,2,1
2025,      439900601,4,4399,6,1,0,6,2,1
2025,      439913701,3,4399,137,1,2,5,2,1
2025,      439919201,4,4399,192,1,2,6,1,1
2025,      439919201,5,4399,192,1,0,11,2,2
2025,      440001201,4,4400,12,1,0,6,2,1
2025,      440001301,6,4400,13,1,2,7,2,1
2025,      440001701,5,4400,17,1,0,2,2,1
2025,      440008201,5,4400,82,1,1,5,2,1
2025,      442209801,6,4422,98,1,1,0,2,1
2025,      442306201,5,4423,62,1,0,7,2,1
2025,      443001701,1,4430,17,1,0,7,2,1
2025,      443103401,6,4431,34,1,0,1,2,1
2025,      443105501,4,4431,55,1,1,4,2,1
2025,      443203201,4,4432,32,1,1,6,2,1
2025,      443310701,3,4433,107,1,0,1,2,1
2025,      443400301,6,4434,3,1,0,3,1,1
2025,      443400301,7,4434,3,1,0,3,2,2
2025,      443408601,5,4434,86,1,1,3,2,1
2025,      443703401,2,4437,34,1,0,5,2,1
2025,      443902401,4,4439,24,1,0,4,2,1
2025,      443903201,3,4439,32,1,1,1,2,1
2025,      443903601,3,4439,36,1,2,2,2,1
2025,      443906001,4,4439,60,1,2,2,2,1
2025,      444104901,3,4441,49,1,2,6,2,1
2025,      444606801,4,4446,68,1,0,6,2,1
2025,      444901401,6,4449,14,1,0,2,1,1
2025,      444901401,7,4449,14,1,0,2,2,2
2025,      444907701,5,4449,77,1,1,4,2,1
2025,      445000201,6,4450,2,1,1,0,2,1
2025,      445107601,4,4451,76,1,0,8,2,1
2025,      445204201,8,4452,42,1,0,6,2,1
2025,      445300301,5,4453,3,1,2,8,2,1
2025,      445301901,5,4453,19,1,0,3,2,1
2025,      445311201,5,4453,112,1,0,3,2,1
2025,      445406301,4,4454,63,1,0,4,2,1
2025,      445415101,4,4454,151,1,0,3,2,1
2025,      445500401,6,4455,4,1,0,4,2,1
2025,      445607901,4,4456,79,1,0,11,2,1
2025,      445608101,5,4456,81,1,1,1,2,1
2025,      445609101,4,4456,91,1,2,0,2,1
2025,      445700201,3,4457,2,1,2,7,2,1
2025,      445700501,4,4457,5,1,0,4,2,1
2025,      445705601,5,4457,56,1,2,0,2,1
2025,      445708501,4,4457,85,1,0,2,2,1
2025,      448207001,3,4482,70,1,1,2,2,1
2025,      448708401,4,4487,84,1,0,8,2,1
2025,      449000201,4,4490,2,1,1,6,2,1
2025,      449004501,2,4490,45,1,1,6,2,1
2025,      449006501,3,4490,65,1,2,4,2,1
2025,      449007101,3,4490,71,1,0,3,2,1
2025,      449200101,6,4492,1,1,1,3,2,1
2025,      449200301,3,4492,3,1,0,1,2,1
2025,      449200701,3,4492,7,1,1,3,2,1
2025,      449203101,5,4492,31,1,0,3,2,1
2025,      449606601,6,4496,66,1,0,6,2,1
2025,      449811301,5,4498,113,1,1,1,2,1
2025,      449813501,3,4498,135,1,0,6,2,1
2025,      450003201,6,4500,32,1,2,0,2,1
2025,      450004401,5,4500,44,1,0,10,2,1
2025,      450106101,3,4501,61,1,0,8,2,1
2025,      450106201,5,4501,62,1,0,8,2,1
2025,      450106301,3,4501,63,1,1,0,2,1
2025,      450107201,4,4501,72,1,1,0,2,1
2025,      450200401,3,4502,4,1,1,0,2,1
2025,      450202301,4,4502,23,1,2,4,2,1
2025,      450202601,4,4502,26,1,2,0,2,1
2025,      450206201,4,4502,62,1,3,0,2,1
2025,      450206701,5,4502,67,1,1,0,2,1
2025,      450303101,3,4503,31,1,0,2,2,1
2025,      450303701,4,4503,37,1,0,4,2,1
2025,      450303801,3,4503,38,1,2,0,2,1
2025,      450304501,5,4503,45,1,1,0,2,1
2025,      450310501,2,4503,105,1,1,0,2,1
2025,      450310801,3,4503,108,1,1,8,2,1
2025,      450401401,3,4504,14,1,0,2,2,1
2025,      450508801,3,4505,88,1,2,3,2,1
2025,      450603201,7,4506,32,1,3,0,2,1
2025,      450604701,4,4506,47,1,0,9,2,1
2025,      450904001,4,4509,40,1,1,0,2,1
2025,      451003801,4,4510,38,1,1,0,2,1
2025,      451100701,4,4511,7,1,0,3,2,1
2025,      451107001,7,4511,70,1,0,8,2,1
2025,      451109101,3,4511,91,1,1,3,2,1
2025,      451201101,7,4512,11,1,0,1,2,1
2025,      451201201,4,4512,12,1,1,4,2,1
2025,      451202101,4,4512,21,1,1,0,2,1
2025,      451211401,6,4512,114,1,2,0,2,1
2025,      451211701,3,4512,117,1,1,0,2,1
2025,      451211801,6,4512,118,1,1,4,2,1
2025,      451702901,4,4517,29,1,0,6,2,1
2025,      451703601,4,4517,36,1,1,0,2,1
2025,      452003601,4,4520,36,1,0,4,2,1
2025,      452006701,4,4520,67,1,0,10,2,1
2025,      452101501,2,4521,15,1,0,2,2,1
2025,      452102301,2,4521,23,1,0,1,2,1
2025,      452102401,3,4521,24,1,1,6,2,1
2025,      452103101,2,4521,31,1,1,1,2,1
2025,      452201901,5,4522,19,1,1,0,2,1
2025,      452207601,4,4522,76,1,1,0,2,1
2025,      452209101,7,4522,91,1,0,7,2,1
2025,      452212001,5,4522,120,1,1,0,2,1
2025,      452214101,6,4522,141,1,0,2,2,1
2025,      452305001,4,4523,50,1,2,9,2,1
2025,      452402701,4,4524,27,1,2,0,2,1
2025,      452403001,5,4524,30,1,0,9,2,1
2025,      452414201,4,4524,142,1,0,6,2,1
2025,      452414301,4,4524,143,1,1,0,2,1
2025,      452414501,3,4524,145,1,0,3,2,1
2025,      452501501,1,4525,15,1,0,2,2,1
2025,      452501801,5,4525,18,1,2,6,1,1
2025,      452501801,6,4525,18,1,1,6,2,2
2025,      452505801,3,4525,58,1,1,6,2,1
2025,      452506401,5,4525,64,1,0,6,2,1
2025,      452603701,4,4526,37,1,2,10,2,1
2025,      452605201,3,4526,52,1,0,4,2,1
2025,      452607901,4,4526,79,1,1,4,2,1
2025,      452702701,4,4527,27,1,1,0,2,1
2025,      452708001,4,4527,80,1,0,4,2,1
2025,      452807801,4,4528,78,1,0,6,2,1
2025,      452901601,4,4529,16,1,0,4,2,1
2025,      452917901,3,4529,179,1,0,4,2,1
2025,      452918201,6,4529,182,1,1,0,2,1
2025,      453002501,2,4530,25,1,1,7,2,1
2025,      453002601,4,4530,26,1,1,0,2,1
2025,      453003401,3,4530,34,1,0,8,2,1
2025,      453006601,5,4530,66,1,0,8,2,1
2025,      453101201,3,4531,12,1,0,2,2,1
2025,      453200201,6,4532,2,1,1,0,2,1
2025,      453202001,3,4532,20,1,1,11,2,1
2025,      453206701,3,4532,67,1,2,9,2,1
2025,      453208001,4,4532,80,1,2,3,2,1
2025,      453302501,6,4533,25,1,0,4,2,1
2025,      453304201,3,4533,42,1,0,4,2,1
2025,      453304501,4,4533,45,1,1,3,2,1
2025,      453306901,2,4533,69,1,0,11,2,1
2025,      453811101,6,4538,111,1,0,7,2,1
2025,      455312601,5,4553,126,1,0,1,2,1
2025,      455312701,4,4553,127,1,0,1,2,1
2025,      455313501,3,4553,135,1,0,2,2,1
2025,      455905901,3,4559,59,1,0,4,2,1
2025,      455913001,3,4559,130,1,1,1,2,1
2025,      456001701,3,4560,17,1,0,2,2,1
2025,      456105901,3,4561,59,1,2,4,1,1
2025,      456105901,4,4561,59,1,0,1,2,2
2025,      456109301,3,4561,93,1,2,5,2,1
2025,      457000701,4,4570,7,1,2,0,2,1
2025,      457205701,5,4572,57,1,1,1,2,1
2025,      457205801,4,4572,58,1,0,10,2,1
2025,      457209601,3,4572,96,1,1,3,2,1
2025,      457303001,2,4573,30,1,1,2,2,1
2025,      457303201,6,4573,32,1,2,2,2,1
2025,      457303301,7,4573,33,1,0,6,2,1
2025,      457404901,5,4574,49,1,0,11,2,1
2025,      457405001,3,4574,50,1,1,3,2,1
2025,      457405201,3,4574,52,1,1,1,2,1
2025,      457409401,3,4574,94,1,0,5,2,1
2025,      457410301,5,4574,103,1,1,2,2,1
2025,      458706401,4,4587,64,1,0,5,2,1
2025,      458709801,3,4587,98,1,0,1,2,1
2025,      458820401,8,4588,204,1,0,10,2,1
2025,      459109201,3,4591,92,1,0,5,2,1
2025,      459109401,4,4591,94,1,0,11,2,1
2025,      459204101,8,4592,41,1,2,0,2,1
2025,      459208401,5,4592,84,1,0,4,2,1
2025,      459208801,5,4592,88,1,2,0,2,1
2025,      459301901,3,4593,19,1,1,5,2,1
2025,      459306201,3,4593,62,1,0,10,2,1
2025,      460713101,5,4607,131,1,0,9,2,1
2025,      460900101,7,4609,1,1,0,2,2,1
2025,      461002401,3,4610,24,1,0,3,2,1
2025,      461005101,3,4610,51,1,0,3,2,1
2025,      461105001,3,4611,50,1,0,3,2,1
2025,      461111201,5,4611,112,1,0,6,2,1
2025,      461117901,8,4611,179,1,0,2,2,1
2025,      461118001,3,4611,180,1,0,1,2,1
2025,      465708801,5,4657,88,1,0,5,2,1
2025,      466502701,4,4665,27,1,0,7,2,1
2025,      467102201,7,4671,22,1,0,2,2,1
2025,      468300901,4,4683,9,1,0,4,2,1
2025,      468301201,3,4683,12,1,0,1,2,1
2025,      470010601,6,4700,106,1,0,5,2,1
2025,      470207501,5,4702,75,1,0,2,2,1
2025,      470400901,5,4704,9,1,2,9,2,1
2025,      470401001,5,4704,10,1,1,6,2,1
2025,      470407001,7,4704,70,1,1,11,2,1
2025,      470414601,6,4704,146,1,2,4,2,1
2025,      470508201,5,4705,82,1,0,6,2,1
2025,      470508301,5,4705,83,1,0,10,2,1
2025,      470704701,5,4707,47,1,1,0,2,1
2025,      470704801,5,4707,48,1,2,1,2,1
2025,      470708201,5,4707,82,1,1,3,2,1
2025,      470709501,6,4707,95,1,1,1,2,1
2025,      471501201,7,4715,12,1,0,5,2,1
2025,      472101301,4,4721,13,1,0,1,2,1
2025,      472205901,3,4722,59,1,0,10,2,1
2025,      472302101,3,4723,21,1,0,6,2,1
2025,      472303501,3,4723,35,1,1,0,2,1
2025,      472505701,4,4725,57,1,0,11,2,1
2025,      472600401,3,4726,4,1,1,0,2,1
2025,      472600501,5,4726,5,1,1,4,2,1
2025,      472604101,2,4726,41,1,0,9,2,1
2025,      472604201,4,4726,42,1,2,4,2,1
2025,      472604301,2,4726,43,1,0,3,2,1
2025,      472611901,6,4726,119,1,0,9,2,1
2025,      472612201,7,4726,122,1,0,2,2,1
2025,      472703301,5,4727,33,1,1,2,2,1
2025,      472708601,4,4727,86,1,0,6,2,1
2025,      473609801,4,4736,98,1,0,7,2,1
2025,      473909701,4,4739,97,1,0,4,2,1
2025,      474108701,10,4741,87,1,1,5,2,1
2025,      475102101,5,4751,21,1,0,1,2,1
2025,      475403201,5,4754,32,1,1,0,2,1
2025,      475404901,2,4754,49,1,1,0,2,1
2025,      475504401,3,4755,44,1,1,2,2,1
2025,      475512001,5,4755,120,1,1,4,2,1
2025,      475801101,5,4758,11,1,1,4,2,1
2025,      475811601,3,4758,116,1,0,2,2,1
2025,      475811901,4,4758,119,1,0,10,2,1
2025,      475903301,5,4759,33,1,0,5,2,1
2025,      475910001,4,4759,100,1,0,2,2,1
2025,      476006001,4,4760,60,1,2,0,2,1
2025,      476008101,7,4760,81,1,1,6,2,1
2025,      476307501,3,4763,75,1,0,6,2,1
2025,      476403301,5,4764,33,1,1,3,2,1
2025,      476410001,3,4764,100,1,0,1,2,1
2025,      476500501,6,4765,5,1,0,2,2,1
2025,      476505401,5,4765,54,1,2,1,2,1
2025,      476505901,4,4765,59,1,1,2,2,1
2025,      477210502,8,4772,105,2,0,2,2,1
2025,      478314001,5,4783,140,1,0,5,2,1
2025,      478319301,4,4783,193,1,0,6,2,1
2025,      478502101,9,4785,21,1,1,5,2,1
2025,      478502201,8,4785,22,1,0,5,2,1
2025,      478502601,3,4785,26,1,2,5,2,1
2025,      478503201,3,4785,32,1,0,5,2,1
2025,      478506301,4,4785,63,1,0,7,2,1
2025,      478506501,3,4785,65,1,1,0,2,1
2025,      478515401,3,4785,154,1,0,2,2,1
2025,      478515601,6,4785,156,1,1,6,1,1
2025,      478515601,7,4785,156,1,0,8,2,2
2025,      478603201,3,4786,32,1,0,3,2,1
2025,      478607701,3,4786,77,1,0,7,2,1
2025,      479203801,6,4792,38,1,0,8,2,1
2025,      479300201,4,4793,2,1,1,0,2,1
2025,      479309101,3,4793,91,1,0,5,2,1
2025,      479604601,3,4796,46,1,1,0,2,1
2025,      479606201,4,4796,62,1,1,0,2,1
2025,      479610001,4,4796,100,1,0,6,2,1
2025,      479610301,3,4796,103,1,1,2,2,1
2025,      479701701,3,4797,17,1,1,5,2,1
2025,      479708701,5,4797,87,1,0,2,2,1
2025,      480005201,3,4800,52,1,1,4,2,1
2025,      480203701,3,4802,37,1,1,5,2,1
2025,      480204101,4,4802,41,1,0,10,2,1
2025,      480500201,4,4805,2,1,0,3,2,1
2025,      480904401,4,4809,44,1,2,7,2,1
2025,      481001601,6,4810,16,1,0,1,2,1
2025,      481001901,3,4810,19,1,2,3,2,1
2025,      481008401,5,4810,84,1,0,5,2,1
2025,      481009801,4,4810,98,1,1,5,2,1
2025,      481901801,4,4819,18,1,0,5,2,1
2025,      481916901,4,4819,169,1,1,0,2,1
2025,      481917101,6,4819,171,1,0,6,2,1
2025,      481917401,4,4819,174,1,0,6,2,1
2025,      482001201,4,4820,12,1,1,3,2,1
2025,      482003601,6,4820,36,1,2,2,1,1
2025,      482003601,7,4820,36,1,0,6,2,2
2025,      482003701,4,4820,37,1,0,10,2,1
2025,      482108601,5,4821,86,1,1,4,2,1
2025,      482108701,4,4821,87,1,2,3,2,1
2025,      482109001,5,4821,90,1,2,9,2,1
2025,      482115001,4,4821,150,1,0,7,2,1
2025,      482117401,3,4821,174,1,0,1,2,1
2025,      482118001,8,4821,180,1,2,11,1,1
2025,      482118001,9,4821,180,1,1,9,2,2
2025,      482204901,4,4822,49,1,1,2,2,1
2025,      482205701,5,4822,57,1,0,1,2,1
2025,      482209601,3,4822,96,1,0,4,2,1
2025,      482210001,6,4822,100,1,0,2,2,1
2025,      482210301,3,4822,103,1,2,4,2,1
2025,      482210701,4,4822,107,1,0,9,2,1
2025,      482300501,3,4823,5,1,1,0,2,1
2025,      482303601,3,4823,36,1,1,3,1,1
2025,      482303601,4,4823,36,1,1,3,2,2
2025,      482602101,5,4826,21,1,1,0,2,1
2025,      482609501,3,4826,95,1,1,0,2,1
2025,      482813101,5,4828,131,1,1,6,2,1
2025,      484505301,4,4845,53,1,1,1,2,1
2025,      484704001,4,4847,40,1,1,0,2,1
2025,      486119301,3,4861,193,1,0,1,2,1
2025,      486401101,4,4864,11,1,0,5,2,1
2025,      486502201,4,4865,22,1,0,3,2,1
2025,      486504501,5,4865,45,1,0,3,2,1
2025,      486510501,2,4865,105,1,0,2,2,1
2025,      486510601,3,4865,106,1,0,2,2,1
2025,      487507401,5,4875,74,1,1,0,2,1
2025,      487805201,2,4878,52,1,0,9,2,1
2025,      487900901,3,4879,9,1,0,3,2,1
2025,      487901301,6,4879,13,1,0,4,2,1
2025,      487905301,8,4879,53,1,1,3,2,1
2025,      487906501,7,4879,65,1,0,5,2,1
2025,      488509901,4,4885,99,1,0,7,2,1
2025,      488510001,5,4885,100,1,1,6,2,1
2025,      488510201,4,4885,102,1,0,2,2,1
2025,      488611601,3,4886,116,1,1,7,2,1
2025,      488806001,2,4888,60,1,0,7,2,1
2025,      488907401,3,4889,74,1,0,4,2,1
2025,      489000901,3,4890,9,1,1,2,2,1
2025,      489002501,2,4890,25,1,1,0,2,1
2025,      489009401,8,4890,94,1,1,3,2,1
2025,      489010401,4,4890,104,1,0,4,2,1
2025,      489109401,4,4891,94,1,0,3,2,1
2025,      489211401,3,4892,114,1,0,3,2,1
2025,      489304101,5,4893,41,1,1,2,2,1
2025,      489305801,4,4893,58,1,1,6,2,1
2025,      489401901,7,4894,19,1,1,0,2,1
2025,      489412001,5,4894,120,1,0,4,2,1
2025,      489501101,2,4895,11,1,0,8,2,1
2025,      489508101,5,4895,81,1,2,0,2,1
2025,      489508201,4,4895,82,1,0,5,2,1
2025,      489517601,6,4895,176,1,1,4,1,1
2025,      489517601,9,4895,176,1,1,0,2,2
2025,      489604501,4,4896,45,1,1,5,2,1
2025,      489612701,5,4896,127,1,0,9,2,1
2025,      489613201,4,4896,132,1,1,0,2,1
2025,      489706901,2,4897,69,1,0,10,2,1
2025,      489707001,3,4897,70,1,0,5,2,1
2025,      489707301,4,4897,73,1,0,3,2,1
2025,      489711001,6,4897,110,1,0,5,2,1
2025,      489800901,5,4898,9,1,0,7,2,1
2025,      489812501,4,4898,125,1,0,2,2,1
2025,      489812601,3,4898,126,1,1,2,2,1
2025,      489817501,4,4898,175,1,0,6,2,1
2025,      489817801,3,4898,178,1,0,10,2,1
2025,      489914801,5,4899,148,1,0,3,2,1
2025,      489914901,4,4899,149,1,0,5,2,1
2025,      490102801,3,4901,28,1,1,5,1,1
2025,      490102801,4,4901,28,1,1,5,2,2
2025,      490201601,4,4902,16,1,0,2,2,1
2025,      490211301,3,4902,113,1,1,8,2,1
2025,      491300601,4,4913,6,1,2,3,2,1
2025,      491301701,4,4913,17,1,2,8,2,1
2025,      491313401,3,4913,134,1,2,0,2,1
2025,      491313901,5,4913,139,1,1,0,2,1
2025,      491508001,5,4915,80,1,2,0,2,1
2025,      491605701,4,4916,57,1,2,3,2,1
2025,      491613501,4,4916,135,1,2,1,2,1
2025,      491705601,4,4917,56,1,1,6,2,1
2025,      491705801,6,4917,58,1,0,6,2,1
2025,      491802201,3,4918,22,1,2,9,2,1
2025,      491803201,6,4918,32,1,0,4,2,1
2025,      491803601,4,4918,36,1,1,0,2,1
2025,      491803701,2,4918,37,1,0,5,2,1
2025,      491811501,4,4918,115,1,2,7,2,1
2025,      492015201,4,4920,152,1,0,9,2,1
2025,      492102801,4,4921,28,1,0,2,2,1
2025,      492104601,4,4921,46,1,0,3,2,1
2025,      492108201,5,4921,82,1,1,3,2,1
2025,      492109601,5,4921,96,1,0,2,2,1
2025,      492110901,5,4921,109,1,2,11,2,1
2025,      492111201,5,4921,112,1,1,2,2,1
2025,      492201301,3,4922,13,1,1,8,2,1
2025,      492204101,4,4922,41,1,1,0,2,1
2025,      492204201,6,4922,42,1,0,6,2,1
2025,      492204501,4,4922,45,1,1,0,2,1
2025,      492221001,3,4922,210,1,0,8,2,1
2025,      492221901,4,4922,219,1,0,1,2,1
2025,      492302201,4,4923,22,1,0,5,2,1
2025,      492307101,5,4923,71,1,1,0,2,1
2025,      492701801,3,4927,18,1,0,7,2,1
2025,      492708101,3,4927,81,1,1,7,2,1
2025,      492811501,4,4928,115,1,0,3,2,1
2025,      492901001,4,4929,10,1,0,1,2,1
2025,      492902001,5,4929,20,1,1,6,2,1
2025,      493013701,4,4930,137,1,0,2,2,1
2025,      493018601,5,4930,186,1,0,11,2,1
2025,      493108801,4,4931,88,1,1,8,2,1
2025,      493108901,3,4931,89,1,1,5,2,1
2025,      493110601,3,4931,106,1,0,11,2,1
2025,      493110701,5,4931,107,1,1,0,2,1
2025,      493203001,3,4932,30,1,0,2,2,1
2025,      493209401,3,4932,94,1,0,6,2,1
2025,      493313201,5,4933,132,1,1,7,2,1
2025,      493313801,4,4933,138,1,1,6,2,1
2025,      493500201,4,4935,2,1,0,2,2,1
2025,      493502501,5,4935,25,1,1,8,1,1
2025,      493502501,7,4935,25,1,0,4,2,2
2025,      493503101,4,4935,31,1,0,10,2,1
2025,      493612301,4,4936,123,1,1,2,2,1
2025,      493612401,4,4936,124,1,1,0,2,1
2025,      493702701,6,4937,27,1,1,2,1,1
2025,      493702701,7,4937,27,1,1,2,2,2
2025,      493801601,2,4938,16,1,1,5,2,1
2025,      493806101,5,4938,61,1,1,3,2,1
2025,      493901201,4,4939,12,1,1,0,2,1
2025,      493901301,4,4939,13,1,0,6,2,1
2025,      493904101,3,4939,41,1,0,9,2,1
2025,      493908101,4,4939,81,1,1,0,2,1
2025,      493912801,4,4939,128,1,1,5,2,1
2025,      494002001,2,4940,20,1,0,1,2,1
2025,      494003201,3,4940,32,1,1,7,2,1
2025,      494016101,3,4940,161,1,1,8,2,1
2025,      494017401,3,4940,174,1,2,2,2,1
2025,      494017801,2,4940,178,1,2,3,2,1
2025,      495505201,4,4955,52,1,0,2,2,1
2025,      496606901,5,4966,69,1,1,1,2,1
2025,      496607301,6,4966,73,1,1,6,2,1
2025,      496701401,5,4967,14,1,1,2,2,1
2025,      496706301,3,4967,63,1,0,6,2,1
2025,      496801101,4,4968,11,1,1,9,2,1
2025,      496911001,2,4969,110,1,0,1,2,1
2025,      497100401,3,4971,4,1,1,10,2,1
2025,      497206901,5,4972,69,1,1,1,2,1
2025,      497209001,6,4972,90,1,1,0,2,1
2025,      497304101,5,4973,41,1,2,10,2,1
2025,      497502001,3,4975,20,1,0,3,2,1
2025,      497505001,5,4975,50,1,0,7,2,1
2025,      497507801,4,4975,78,1,0,8,2,1
2025,      497600401,3,4976,4,1,0,7,2,1
2025,      497600501,3,4976,5,1,2,5,2,1
2025,      497601601,5,4976,16,1,0,7,2,1
2025,      497606501,3,4976,65,1,2,8,2,1
2025,      497702601,4,4977,26,1,1,3,2,1
2025,      497702701,5,4977,27,1,0,5,2,1
2025,      497702801,7,4977,28,1,0,4,2,1
2025,      497704701,3,4977,47,1,1,11,2,1
2025,      497802501,2,4978,25,1,0,4,2,1
2025,      497803601,6,4978,36,1,1,0,2,1
2025,      497904201,4,4979,42,1,1,1,2,1
2025,      498000601,4,4980,6,1,1,0,2,1
2025,      498001401,7,4980,14,1,0,4,2,1
2025,      498006901,4,4980,69,1,0,4,2,1
2025,      498500601,3,4985,6,1,0,11,2,1
2025,      498507201,4,4985,72,1,0,10,2,1
2025,      498507801,3,4985,78,1,0,5,2,1
2025,      498511801,3,4985,118,1,0,9,2,1
2025,      498704601,4,4987,46,1,2,0,2,1
2025,      498802301,4,4988,23,1,1,10,2,1
2025,      498803301,4,4988,33,1,1,0,2,1
2025,      498805101,4,4988,51,1,2,1,2,1
2025,      498807301,3,4988,73,1,0,4,2,1
2025,      498900201,5,4989,2,1,1,6,2,1
2025,      498900501,7,4989,5,1,1,0,2,1
2025,      498901701,4,4989,17,1,1,0,2,1
2025,      498902001,6,4989,20,1,1,11,2,1
2025,      498902101,4,4989,21,1,0,8,2,1
2025,      498902401,4,4989,24,1,1,0,2,1
2025,      499005201,3,4990,52,1,0,5,2,1
2025,      499010401,3,4990,104,1,0,1,2,1
2025,      499012301,7,4990,123,1,0,8,2,1
2025,      499012401,3,4990,124,1,0,2,2,1
2025,      499102801,4,4991,28,1,1,0,2,1
2025,      499105101,3,4991,51,1,1,11,2,1
2025,      499201001,5,4992,10,1,0,8,2,1
2025,      499214601,3,4992,146,1,1,0,2,1
2025,      499309401,5,4993,94,1,2,0,1,1
2025,      499309401,6,4993,94,1,0,6,2,2
2025,      499404201,4,4994,42,1,0,11,2,1
2025,      499410601,3,4994,106,1,1,0,2,1
2025,      499604601,2,4996,46,1,1,4,2,1
2025,      499606301,5,4996,63,1,2,6,2,1
2025,      499609801,4,4996,98,1,1,0,2,1
2025,      499609901,6,4996,99,1,0,2,2,1
2025,      499702101,6,4997,21,1,0,8,2,1
2025,      499706801,8,4997,68,1,1,6,2,1
2025,      499710301,5,4997,103,1,2,0,2,1
2025,      499805001,6,4998,50,1,0,7,2,1
2025,      499807701,3,4998,77,1,2,0,2,1
2025,      499808001,3,4998,80,1,1,0,2,1
2025,      499900701,5,4999,7,1,0,8,2,1
2025,      499903501,4,4999,35,1,0,2,2,1
2025,      500507902,1,5005,79,2,0,9,2,1
2025,      501013201,3,5010,132,1,0,4,2,1
2025,      502415701,3,5024,157,1,1,5,2,1
2025,      502709101,3,5027,91,1,1,11,2,1
2025,      502709701,3,5027,97,1,0,11,2,1
2025,      502804601,3,5028,46,1,1,8,1,1
2025,      502804601,4,5028,46,1,1,8,2,2
2025,      502805001,4,5028,50,1,0,1,2,1
2025,      502810801,4,5028,108,1,0,8,2,1
2025,      502905001,4,5029,50,1,1,11,2,1
2025,      502909701,4,5029,97,1,0,11,2,1
2025,      503101201,3,5031,12,1,0,4,2,1
2025,      503106501,6,5031,65,1,0,5,2,1
2025,      503202401,5,5032,24,1,0,1,2,1
2025,      503306001,5,5033,60,1,1,4,2,1
2025,      503307001,5,5033,70,1,1,7,2,1
2025,      503307201,3,5033,72,1,0,10,2,1
2025,      503402901,4,5034,29,1,1,10,2,1
2025,      503506501,4,5035,65,1,2,7,2,1
2025,      503600701,3,5036,7,1,1,11,2,1
2025,      503607501,2,5036,75,1,0,5,2,1
2025,      503607801,3,5036,78,1,0,11,2,1
2025,      503611001,3,5036,110,1,1,11,2,1
2025,      503611201,3,5036,112,1,1,7,2,1
2025,      503611301,1,5036,113,1,0,3,2,1
2025,      503700101,4,5037,1,1,1,8,2,1
2025,      503701601,5,5037,16,1,2,8,2,1
2025,      503706801,6,5037,68,1,0,8,2,1
2025,      503912101,4,5039,121,1,1,7,2,1
2025,      504101001,4,5041,10,1,1,4,2,1
2025,      504206201,5,5042,62,1,1,0,2,1
2025,      504402001,4,5044,20,1,2,0,2,1
2025,      504403001,3,5044,30,1,0,9,2,1
2025,      504602201,6,5046,22,1,0,11,2,1
2025,      504602901,4,5046,29,1,0,5,2,1
2025,      504609101,5,5046,91,1,0,6,2,1
2025,      504701101,5,5047,11,1,0,6,2,1
2025,      504703401,3,5047,34,1,2,2,2,1
2025,      504703701,5,5047,37,1,0,10,2,1
2025,      504706501,2,5047,65,1,0,1,2,1
2025,      504706601,5,5047,66,1,0,5,2,1
2025,      504706801,3,5047,68,1,1,11,2,1
2025,      504803301,3,5048,33,1,2,8,2,1
2025,      504805701,4,5048,57,1,0,6,2,1
2025,      504807801,3,5048,78,1,0,5,2,1
2025,      504900401,3,5049,4,1,0,8,2,1
2025,      504906701,4,5049,67,1,0,1,2,1
2025,      504906801,3,5049,68,1,1,0,2,1
2025,      505103001,5,5051,30,1,0,3,2,1
2025,      505105201,4,5051,52,1,0,9,2,1
2025,      505304101,3,5053,41,1,0,4,2,1
2025,      505402401,3,5054,24,1,0,4,2,1
2025,      505402601,5,5054,26,1,1,0,2,1
2025,      505413001,2,5054,130,1,1,9,2,1
2025,      505603001,6,5056,30,1,1,2,2,1
2025,      505605901,3,5056,59,1,2,8,2,1
2025,      505702901,5,5057,29,1,1,3,2,1
2025,      505709201,3,5057,92,1,1,7,2,1
2025,      505901201,3,5059,12,1,0,6,2,1
2025,      506306301,4,5063,63,1,0,3,2,1
2025,      506404401,7,5064,44,1,1,0,2,1
2025,      506406401,6,5064,64,1,1,10,2,1
2025,      506409901,3,5064,99,1,2,4,2,1
2025,      506411801,4,5064,118,1,0,1,2,1
2025,      506501601,4,5065,16,1,1,4,2,1
2025,      506503301,5,5065,33,1,2,10,2,1
2025,      506505901,6,5065,59,1,0,8,2,1
2025,      506507001,2,5065,70,1,1,0,2,1
2025,      506607501,3,5066,75,1,1,10,2,1
2025,      506609901,2,5066,99,1,0,3,2,1
2025,      506700201,4,5067,2,1,0,1,2,1
2025,      506703201,5,5067,32,1,0,6,2,1
2025,      506703401,5,5067,34,1,1,6,2,1
2025,      506707601,6,5067,76,1,1,0,2,1
2025,      506707701,4,5067,77,1,0,4,2,1
2025,      506802601,3,5068,26,1,0,7,2,1
2025,      506802701,6,5068,27,1,1,2,2,1
2025,      506803601,3,5068,36,1,0,11,2,1
2025,      506803701,4,5068,37,1,1,3,2,1
2025,      506804001,4,5068,40,1,0,1,2,1
2025,      506903001,6,5069,30,1,0,4,2,1
2025,      506903201,2,5069,32,1,0,1,2,1
2025,      506903801,7,5069,38,1,2,6,2,1
2025,      506903901,3,5069,39,1,2,0,2,1
2025,      506905701,5,5069,57,1,1,6,2,1
2025,      506906601,4,5069,66,1,1,7,2,1
2025,      507006502,5,5070,65,2,0,7,2,1
2025,      507007701,6,5070,77,1,0,8,2,1
2025,      507007901,6,5070,79,1,2,11,2,1
2025,      507008401,4,5070,84,1,2,9,2,1
2025,      507009301,4,5070,93,1,2,0,2,1
2025,      507403001,2,5074,30,1,0,2,2,1
2025,      507500601,7,5075,6,1,2,1,1,1
2025,      507500601,9,5075,6,1,0,9,2,2
2025,      507500701,3,5075,7,1,2,7,2,1
2025,      507502001,6,5075,20,1,2,3,2,1
2025,      507502601,3,5075,26,1,2,4,2,1
2025,      507506401,4,5075,64,1,0,10,2,1
2025,      507506801,3,5075,68,1,1,0,2,1
2025,      507509701,1,5075,97,1,0,4,1,1
2025,      507509701,4,5075,97,1,0,10,2,2
2025,      507510501,6,5075,105,1,0,4,2,1
2025,      507701201,4,5077,12,1,0,4,2,1
2025,      509504401,3,5095,44,1,0,5,2,1
2025,      509702401,3,5097,24,1,0,4,2,1
2025,      509709701,3,5097,97,1,0,11,2,1
2025,      509813501,3,5098,135,1,0,11,2,1
2025,      510310801,5,5103,108,1,0,6,2,1
2025,      510506501,6,5105,65,1,0,7,2,1
2025,      510604501,11,5106,45,1,1,11,2,1
2025,      510612901,4,5106,129,1,0,6,2,1
2025,      510615701,4,5106,157,1,1,11,2,1
2025,      511103001,7,5111,30,1,2,8,2,1
2025,      511108501,3,5111,85,1,0,6,2,1
2025,      511305301,2,5113,53,1,0,11,2,1
2025,      511305401,2,5113,54,1,0,11,2,1
2025,      511400301,2,5114,3,1,0,3,2,1
2025,      511407401,4,5114,74,1,0,9,2,1
2025,      511407601,3,5114,76,1,1,3,2,1
2025,      512511701,5,5125,117,1,2,0,2,1
2025,      512808501,4,5128,85,1,0,6,2,1
2025,      512913401,5,5129,134,1,0,4,2,1
2025,      513200801,5,5132,8,1,0,11,2,1
2025,      513201101,4,5132,11,1,1,0,2,1
2025,      513202901,4,5132,29,1,0,3,2,1
2025,      513206001,5,5132,60,1,1,6,2,1
2025,      513310201,3,5133,102,1,1,11,2,1
2025,      513311001,5,5133,110,1,0,9,2,1
2025,      513311101,4,5133,111,1,1,0,2,1
2025,      513311501,5,5133,115,1,0,3,2,1
2025,      513403201,9,5134,32,1,0,1,2,1
2025,      513414701,7,5134,147,1,0,11,2,1
2025,      513917202,2,5139,172,2,0,4,2,1
2025,      514009701,3,5140,97,1,0,8,2,1
2025,      514400301,3,5144,3,1,1,2,2,1
2025,      515202701,5,5152,27,1,0,7,2,1
2025,      515204001,6,5152,40,1,1,1,2,1
2025,      515204301,4,5152,43,1,0,11,2,1
2025,      515204401,6,5152,44,1,1,0,2,1
2025,      515212001,4,5152,120,1,1,11,2,1
2025,      515300901,4,5153,9,1,0,4,2,1
2025,      515307801,3,5153,78,1,1,0,1,1
2025,      515307801,4,5153,78,1,0,6,2,2
2025,      515309001,5,5153,90,1,1,0,2,1
2025,      515411601,5,5154,116,1,1,0,2,1
2025,      515411701,2,5154,117,1,0,6,2,1
2025,      515414901,4,5154,149,1,1,2,2,1
2025,      517404001,9,5174,40,1,0,3,2,1
2025,      517706501,4,5177,65,1,0,6,2,1
2025,      517708401,5,5177,84,1,1,11,2,1
2025,      521702101,6,5217,21,1,0,4,2,1
2025,      521709701,3,5217,97,1,0,5,2,1
2025,      521912001,6,5219,120,1,0,6,2,1
2025,      522506601,5,5225,66,1,0,3,2,1
2025,      522703801,3,5227,38,1,0,10,2,1
2025,      522706301,4,5227,63,1,1,2,2,1
2025,      523207601,5,5232,76,1,0,10,2,1
2025,      523405701,3,5234,57,1,1,6,2,1
2025,      523412601,6,5234,126,1,0,3,2,1
2025,      523412602,3,5234,126,2,0,3,2,1
2025,      524216601,6,5242,166,1,0,8,2,1
2025,      524401701,9,5244,17,1,0,5,2,1
2025,      524510201,11,5245,102,1,2,6,2,1
2025,      524512801,8,5245,128,1,0,2,2,1
2025,      524513601,4,5245,136,1,0,2,2,1
2025,      524602401,7,5246,24,1,1,7,2,1
2025,      524602501,5,5246,25,1,1,9,2,1
2025,      524604801,4,5246,48,1,1,8,1,1
2025,      524604801,5,5246,48,1,0,8,2,2
2025,      524711401,4,5247,114,1,1,10,2,1
2025,      524712701,5,5247,127,1,0,10,2,1
2025,      524712801,8,5247,128,1,2,10,2,1
2025,      524800301,4,5248,3,1,1,4,2,1
2025,      524801201,4,5248,12,1,1,7,2,1
2025,      524905901,4,5249,59,1,1,1,2,1
2025,      524906001,6,5249,60,1,0,1,2,1
2025,      524906201,6,5249,62,1,0,7,2,1
2025,      524911801,10,5249,118,1,0,9,2,1
2025,      524914901,6,5249,149,1,0,5,2,1
2025,      524915301,3,5249,153,1,0,2,2,1
2025,      525000201,9,5250,2,1,0,4,2,1
2025,      525004801,3,5250,48,1,1,5,2,1
2025,      525403501,2,5254,35,1,0,10,2,1
2025,      526101601,7,5261,16,1,0,5,2,1
2025,      526505001,4,5265,50,1,1,8,2,1
2025,      526506501,10,5265,65,1,0,3,2,1
2025,      526610701,3,5266,107,1,1,0,2,1
2025,      526803101,3,5268,31,1,0,7,2,1
2025,      526805001,8,5268,50,1,0,1,2,1
2025,      526805501,5,5268,55,1,0,8,2,1
2025,      526805601,4,5268,56,1,0,5,2,1
2025,      526900501,7,5269,5,1,0,7,2,1
2025,      526903601,4,5269,36,1,2,7,2,1
2025,      526904601,5,5269,46,1,1,0,2,1
2025,      526904801,5,5269,48,1,1,0,1,1
2025,      526904801,6,5269,48,1,0,6,2,2
2025,      527001401,4,5270,14,1,0,11,2,1
2025,      527002201,4,5270,22,1,1,2,2,1
2025,      527004301,4,5270,43,1,1,2,2,1
2025,      528404201,3,5284,42,1,0,4,2,1
2025,      529800301,4,5298,3,1,1,0,2,1
2025,      529802701,3,5298,27,1,0,4,2,1
2025,      529904501,5,5299,45,1,0,1,2,1
2025,      530008001,4,5300,80,1,1,0,2,1
2025,      530115201,5,5301,152,1,0,5,2,1
2025,      530301501,8,5303,15,1,0,1,2,1
2025,      530301801,3,5303,18,1,0,1,2,1
2025,      530303001,3,5303,30,1,1,0,2,1
2025,      530400701,4,5304,7,1,2,1,2,1
2025,      530501501,5,5305,15,1,1,2,2,1
2025,      530501601,3,5305,16,1,2,2,2,1
2025,      530501701,4,5305,17,1,0,8,2,1
2025,      530605001,3,5306,50,1,0,8,2,1
2025,      530704901,4,5307,49,1,0,5,2,1
2025,      530708401,2,5307,84,1,0,7,2,1
2025,      530708501,5,5307,85,1,1,4,2,1
2025,      530803201,4,5308,32,1,0,1,2,1
2025,      530805001,2,5308,50,1,0,4,2,1
2025,      530812801,4,5308,128,1,2,8,2,1
2025,      530813401,3,5308,134,1,1,0,2,1
2025,      530902001,5,5309,20,1,3,0,2,1
2025,      531410601,4,5314,106,1,1,9,2,1
2025,      532017401,9,5320,174,1,0,4,2,1
2025,      532301501,3,5323,15,1,0,8,2,1
2025,      532400601,2,5324,6,1,0,6,2,1
2025,      532401301,5,5324,13,1,0,10,2,1
2025,      532402801,3,5324,28,1,1,0,2,1
2025,      532602701,4,5326,27,1,0,8,2,1
2025,      532606801,3,5326,68,1,0,7,2,1
2025,      532608401,7,5326,84,1,0,2,2,1
2025,      532714901,7,5327,149,1,0,4,2,1
2025,      532801801,3,5328,18,1,1,5,2,1
2025,      532815101,5,5328,151,1,0,7,2,1
2025,      532815201,7,5328,152,1,0,6,2,1
2025,      532912201,4,5329,122,1,0,6,2,1
2025,      533206001,6,5332,60,1,1,0,2,1
2025,      533702501,3,5337,25,1,0,3,2,1
2025,      533702901,3,5337,29,1,2,11,2,1
2025,      533707101,3,5337,71,1,1,11,2,1
2025,      534005501,4,5340,55,1,1,0,2,1
2025,      534303801,6,5343,38,1,1,10,2,1
2025,      535301501,5,5353,15,1,0,10,2,1
2025,      535301602,4,5353,16,2,1,0,2,1
2025,      535315101,4,5353,151,1,2,0,2,1
2025,      536202401,3,5362,24,1,0,8,2,1
2025,      536204301,4,5362,43,1,1,2,1,1
2025,      536204301,5,5362,43,1,1,2,2,2
2025,      536221201,3,5362,212,1,1,0,2,1
2025,      536221301,4,5362,213,1,1,3,2,1
2025,      536300901,6,5363,9,1,0,9,2,1
2025,      536303401,4,5363,34,1,1,6,2,1
2025,      536304801,6,5363,48,1,0,6,2,1
2025,      536305301,2,5363,53,1,0,5,2,1
2025,      536305701,4,5363,57,1,1,8,2,1
2025,      536314001,9,5363,140,1,0,5,2,1
2025,      536314101,2,5363,141,1,0,8,2,1
2025,      536314201,4,5363,142,1,1,6,2,1
2025,      536314401,5,5363,144,1,0,8,2,1
2025,      536405001,3,5364,50,1,0,5,2,1
2025,      536411301,3,5364,113,1,0,3,2,1
2025,      536411401,7,5364,114,1,0,7,2,1
2025,      536600201,6,5366,2,1,1,4,2,1
2025,      536601101,5,5366,11,1,1,2,2,1
2025,      536601301,4,5366,13,1,1,2,2,1
2025,      536601401,4,5366,14,1,0,7,2,1
2025,      536607701,4,5366,77,1,0,8,2,1
2025,      536608001,3,5366,80,1,1,1,2,1
2025,      538102601,7,5381,26,1,1,0,2,1
2025,      538303001,4,5383,30,1,1,0,2,1
2025,      539308201,6,5393,82,1,0,3,2,1
2025,      539705801,2,5397,58,1,1,1,2,1
2025,      540105601,2,5401,56,1,1,6,2,1
2025,      540700501,4,5407,5,1,0,10,2,1
2025,      540704701,8,5407,47,1,2,10,2,1
2025,      540704901,4,5407,49,1,0,3,2,1
2025,      540709401,4,5407,94,1,2,7,2,1
2025,      540709801,3,5407,98,1,1,7,2,1
2025,      540709901,4,5407,99,1,1,6,2,1
2025,      541501401,5,5415,14,1,0,1,2,1
2025,      541907901,6,5419,79,1,0,6,2,1
2025,      542104001,5,5421,40,1,1,5,2,1
2025,      542307001,7,5423,70,1,0,5,2,1
2025,      542310201,5,5423,102,1,0,10,2,1
2025,      542502101,7,5425,21,1,0,2,2,1
2025,      542505401,6,5425,54,1,0,7,2,1
2025,      542700701,4,5427,7,1,0,6,2,1
2025,      542701801,4,5427,18,1,0,7,2,1
2025,      542706301,2,5427,63,1,1,2,2,1
2025,      543801201,3,5438,12,1,0,9,2,1
2025,      543803601,5,5438,36,1,0,9,2,1
2025,      543805801,5,5438,58,1,1,5,2,1
2025,      543808501,9,5438,85,1,0,9,2,1
2025,      543808901,4,5438,89,1,0,6,2,1
2025,      543915501,3,5439,155,1,1,9,1,1
2025,      543915501,4,5439,155,1,0,1,2,2
2025,      543917101,3,5439,171,1,1,0,2,1
2025,      544001901,2,5440,19,1,0,1,2,1
2025,      544002301,3,5440,23,1,2,5,2,1
2025,      544006301,3,5440,63,1,0,8,2,1
2025,      544006501,3,5440,65,1,2,2,2,1
2025,      544008701,3,5440,87,1,0,2,2,1
2025,      544108801,5,5441,88,1,0,9,2,1
2025,      544109301,6,5441,93,1,0,1,2,1
2025,      544109801,4,5441,98,1,1,2,2,1
2025,      544204001,5,5442,40,1,0,6,2,1
2025,      544209201,6,5442,92,1,0,3,2,1
2025,      544213901,7,5442,139,1,0,6,2,1
2025,      544306201,4,5443,62,1,2,6,2,1
2025,      544307901,3,5443,79,1,2,0,2,1
2025,      544308001,4,5443,80,1,0,4,2,1
2025,      544316901,6,5443,169,1,0,5,2,1
2025,      544317101,4,5443,171,1,0,7,2,1
2025,      544504701,4,5445,47,1,2,0,2,1
2025,      544510601,5,5445,106,1,2,5,1,1
2025,      544510601,7,5445,106,1,0,4,2,2
2025,      544605701,4,5446,57,1,0,2,2,1
2025,      544700601,6,5447,6,1,0,3,2,1
2025,      544809201,4,5448,92,1,0,6,2,1
2025,      544809401,4,5448,94,1,0,5,2,1
2025,      544810301,3,5448,103,1,0,10,2,1
2025,      544906301,4,5449,63,1,0,6,2,1
2025,      545114101,5,5451,141,1,0,3,2,1
2025,      546200201,4,5462,2,1,1,9,1,1
2025,      546200201,5,5462,2,1,1,9,2,2
2025,      546202201,3,5462,22,1,1,11,2,1
2025,      546207101,5,5462,71,1,2,6,2,1
2025,      546207201,5,5462,72,1,0,2,2,1
2025,      546304701,4,5463,47,1,0,10,2,1
2025,      546304801,4,5463,48,1,0,6,2,1
2025,      546305001,5,5463,50,1,0,11,2,1
2025,      546406001,5,5464,60,1,0,9,2,1
2025,      546507301,3,5465,73,1,1,6,2,1
2025,      546507501,4,5465,75,1,1,6,2,1
2025,      546602401,4,5466,24,1,0,5,2,1
2025,      546707401,3,5467,74,1,0,2,2,1
2025,      546708201,4,5467,82,1,0,5,2,1
2025,      547104901,3,5471,49,1,2,6,2,1
2025,      547206301,6,5472,63,1,0,3,2,1
2025,      547305401,5,5473,54,1,1,1,2,1
2025,      547400801,3,5474,8,1,0,4,2,1
2025,      547409701,3,5474,97,1,0,8,2,1
2025,      547509401,3,5475,94,1,0,9,2,1
2025,      547510401,4,5475,104,1,0,9,2,1
2025,      547510501,2,5475,105,1,1,3,2,1
2025,      547522201,4,5475,222,1,0,3,2,1
2025,      547522301,4,5475,223,1,2,0,2,1
2025,      547607701,3,5476,77,1,0,5,2,1
2025,      547700801,5,5477,8,1,2,1,2,1
2025,      547705701,3,5477,57,1,2,3,2,1
2025,      547706501,3,5477,65,1,0,7,2,1
2025,      547801101,3,5478,11,1,0,3,2,1
2025,      547906901,6,5479,69,1,0,4,2,1
2025,      547907801,3,5479,78,1,0,4,2,1
2025,      548001001,3,5480,10,1,2,9,2,1
2025,      548001201,4,5480,12,1,1,6,1,1
2025,      548001201,5,5480,12,1,0,10,2,2
2025,      548007801,4,5480,78,1,1,5,2,1
2025,      548102101,3,5481,21,1,2,7,2,1
2025,      548103001,5,5481,30,1,2,0,2,1
2025,      548105201,4,5481,52,1,0,6,2,1
2025,      548202001,3,5482,20,1,0,1,2,1
2025,      548205801,3,5482,58,1,1,7,2,1
2025,      548208501,3,5482,85,1,0,6,2,1
2025,      548300101,5,5483,1,1,0,1,2,1
2025,      548300601,4,5483,6,1,1,0,2,1
2025,      548303601,3,5483,36,1,3,0,2,1
2025,      548304501,4,5483,45,1,0,6,2,1
2025,      548305101,5,5483,51,1,1,8,2,1
2025,      548408101,5,5484,81,1,0,3,2,1
2025,      548411701,4,5484,117,1,0,3,2,1
2025,      548412801,4,5484,128,1,2,9,2,1
2025,      549512801,3,5495,128,1,0,8,2,1
2025,      550608301,3,5506,83,1,0,6,2,1
2025,      550902301,4,5509,23,1,1,5,2,1
2025,      550904401,3,5509,44,1,0,4,2,1
2025,      551006301,5,5510,63,1,0,7,2,1
2025,      551200401,6,5512,4,1,0,2,2,1
2025,      551206001,4,5512,60,1,2,1,2,1
2025,      551400201,2,5514,2,1,1,6,2,1
2025,      551405101,3,5514,51,1,0,3,2,1
2025,      551604101,4,5516,41,1,0,2,2,1
2025,      551700801,3,5517,8,1,2,3,2,1
2025,      551702001,4,5517,20,1,2,5,2,1
2025,      551702101,2,5517,21,1,2,8,2,1
2025,      551705101,3,5517,51,1,2,5,2,1
2025,      551705901,3,5517,59,1,0,4,2,1
2025,      551803201,4,5518,32,1,0,5,2,1
2025,      551803301,3,5518,33,1,0,3,2,1
2025,      551803401,4,5518,34,1,2,1,2,1
2025,      551806001,3,5518,60,1,0,10,2,1
2025,      551806501,3,5518,65,1,2,1,2,1
2025,      551810801,3,5518,108,1,0,5,2,1
2025,      551810901,4,5518,109,1,1,8,2,1
2025,      551906201,6,5519,62,1,0,4,2,1
2025,      552002901,3,5520,29,1,1,4,2,1
2025,      552100601,7,5521,6,1,0,3,2,1
2025,      552100801,4,5521,8,1,1,5,2,1
2025,      552100901,3,5521,9,1,2,11,2,1
2025,      552108001,3,5521,80,1,0,3,2,1
2025,      552108201,5,5521,82,1,0,8,2,1
2025,      552303301,4,5523,33,1,0,2,2,1
2025,      552303401,4,5523,34,1,2,5,2,1
2025,      552304401,2,5523,44,1,0,1,2,1
2025,      552400501,3,5524,5,1,0,4,2,1
2025,      552405501,3,5524,55,1,1,6,2,1
2025,      552504101,3,5525,41,1,2,4,2,1
2025,      552504701,5,5525,47,1,1,3,2,1
2025,      552505701,4,5525,57,1,0,8,2,1
2025,      552506101,5,5525,61,1,2,4,2,1
2025,      552506501,5,5525,65,1,1,4,2,1
2025,      552601301,4,5526,13,1,1,3,2,1
2025,      552702701,3,5527,27,1,0,9,2,1
2025,      553000801,3,5530,8,1,1,6,2,1
2025,      553001301,3,5530,13,1,1,4,2,1
2025,      553007301,4,5530,73,1,2,8,2,1
2025,      553101301,4,5531,13,1,0,3,2,1
2025,      553206401,3,5532,64,1,1,10,2,1
2025,      553216401,4,5532,164,1,0,7,2,1
2025,      553307801,4,5533,78,1,2,0,2,1
2025,      553315901,3,5533,159,1,0,8,2,1
2025,      553318001,4,5533,180,1,1,0,2,1
2025,      553404201,5,5534,42,1,0,5,2,1
2025,      553404601,2,5534,46,1,1,0,2,1
2025,      553412501,4,5534,125,1,1,6,2,1
2025,      553413801,4,5534,138,1,0,3,2,1
2025,      553413901,4,5534,139,1,1,6,2,1
2025,      553414001,4,5534,140,1,1,7,2,1
2025,      553512301,4,5535,123,1,0,3,2,1
2025,      553512401,4,5535,124,1,0,8,2,1
2025,      553602901,5,5536,29,1,0,7,2,1
2025,      553604201,3,5536,42,1,1,6,2,1
2025,      553610301,4,5536,103,1,0,5,1,1
2025,      553610301,7,5536,103,1,0,3,2,2
2025,      553714601,3,5537,146,1,2,3,2,1
2025,      553714801,4,5537,148,1,0,6,2,1
2025,      553717201,3,5537,172,1,0,8,2,1
2025,      553803101,3,5538,31,1,0,6,2,1
2025,      553910201,4,5539,102,1,0,10,2,1
2025,      553910401,3,5539,104,1,1,10,2,1
2025,      554001501,5,5540,15,1,1,0,2,1
2025,      554005401,5,5540,54,1,0,2,2,1
2025,      554008001,3,5540,80,1,0,6,2,1
2025,      554104501,4,5541,45,1,2,0,2,1
2025,      554109901,3,5541,99,1,2,8,2,1
2025,      554211201,4,5542,112,1,0,1,2,1
2025,      554305701,4,5543,57,1,2,0,2,1
2025,      554503201,3,5545,32,1,1,4,2,1
2025,      554506201,5,5545,62,1,1,1,2,1
2025,      555602801,5,5556,28,1,0,1,2,1
2025,      556711001,4,5567,110,1,0,6,2,1
2025,      557106601,3,5571,66,1,0,2,2,1
2025,      557401901,4,5574,19,1,1,3,2,1
2025,      557405201,3,5574,52,1,0,7,2,1
2025,      557407901,4,5574,79,1,0,9,2,1
2025,      557409901,3,5574,99,1,0,8,2,1
2025,      557503301,6,5575,33,1,2,6,2,1
2025,      557608001,4,5576,80,1,0,1,2,1
2025,      557610301,3,5576,103,1,2,1,2,1
2025,      557700701,4,5577,7,1,0,2,2,1
2025,      557700901,3,5577,9,1,0,6,2,1
2025,      557704101,3,5577,41,1,0,5,1,1
2025,      557704101,4,5577,41,1,0,5,2,2
2025,      557704201,7,5577,42,1,0,4,2,1
2025,      557704301,6,5577,43,1,1,3,2,1
2025,      557706401,7,5577,64,1,0,1,2,1
2025,      557706501,3,5577,65,1,1,4,2,1
2025,      557904001,4,5579,40,1,2,0,2,1
2025,      557905401,4,5579,54,1,1,1,2,1
2025,      557905501,4,5579,55,1,0,11,2,1
2025,      558010801,4,5580,108,1,0,2,2,1
2025,      558108901,4,5581,89,1,1,6,2,1
2025,      558109401,4,5581,94,1,1,3,2,1
2025,      558109501,3,5581,95,1,1,6,2,1
2025,      558204101,3,5582,41,1,0,3,2,1
2025,      558205501,5,5582,55,1,0,6,2,1
2025,      558206501,6,5582,65,1,0,10,2,1
2025,      558305901,5,5583,59,1,0,3,2,1
2025,      558307701,4,5583,77,1,1,2,1,1
2025,      558307701,5,5583,77,1,0,2,2,2
2025,      558307801,4,5583,78,1,1,2,2,1
2025,      558400201,2,5584,2,1,1,4,2,1
2025,      558703001,5,5587,30,1,0,4,2,1
2025,      558800601,3,5588,6,1,1,0,2,1
2025,      558807701,6,5588,77,1,0,4,2,1
2025,      558812201,3,5588,122,1,0,4,2,1
2025,      559103501,7,5591,35,1,2,9,2,1
2025,      559103601,3,5591,36,1,1,0,2,1
2025,      559107801,6,5591,78,1,0,10,2,1
2025,      559200701,4,5592,7,1,1,0,2,1
2025,      559207801,3,5592,78,1,0,8,2,1
2025,      559301001,3,5593,10,1,1,5,2,1
2025,      559302201,4,5593,22,1,0,4,2,1
2025,      559302801,3,5593,28,1,1,8,2,1
2025,      559303201,5,5593,32,1,1,5,2,1
2025,      559303501,7,5593,35,1,0,2,2,1
2025,      559303701,6,5593,37,1,1,5,2,1
2025,      559400601,4,5594,6,1,1,1,2,1
2025,      559405301,5,5594,53,1,2,1,2,1
2025,      559405401,4,5594,54,1,1,6,2,1
2025,      559411301,4,5594,113,1,0,10,2,1
2025,      559500401,4,5595,4,1,2,0,2,1
2025,      559506701,5,5595,67,1,0,8,2,1
2025,      559508801,2,5595,88,1,0,3,2,1
2025,      559605901,5,5596,59,1,2,0,2,1
2025,      559608601,4,5596,86,1,0,8,2,1
2025,      559609101,5,5596,91,1,2,5,2,1
2025,      559700601,3,5597,6,1,0,3,2,1
2025,      559709701,3,5597,97,1,2,5,2,1
2025,      559710001,3,5597,100,1,0,6,2,1
2025,      559800901,5,5598,9,1,0,10,2,1
2025,      559802301,6,5598,23,1,2,0,2,1
2025,      559900701,4,5599,7,1,1,0,2,1
2025,      560000201,3,5600,2,1,1,0,2,1
2025,      560102001,4,5601,20,1,0,8,2,1
2025,      560307701,4,5603,77,1,0,1,2,1
2025,      560308001,4,5603,80,1,2,0,2,1
2025,      560310101,3,5603,101,1,0,3,2,1
2025,      560500401,5,5605,4,1,0,7,2,1
2025,      560507701,4,5605,77,1,0,6,2,1
2025,      560912701,2,5609,127,1,1,0,2,1
2025,      560913701,6,5609,137,1,1,6,2,1
2025,      560913901,10,5609,139,1,0,6,2,1
2025,      561001101,4,5610,11,1,0,10,2,1
2025,      561001901,4,5610,19,1,0,7,2,1
2025,      561007001,2,5610,70,1,0,7,2,1
2025,      561007401,3,5610,74,1,0,5,2,1
2025,      561107401,3,5611,74,1,0,1,2,1
2025,      561300501,7,5613,5,1,2,11,2,1
2025,      561304601,3,5613,46,1,1,4,2,1
2025,      561304901,8,5613,49,1,1,0,2,1
2025,      561403002,3,5614,30,2,1,0,2,1
2025,      561403201,4,5614,32,1,2,5,2,1
2025,      561408401,4,5614,84,1,0,5,2,1
2025,      561409101,3,5614,91,1,0,5,2,1
2025,      561501201,6,5615,12,1,0,2,2,1
2025,      561504601,2,5615,46,1,0,1,2,1
2025,      561510101,4,5615,101,1,0,4,1,1
2025,      561510101,5,5615,101,1,0,4,2,2
2025,      561601901,3,5616,19,1,2,6,2,1
2025,      561605401,5,5616,54,1,1,9,2,1
2025,      561606801,5,5616,68,1,2,4,2,1
2025,      561607901,3,5616,79,1,0,10,2,1
2025,      561608301,5,5616,83,1,0,9,2,1
2025,      561608701,4,5616,87,1,2,10,2,1
2025,      561803301,3,5618,33,1,0,1,2,1
2025,      561811901,3,5618,119,1,1,3,2,1
2025,      561903901,5,5619,39,1,0,10,2,1
2025,      562012801,6,5620,128,1,0,4,2,1
2025,      562013001,4,5620,130,1,0,3,2,1
2025,      562105801,3,5621,58,1,1,6,2,1
2025,      562106101,3,5621,61,1,2,6,2,1
2025,      562106201,4,5621,62,1,0,10,2,1
2025,      562305001,4,5623,50,1,0,5,2,1
2025,      562305101,5,5623,51,1,0,4,2,1
2025,      562309101,3,5623,91,1,1,3,2,1
2025,      562309201,4,5623,92,1,0,6,2,1
2025,      562312601,4,5623,126,1,0,5,2,1
2025,      566009301,7,5660,93,1,1,4,2,1
2025,      566011201,5,5660,112,1,1,0,2,1
2025,      566011301,2,5660,113,1,0,6,2,1
2025,      567302401,4,5673,24,1,0,5,2,1
2025,      567700701,3,5677,7,1,1,9,2,1
2025,      567706001,3,5677,60,1,0,3,2,1
2025,      567706201,7,5677,62,1,0,1,2,1
2025,      567706601,5,5677,66,1,1,0,2,1
2025,      567706701,5,5677,67,1,1,0,2,1
2025,      567817101,3,5678,171,1,1,0,2,1
2025,      568000801,3,5680,8,1,0,3,2,1
2025,      568001101,4,5680,11,1,1,0,2,1
2025,      568005801,5,5680,58,1,1,0,2,1
2025,      569210501,3,5692,105,1,1,2,2,1
2025,      569402701,7,5694,27,1,0,3,2,1
2025,      569500401,5,5695,4,1,1,6,2,1
2025,      569505601,4,5695,56,1,1,10,2,1
2025,      569903101,6,5699,31,1,1,2,2,1
2025,      570000801,6,5700,8,1,0,9,2,1
2025,      570003301,7,5700,33,1,1,2,2,1
2025,      570016901,3,5700,169,1,0,8,2,1
2025,      576507101,5,5765,71,1,1,2,2,1
2025,      577903801,3,5779,38,1,0,1,2,1
2025,      577910101,5,5779,101,1,0,5,2,1
2025,      578210301,7,5782,103,1,1,1,2,1
2025,      578212701,9,5782,127,1,0,2,2,1
2025,      578316201,5,5783,162,1,0,10,2,1
2025,      578707001,5,5787,70,1,1,3,2,1
2025,      579000701,4,5790,7,1,0,9,2,1
2025,      579006001,5,5790,60,1,1,11,2,1
2025,      579107501,5,5791,75,1,2,7,2,1
2025,      579107701,8,5791,77,1,1,2,1,1
2025,      579107701,10,5791,77,1,1,2,2,2
2025,      579211001,7,5792,110,1,1,4,2,1
2025,      579211201,4,5792,112,1,0,8,2,1
2025,      579400801,4,5794,8,1,1,6,2,1
2025,      579407601,7,5794,76,1,0,4,2,1
2025,      579517201,4,5795,172,1,0,2,2,1
2025,      579517901,3,5795,179,1,0,2,2,1
2025,      579518701,6,5795,187,1,0,4,2,1
2025,      580409501,4,5804,95,1,0,4,2,1
2025,      580804401,3,5808,44,1,0,7,2,1
2025,      581002901,4,5810,29,1,2,0,2,1
2025,      581102001,3,5811,20,1,1,7,1,1
2025,      581102001,4,5811,20,1,0,8,2,2
2025,      581300601,5,5813,6,1,2,0,2,1
2025,      581300901,5,5813,9,1,0,6,2,1
2025,      581403401,5,5814,34,1,1,1,2,1
2025,      581501001,6,5815,10,1,2,0,2,1
2025,      581501401,6,5815,14,1,1,0,2,1
2025,      581502701,5,5815,27,1,0,2,2,1
2025,      581506401,5,5815,64,1,1,5,2,1
2025,      582208501,3,5822,85,1,0,6,2,1
2025,      582302101,4,5823,21,1,0,7,2,1
2025,      582303101,1,5823,31,1,0,6,2,1
2025,      583804601,4,5838,46,1,0,5,2,1
2025,      584103201,4,5841,32,1,1,3,2,1
2025,      584502401,3,5845,24,1,0,8,2,1
2025,      584503801,4,5845,38,1,1,6,2,1
2025,      584504401,4,5845,44,1,0,9,2,1
2025,      584505601,5,5845,56,1,2,4,2,1
2025,      584607801,6,5846,78,1,0,1,2,1
2025,      584710401,3,5847,104,1,0,6,2,1
2025,      585101201,4,5851,12,1,0,6,2,1
2025,      585101301,3,5851,13,1,0,8,2,1
2025,      585105901,3,5851,59,1,0,4,2,1
2025,      585201801,4,5852,18,1,1,6,2,1
2025,      585209601,3,5852,96,1,1,6,2,1
2025,      585306801,4,5853,68,1,1,4,2,1
2025,      586800501,5,5868,5,1,0,6,2,1
2025,      587107001,3,5871,70,1,0,3,2,1
2025,      587111001,4,5871,110,1,1,0,2,1
2025,      587111102,3,5871,111,2,1,6,2,1
2025,      587111201,5,5871,112,1,1,0,2,1
2025,      587200901,6,5872,9,1,0,8,2,1
2025,      587203401,4,5872,34,1,2,0,2,1
2025,      587204101,3,5872,41,1,2,0,2,1
2025,      587206801,6,5872,68,1,2,0,1,1
2025,      587206801,7,5872,68,1,0,5,2,2
2025,      587207201,5,5872,72,1,0,4,2,1
2025,      587307701,7,5873,77,1,0,7,2,1
2025,      587307901,7,5873,79,1,0,6,2,1
2025,      587310801,6,5873,108,1,2,0,2,1
2025,      588001901,5,5880,19,1,0,6,2,1
2025,      588303201,4,5883,32,1,2,0,2,1
2025,      588303701,4,5883,37,1,0,11,2,1
2025,      588404901,5,5884,49,1,0,3,2,1
2025,      588604201,6,5886,42,1,2,2,2,1
2025,      588801901,4,5888,19,1,0,7,2,1
2025,      589006101,5,5890,61,1,0,3,2,1
2025,      589717601,5,5897,176,1,1,6,2,1
2025,      589810401,4,5898,104,1,1,3,2,1
2025,      590102701,6,5901,27,1,0,10,2,1
2025,      590105001,4,5901,50,1,0,6,2,1
2025,      590107001,5,5901,70,1,0,10,2,1
2025,      590109701,4,5901,97,1,1,0,1,1
2025,      590109701,5,5901,97,1,0,7,2,2
2025,      590113901,3,5901,139,1,0,1,2,1
2025,      590319401,5,5903,194,1,0,1,2,1
2025,      590319801,3,5903,198,1,0,3,2,1
2025,      590324201,5,5903,242,1,0,10,2,1
2025,      590408301,4,5904,83,1,0,6,2,1
2025,      590408501,5,5904,85,1,0,3,2,1
2025,      590410401,5,5904,104,1,0,9,2,1
2025,      590412401,3,5904,124,1,0,3,2,1
2025,      590412501,4,5904,125,1,0,4,2,1
2025,      590706301,4,5907,63,1,2,10,2,1
2025,      590706701,3,5907,67,1,1,4,2,1
2025,      590707001,8,5907,70,1,0,3,2,1
2025,      590711101,3,5907,111,1,0,8,2,1
2025,      591707201,5,5917,72,1,0,3,2,1
2025,      592011901,5,5920,119,1,0,3,2,1
2025,      593600501,1,5936,5,1,1,0,2,1
2025,      593603301,7,5936,33,1,1,9,2,1
2025,      593614401,5,5936,144,1,0,4,2,1
2025,      594710901,5,5947,109,1,0,2,2,1
2025,      594902701,3,5949,27,1,0,6,2,1
2025,      594911201,4,5949,112,1,0,2,2,1
2025,      594911501,4,5949,115,1,0,2,2,1
2025,      594918401,4,5949,184,1,0,4,2,1
2025,      595005901,7,5950,59,1,1,6,2,1
2025,      595600901,4,5956,9,1,0,3,2,1
2025,      595706101,8,5957,61,1,0,6,2,1
2025,      596602101,4,5966,21,1,0,1,2,1
2025,      596605701,6,5966,57,1,0,1,2,1
2025,      596607601,4,5966,76,1,0,6,2,1
2025,      596607801,5,5966,78,1,0,2,2,1
2025,      597005001,3,5970,50,1,0,8,2,1
2025,      597205501,4,5972,55,1,0,8,2,1
2025,      597403501,3,5974,35,1,0,3,2,1
2025,      597506701,4,5975,67,1,0,7,2,1
2025,      597516301,5,5975,163,1,0,9,2,1
2025,      597701101,5,5977,11,1,0,8,2,1
2025,      597701401,3,5977,14,1,0,10,2,1
2025,      597708502,3,5977,85,2,0,6,2,1
2025,      597804801,3,5978,48,1,0,3,2,1
2025,      597805101,5,5978,51,1,1,5,2,1
2025,      597901201,3,5979,12,1,1,7,2,1
2025,      598002401,3,5980,24,1,0,8,2,1
2025,      598108401,7,5981,84,1,0,5,2,1
2025,      598109701,6,5981,97,1,1,3,2,1
2025,      598110401,4,5981,104,1,0,2,2,1
2025,      598206801,3,5982,68,1,0,10,2,1
2025,      598220101,7,5982,201,1,0,7,2,1
2025,      598220201,12,5982,202,1,0,6,2,1
2025,      598301801,3,5983,18,1,1,0,2,1
2025,      598304301,5,5983,43,1,0,5,2,1
2025,      598305101,4,5983,51,1,1,8,2,1
2025,      598404101,4,5984,41,1,0,2,2,1
2025,      598407801,4,5984,78,1,1,4,2,1
2025,      598501201,6,5985,12,1,0,5,2,1
2025,      598501601,7,5985,16,1,0,11,2,1
2025,      598506101,6,5985,61,1,0,5,2,1
2025,      598603801,3,5986,38,1,1,2,2,1
2025,      598700301,5,5987,3,1,1,0,2,1
2025,      598702501,6,5987,25,1,1,1,2,1
2025,      598704001,5,5987,40,1,1,1,2,1
2025,      598706601,4,5987,66,1,0,10,2,1
2025,      598900101,4,5989,1,1,1,6,2,1
2025,      599313901,5,5993,139,1,0,1,2,1
2025,      600200601,4,6002,6,1,1,3,2,1
2025,      600200901,9,6002,9,1,0,4,2,1
2025,      600205901,7,6002,59,1,0,1,2,1
2025,      600206301,6,6002,63,1,0,5,2,1
2025,      600401301,4,6004,13,1,1,1,2,1
2025,      600402301,3,6004,23,1,1,0,2,1
2025,      600402501,5,6004,25,1,0,8,2,1
2025,      600407501,7,6004,75,1,2,1,2,1
2025,      600407601,6,6004,76,1,0,7,2,1
2025,      600407901,3,6004,79,1,1,0,2,1
2025,      600501601,3,6005,16,1,1,6,2,1
2025,      600503601,5,6005,36,1,0,7,2,1
2025,      600506601,5,6005,66,1,0,8,2,1
2025,      600507101,5,6005,71,1,0,8,2,1
2025,      600507801,3,6005,78,1,2,6,2,1
2025,      600710301,5,6007,103,1,0,1,2,1
2025,      601002501,4,6010,25,1,0,6,2,1
2025,      601002801,3,6010,28,1,1,8,2,1
2025,      601004001,4,6010,40,1,1,2,2,1
2025,      601006301,3,6010,63,1,0,5,2,1
2025,      601013301,4,6010,133,1,0,4,2,1
2025,      601109601,2,6011,96,1,0,7,2,1
2025,      601110201,6,6011,102,1,1,0,2,1
2025,      601203901,3,6012,39,1,2,5,2,1
2025,      601205001,5,6012,50,1,1,7,2,1
2025,      601316301,6,6013,163,1,1,2,2,1
2025,      601411001,5,6014,110,1,0,4,2,1
2025,      601507701,4,6015,77,1,0,3,2,1
2025,      601513901,3,6015,139,1,0,7,2,1
2025,      601514801,5,6015,148,1,1,6,2,1
2025,      601611601,4,6016,116,1,0,4,2,1
2025,      601613001,3,6016,130,1,0,7,2,1
2025,      601618401,1,6016,184,1,1,8,2,1
2025,      601806901,3,6018,69,1,3,1,2,1
2025,      601810701,3,6018,107,1,1,11,2,1
2025,      601810801,3,6018,108,1,1,9,2,1
2025,      601911901,3,6019,119,1,1,3,2,1
2025,      602000801,5,6020,8,1,0,10,2,1
2025,      602002001,3,6020,20,1,0,4,2,1
2025,      602005201,4,6020,52,1,1,6,2,1
2025,      602101401,4,6021,14,1,0,5,2,1
2025,      602207201,2,6022,72,1,0,10,2,1
2025,      602207401,3,6022,74,1,0,6,2,1
2025,      602210001,5,6022,100,1,0,9,2,1
2025,      602302901,3,6023,29,1,0,7,2,1
2025,      602401301,6,6024,13,1,0,1,2,1
2025,      602505001,5,6025,50,1,1,6,2,1
2025,      602513501,3,6025,135,1,0,6,2,1
2025,      602514101,4,6025,141,1,0,10,2,1
2025,      604001401,5,6040,14,1,0,3,2,1
2025,      604600501,4,6046,5,1,1,0,2,1
2025,      604706201,4,6047,62,1,0,6,2,1
2025,      604911201,3,6049,112,1,0,10,2,1
2025,      605110301,3,6051,103,1,0,7,2,1
2025,      605309401,4,6053,94,1,0,10,2,1
2025,      605401601,4,6054,16,1,1,9,2,1
2025,      605403401,4,6054,34,1,0,4,2,1
2025,      605404201,4,6054,42,1,0,6,2,1
2025,      605405401,4,6054,54,1,0,11,2,1
2025,      605503501,4,6055,35,1,0,10,2,1
2025,      605505401,4,6055,54,1,0,3,2,1
2025,      605802201,1,6058,22,1,0,4,2,1
2025,      605807001,4,6058,70,1,1,3,2,1
2025,      605900401,4,6059,4,1,1,0,2,1
2025,      605901001,6,6059,10,1,0,1,2,1
2025,      605905701,5,6059,57,1,0,3,2,1
2025,      605905901,5,6059,59,1,0,3,2,1
2025,      606002701,4,6060,27,1,0,1,2,1
2025,      606003001,2,6060,30,1,0,6,2,1
2025,      606003201,4,6060,32,1,0,10,2,1
2025,      606004801,4,6060,48,1,2,3,2,1
2025,      606107101,3,6061,71,1,1,10,2,1
2025,      606107201,5,6061,72,1,0,2,2,1
2025,      606304301,4,6063,43,1,0,5,2,1
2025,      606304501,5,6063,45,1,0,10,2,1
2025,      606304601,3,6063,46,1,1,11,2,1
2025,      606603301,9,6066,33,1,0,6,2,1
2025,      606603501,5,6066,35,1,0,2,2,1
2025,      606901601,2,6069,16,1,0,4,2,1
2025,      606902801,3,6069,28,1,0,8,2,1
2025,      607110701,3,6071,107,1,1,2,2,1
2025,      607301501,5,6073,15,1,1,6,2,1
2025,      607309701,5,6073,97,1,1,6,2,1
2025,      607312001,5,6073,120,1,0,6,2,1
2025,      607402101,5,6074,21,1,0,4,2,1
2025,      607402901,3,6074,29,1,2,0,2,1
2025,      607403101,4,6074,31,1,0,10,2,1
2025,      607403201,5,6074,32,1,2,1,2,1
2025,      607414501,1,6074,145,1,0,3,2,1
2025,      607414801,7,6074,148,1,0,6,2,1
2025,      607506101,3,6075,61,1,2,9,2,1
2025,      607506301,5,6075,63,1,1,8,2,1
2025,      607506601,6,6075,66,1,1,11,2,1
2025,      607512901,5,6075,129,1,2,7,2,1
2025,      607513401,6,6075,134,1,1,0,2,1
2025,      607513801,3,6075,138,1,2,0,2,1
2025,      607600701,4,6076,7,1,0,5,2,1
2025,      607601201,5,6076,12,1,1,0,2,1
2025,      607601301,5,6076,13,1,1,0,2,1
2025,      607702701,4,6077,27,1,1,0,2,1
2025,      607709801,5,6077,98,1,1,0,2,1
2025,      607805901,6,6078,59,1,1,2,2,1
2025,      608011001,4,6080,110,1,0,10,2,1
2025,      608201901,4,6082,19,1,0,9,2,1
2025,      608213101,4,6082,131,1,1,4,2,1
2025,      608213401,4,6082,134,1,2,6,2,1
2025,      608301501,7,6083,15,1,0,7,2,1
2025,      608305801,4,6083,58,1,0,8,2,1
2025,      608306501,9,6083,65,1,0,2,2,1
2025,      608317101,7,6083,171,1,1,1,2,1
2025,      608601101,2,6086,11,1,0,1,2,1
2025,      608703801,2,6087,38,1,1,10,2,1
2025,      609301901,6,6093,19,1,1,0,2,1
2025,      610109201,10,6101,92,1,0,5,2,1
2025,      610500901,4,6105,9,1,0,5,2,1
2025,      610903701,1,6109,37,1,0,6,2,1
2025,      610909501,4,6109,95,1,0,6,2,1
2025,      611209101,3,6112,91,1,2,8,2,1
2025,      611209601,4,6112,96,1,2,8,2,1
2025,      611304901,4,6113,49,1,1,11,2,1
2025,      611305701,7,6113,57,1,1,11,2,1
2025,      611308201,4,6113,82,1,2,11,2,1
2025,      611401301,4,6114,13,1,1,10,2,1
2025,      611404201,4,6114,42,1,1,10,2,1
2025,      611407601,5,6114,76,1,1,10,2,1
2025,      611503101,7,6115,31,1,0,9,2,1
2025,      611503901,3,6115,39,1,0,6,2,1
2025,      611505801,3,6115,58,1,2,9,2,1
2025,      611600801,2,6116,8,1,0,1,2,1
2025,      611603301,2,6116,33,1,0,1,2,1
2025,      612001501,3,6120,15,1,0,9,2,1
2025,      612006601,5,6120,66,1,0,5,2,1
2025,      612006701,5,6120,67,1,1,8,2,1
2025,      612006901,3,6120,69,1,0,9,2,1
2025,      612007101,3,6120,71,1,2,9,2,1
2025,      612312801,3,6123,128,1,3,7,2,1
2025,      612700601,3,6127,6,1,0,4,2,1
2025,      612900501,3,6129,5,1,0,6,2,1
2025,      612906201,3,6129,62,1,1,2,2,1
2025,      613205301,1,6132,53,1,1,0,2,1
2025,      613300101,2,6133,1,1,0,8,1,1
2025,      613300101,5,6133,1,1,0,4,2,2
2025,      613311901,4,6133,119,1,1,2,2,1
2025,      613404001,3,6134,40,1,2,7,1,1
2025,      613404001,4,6134,40,1,0,1,2,2
2025,      613409501,3,6134,95,1,1,11,2,1
2025,      613600901,4,6136,9,1,0,4,2,1
2025,      613602401,4,6136,24,1,0,5,2,1
2025,      613606801,4,6136,68,1,0,4,2,1
2025,      613609101,2,6136,91,1,1,6,2,1
2025,      613700801,6,6137,8,1,0,6,2,1
2025,      613804501,5,6138,45,1,0,5,2,1
2025,      613908101,3,6139,81,1,2,11,2,1
2025,      613908401,4,6139,84,1,1,0,2,1
2025,      614002101,4,6140,21,1,0,8,2,1
2025,      614002201,4,6140,22,1,2,3,2,1
2025,      614009501,7,6140,95,1,0,4,2,1
2025,      614009701,5,6140,97,1,2,8,2,1
2025,      614011101,3,6140,111,1,0,1,2,1
2025,      614011201,2,6140,112,1,1,0,2,1
2025,      614101001,2,6141,10,1,0,9,2,1
2025,      614111201,11,6141,112,1,0,9,2,1
2025,      614402601,3,6144,26,1,1,6,2,1
2025,      614706201,8,6147,62,1,1,3,2,1
2025,      614800601,3,6148,6,1,0,2,1,1
2025,      614800601,8,6148,6,1,0,2,2,2
2025,      614809201,4,6148,92,1,1,3,2,1
2025,      615002301,3,6150,23,1,0,2,2,1
2025,      615103601,5,6151,36,1,1,2,2,1
2025,      615103701,3,6151,37,1,0,11,2,1
2025,      615106901,6,6151,69,1,2,10,2,1
2025,      615107901,5,6151,79,1,1,6,2,1
2025,      615203601,5,6152,36,1,0,6,2,1
2025,      615208301,6,6152,83,1,0,2,2,1
2025,      615300101,4,6153,1,1,0,7,2,1
2025,      615400201,4,6154,2,1,0,6,2,1
2025,      615402301,3,6154,23,1,1,11,2,1
2025,      615412201,5,6154,122,1,0,8,2,1
2025,      615505301,4,6155,53,1,0,6,2,1
2025,      615505501,3,6155,55,1,1,6,2,1
2025,      615511601,5,6155,116,1,1,0,2,1
2025,      615512501,3,6155,125,1,0,5,2,1
2025,      615513001,3,6155,130,1,2,7,2,1
2025,      615602001,3,6156,20,1,0,11,2,1
2025,      615602401,4,6156,24,1,0,3,2,1
2025,      615607001,3,6156,70,1,1,1,2,1
2025,      615607201,4,6156,72,1,0,5,2,1
2025,      615701601,3,6157,16,1,2,9,2,1
2025,      615701901,5,6157,19,1,1,9,2,1
2025,      615801601,5,6158,16,1,2,5,2,1
2025,      615801801,5,6158,18,1,0,2,2,1
2025,      615803001,4,6158,30,1,2,7,2,1
2025,      615805001,3,6158,50,1,0,8,2,1
2025,      615805501,3,6158,55,1,1,0,2,1
2025,      615806201,2,6158,62,1,1,11,2,1
2025,      615807101,5,6158,71,1,2,8,2,1
2025,      615900901,6,6159,9,1,0,11,2,1
2025,      616002601,3,6160,26,1,0,7,2,1
2025,      616005601,2,6160,56,1,0,2,2,1
2025,      616006001,8,6160,60,1,1,0,2,1
2025,      616010101,3,6160,101,1,0,5,2,1
2025,      617303601,4,6173,36,1,0,3,2,1
2025,      619005301,5,6190,53,1,0,3,2,1
2025,      619011901,4,6190,119,1,0,7,2,1
2025,      619303301,3,6193,33,1,0,8,2,1
2025,      619402601,4,6194,26,1,0,10,2,1
2025,      619406801,5,6194,68,1,0,3,2,1
2025,      619600901,6,6196,9,1,1,5,2,1
2025,      619614901,5,6196,149,1,1,1,2,1
2025,      619705401,3,6197,54,1,0,5,2,1
2025,      619800901,7,6198,9,1,0,2,2,1
2025,      619808001,3,6198,80,1,2,7,2,1
2025,      620120501,4,6201,205,1,1,3,2,1
2025,      620401301,3,6204,13,1,0,1,2,1
2025,      620410701,5,6204,107,1,0,6,2,1
2025,      620800701,5,6208,7,1,0,3,2,1
2025,      621506801,3,6215,68,1,0,3,2,1
2025,      621513501,3,6215,135,1,1,0,2,1
2025,      621515201,3,6215,152,1,0,3,2,1
2025,      621700801,5,6217,8,1,1,11,2,1
2025,      621701002,4,6217,10,2,1,0,2,1
2025,      621701101,4,6217,11,1,0,11,2,1
2025,      621701401,7,6217,14,1,0,4,2,1
2025,      621713901,4,6217,139,1,0,6,2,1
2025,      621903401,5,6219,34,1,2,7,2,1
2025,      621903501,4,6219,35,1,0,8,2,1
2025,      621907901,7,6219,79,1,2,0,2,1
2025,      621908001,4,6219,80,1,2,7,2,1
2025,      622002501,4,6220,25,1,2,0,2,1
2025,      622006401,3,6220,64,1,1,0,2,1
2025,      622104501,4,6221,45,1,0,11,2,1
2025,      622104502,5,6221,45,2,0,11,2,1
2025,      622802301,7,6228,23,1,0,5,2,1
2025,      623304101,4,6233,41,1,0,5,2,1
2025,      623601101,4,6236,11,1,0,5,2,1
2025,      623901101,3,6239,11,1,1,5,2,1
2025,      623902901,6,6239,29,1,0,10,2,1
2025,      623908002,4,6239,80,2,1,5,2,1
2025,      623908801,5,6239,88,1,0,6,2,1
2025,      624104601,5,6241,46,1,1,0,2,1
2025,      624109201,5,6241,92,1,1,2,2,1
2025,      624109301,6,6241,93,1,1,0,2,1
2025,      628510401,1,6285,104,1,0,2,2,1
2025,      630501601,2,6305,16,1,0,2,2,1
2025,      630610801,5,6306,108,1,0,2,2,1
2025,      630903201,4,6309,32,1,0,8,2,1
2025,      631004501,4,6310,45,1,0,5,2,1
2025,      631705801,5,6317,58,1,0,6,2,1
2025,      632100901,4,6321,9,1,1,0,2,1
2025,      632507501,6,6325,75,1,0,7,2,1
2025,      632611801,7,6326,118,1,0,6,2,1
2025,      632616201,7,6326,162,1,0,3,2,1
2025,      632703301,4,6327,33,1,2,7,2,1
2025,      632714301,3,6327,143,1,0,10,2,1
2025,      632714601,6,6327,146,1,1,8,2,1
2025,      632901901,6,6329,19,1,0,3,2,1
2025,      633007801,5,6330,78,1,0,4,2,1
2025,      633007901,4,6330,79,1,1,2,2,1
2025,      633008001,9,6330,80,1,0,10,2,1
2025,      633008201,4,6330,82,1,1,11,2,1
2025,      633008501,3,6330,85,1,1,11,2,1
2025,      633102901,6,6331,29,1,2,9,1,1
2025,      633102901,7,6331,29,1,0,9,1,2
2025,      633102901,9,6331,29,1,1,7,2,3
2025,      633111401,7,6331,114,1,2,0,2,1
2025,      633112001,4,6331,120,1,0,11,2,1
2025,      633123001,4,6331,230,1,2,10,2,1
2025,      633123601,4,6331,236,1,0,6,2,1
2025,      633207201,7,6332,72,1,0,5,2,1
2025,      633208001,3,6332,80,1,2,0,2,1
2025,      633208901,3,6332,89,1,0,9,2,1
2025,      633303501,6,6333,35,1,1,0,2,1
2025,      633306901,2,6333,69,1,0,2,2,1
2025,      633307201,6,6333,72,1,1,0,2,1
2025,      633309101,8,6333,91,1,1,8,2,1
2025,      633404001,5,6334,40,1,1,7,2,1
2025,      633404601,3,6334,46,1,1,4,2,1
2025,      633415301,3,6334,153,1,0,10,2,1
2025,      633507201,7,6335,72,1,0,8,2,1
2025,      633508301,8,6335,83,1,1,6,2,1
2025,      633508601,6,6335,86,1,1,4,2,1
2025,      633700401,5,6337,4,1,1,0,2,1
2025,      633711701,4,6337,117,1,0,7,2,1
2025,      633712401,3,6337,124,1,0,1,2,1
2025,      634001801,4,6340,18,1,1,10,2,1
2025,      634512501,5,6345,125,1,0,4,2,1
2025,      634801701,1,6348,17,1,0,6,2,1
2025,      634804201,4,6348,42,1,1,9,2,1
2025,      634906701,3,6349,67,1,0,11,2,1
2025,      634910101,5,6349,101,1,1,3,2,1
2025,      635002901,4,6350,29,1,1,1,2,1
2025,      635003301,4,6350,33,1,1,0,2,1
2025,      635203001,5,6352,30,1,1,0,2,1
2025,      635203501,4,6352,35,1,2,0,2,1
2025,      635206201,5,6352,62,1,0,11,2,1
2025,      635206401,4,6352,64,1,2,0,2,1
2025,      635403301,4,6354,33,1,1,4,2,1
2025,      635403801,2,6354,38,1,0,1,2,1
2025,      635500101,4,6355,1,1,0,4,2,1
2025,      635908501,3,6359,85,1,1,3,2,1
2025,      635910001,3,6359,100,1,0,10,2,1
2025,      635910301,6,6359,103,1,0,5,2,1
2025,      636203901,3,6362,39,1,1,0,2,1
2025,      637407001,4,6374,70,1,0,9,2,1
2025,      637407801,3,6374,78,1,0,6,1,1
2025,      637407801,4,6374,78,1,0,6,2,2
2025,      637603601,5,6376,36,1,0,5,2,1
2025,      637605801,3,6376,58,1,0,9,2,1
2025,      638105001,4,6381,50,1,0,11,2,1
2025,      638300601,3,6383,6,1,1,7,2,1
2025,      638302701,4,6383,27,1,0,1,2,1
2025,      638304401,3,6383,44,1,0,7,2,1
2025,      638607101,6,6386,71,1,2,3,2,1
2025,      638701201,3,6387,12,1,2,4,2,1
2025,      639001901,3,6390,19,1,2,9,2,1
2025,      639102901,4,6391,29,1,1,0,2,1
2025,      639108301,4,6391,83,1,0,11,2,1
2025,      639109601,4,6391,96,1,0,1,2,1
2025,      639208401,6,6392,84,1,0,2,2,1
2025,      639208601,6,6392,86,1,2,0,2,1
2025,      639218501,4,6392,185,1,0,10,2,1
2025,      639218701,3,6392,187,1,0,3,2,1
2025,      640504701,3,6405,47,1,0,6,2,1
2025,      640506701,3,6405,67,1,1,0,2,1
2025,      640512901,5,6405,129,1,0,6,2,1
2025,      640602301,4,6406,23,1,1,6,2,1
2025,      640602401,4,6406,24,1,0,11,2,1
2025,      640705601,3,6407,56,1,2,0,2,1
2025,      640705701,3,6407,57,1,1,0,2,1
2025,      640708001,3,6407,80,1,0,10,2,1
2025,      640708101,3,6407,81,1,1,11,2,1
2025,      640708601,4,6407,86,1,1,0,2,1
2025,      640710201,3,6407,102,1,1,0,2,1
2025,      640800101,7,6408,1,1,1,2,2,1
2025,      640800601,4,6408,6,1,0,8,2,1
2025,      640804101,4,6408,41,1,0,3,2,1
2025,      640804501,5,6408,45,1,0,10,2,1
2025,      640908702,3,6409,87,2,0,6,2,1
2025,      641000101,5,6410,1,1,0,10,2,1
2025,      641000201,4,6410,2,1,0,6,2,1
2025,      641101601,4,6411,16,1,0,1,2,1
2025,      641101801,3,6411,18,1,0,6,2,1
2025,      641101901,3,6411,19,1,0,7,2,1
2025,      641105101,1,6411,51,1,1,1,2,1
2025,      641105301,3,6411,53,1,0,8,1,1
2025,      641105301,4,6411,53,1,0,3,2,2
2025,      641105501,4,6411,55,1,1,6,2,1
2025,      641600701,5,6416,7,1,1,11,2,1
2025,      642304101,4,6423,41,1,1,0,2,1
2025,      642500201,4,6425,2,1,1,2,2,1
2025,      642809501,3,6428,95,1,1,0,2,1
2025,      643407001,1,6434,70,1,0,9,2,1
2025,      643408501,6,6434,85,1,0,2,2,1
2025,      644100501,3,6441,5,1,1,9,2,1
2025,      644100801,6,6441,8,1,1,11,2,1
2025,      644107201,4,6441,72,1,0,8,2,1
2025,      644202701,7,6442,27,1,1,3,2,1
2025,      644214901,4,6442,149,1,0,4,2,1
2025,      644403301,4,6444,33,1,0,2,2,1
2025,      644801201,3,6448,12,1,2,0,2,1
2025,      644802301,6,6448,23,1,2,0,2,1
2025,      644806701,6,6448,67,1,2,0,2,1
2025,      644806801,8,6448,68,1,1,3,2,1
2025,      644808201,7,6448,82,1,0,2,2,1
2025,      644905701,4,6449,57,1,1,1,2,1
2025,      644905901,4,6449,59,1,1,0,2,1
2025,      644906001,5,6449,60,1,0,3,2,1
2025,      644906401,5,6449,64,1,1,0,2,1
2025,      644906601,3,6449,66,1,0,3,2,1
2025,      644908101,7,6449,81,1,0,6,2,1
2025,      644908301,5,6449,83,1,0,8,2,1
2025,      644908501,4,6449,85,1,0,4,2,1
2025,      645206601,4,6452,66,1,0,1,2,1
2025,      645408501,4,6454,85,1,1,0,2,1
2025,      646101201,3,6461,12,1,0,1,2,1
2025,      646900401,4,6469,4,1,1,0,2,1
2025,      646905101,3,6469,51,1,0,2,2,1
2025,      648110501,5,6481,105,1,0,2,2,1
2025,      648904501,3,6489,45,1,0,3,2,1
2025,      648909701,6,6489,97,1,0,2,2,1
2025,      649016101,3,6490,161,1,0,8,2,1
2025,      649016501,4,6490,165,1,0,1,2,1
2025,      650501201,4,6505,12,1,0,3,2,1
2025,      650505701,4,6505,57,1,1,5,2,1
2025,      650603901,2,6506,39,1,0,2,2,1
2025,      650604601,5,6506,46,1,1,4,2,1
2025,      650607901,4,6506,79,1,0,10,2,1
2025,      650700301,3,6507,3,1,1,6,2,1
2025,      650700801,4,6507,8,1,2,0,2,1
2025,      650801701,5,6508,17,1,1,5,2,1
2025,      650801901,5,6508,19,1,0,2,2,1
2025,      650805901,4,6508,59,1,0,2,2,1
2025,      650900701,5,6509,7,1,0,3,2,1
2025,      651001301,5,6510,13,1,0,5,2,1
2025,      651100101,5,6511,1,1,0,8,2,1
2025,      651207401,3,6512,74,1,1,10,2,1
2025,      651601301,3,6516,13,1,0,8,2,1
2025,      651711501,3,6517,115,1,0,3,2,1
2025,      652003201,7,6520,32,1,1,0,2,1
2025,      652100401,5,6521,4,1,0,5,2,1
2025,      652100601,3,6521,6,1,0,2,2,1
2025,      652202801,4,6522,28,1,1,2,2,1
2025,      652203001,4,6522,30,1,1,2,2,1
2025,      652204601,6,6522,46,1,0,2,2,1
2025,      652304001,4,6523,40,1,1,5,2,1
2025,      652304101,4,6523,41,1,2,0,2,1
2025,      652306601,3,6523,66,1,0,8,2,1
2025,      652306901,7,6523,69,1,0,8,2,1
2025,      652309901,6,6523,99,1,0,1,2,1
2025,      652310001,5,6523,100,1,1,5,2,1
2025,      652407001,4,6524,70,1,2,8,2,1
2025,      652410201,6,6524,102,1,1,1,2,1
2025,      652809001,3,6528,90,1,0,7,2,1
2025,      652809301,4,6528,93,1,0,8,2,1
2025,      652811601,4,6528,116,1,0,1,2,1
2025,      652811801,4,6528,118,1,0,4,2,1
2025,      652906101,5,6529,61,1,0,8,2,1
2025,      652906201,8,6529,62,1,0,5,2,1
2025,      652906301,7,6529,63,1,1,6,2,1
2025,      652910901,4,6529,109,1,1,2,2,1
2025,      652911501,8,6529,115,1,2,6,2,1
2025,      652911901,4,6529,119,1,0,8,2,1
2025,      652920901,7,6529,209,1,0,3,2,1
2025,      652921201,7,6529,212,1,0,9,2,1
2025,      653100201,3,6531,2,1,0,3,2,1
2025,      653111401,3,6531,114,1,0,2,2,1
2025,      653113501,2,6531,135,1,0,8,2,1
2025,      653113701,3,6531,137,1,2,11,2,1
2025,      653504601,7,6535,46,1,1,0,2,1
2025,      654401601,4,6544,16,1,2,1,2,1
2025,      654401901,3,6544,19,1,2,5,2,1
2025,      654402001,6,6544,20,1,2,0,2,1
2025,      654403701,4,6544,37,1,0,7,2,1
2025,      654404901,4,6544,49,1,2,1,2,1
2025,      654600501,4,6546,5,1,0,3,2,1
2025,      654600901,4,6546,9,1,0,2,2,1
2025,      654603001,2,6546,30,1,0,4,2,1
2025,      654700901,3,6547,9,1,0,10,2,1
2025,      654701101,5,6547,11,1,1,4,2,1
2025,      654705401,4,6547,54,1,2,3,2,1
2025,      654800201,4,6548,2,1,1,10,2,1
2025,      654800301,2,6548,3,1,0,4,2,1
2025,      654805801,3,6548,58,1,1,0,2,1
2025,      655220301,3,6552,203,1,0,7,2,1
2025,      655307401,3,6553,74,1,0,4,2,1
2025,      655400601,4,6554,6,1,0,1,2,1
2025,      655405401,4,6554,54,1,0,8,2,1
2025,      655605601,3,6556,56,1,0,9,2,1
2025,      655607401,4,6556,74,1,2,6,2,1
2025,      655703301,3,6557,33,1,0,2,2,1
2025,      655711201,3,6557,112,1,0,2,2,1
2025,      655800201,3,6558,2,1,0,6,2,1
2025,      655800401,3,6558,4,1,0,2,2,1
2025,      655903601,1,6559,36,1,0,3,2,1
2025,      655904201,3,6559,42,1,1,0,2,1
2025,      655907701,4,6559,77,1,1,2,2,1
2025,      656006201,4,6560,62,1,1,0,2,1
2025,      656102201,4,6561,22,1,0,6,2,1
2025,      656103201,2,6561,32,1,1,0,1,1
2025,      656103201,5,6561,32,1,0,4,2,2
2025,      656109601,8,6561,96,1,0,5,2,1
2025,      656306601,7,6563,66,1,0,1,2,1
2025,      656306701,3,6563,67,1,0,2,2,1
2025,      656306901,5,6563,69,1,2,1,2,1
2025,      656307701,3,6563,77,1,1,11,2,1
2025,      656308001,4,6563,80,1,2,5,2,1
2025,      656401001,3,6564,10,1,1,0,1,1
2025,      656401001,4,6564,10,1,1,0,2,2
2025,      656401201,5,6564,12,1,0,11,2,1
2025,      656406101,3,6564,61,1,2,5,2,1
2025,      656411001,4,6564,110,1,2,7,2,1
2025,      656508801,1,6565,88,1,1,11,2,1
2025,      656704501,4,6567,45,1,0,6,2,1
2025,      658915101,5,6589,151,1,1,7,2,1
2025,      659002301,5,6590,23,1,1,2,2,1
2025,      659101301,6,6591,13,1,0,4,2,1
2025,      659104401,2,6591,44,1,0,4,2,1
2025,      659502901,4,6595,29,1,0,1,2,1
2025,      659603601,5,6596,36,1,2,2,2,1
2025,      659607601,7,6596,76,1,0,6,2,1
2025,      659800401,3,6598,4,1,0,6,2,1
2025,      659808001,3,6598,80,1,0,6,2,1
2025,      659904301,6,6599,43,1,1,5,2,1
2025,      659905701,3,6599,57,1,0,6,2,1
2025,      660003401,3,6600,34,1,0,4,2,1
2025,      660101101,3,6601,11,1,0,3,2,1
2025,      660106501,4,6601,65,1,0,5,2,1
2025,      660110601,5,6601,106,1,2,1,2,1
2025,      660200701,3,6602,7,1,0,2,2,1
2025,      660305301,4,6603,53,1,1,0,2,1
2025,      660306801,5,6603,68,1,0,7,2,1
2025,      660404701,5,6604,47,1,1,0,2,1
2025,      660501301,3,6605,13,1,0,5,2,1
2025,      660503401,3,6605,34,1,1,0,2,1
2025,      660504801,3,6605,48,1,0,7,2,1
2025,      660506401,4,6605,64,1,2,0,2,1
2025,      660602401,6,6606,24,1,0,5,2,1
2025,      660605101,3,6606,51,1,0,8,2,1
2025,      660605501,9,6606,55,1,1,6,1,1
2025,      660605501,11,6606,55,1,1,6,2,2
2025,      660702001,9,6607,20,1,0,11,2,1
2025,      660703301,5,6607,33,1,2,5,2,1
2025,      660705101,5,6607,51,1,1,5,2,1
2025,      660802401,4,6608,24,1,1,7,2,1
2025,      660903901,4,6609,39,1,0,98,2,1
2025,      660908701,6,6609,87,1,0,9,2,1
2025,      660910001,3,6609,100,1,2,0,2,1
2025,      661004201,4,6610,42,1,0,10,2,1
2025,      661009401,2,6610,94,1,0,6,2,1
2025,      661308901,3,6613,89,1,0,1,2,1
2025,      661504801,4,6615,48,1,2,2,2,1
2025,      661507101,3,6615,71,1,0,8,2,1
2025,      661508001,5,6615,80,1,2,4,2,1
2025,      661601801,5,6616,18,1,1,3,2,1
2025,      661601901,4,6616,19,1,2,3,2,1
2025,      661603201,6,6616,32,1,0,2,2,1
2025,      661606301,5,6616,63,1,1,0,2,1
2025,      661606501,7,6616,65,1,0,5,2,1
2025,      661609901,5,6616,99,1,1,0,2,1
2025,      661702501,6,6617,25,1,0,6,2,1
2025,      661704101,4,6617,41,1,0,8,2,1
2025,      661704301,4,6617,43,1,0,4,2,1
2025,      661802801,6,6618,28,1,1,0,2,1
2025,      661803001,4,6618,30,1,1,0,2,1
2025,      661805701,4,6618,57,1,0,10,2,1
2025,      661902601,3,6619,26,1,0,5,2,1
2025,      662101301,4,6621,13,1,0,6,2,1
2025,      662102601,3,6621,26,1,2,8,1,1
2025,      662102601,4,6621,26,1,0,8,2,2
2025,      662102901,4,6621,29,1,2,7,2,1
2025,      662110901,3,6621,109,1,1,10,2,1
2025,      662202201,4,6622,22,1,2,3,2,1
2025,      662202501,4,6622,25,1,1,11,2,1
2025,      662212801,3,6622,128,1,1,6,2,1
2025,      662213001,2,6622,130,1,0,3,2,1
2025,      662213101,7,6622,131,1,0,6,2,1
2025,      662309001,4,6623,90,1,1,0,2,1
2025,      662311901,5,6623,119,1,2,3,2,1
2025,      662411801,6,6624,118,1,1,0,2,1
2025,      662500201,7,6625,2,1,0,7,2,1
2025,      662500801,4,6625,8,1,1,0,2,1
2025,      662501301,9,6625,13,1,1,0,2,1
2025,      662507001,4,6625,70,1,0,10,2,1
2025,      662702801,3,6627,28,1,0,11,2,1
2025,      662716101,5,6627,161,1,0,2,2,1
2025,      665608301,4,6656,83,1,0,6,2,1
2025,      665802401,4,6658,24,1,0,10,2,1
2025,      665803401,2,6658,34,1,0,1,2,1
2025,      665804301,5,6658,43,1,1,3,2,1
2025,      665902001,1,6659,20,1,1,4,2,1
2025,      665905701,4,6659,57,1,0,1,2,1
2025,      666009701,7,6660,97,1,1,5,2,1
2025,      666107301,5,6661,73,1,0,1,2,1
2025,      666107401,6,6661,74,1,1,2,2,1
2025,      666109101,5,6661,91,1,0,2,2,1
2025,      666204701,6,6662,47,1,0,5,2,1
2025,      666205401,5,6662,54,1,2,5,2,1
2025,      666302401,3,6663,24,1,0,3,2,1
2025,      666400401,4,6664,4,1,1,6,2,1
2025,      666400901,4,6664,9,1,0,5,2,1
2025,      666407101,5,6664,71,1,0,3,2,1
2025,      666504301,3,6665,43,1,1,4,2,1
2025,      666505601,4,6665,56,1,0,7,2,1
2025,      666604201,7,6666,42,1,2,0,2,1
2025,      666604401,4,6666,44,1,1,3,2,1
2025,      666608201,3,6666,82,1,1,3,2,1
2025,      666608401,6,6666,84,1,0,4,2,1
2025,      666702801,3,6667,28,1,0,8,2,1
2025,      666806701,3,6668,67,1,1,2,2,1
2025,      666807501,4,6668,75,1,0,2,2,1
2025,      667000801,3,6670,8,1,1,0,2,1
2025,      667010901,4,6670,109,1,1,0,2,1
2025,      667212501,5,6672,125,1,0,2,2,1
2025,      667304301,5,6673,43,1,0,6,2,1
2025,      667400201,5,6674,2,1,1,0,2,1
2025,      667502701,2,6675,27,1,0,5,2,1
2025,      667502901,5,6675,29,1,0,2,2,1
2025,      667503401,5,6675,34,1,0,6,2,1
2025,      667800901,4,6678,9,1,1,0,2,1
2025,      667801101,4,6678,11,1,1,0,2,1
2025,      667804401,3,6678,44,1,2,0,2,1
2025,      667906101,5,6679,61,1,0,2,2,1
2025,      667906401,5,6679,64,1,1,0,2,1
2025,      667906701,8,6679,67,1,0,1,2,1
2025,      668007201,3,6680,72,1,0,8,2,1
2025,      668007401,7,6680,74,1,1,0,2,1
2025,      668007501,4,6680,75,1,2,4,2,1
2025,      668012101,5,6680,121,1,2,0,2,1
2025,      668103701,5,6681,37,1,2,11,2,1
2025,      668103901,4,6681,39,1,0,5,2,1
2025,      668106801,3,6681,68,1,1,8,2,1
2025,      668108501,4,6681,85,1,2,0,2,1
2025,      668203201,5,6682,32,1,2,3,2,1
2025,      668301001,5,6683,10,1,0,11,2,1
2025,      668301601,3,6683,16,1,2,3,2,1
2025,      668303301,3,6683,33,1,2,11,2,1
2025,      668305101,3,6683,51,1,2,0,2,1
2025,      668310601,4,6683,106,1,0,8,2,1
2025,      668313501,5,6683,135,1,2,11,2,1
2025,      668402001,2,6684,20,1,1,11,2,1
2025,      668405401,5,6684,54,1,0,10,2,1
2025,      668405501,5,6684,55,1,1,0,2,1
2025,      668407701,3,6684,77,1,1,0,2,1
2025,      668407801,5,6684,78,1,0,9,2,1
2025,      668501301,4,6685,13,1,0,5,2,1
2025,      668506101,5,6685,61,1,0,2,2,1
2025,      668707001,3,6687,70,1,0,3,2,1
2025,      668803701,5,6688,37,1,0,1,2,1
2025,      669113201,5,6691,132,1,0,2,2,1
2025,      669120301,4,6691,203,1,0,10,2,1
2025,      669206101,5,6692,61,1,1,3,1,1
2025,      669206101,6,6692,61,1,0,3,2,2
2025,      669400301,5,6694,3,1,1,7,2,1
2025,      669403001,4,6694,30,1,1,0,2,1
2025,      669409901,5,6694,99,1,0,1,2,1
2025,      669413601,7,6694,136,1,1,0,2,1
2025,      669414001,3,6694,140,1,1,6,2,1
2025,      669502601,5,6695,26,1,0,5,2,1
2025,      669505501,7,6695,55,1,1,6,1,1
2025,      669505501,8,6695,55,1,0,4,2,2
2025,      669511001,7,6695,110,1,0,2,2,1
2025,      669600301,4,6696,3,1,0,4,2,1
2025,      669607501,4,6696,75,1,0,5,2,1
2025,      669607701,2,6696,77,1,1,5,2,1
2025,      669607801,5,6696,78,1,1,0,2,1
2025,      669610101,4,6696,101,1,0,6,2,1
2025,      669610301,5,6696,103,1,0,1,2,1
2025,      669610401,3,6696,104,1,0,2,2,1
2025,      669708901,2,6697,89,1,1,0,2,1
2025,      669710301,4,6697,103,1,0,8,2,1
2025,      669805401,5,6698,54,1,1,6,2,1
2025,      669808901,3,6698,89,1,1,0,2,1
2025,      669810101,4,6698,101,1,1,4,2,1
2025,      669907001,5,6699,70,1,0,8,2,1
2025,      669910601,4,6699,106,1,0,7,2,1
2025,      669911001,4,6699,110,1,0,9,2,1
2025,      669913601,7,6699,136,1,0,2,2,1
2025,      670008001,6,6700,80,1,0,2,2,1
2025,      670101801,2,6701,18,1,0,5,2,1
2025,      670108201,2,6701,82,1,0,7,2,1
2025,      670205401,3,6702,54,1,0,6,2,1
2025,      670205701,6,6702,57,1,0,5,2,1
2025,      670212801,3,6702,128,1,2,0,2,1
2025,      670301601,5,6703,16,1,1,8,2,1
2025,      670301701,4,6703,17,1,2,5,2,1
2025,      670301801,4,6703,18,1,2,10,2,1
2025,      670301901,6,6703,19,1,2,11,2,1
2025,      670302101,4,6703,21,1,1,10,2,1
2025,      670302201,3,6703,22,1,0,9,2,1
2025,      670400201,4,6704,2,1,1,3,2,1
2025,      670400301,4,6704,3,1,0,5,2,1
2025,      670400501,2,6704,5,1,1,0,2,1
2025,      670400601,6,6704,6,1,1,0,2,1
2025,      670503601,3,6705,36,1,0,2,2,1
2025,      670503701,3,6705,37,1,1,11,2,1
2025,      670504101,3,6705,41,1,2,7,2,1
2025,      670504401,3,6705,44,1,1,3,2,1
2025,      670504501,4,6705,45,1,0,1,2,1
2025,      670509401,6,6705,94,1,0,5,2,1
2025,      671108001,6,6711,80,1,0,3,2,1
2025,      671303301,7,6713,33,1,0,8,2,1
2025,      673405301,4,6734,53,1,1,2,2,1
2025,      673512001,4,6735,120,1,0,4,2,1
2025,      673704601,3,6737,46,1,0,3,2,1
2025,      673813101,3,6738,131,1,0,10,2,1
2025,      673816101,2,6738,161,1,0,3,2,1
2025,      673912601,3,6739,126,1,0,3,2,1
2025,      674201601,3,6742,16,1,1,4,2,1
2025,      674204701,3,6742,47,1,2,0,2,1
2025,      674209801,4,6742,98,1,0,6,2,1
2025,      674209901,6,6742,99,1,0,9,2,1
2025,      674211101,8,6742,111,1,0,2,2,1
2025,      674403301,5,6744,33,1,1,2,2,1
2025,      674406201,5,6744,62,1,0,6,2,1
2025,      674411601,4,6744,116,1,0,10,2,1
2025,      674411901,5,6744,119,1,0,1,2,1
2025,      674500501,6,6745,5,1,2,3,2,1
2025,      674502101,4,6745,21,1,0,4,2,1
2025,      675915401,4,6759,154,1,0,7,2,1
2025,      676101601,3,6761,16,1,1,0,2,1
2025,      676300801,6,6763,8,1,0,2,2,1
2025,      676301001,5,6763,10,1,0,1,2,1
2025,      676315701,5,6763,157,1,0,1,2,1
2025,      676500801,3,6765,8,1,0,3,2,1
2025,      676510101,5,6765,101,1,0,3,2,1
2025,      676510301,4,6765,103,1,0,9,2,1
2025,      676514101,3,6765,141,1,0,4,2,1
2025,      676514201,4,6765,142,1,0,3,2,1
2025,      676514301,5,6765,143,1,0,4,2,1
2025,      676903201,4,6769,32,1,0,10,2,1
2025,      678307801,4,6783,78,1,0,8,2,1
2025,      678501301,8,6785,13,1,2,0,2,1
2025,      678501701,6,6785,17,1,2,6,1,1
2025,      678501701,7,6785,17,1,0,8,2,2
2025,      678502101,5,6785,21,1,1,0,2,1
2025,      678502201,2,6785,22,1,0,4,2,1
2025,      678502401,5,6785,24,1,2,0,2,1
2025,      678502601,6,6785,26,1,0,1,2,1
2025,      678502701,6,6785,27,1,0,1,2,1
2025,      678609801,6,6786,98,1,1,2,2,1
2025,      678611301,4,6786,113,1,0,2,2,1
2025,      678612101,3,6786,121,1,0,8,2,1
2025,      678702601,9,6787,26,1,0,3,2,1
2025,      678702901,3,6787,29,1,0,6,2,1
2025,      678711101,8,6787,111,1,1,6,2,1
2025,      678711501,5,6787,115,1,2,10,2,1
2025,      678718301,5,6787,183,1,2,11,2,1
2025,      684103701,4,6841,37,1,0,4,2,1
2025,      685308901,3,6853,89,1,0,1,2,1
2025,      686208301,4,6862,83,1,0,9,2,1
2025,      686208501,3,6862,85,1,0,3,2,1
2025,      686401301,4,6864,13,1,1,0,2,1
2025,      687205001,5,6872,50,1,1,1,2,1
2025,      687205301,4,6872,53,1,0,4,2,1
2025,      687212301,5,6872,123,1,0,5,2,1
2025,      687506201,4,6875,62,1,0,9,2,1
2025,      687518101,5,6875,181,1,1,1,2,1
2025,      687801301,7,6878,13,1,0,2,2,1
2025,      687804201,6,6878,42,1,0,7,2,1
2025,      687804501,5,6878,45,1,0,4,2,1
2025,      687818401,5,6878,184,1,0,3,2,1
2025,      688000301,5,6880,3,1,0,2,2,1
2025,      688000501,4,6880,5,1,0,7,2,1
2025,      688000601,6,6880,6,1,0,1,2,1
2025,      688000901,7,6880,9,1,0,3,2,1
2025,      688013801,3,6880,138,1,3,0,2,1
2025,      688901101,4,6889,11,1,0,1,2,1
2025,      689201401,6,6892,14,1,0,2,2,1
2025,      689201901,4,6892,19,1,0,4,2,1
2025,      689407901,3,6894,79,1,0,2,2,1
2025,      689604101,5,6896,41,1,0,6,2,1
2025,      689605401,5,6896,54,1,0,5,2,1
2025,      689605601,4,6896,56,1,0,7,2,1
2025,      689606601,3,6896,66,1,1,2,2,1
2025,      689607501,5,6896,75,1,2,5,2,1
2025,      689706501,2,6897,65,1,0,1,2,1
2025,      689708401,6,6897,84,1,0,7,2,1
2025,      689802901,3,6898,29,1,1,0,2,1
2025,      689809101,1,6898,91,1,0,1,2,1
2025,      690103401,4,6901,34,1,0,1,2,1
2025,      690513601,4,6905,136,1,0,1,2,1
2025,      690913001,4,6909,130,1,0,10,2,1
2025,      691611401,6,6916,114,1,1,1,2,1
2025,      691803101,4,6918,31,1,1,0,2,1
2025,      692200401,5,6922,4,1,0,4,2,1
2025,      692506601,6,6925,66,1,1,4,2,1
2025,      692508401,3,6925,84,1,0,1,2,1
2025,      692701301,5,6927,13,1,1,2,2,1
2025,      693302101,4,6933,21,1,1,1,2,1
2025,      693304401,4,6933,44,1,1,0,1,1
2025,      693304401,5,6933,44,1,1,0,2,2
2025,      693404301,5,6934,43,1,1,3,2,1
2025,      693405101,5,6934,51,1,1,2,2,1
2025,      693407301,3,6934,73,1,0,10,2,1
2025,      693605901,1,6936,59,1,1,6,2,1
2025,      693607801,5,6936,78,1,1,6,2,1
2025,      693707801,4,6937,78,1,1,2,2,1
2025,      693803601,3,6938,36,1,2,0,2,1
2025,      694100201,3,6941,2,1,0,3,2,1
2025,      694100401,3,6941,4,1,0,4,2,1
2025,      694103601,4,6941,36,1,0,7,2,1
2025,      694103801,3,6941,38,1,0,7,2,1
2025,      694206701,3,6942,67,1,0,6,2,1
2025,      694206901,4,6942,69,1,0,6,2,1
2025,      694207601,3,6942,76,1,0,6,2,1
2025,      694400801,3,6944,8,1,0,10,2,1
2025,      694607701,3,6946,77,1,0,5,2,1
2025,      695516401,4,6955,164,1,0,3,2,1
2025,      695602501,6,6956,25,1,0,2,2,1
2025,      695606301,5,6956,63,1,0,4,2,1
2025,      695705201,5,6957,52,1,1,4,2,1
2025,      695810601,5,6958,106,1,0,5,2,1
2025,      696001901,4,6960,19,1,0,10,2,1
2025,      696002101,4,6960,21,1,0,10,2,1
2025,      696103401,3,6961,34,1,2,0,1,1
2025,      696103401,4,6961,34,1,0,1,2,2
2025,      696109001,9,6961,90,1,0,10,2,1
2025,      696109201,4,6961,92,1,0,4,2,1
2025,      696109401,4,6961,94,1,2,4,2,1
2025,      696802201,7,6968,22,1,2,0,2,1
2025,      697002801,5,6970,28,1,1,4,2,1
2025,      697101601,5,6971,16,1,2,2,2,1
2025,      697201001,3,6972,10,1,2,3,2,1
2025,      697501101,5,6975,11,1,0,4,2,1
2025,      697501201,5,6975,12,1,0,1,2,1
2025,      697503801,4,6975,38,1,1,3,2,1
2025,      697608201,5,6976,82,1,0,2,2,1
2025,      697608401,5,6976,84,1,0,4,2,1
2025,      698302501,4,6983,25,1,0,4,2,1
2025,      698307801,7,6983,78,1,0,1,2,1
2025,      698409901,3,6984,99,1,0,2,2,1
2025,      698501301,14,6985,13,1,1,1,2,1
2025,      698603601,3,6986,36,1,0,5,2,1
2025,      699404901,5,6994,49,1,0,4,2,1
2025,      699416801,6,6994,168,1,0,6,2,1
2025,      699500101,3,6995,1,1,0,1,2,1
2025,      699500301,5,6995,3,1,0,1,2,1
2025,      699504901,3,6995,49,1,0,1,2,1
2025,      699505101,6,6995,51,1,0,1,2,1
2025,      699600701,4,6996,7,1,0,5,2,1
2025,      699600801,5,6996,8,1,1,0,2,1
2025,      699601101,4,6996,11,1,0,5,2,1
2025,      699606301,5,6996,63,1,0,8,2,1
2025,      699606401,4,6996,64,1,0,1,2,1
2025,      699606501,3,6996,65,1,0,5,2,1
2025,      701001501,5,7010,15,1,0,11,2,1
2025,      701607401,3,7016,74,1,0,2,2,1
2025,      702811101,6,7028,111,1,0,2,2,1
2025,      703013701,5,7030,137,1,0,2,2,1
2025,      703207901,3,7032,79,1,0,1,2,1
2025,      703708101,3,7037,81,1,0,1,2,1
2025,      704404501,7,7044,45,1,0,7,2,1
2025,      704504201,4,7045,42,1,0,3,2,1
2025,      705200401,6,7052,4,1,0,1,2,1
2025,      705210801,4,7052,108,1,0,5,2,1
2025,      705403801,8,7054,38,1,0,8,2,1
2025,      705404101,3,7054,41,1,0,6,2,1
2025,      705407701,3,7054,77,1,0,5,2,1
2025,      705407801,6,7054,78,1,0,1,2,1
2025,      705505601,8,7055,56,1,0,7,2,1
2025,      705606301,5,7056,63,1,1,2,2,1
2025,      705606901,3,7056,69,1,0,11,2,1
2025,      705607801,4,7056,78,1,0,6,2,1
2025,      705812901,3,7058,129,1,1,1,2,1
2025,      706006701,10,7060,67,1,0,3,2,1
2025,      706102301,7,7061,23,1,0,9,2,1
2025,      706107101,6,7061,71,1,0,6,2,1
2025,      706111601,4,7061,116,1,0,8,2,1
2025,      706601501,3,7066,15,1,1,1,2,1
2025,      706605301,5,7066,53,1,2,0,2,1
2025,      706700301,4,7067,3,1,0,2,2,1
2025,      706704701,5,7067,47,1,1,5,2,1
2025,      706714201,7,7067,142,1,1,8,2,1
2025,      706717201,5,7067,172,1,2,8,2,1
2025,      706717701,4,7067,177,1,1,5,2,1
2025,      706720401,4,7067,204,1,1,9,2,1
2025,      706804501,4,7068,45,1,2,0,1,1
2025,      706804501,6,7068,45,1,0,11,2,2
2025,      706804601,5,7068,46,1,0,8,2,1
2025,      706805401,6,7068,54,1,0,10,2,1
2025,      706812201,3,7068,122,1,2,2,2,1
2025,      706901701,2,7069,17,1,0,3,2,1
2025,      706901801,4,7069,18,1,1,4,2,1
2025,      706902001,3,7069,20,1,0,9,2,1
2025,      706903201,7,7069,32,1,0,11,2,1
2025,      706912601,4,7069,126,1,0,2,2,1
2025,      707004701,3,7070,47,1,0,8,2,1
2025,      707013101,4,7070,131,1,0,9,2,1
2025,      707013401,3,7070,134,1,0,8,2,1
2025,      707017001,3,7070,170,1,1,2,2,1
2025,      707017401,4,7070,174,1,1,0,2,1
2025,      707104001,5,7071,40,1,0,6,2,1
2025,      707106501,3,7071,65,1,1,0,2,1
2025,      707106601,3,7071,66,1,0,7,2,1
2025,      707106801,6,7071,68,1,1,0,2,1
2025,      707107501,3,7071,75,1,1,0,2,1
2025,      707107601,5,7071,76,1,1,5,2,1
2025,      707107701,5,7071,77,1,0,6,2,1
2025,      707201201,4,7072,12,1,1,1,2,1
2025,      707204101,4,7072,41,1,0,2,2,1
2025,      707204201,4,7072,42,1,0,5,1,1
2025,      707204201,5,7072,42,1,0,5,2,2
2025,      707206401,5,7072,64,1,1,4,2,1
2025,      707207401,7,7072,74,1,0,7,2,1
2025,      707207601,3,7072,76,1,1,0,2,1
2025,      707208901,5,7072,89,1,1,3,2,1
2025,      707300601,3,7073,6,1,1,1,2,1
2025,      707305901,3,7073,59,1,1,0,2,1
2025,      707311801,5,7073,118,1,1,8,2,1
2025,      707400601,7,7074,6,1,1,0,2,1
2025,      707401001,4,7074,10,1,0,5,2,1
2025,      707401201,3,7074,12,1,0,3,2,1
2025,      707401401,7,7074,14,1,1,5,2,1
2025,      707401601,6,7074,16,1,1,2,2,1
2025,      707405701,4,7074,57,1,2,3,2,1
2025,      707405901,3,7074,59,1,1,2,2,1
2025,      707406101,4,7074,61,1,1,4,1,1
2025,      707406101,5,7074,61,1,0,3,2,2
2025,      707500301,6,7075,3,1,0,2,2,1
2025,      707500401,5,7075,4,1,0,5,2,1
2025,      707500601,6,7075,6,1,0,4,2,1
2025,      707500801,11,7075,8,1,2,3,2,1
2025,      707500901,6,7075,9,1,0,7,2,1
2025,      707503001,4,7075,30,1,1,5,2,1
2025,      707606301,5,7076,63,1,1,0,2,1
2025,      707700701,4,7077,7,1,0,2,2,1
2025,      707701201,3,7077,12,1,1,6,2,1
2025,      707701301,7,7077,13,1,1,2,2,1
2025,      707701601,5,7077,16,1,1,11,2,1
2025,      707706101,3,7077,61,1,0,2,2,1
2025,      708302001,4,7083,20,1,1,6,2,1
2025,      708305101,5,7083,51,1,0,8,2,1
2025,      708804601,3,7088,46,1,1,8,2,1
2025,      708809801,7,7088,98,1,0,7,2,1
2025,      709000101,8,7090,1,1,0,9,2,1
2025,      709000401,5,7090,4,1,1,10,2,1
2025,      709000501,2,7090,5,1,0,3,2,1
2025,      709002001,4,7090,20,1,1,5,2,1
2025,      709002101,7,7090,21,1,2,6,2,1
2025,      709002401,5,7090,24,1,1,2,2,1
2025,      709008601,5,7090,86,1,1,2,2,1
2025,      709101601,3,7091,16,1,1,6,2,1
2025,      709103401,5,7091,34,1,1,0,2,1
2025,      709110101,4,7091,101,1,0,1,2,1
2025,      709403301,4,7094,33,1,0,1,2,1
2025,      709801401,5,7098,14,1,0,2,2,1
2025,      709902401,3,7099,24,1,1,2,2,1
2025,      709902601,4,7099,26,1,0,6,2,1
2025,      710001301,4,7100,13,1,2,0,1,1
2025,      710001301,5,7100,13,1,2,0,2,2
2025,      710007401,4,7100,74,1,0,4,2,1
2025,      710008401,3,7100,84,1,0,3,2,1
2025,      710008601,4,7100,86,1,1,0,2,1
2025,      710105801,4,7101,58,1,0,6,2,1
2025,      710113201,3,7101,132,1,0,6,2,1
2025,      710203201,4,7102,32,1,0,6,2,1
2025,      710207701,4,7102,77,1,1,2,2,1
2025,      710212901,4,7102,129,1,1,0,2,1
2025,      710401301,4,7104,13,1,0,10,2,1
2025,      710402301,4,7104,23,1,1,6,2,1
2025,      710402501,5,7104,25,1,0,2,2,1
2025,      710410901,3,7104,109,1,2,2,2,1
2025,      710411201,2,7104,112,1,2,6,2,1
2025,      710501601,2,7105,16,1,1,1,2,1
2025,      710503401,3,7105,34,1,0,1,2,1
2025,      710506601,4,7105,66,1,2,8,2,1
2025,      710600601,3,7106,6,1,1,1,2,1
2025,      710600901,3,7106,9,1,0,4,2,1
2025,      710601101,7,7106,11,1,0,2,2,1
2025,      710601401,2,7106,14,1,1,2,2,1
2025,      710702101,3,7107,21,1,1,2,2,1
2025,      710704701,3,7107,47,1,1,8,2,1
2025,      710705301,3,7107,53,1,0,6,2,1
2025,      710801001,5,7108,10,1,0,7,2,1
2025,      710903501,3,7109,35,1,0,6,2,1
2025,      710905301,1,7109,53,1,0,3,2,1
2025,      711001301,3,7110,13,1,0,6,2,1
2025,      711003001,3,7110,30,1,1,0,2,1
2025,      711004501,3,7110,45,1,2,6,2,1
2025,      711100901,3,7111,9,1,0,7,2,1
2025,      711103601,3,7111,36,1,0,4,2,1
2025,      711105401,5,7111,54,1,0,7,2,1
2025,      711107001,4,7111,70,1,1,0,2,1
2025,      711201001,4,7112,10,1,1,5,2,1
2025,      711202001,6,7112,20,1,0,7,2,1
2025,      711202401,3,7112,24,1,2,7,2,1
2025,      711204801,5,7112,48,1,0,7,2,1
2025,      712800201,5,7128,2,1,1,8,2,1
2025,      713102001,5,7131,20,1,0,3,2,1
2025,      713104001,4,7131,40,1,0,4,2,1
2025,      713506001,3,7135,60,1,0,5,2,1
2025,      713904401,8,7139,44,1,0,2,2,1
2025,      713908601,5,7139,86,1,1,9,2,1
2025,      714001001,4,7140,10,1,0,10,2,1
2025,      714003801,3,7140,38,1,0,4,2,1
2025,      714007201,2,7140,72,1,1,0,2,1
2025,      714107601,4,7141,76,1,0,3,2,1
2025,      714107901,3,7141,79,1,1,10,2,1
2025,      714502401,4,7145,24,1,1,3,2,1
2025,      714503201,6,7145,32,1,1,11,2,1
2025,      714503401,3,7145,34,1,0,6,2,1
2025,      714504201,3,7145,42,1,1,11,2,1
2025,      714600101,5,7146,1,1,1,11,2,1
2025,      714601001,2,7146,10,1,0,2,2,1
2025,      714603801,5,7146,38,1,0,7,2,1
2025,      714701001,4,7147,10,1,0,10,2,1
2025,      714702301,5,7147,23,1,0,11,2,1
2025,      714705401,7,7147,54,1,2,9,1,1
2025,      714705401,8,7147,54,1,0,9,2,2
2025,      714705501,5,7147,55,1,1,10,2,1
2025,      714802101,3,7148,21,1,1,3,2,1
2025,      714802401,4,7148,24,1,0,8,2,1
2025,      714802501,1,7148,25,1,0,6,2,1
2025,      714804301,4,7148,43,1,2,10,2,1
2025,      714901401,3,7149,14,1,2,4,2,1
2025,      714903501,5,7149,35,1,0,7,2,1
2025,      715003301,3,7150,33,1,0,2,2,1
2025,      715102301,3,7151,23,1,1,9,2,1
2025,      715106501,3,7151,65,1,0,4,2,1
2025,      715106801,4,7151,68,1,1,9,2,1
2025,      715202801,4,7152,28,1,0,4,2,1
2025,      715203301,4,7152,33,1,3,0,2,1
2025,      715203401,4,7152,34,1,2,11,2,1
2025,      715305701,3,7153,57,1,0,8,2,1
2025,      715305901,3,7153,59,1,1,6,2,1
2025,      715515601,3,7155,156,1,0,5,2,1
2025,      715703901,4,7157,39,1,1,6,2,1
2025,      715816201,3,7158,162,1,1,4,2,1
2025,      715903401,2,7159,34,1,1,0,2,1
2025,      715911801,4,7159,118,1,1,11,2,1
2025,      716006201,3,7160,62,1,2,4,1,1
2025,      716006201,4,7160,62,1,0,10,2,2
2025,      716007901,4,7160,79,1,0,11,2,1
2025,      716008001,3,7160,80,1,2,6,1,1
2025,      716008001,4,7160,80,1,0,2,2,2
2025,      716100101,4,7161,1,1,1,4,2,1
2025,      716100201,4,7161,2,1,0,7,2,1
2025,      716100301,7,7161,3,1,1,0,2,1
2025,      716100601,5,7161,6,1,1,6,2,1
2025,      716109201,6,7161,92,1,0,7,1,1
2025,      716109201,8,7161,92,1,0,7,2,2
2025,      716109301,7,7161,93,1,2,2,2,1
2025,      716109401,3,7161,94,1,2,7,2,1
2025,      716201801,5,7162,18,1,0,5,2,1
2025,      716205401,3,7162,54,1,1,6,2,1
2025,      716205601,5,7162,56,1,3,0,2,1
2025,      716213201,4,7162,132,1,2,0,2,1
2025,      716213401,3,7162,134,1,0,8,2,1
2025,      716302901,6,7163,29,1,2,0,1,1
2025,      716302901,9,7163,29,1,0,9,2,2
2025,      716311201,6,7163,112,1,1,6,2,1
2025,      716400901,3,7164,9,1,1,0,2,1
2025,      716403401,5,7164,34,1,1,0,2,1
2025,      716404101,3,7164,41,1,1,8,1,1
2025,      716404101,4,7164,41,1,1,8,2,2
2025,      716404201,4,7164,42,1,1,1,2,1
2025,      716408001,5,7164,80,1,0,8,2,1
2025,      716502801,3,7165,28,1,1,0,2,1
2025,      716716601,4,7167,166,1,1,6,2,1
2025,      716802801,3,7168,28,1,2,5,2,1
2025,      716811801,5,7168,118,1,1,0,2,1
2025,      716903201,3,7169,32,1,2,10,2,1
2025,      716909601,4,7169,96,1,1,5,2,1
2025,      716909701,6,7169,97,1,2,3,2,1
2025,      717004401,4,7170,44,1,1,2,2,1
2025,      717004501,5,7170,45,1,1,4,2,1
2025,      717902302,4,7179,23,2,0,9,2,1
2025,      719907701,3,7199,77,1,2,2,2,1
2025,      720001001,2,7200,10,1,0,4,2,1
2025,      720103301,5,7201,33,1,0,5,2,1
2025,      720105301,4,7201,53,1,1,11,2,1
2025,      720108701,3,7201,87,1,2,11,2,1
2025,      720206501,5,7202,65,1,1,8,2,1
2025,      720210101,6,7202,101,1,0,4,2,1
2025,      720301001,4,7203,10,1,0,4,2,1
2025,      720308501,5,7203,85,1,2,9,2,1
2025,      720308601,6,7203,86,1,0,2,2,1
2025,      720401101,6,7204,11,1,1,7,2,1
2025,      720503601,3,7205,36,1,0,10,2,1
2025,      720506001,4,7205,60,1,1,10,2,1
2025,      720508001,4,7205,80,1,1,8,2,1
2025,      720600301,5,7206,3,1,2,1,2,1
2025,      720600501,5,7206,5,1,1,8,2,1
2025,      720602001,6,7206,20,1,0,10,2,1
2025,      720702401,3,7207,24,1,1,8,2,1
2025,      720703901,4,7207,39,1,1,8,2,1
2025,      720704101,3,7207,41,1,0,10,2,1
2025,      720802301,3,7208,23,1,1,10,2,1
2025,      720809801,3,7208,98,1,0,10,2,1
2025,      720810901,6,7208,109,1,0,8,2,1
2025,      721100401,5,7211,4,1,0,11,2,1
2025,      721105601,3,7211,56,1,1,11,2,1
2025,      721204701,6,7212,47,1,0,3,2,1
2025,      721207101,6,7212,71,1,0,1,2,1
2025,      721305601,2,7213,56,1,0,3,2,1
2025,      721409101,8,7214,91,1,0,2,2,1
2025,      721503301,4,7215,33,1,0,2,2,1
2025,      721701501,5,7217,15,1,2,5,2,1
2025,      721803501,3,7218,35,1,1,0,2,1
2025,      721806601,3,7218,66,1,0,1,2,1
2025,      721807201,3,7218,72,1,1,0,2,1
2025,      721900401,4,7219,4,1,1,0,2,1
2025,      721901501,3,7219,15,1,0,2,2,1
2025,      721909301,4,7219,93,1,0,1,2,1
2025,      722000201,3,7220,2,1,1,0,2,1
2025,      722005501,5,7220,55,1,0,2,2,1
2025,      722104801,3,7221,48,1,0,5,2,1
2025,      722105901,4,7221,59,1,0,8,2,1
2025,      722110701,2,7221,107,1,0,11,2,1
2025,      722207201,6,7222,72,1,1,0,2,1
2025,      722300801,4,7223,8,1,0,6,2,1
2025,      722306501,4,7223,65,1,2,11,2,1
2025,      722306701,3,7223,67,1,2,1,2,1
2025,      722306801,4,7223,68,1,0,11,2,1
2025,      722307401,5,7223,74,1,0,2,2,1
2025,      722401801,4,7224,18,1,0,10,2,1
2025,      722514001,6,7225,140,1,1,0,2,1
2025,      722700501,3,7227,5,1,0,5,2,1
2025,      722700701,4,7227,7,1,1,10,2,1
2025,      722701801,4,7227,18,1,1,9,2,1
2025,      722703801,5,7227,38,1,2,10,2,1
2025,      722705901,6,7227,59,1,1,10,2,1
2025,      722706601,3,7227,66,1,1,11,2,1
2025,      722708401,3,7227,84,1,2,1,2,1
2025,      722710201,4,7227,102,1,0,1,2,1
2025,      722711901,4,7227,119,1,0,2,2,1
2025,      722712501,4,7227,125,1,2,0,2,1
2025,      722713201,4,7227,132,1,1,10,2,1
2025,      723304201,3,7233,42,1,1,0,2,1
2025,      723703101,3,7237,31,1,0,11,2,1
2025,      723708201,6,7237,82,1,1,10,2,1
2025,      723709401,5,7237,94,1,1,3,1,1
2025,      723709401,7,7237,94,1,1,3,1,2
2025,      723709401,9,7237,94,1,1,3,2,3
2025,      723800601,6,7238,6,1,1,2,2,1
2025,      723800901,6,7238,9,1,1,1,2,1
2025,      723801301,4,7238,13,1,1,0,2,1
2025,      723806501,3,7238,65,1,0,2,2,1
2025,      723808101,3,7238,81,1,0,2,2,1
2025,      723910201,5,7239,102,1,1,8,2,1
2025,      723910401,3,7239,104,1,2,2,2,1
2025,      723912501,5,7239,125,1,0,4,2,1
2025,      723914601,4,7239,146,1,1,3,2,1
2025,      723914801,4,7239,148,1,1,11,2,1
2025,      724011001,4,7240,110,1,0,7,2,1
2025,      724011401,9,7240,114,1,0,8,2,1
2025,      724101001,4,7241,10,1,1,4,2,1
2025,      724101701,6,7241,17,1,1,11,2,1
2025,      724101901,4,7241,19,1,1,0,2,1
2025,      724102001,6,7241,20,1,0,2,2,1
2025,      724105701,4,7241,57,1,1,2,2,1
2025,      724200601,4,7242,6,1,1,11,2,1
2025,      724200801,4,7242,8,1,0,5,2,1
2025,      724200901,4,7242,9,1,2,3,2,1
2025,      724207501,5,7242,75,1,1,1,2,1
2025,      724209401,2,7242,94,1,2,0,2,1
2025,      724300101,6,7243,1,1,0,1,2,1
2025,      724302801,4,7243,28,1,0,1,2,1
2025,      724303801,4,7243,38,1,1,0,2,1
2025,      724304001,4,7243,40,1,2,8,2,1
2025,      724401501,4,7244,15,1,0,1,2,1
2025,      724406501,3,7244,65,1,0,11,2,1
2025,      724411501,4,7244,115,1,0,6,2,1
2025,      724503901,4,7245,39,1,0,1,2,1
2025,      724504001,4,7245,40,1,2,2,2,1
2025,      724507201,6,7245,72,1,0,10,2,1
2025,      724509001,6,7245,90,1,1,7,2,1
2025,      724509201,7,7245,92,1,0,2,2,1
2025,      724601001,4,7246,10,1,1,9,2,1
2025,      724601101,5,7246,11,1,1,7,2,1
2025,      724608101,4,7246,81,1,2,5,2,1
2025,      724608301,3,7246,83,1,0,5,2,1
2025,      724608401,4,7246,84,1,1,4,2,1
2025,      724608501,4,7246,85,1,1,9,2,1
2025,      724617001,3,7246,170,1,1,8,2,1
2025,      725012401,7,7250,124,1,0,7,2,1
2025,      726716201,4,7267,162,1,0,3,2,1
2025,      726804001,3,7268,40,1,0,6,2,1
2025,      727712101,7,7277,121,1,0,11,2,1
2025,      727718201,4,7277,182,1,0,6,2,1
2025,      727902401,6,7279,24,1,1,7,2,1
2025,      727910601,4,7279,106,1,0,8,2,1
2025,      728110101,4,7281,101,1,0,1,2,1
2025,      728301801,4,7283,18,1,0,8,2,1
2025,      728301901,4,7283,19,1,1,3,2,1
2025,      728401401,4,7284,14,1,0,1,2,1
2025,      728406601,4,7284,66,1,1,11,2,1
2025,      728500901,4,7285,9,1,2,5,2,1
2025,      728603701,5,7286,37,1,2,5,2,1
2025,      729902901,5,7299,29,1,0,1,2,1
2025,      729908501,6,7299,85,1,0,11,2,1
2025,      730206902,3,7302,69,2,1,8,2,1
2025,      730207001,4,7302,70,1,1,0,2,1
2025,      730209901,5,7302,99,1,0,6,2,1
2025,      730409001,3,7304,90,1,2,0,2,1
2025,      730415401,3,7304,154,1,0,8,2,1
2025,      730505601,3,7305,56,1,1,0,2,1
2025,      730505701,5,7305,57,1,1,0,2,1
2025,      730505801,2,7305,58,1,1,0,2,1
2025,      730506301,6,7305,63,1,0,3,2,1
2025,      730600201,5,7306,2,1,0,6,2,1
2025,      731109601,1,7311,96,1,1,0,2,1
2025,      731806501,4,7318,65,1,1,6,2,1
2025,      732400201,6,7324,2,1,0,4,2,1
2025,      732506801,7,7325,68,1,0,4,2,1
2025,      732604201,5,7326,42,1,1,0,2,1
2025,      732604301,4,7326,43,1,0,6,2,1
2025,      732606101,6,7326,61,1,1,0,2,1
2025,      732606301,5,7326,63,1,0,9,2,1
2025,      734401901,3,7344,19,1,0,1,2,1
2025,      737611301,6,7376,113,1,1,10,2,1
2025,      739107701,4,7391,77,1,0,2,2,1
2025,      740105601,4,7401,56,1,0,6,2,1
2025,      740511601,6,7405,116,1,0,3,2,1
2025,      740517801,5,7405,178,1,0,6,2,1
2025,      740708501,4,7407,85,1,0,7,2,1
2025,      741504101,4,7415,41,1,0,2,2,1
2025,      741509801,4,7415,98,1,1,2,2,1
2025,      741514401,6,7415,144,1,1,6,2,1
2025,      741518901,16,7415,189,1,0,11,2,1
2025,      741700201,4,7417,2,1,2,1,2,1
2025,      741700301,7,7417,3,1,0,10,2,1
2025,      741807001,3,7418,70,1,0,7,2,1
2025,      741807301,3,7418,73,1,0,4,2,1
2025,      741904601,5,7419,46,1,1,10,2,1
2025,      741904801,6,7419,48,1,0,8,2,1
2025,      741911801,6,7419,118,1,1,3,2,1
2025,      741911901,5,7419,119,1,1,10,1,1
2025,      741911901,6,7419,119,1,2,10,2,2
2025,      741914101,4,7419,141,1,1,9,2,1
2025,      741914301,7,7419,143,1,1,10,2,1
2025,      742005201,5,7420,52,1,0,5,2,1
2025,      742010001,8,7420,100,1,0,3,2,1
2025,      742107101,4,7421,71,1,0,6,2,1
2025,      742107501,7,7421,75,1,0,3,2,1
2025,      742110101,4,7421,101,1,0,5,2,1
2025,      742110201,7,7421,102,1,0,5,2,1
2025,      742110301,4,7421,103,1,1,0,2,1
2025,      742202401,5,7422,24,1,0,2,2,1
2025,      742202501,10,7422,25,1,0,9,1,1
2025,      742202501,11,7422,25,1,0,7,2,2
2025,      742206901,5,7422,69,1,0,9,2,1
2025,      742212401,5,7422,124,1,0,3,2,1
2025,      742308701,3,7423,87,1,1,11,2,1
2025,      742310601,3,7423,106,1,0,2,2,1
2025,      742400201,3,7424,2,1,0,7,2,1
2025,      742807301,6,7428,73,1,0,1,2,1
2025,      743502501,7,7435,25,1,0,9,2,1
2025,      743609701,6,7436,97,1,1,4,2,1
2025,      743707201,5,7437,72,1,0,11,2,1
2025,      744107301,6,7441,73,1,1,0,2,1
2025,      744906101,4,7449,61,1,1,0,2,1
2025,      745901001,3,7459,10,1,0,5,2,1
2025,      745901301,4,7459,13,1,1,0,2,1
2025,      745903801,2,7459,38,1,0,1,2,1
2025,      745905001,5,7459,50,1,1,9,2,1
2025,      745906201,6,7459,62,1,1,9,2,1
2025,      746703101,3,7467,31,1,0,9,2,1
2025,      746704101,3,7467,41,1,0,6,2,1
2025,      746707901,4,7467,79,1,0,7,1,1
2025,      746707901,5,7467,79,1,0,7,2,2
2025,      747014601,4,7470,146,1,0,7,2,1
2025,      747400801,3,7474,8,1,1,3,2,1
2025,      747403501,4,7474,35,1,0,9,2,1
2025,      747501001,4,7475,10,1,0,8,2,1
2025,      747509801,1,7475,98,1,0,2,2,1
2025,      747801001,4,7478,10,1,1,2,2,1
2025,      747900401,4,7479,4,1,0,8,2,1
2025,      747900601,2,7479,6,1,2,7,2,1
2025,      747902401,5,7479,24,1,0,2,2,1
2025,      747902901,5,7479,29,1,0,1,2,1
2025,      747909901,5,7479,99,1,1,0,2,1
2025,      749115101,6,7491,151,1,0,5,2,1
2025,      749311501,7,7493,115,1,0,1,2,1
2025,      749506201,3,7495,62,1,0,8,2,1
2025,      749513601,6,7495,136,1,1,0,2,1
2025,      749711001,5,7497,110,1,0,3,2,1
2025,      749806201,5,7498,62,1,1,0,2,1
2025,      749812201,2,7498,122,1,0,1,2,1
2025,      749812501,5,7498,125,1,0,3,2,1
2025,      749815701,4,7498,157,1,0,9,2,1
2025,      749815901,4,7498,159,1,1,2,2,1
2025,      749906301,4,7499,63,1,0,3,2,1
2025,      749910501,5,7499,105,1,0,6,2,1
2025,      749926001,6,7499,260,1,0,1,2,1
2025,      749926401,4,7499,264,1,0,3,2,1
2025,      750001101,3,7500,11,1,0,8,2,1
2025,      750006901,5,7500,69,1,0,6,2,1
2025,      750009801,6,7500,98,1,1,8,2,1
2025,      750009901,3,7500,99,1,0,6,2,1
2025,      750010001,4,7500,100,1,2,0,1,1
2025,      750010001,5,7500,100,1,0,9,2,2
2025,      750114001,4,7501,140,1,0,6,2,1
2025,      750304901,4,7503,49,1,0,6,2,1
2025,      750604101,3,7506,41,1,1,3,2,1
2025,      750606601,3,7506,66,1,1,0,2,1
2025,      751205001,3,7512,50,1,1,2,2,1
2025,      751205601,4,7512,56,1,1,2,2,1
2025,      751207401,4,7512,74,1,2,0,2,1
2025,      751207701,3,7512,77,1,1,0,2,1
2025,      751502001,2,7515,20,1,2,10,2,1
2025,      751502401,3,7515,24,1,1,11,2,1
2025,      751506501,4,7515,65,1,1,0,2,1
2025,      751601601,6,7516,16,1,1,0,2,1
2025,      751601701,4,7516,17,1,1,11,2,1
2025,      751706901,3,7517,69,1,2,7,2,1
2025,      751802601,3,7518,26,1,2,2,2,1
2025,      751900301,3,7519,3,1,1,5,2,1
2025,      752803901,5,7528,39,1,0,7,2,1
2025,      753102101,6,7531,21,1,0,11,2,1
2025,      753108101,5,7531,81,1,2,6,2,1
2025,      753111201,6,7531,112,1,0,9,2,1
2025,      753308201,3,7533,82,1,0,7,2,1
2025,      753308401,2,7533,84,1,0,8,1,1
2025,      753308401,3,7533,84,1,2,3,2,2
2025,      753311201,4,7533,112,1,2,0,2,1
2025,      753311401,4,7533,114,1,0,5,2,1
2025,      753311501,3,7533,115,1,0,10,2,1
2025,      753313101,3,7533,131,1,1,8,2,1
2025,      753400101,6,7534,1,1,0,9,2,1
2025,      753400901,6,7534,9,1,1,0,2,1
2025,      753401001,3,7534,10,1,0,3,2,1
2025,      753402301,4,7534,23,1,0,2,2,1
2025,      753501601,4,7535,16,1,1,0,2,1
2025,      753508001,3,7535,80,1,0,4,2,1
2025,      753508102,4,7535,81,2,0,7,2,1
2025,      753601201,1,7536,12,1,0,2,2,1
2025,      753702101,4,7537,21,1,1,9,2,1
2025,      753702301,4,7537,23,1,1,10,2,1
2025,      753702501,5,7537,25,1,2,6,2,1
2025,      753705301,3,7537,53,1,1,0,2,1
2025,      753705501,5,7537,55,1,1,0,2,1
2025,      753705601,5,7537,56,1,0,3,2,1
2025,      753716001,8,7537,160,1,1,0,2,1
2025,      753716101,5,7537,161,1,2,0,2,1
2025,      753803101,7,7538,31,1,1,6,2,1
2025,      753803201,5,7538,32,1,0,10,2,1
2025,      753805401,4,7538,54,1,0,6,2,1
2025,      753805601,7,7538,56,1,2,9,2,1
2025,      755701901,2,7557,19,1,1,0,2,1
2025,      757109901,4,7571,99,1,0,1,2,1
2025,      757215001,4,7572,150,1,0,3,2,1
2025,      757305201,5,7573,52,1,0,4,2,1
2025,      757509301,3,7575,93,1,0,1,2,1
2025,      758409601,5,7584,96,1,0,9,2,1
2025,      758415401,5,7584,154,1,1,4,2,1
2025,      758807801,5,7588,78,1,0,3,2,1
2025,      759105201,3,7591,52,1,0,7,2,1
2025,      759203101,4,7592,31,1,2,0,2,1
2025,      759203401,2,7592,34,1,0,4,2,1
2025,      759204801,6,7592,48,1,1,6,2,1
2025,      759207801,4,7592,78,1,0,2,2,1
2025,      759812501,5,7598,125,1,1,6,2,1
2025,      759812701,3,7598,127,1,1,2,2,1
2025,      759814501,5,7598,145,1,0,6,2,1
2025,      759814801,5,7598,148,1,1,8,2,1
2025,      759900601,4,7599,6,1,1,7,2,1
2025,      759905801,3,7599,58,1,0,6,2,1
2025,      759906001,3,7599,60,1,0,8,2,1
2025,      760005801,2,7600,58,1,0,3,2,1
2025,      760005901,5,7600,59,1,1,3,2,1
2025,      760006001,2,7600,60,1,0,6,2,1
2025,      760017101,4,7600,171,1,0,4,2,1
2025,      760025801,2,7600,258,1,1,11,2,1
2025,      760104801,7,7601,48,1,0,4,2,1
