ID1,QHCLUSTER,QHNUMBER,QHHOME,PS109_1R,PS109_1A,PS109_1M,PS109_1S,PS7,HVIDX,HHID
2023,6,33,1,1,1,1,2,1,3,      000603301
2023,6,41,1,2, , ,1,1,3,      000604101
2023,6,41,1,2, , ,2,2,4,      000604101
2023,6,42,1,1,0,1,2,1,3,      000604201
2023,6,92,1,2, , ,2,1,3,      000609201
2023,6,123,1,1,8,1,1,1,3,      000612301
2023,6,123,1,1,5,1,1,2,4,      000612301
2023,6,123,1,1,1,0,2,3,5,      000612301
2023,6,137,1,1,8,1,1,1,5,      000613701
2023,6,137,1,1,4,1,2,2,6,      000613701
2023,6,178,1,1,2,1,2,1,4,      000617801
2023,7,50,1,1,6,0,1,1,3,      000705001
2023,7,50,1,2, , ,2,2,4,      000705001
2023,7,68,1,1,4,0,2,1,8,      000706801
2023,7,78,1,1,4,0,2,1,6,      000707801
2023,7,92,1,2, , ,2,1,3,      000709201
2023,7,113,1,1,1,0,1,1,3,      000711301
2023,7,113,1,1,7,0,2,2,4,      000711301
2023,8,3,1,1,6,2,2,1,3,      000800301
2023,8,30,1,1,8,2,2,1,4,      000803001
2023,8,56,1,1,0,2,1,1,3,      000805601
2023,8,56,1,1,1,2,2,2,5,      000805601
2023,8,113,1,1,8,2,1,1,3,      000811301
2023,8,113,1,1,3,2,1,2,4,      000811301
2023,8,113,1,1,0,2,2,3,5,      000811301
2023,8,140,1,1,3,4,1,1,5,      000814001
2023,8,140,1,1,1,4,2,2,6,      000814001
2023,8,159,1,1,4,2,1,1,3,      000815901
2023,8,159,1,1,0,2,2,2,4,      000815901
2023,8,160,1,1,4,2,2,1,4,      000816001
2023,16,34,1,1,0,3,2,1,6,      001603401
2023,16,44,1,1,0,1,2,1,3,      001604401
2023,16,50,1,1,7,3,1,1,5,      001605001
2023,16,50,1,1,0,3,2,2,6,      001605001
2023,16,65,1,1,1,3,2,1,3,      001606501
2023,16,73,1,1,1,1,2,1,3,      001607301
2023,16,76,1,1,0,3,2,1,3,      001607601
2023,21,51,1,1,1,1,2,1,6,      002105101
2023,21,75,1,1,7,1,2,1,4,      002107501
2023,21,82,1,1,3,1,2,1,2,      002108201
2023,21,88,1,1,3,1,2,1,3,      002108801
2023,21,110,1,1,4,1,1,1,3,      002111001
2023,21,110,1,1,3,1,2,2,5,      002111001
2023,21,112,1,1,2,1,2,1,3,      002111201
2023,22,21,1,1,1,1,2,1,4,      002202101
2023,22,22,1,1,0,1,2,1,5,      002202201
2023,22,32,1,1,5,1,1,1,3,      002203201
2023,22,32,1,1,2,1,2,2,4,      002203201
2023,22,65,1,1,2,1,2,1,3,      002206501
2023,22,75,1,1,2,1,2,1,3,      002207501
2023,22,105,1,1,4,1,1,1,3,      002210501
2023,22,105,1,1,1,1,2,2,4,      002210501
2023,22,107,1,1,1,1,2,1,3,      002210701
2023,31,2,1,1,3,3,2,1,3,      003100201
2023,31,3,1,1,1,3,2,1,3,      003100301
2023,31,150,1,1,8,3,1,1,5,      003115001
2023,31,150,1,1,3,3,1,2,6,      003115001
2023,31,150,1,1,1,3,2,3,7,      003115001
2023,31,153,1,1,6,3,1,1,3,      003115301
2023,31,153,1,1,5,3,1,2,4,      003115301
2023,31,153,1,1,3,3,1,3,5,      003115301
2023,31,153,1,1,0,3,2,4,6,      003115301
2023,31,154,1,1,7,3,1,1,5,      003115401
2023,31,154,1,1,3,3,2,2,6,      003115401
2023,31,224,1,1,0,3,1,1,3,      003122401
2023,31,224,1,1,5,3,2,2,4,      003122401
2023,31,225,1,1,7,3,1,1,5,      003122501
2023,31,225,1,1,3,3,1,2,6,      003122501
2023,31,225,1,1,1,3,2,3,7,      003122501
2023,31,226,1,1,3,3,1,1,3,      003122601
2023,31,226,1,1,0,3,2,2,4,      003122601
2023,31,227,1,1,6,3,2,1,2,      003122701
2023,33,49,1,1,8,1,1,1,5,      003304901
2023,33,49,1,1,5,1,2,2,6,      003304901
2023,33,50,1,1,9,1,1,1,4,      003305001
2023,33,50,1,1,9,1,1,2,5,      003305001
2023,33,50,1,1,7,1,2,3,6,      003305001
2023,33,51,1,1,8,1,1,1,6,      003305101
2023,33,51,1,1,3,1,2,2,7,      003305101
2023,33,53,1,1,0,1,2,1,3,      003305301
2023,33,77,1,1,1,1,2,1,3,      003307701
2023,33,78,1,1,6,1,1,1,5,      003307801
2023,33,78,1,1,1,1,2,2,6,      003307801
2023,33,79,1,1,8,1,2,1,5,      003307901
2023,33,81,1,1,0,1,1,1,3,      003308101
2023,33,81,1,1,6,1,2,2,4,      003308101
2023,33,103,1,1,4,1,2,1,3,      003310301
2023,33,104,1,1,1,1,2,1,5,      003310401
2023,33,105,1,1,3,1,1,1,3,      003310501
2023,33,105,1,1,4,1,2,2,4,      003310501
2023,33,106,1,1,8,1,1,1,5,      003310601
2023,33,106,1,1,6,1,1,2,6,      003310601
2023,33,106,1,1,3,1,2,3,7,      003310601
2023,34,1,1,1,1,1,2,1,3,      003400101
2023,34,2,1,1,7,0,2,1,3,      003400201
2023,34,3,1,1,3,0,1,1,7,      003400301
2023,34,3,1,1,1,0,2,2,8,      003400301
2023,34,4,1,1,7,0,1,1,2,      003400401
2023,34,4,1,1,0,1,2,2,3,      003400401
2023,34,37,1,1,3,1,1,1,3,      003403701
2023,34,37,1,1,2,1,1,2,4,      003403701
2023,34,37,1,1,0,1,2,3,5,      003403701
2023,34,39,1,1,4,1,2,1,3,      003403901
2023,34,100,1,1,6,1,1,1,4,      003410001
2023,34,100,1,1,0,1,2,2,5,      003410001
2023,34,101,1,1,4,1,1,1,3,      003410101
2023,34,101,1,1,2,1,1,2,4,      003410101
2023,34,101,1,1,0,1,2,3,5,      003410101
2023,34,102,1,1,9,1,1,1,3,      003410201
2023,34,102,1,1,6,1,2,2,4,      003410201
2023,34,104,1,1,5,1,2,1,3,      003410401
2023,34,108,1,1,0,1,2,1,3,      003410801
2023,35,22,1,1,4,2,2,1,5,      003502201
2023,35,24,1,1,0,1,2,1,3,      003502401
2023,35,26,1,1,0,1,2,1,3,      003502601
2023,35,137,1,1,2,1,2,1,3,      003513701
2023,35,139,1,1,5,1,1,1,3,      003513901
2023,35,139,1,1,3,1,1,2,4,      003513901
2023,35,139,1,1,2,2,2,3,5,      003513901
2023,35,140,1,1,8,2,1,1,3,      003514001
2023,35,140,1,1,4,2,1,2,4,      003514001
2023,35,140,1,1,2,2,1,3,5,      003514001
2023,35,140,1,1,7,2,2,4,6,      003514001
2023,35,141,1,1,0,1,2,1,3,      003514101
2023,35,145,1,1,7,2,1,1,4,      003514501
2023,35,145,1,1,6,2,1,2,5,      003514501
2023,35,145,1,1,1,2,2,3,6,      003514501
2023,35,146,1,1,6,1,1,1,4,      003514601
2023,35,146,1,1,3,1,1,2,5,      003514601
2023,35,146,1,1,1,1,2,3,6,      003514601
2023,35,149,1,1,5,2,1,1,3,      003514901
2023,35,149,1,1,1,2,2,2,4,      003514901
2023,35,150,1,1,3,1,1,1,3,      003515001
2023,35,150,1,1,0,1,2,2,4,      003515001
2023,35,151,1,1,4,2,1,1,2,      003515101
2023,35,151,1,1,1,2,2,2,3,      003515101
2023,38,1,1,2, , ,2,1,3,      003800101
2023,38,7,1,1,1,0,2,1,3,      003800701
2023,38,12,1,1,8,0,2,1,3,      003801201
2023,38,123,1,1,1,1,2,1,3,      003812301
2023,38,125,1,1,4,0,2,1,4,      003812501
2023,40,8,1,1,3,3,2,1,3,      004000801
2023,40,13,1,1,2,2,1,1,3,      004001301
2023,40,13,1,1,9,2,1,2,6,      004001301
2023,40,13,1,1,7,2,2,3,7,      004001301
2023,40,120,1,1,6,3,1,1,3,      004012001
2023,40,120,1,1,4,3,1,2,4,      004012001
2023,40,120,1,1,2,3,1,3,5,      004012001
2023,40,120,1,1,0,3,2,4,6,      004012001
2023,40,121,1,1,2,3,2,1,3,      004012101
2023,40,122,1,1,7,2,1,1,3,      004012201
2023,40,122,1,1,6,2,2,2,4,      004012201
2023,40,124,1,1,8,3,1,1,5,      004012401
2023,40,124,1,1,4,3,1,2,6,      004012401
2023,40,124,1,1,0,3,2,3,9,      004012401
2023,40,136,1,1,3,3,2,1,5,      004013601
2023,40,137,1,1,7,3,2,1,2,      004013701
2023,40,138,1,1,6,3,2,1,3,      004013801
2023,40,139,1,1,2,2,2,1,3,      004013901
2023,40,140,1,1,1,2,2,1,4,      004014001
2023,51,20,1,1,0,3,2,1,4,      005102001
2023,51,30,1,1,5,3,1,1,3,      005103001
2023,51,30,1,1,1,3,2,2,4,      005103001
2023,51,36,1,1,8,3,1,1,6,      005103601
2023,51,36,1,1,7,3,1,2,7,      005103601
2023,51,36,1,1,4,3,2,3,8,      005103601
2023,51,37,1,1,8,3,1,1,4,      005103701
2023,51,37,1,1,7,3,1,2,5,      005103701
2023,51,37,1,1,4,3,2,3,6,      005103701
2023,51,39,1,1,4,4,1,1,5,      005103901
2023,51,39,1,1,1,4,2,2,6,      005103901
2023,51,64,1,1,0,3,2,1,4,      005106401
2023,51,66,1,1,7,3,1,1,4,      005106601
2023,51,66,1,1,4,3,2,2,5,      005106601
2023,57,18,1,1,1,2,2,1,3,      005701801
2023,57,20,1,1,5,2,2,1,3,      005702001
2023,57,21,1,1,2,2,2,1,3,      005702101
2023,57,123,1,1,3,2,2,1,4,      005712301
2023,57,126,1,1,4,2,1,1,3,      005712601
2023,57,126,1,1,0,2,2,2,4,      005712601
2023,57,128,1,1,6,2,1,1,3,      005712801
2023,57,128,1,1,2,2,2,2,4,      005712801
2023,57,129,1,1,0,2,1,1,3,      005712901
2023,57,129,1,1,4,2,2,2,4,      005712901
2023,61,31,1,1,2,0,1,1,3,      006103101
2023,61,31,1,1,2,0,2,2,4,      006103101
2023,61,72,1,1,1,0,1,1,4,      006107201
2023,61,72,1,1,1,0,2,2,6,      006107201
2023,61,76,1,1,6,0,2,1,6,      006107601
2023,61,82,1,1,2,0,2,1,5,      006108201
2023,61,122,2,1,4,0,2,1,3,      006112202
2023,66,1,1,1,5,4,1,1,5,      006600101
2023,66,1,1,1,1,4,1,2,6,      006600101
2023,66,1,1,1,0,4,2,3,7,      006600101
2023,66,10,1,1,8,5,2,1,4,      006601001
2023,66,34,1,1,8,5,1,1,6,      006603401
2023,66,34,1,1,8,5,1,2,12,      006603401
2023,66,34,1,1,3,5,2,3,13,      006603401
2023,66,88,1,1,4,5,1,1,4,      006608801
2023,66,88,1,1,0,5,2,2,5,      006608801
2023,66,89,1,2, , ,2,1,5,      006608901
2023,66,92,1,1,6,5,2,1,5,      006609201
2023,67,21,1,2, , ,2,1,5,      006702101
2023,67,50,1,1,1,2,2,1,3,      006705001
2023,67,55,2,1,2,2,1,1,3,      006705502
2023,67,55,2,1,0,2,2,2,4,      006705502
2023,67,102,1,1,1,4,2,1,4,      006710201
2023,68,47,1,1,1,0,2,1,5,      006804701
2023,68,88,1,1,4,0,2,1,6,      006808801
2023,68,93,1,1,8,0,1,1,10,      006809301
2023,68,93,1,1,1,0,2,2,11,      006809301
2023,69,1,1,1,0,4,2,1,7,      006900101
2023,69,4,1,1,1,4,2,1,5,      006900401
2023,69,42,1,1,4,4,2,1,4,      006904201
2023,69,70,1,1,0,4,1,1,3,      006907001
2023,69,70,1,1,6,4,2,2,4,      006907001
2023,69,79,1,1,2,5,1,1,7,      006907901
2023,69,79,1,1,2,4,2,2,8,      006907901
2023,69,90,1,1,3,4,2,1,4,      006909001
2023,72,72,1,1,8,11,2,1,5,      007207201
2023,72,100,1,1,10,11,1,1,3,      007210001
2023,72,100,1,1,1,11,2,2,4,      007210001
2023,72,112,1,1,6,0,2,1,4,      007211201
2023,73,4,1,1,1,0,2,1,2,      007300401
2023,73,59,1,1,5,0,2,1,6,      007305901
2023,73,98,1,1,2,11,2,1,6,      007309801
2023,76,6,1,1,0,1,2,1,6,      007600601
2023,76,65,1,1,8,0,2,1,3,      007606501
2023,76,95,1,1,6,0,1,1,3,      007609501
2023,76,95,1,1,3,0,1,2,4,      007609501
2023,76,95,1,1,0,1,2,3,5,      007609501
2023,87,13,1,1,2,1,2,1,3,      008701301
2023,87,49,1,1,1,1,1,1,5,      008704901
2023,87,49,1,1,1,1,2,2,7,      008704901
2023,87,57,1,1,6,1,1,1,3,      008705701
2023,87,57,1,1,2,0,2,2,4,      008705701
2023,87,129,1,1,2,1,2,1,5,      008712901
2023,87,129,2,1,1,1,1,1,3,      008712902
2023,87,129,2,1,0,1,2,2,4,      008712902
2023,87,130,2,1,6,1,1,1,3,      008713002
2023,87,130,2,1,2,0,2,2,4,      008713002
2023,88,22,1,1,3,6,1,1,4,      008802201
2023,88,22,1,1,2,6,1,2,5,      008802201
2023,88,22,1,1,1,6,2,3,6,      008802201
2023,88,68,1,1,1,5,2,1,3,      008806801
2023,88,76,1,1,7,5,2,1,4,      008807601
2023,88,104,1,1,4,5,2,1,3,      008810401
2023,91,5,1,1,7,1,2,1,4,      009100501
2023,91,28,1,1,1,1,2,1,4,      009102801
2023,91,31,1,1,8,1,2,1,6,      009103101
2023,91,109,1,1,8,1,2,1,3,      009110901
2023,96,55,1,1,7,0,1,1,3,      009605501
2023,96,55,1,1,1,0,2,2,4,      009605501
2023,96,56,1,1,0,7,2,1,4,      009605601
2023,96,160,1,1,2,0,2,1,3,      009616001
2023,96,162,1,1,5,0,2,1,4,      009616201
2023,96,164,1,1,5,0,2,1,4,      009616401
2023,100,14,1,1,5,1,2,1,2,      010001401
2023,100,78,1,1,4,1,2,1,3,      010007801
2023,100,109,1,1,3,1,2,1,3,      010010901
2023,100,110,1,1,5,1,2,1,6,      010011001
2023,104,49,1,1,1,4,2,1,4,      010404901
2023,104,51,1,1,3,5,1,1,5,      010405101
2023,104,51,1,1,2,5,2,2,6,      010405101
2023,104,52,1,1,6,4,2,1,4,      010405201
2023,104,55,1,1,4,5,1,1,5,      010405501
2023,104,55,1,1,4,5,1,2,6,      010405501
2023,104,55,1,1,2,5,1,3,7,      010405501
2023,104,55,1,1,2,5,2,4,8,      010405501
2023,104,56,1,1,8,4,1,1,3,      010405601
2023,104,56,1,1,2,4,2,2,4,      010405601
2023,104,112,1,1,1,4,2,1,5,      010411201
2023,104,135,1,1,1,4,2,1,4,      010413501
2023,104,136,1,1,1,5,2,1,3,      010413601
2023,104,137,1,1,7,4,1,1,5,      010413701
2023,104,137,1,1,5,4,1,2,6,      010413701
2023,104,137,1,1,3,4,2,3,7,      010413701
2023,106,7,1,1,8,3,2,1,3,      010600701
2023,106,46,1,1,7,2,1,1,4,      010604601
2023,106,46,1,1,5,0,2,2,5,      010604601
2023,106,61,1,1,1,3,2,1,2,      010606101
2023,110,8,1,1,6,4,1,1,4,      011000801
2023,110,8,1,1,1,4,2,2,5,      011000801
2023,110,15,1,1,1,4,1,1,4,      011001501
2023,110,15,1,1,0,4,2,2,5,      011001501
2023,110,20,1,1,8,3,1,1,3,      011002001
2023,110,20,1,1,1,3,2,2,4,      011002001
2023,110,24,1,1,7,4,2,1,4,      011002401
2023,110,24,2,1,3,4,1,1,3,      011002402
2023,110,24,2,1,0,4,2,2,4,      011002402
2023,110,58,1,1,8,4,1,1,3,      011005801
2023,110,58,1,1,3,4,2,2,4,      011005801
2023,110,65,1,1,4,4,2,1,4,      011006501
2023,110,93,1,1,3,3,2,1,2,      011009301
2023,110,116,1,1,4,4,1,1,3,      011011601
2023,110,116,1,1,4,4,2,2,4,      011011601
2023,110,121,1,1,0,4,2,1,3,      011012101
2023,112,5,1,1,4,4,2,1,6,      011200501
2023,112,9,1,1,9,4,1,1,4,      011200901
2023,112,9,1,1,6,4,1,2,5,      011200901
2023,112,9,1,1,4,4,2,3,6,      011200901
2023,112,10,1,1,6,5,1,1,3,      011201001
2023,112,10,1,1,3,5,1,2,4,      011201001
2023,112,10,1,1,0,5,2,3,5,      011201001
2023,112,12,1,1,3,4,1,1,3,      011201201
2023,112,12,1,1,7,4,2,2,4,      011201201
2023,112,51,1,1,0,5,2,1,3,      011205101
2023,112,52,1,1,5,5,2,1,3,      011205201
2023,112,53,1,1,3,5,1,1,3,      011205301
2023,112,53,1,1,1,5,2,2,4,      011205301
2023,117,7,1,1,0,2,2,1,3,      011700701
2023,117,28,1,1,5,3,1,1,4,      011702801
2023,117,28,1,1,0,3,2,2,5,      011702801
2023,117,39,1,1,1,2,2,1,2,      011703901
2023,117,49,1,1,3,2,1,1,2,      011704901
2023,117,49,1,1,1,2,2,2,3,      011704901
2023,117,58,1,1,3,2,2,1,4,      011705801
2023,117,72,1,1,1,2,2,1,3,      011707201
2023,126,8,2,1,3,0,1,1,3,      012600802
2023,126,8,2,1,3,0,2,2,4,      012600802
2023,126,27,1,1,0,1,2,1,3,      012602701
2023,126,50,1,1,2,2,1,1,3,      012605001
2023,126,50,1,1,2,2,1,2,4,      012605001
2023,126,50,1,1,0,2,2,3,5,      012605001
2023,126,54,1,1,0,2,2,1,4,      012605401
2023,126,85,1,1,3,2,2,1,3,      012608501
2023,126,94,1,1,4,2,1,1,3,      012609401
2023,126,94,1,1,7,2,2,2,5,      012609401
2023,126,111,1,1,6,2,1,1,3,      012611101
2023,126,111,1,1,2,2,1,2,4,      012611101
2023,126,111,1,1,0,2,2,3,5,      012611101
2023,126,116,1,1,1,2,2,1,4,      012611601
2023,131,8,1,1,5,1,2,1,4,      013100801
2023,131,88,1,1,3,1,1,1,3,      013108801
2023,131,88,1,1,2,1,2,2,4,      013108801
2023,131,97,1,1,4,1,2,1,4,      013109701
2023,131,128,1,1,1,1,2,1,4,      013112801
2023,131,135,1,1,5,1,1,1,3,      013113501
2023,131,135,1,1,0,1,2,2,4,      013113501
2023,131,168,1,1,3,1,2,1,3,      013116801
2023,142,19,1,1,7,1,2,1,5,      014201901
2023,142,20,1,1,4,1,2,1,5,      014202001
2023,142,23,1,1,3,1,2,1,3,      014202301
2023,142,62,1,1,6,1,2,1,5,      014206201
2023,142,64,1,1,8,1,1,1,4,      014206401
2023,142,64,1,1,5,1,1,2,5,      014206401
2023,142,64,1,1,2,1,2,3,6,      014206401
2023,142,66,1,1,4,1,1,1,6,      014206601
2023,142,66,1,1,1,1,2,2,7,      014206601
2023,142,67,1,1,4,1,2,1,3,      014206701
2023,142,140,1,1,2,1,2,1,4,      014214001
2023,143,6,1,1,6,3,1,1,3,      014300601
2023,143,6,1,1,0,3,2,2,4,      014300601
2023,143,9,1,1,8,3,2,1,5,      014300901
2023,143,10,1,1,3,3,1,1,3,      014301001
2023,143,10,1,1,2,3,2,2,4,      014301001
2023,143,18,1,1,7,3,2,1,2,      014301801
2023,143,24,1,1,8,3,2,1,3,      014302401
2023,143,87,1,1,1,3,2,1,3,      014308701
2023,144,129,1,1,6,3,2,1,4,      014412901
2023,144,131,1,1,3,3,1,1,3,      014413101
2023,144,131,1,1,1,3,2,2,4,      014413101
2023,144,138,1,1,2,3,2,1,3,      014413801
2023,144,139,1,1,3,3,1,1,4,      014413901
2023,144,139,1,1,2,3,2,2,5,      014413901
2023,144,140,1,1,2,3,2,1,2,      014414001
2023,144,142,1,1,5,3,1,1,3,      014414201
2023,144,142,1,1,6,3,1,2,4,      014414201
2023,144,142,1,1,2,3,2,3,5,      014414201
2023,144,147,1,1,8,3,1,1,3,      014414701
2023,144,147,1,1,1,3,2,2,4,      014414701
2023,144,151,1,1,1,3,2,1,3,      014415101
2023,146,17,1,2, , ,2,1,4,      014601701
2023,146,20,1,2, , ,2,1,6,      014602001
2023,146,21,1,2, , ,1,1,3,      014602101
2023,146,21,1,2, , ,2,2,4,      014602101
2023,146,22,1,2, , ,2,1,4,      014602201
2023,146,95,1,2, , ,2,1,4,      014609501
2023,146,98,1,2, , ,1,1,3,      014609801
2023,146,98,1,2, , ,2,2,4,      014609801
2023,146,100,1,1,7,1,1,1,4,      014610001
2023,146,100,1,2, , ,2,2,5,      014610001
2023,146,109,1,1,3,1,1,1,5,      014610901
2023,146,109,1,2, , ,2,2,6,      014610901
2023,146,116,1,1,0,1,2,1,4,      014611601
2023,146,117,1,8, , ,2,1,4,      014611701
2023,146,118,1,2, , ,1,1,4,      014611801
2023,146,118,1,2, , ,1,2,5,      014611801
2023,146,118,1,2, , ,2,3,6,      014611801
2023,146,119,1,2, , ,2,1,5,      014611901
2023,157,58,1,2, , ,2,1,2,      015705801
2023,157,62,1,2, , ,1,1,3,      015706201
2023,157,62,1,1,3,1,2,2,4,      015706201
2023,157,122,1,1,6,1,2,1,4,      015712201
2023,157,127,1,1,0,1,2,1,3,      015712701
2023,163,10,1,1,6,1,2,1,5,      016301001
2023,163,53,1,1,6,1,1,1,3,      016305301
2023,163,53,1,1,4,1,2,2,4,      016305301
2023,163,61,1,1,2,1,2,1,3,      016306101
2023,163,71,1,1,0,1,2,1,3,      016307101
2023,163,102,1,1,4,0,1,1,4,      016310201
2023,163,102,1,1,0,1,2,2,5,      016310201
2023,163,112,1,1,6,1,2,1,5,      016311201
2023,163,114,1,1,3,1,2,1,3,      016311401
2023,163,136,1,1,1,1,2,1,3,      016313601
2023,166,76,1,1,2,3,2,1,3,      016607601
2023,166,78,1,1,1,3,2,1,3,      016607801
2023,166,79,1,1,1,2,2,1,3,      016607901
2023,166,121,1,1,0,2,2,1,3,      016612101
2023,166,142,1,1,5,2,2,1,3,      016614201
2023,166,143,1,1,7,3,2,1,4,      016614301
2023,167,17,1,1,0,1,2,1,3,      016701701
2023,167,18,1,1,7,1,2,1,3,      016701801
2023,167,42,1,1,5,1,1,1,3,      016704201
2023,167,42,1,1,1,1,2,2,4,      016704201
2023,167,43,1,1,8,1,1,1,4,      016704301
2023,167,43,1,1,5,1,2,2,5,      016704301
2023,167,50,1,1,5,1,1,1,3,      016705001
2023,167,50,1,1,3,1,2,2,4,      016705001
2023,167,52,1,1,8,1,2,1,3,      016705201
2023,167,77,1,1,3,1,2,1,5,      016707701
2023,167,82,1,1,8,1,1,1,3,      016708201
2023,167,82,1,1,0,1,2,2,4,      016708201
2023,167,100,1,1,1,1,2,1,4,      016710001
2023,167,108,1,1,5,1,1,1,5,      016710801
2023,167,108,1,1,8,1,2,2,6,      016710801
2023,180,24,1,1,0,1,2,1,3,      018002401
2023,180,70,1,1,2,1,2,1,6,      018007001
2023,180,89,1,1,2,1,1,1,3,      018008901
2023,180,89,1,1,1,1,2,2,4,      018008901
2023,180,111,1,1,1,1,2,1,3,      018011101
2023,183,7,1,1,1,1,2,1,3,      018300701
2023,183,45,1,1,0,1,2,1,5,      018304501
2023,183,69,1,1,1,1,2,1,3,      018306901
2023,186,99,1,2, , ,1,1,4,      018609901
2023,186,99,1,2, , ,2,2,5,      018609901
2023,186,112,1,1,0,3,2,1,3,      018611201
2023,189,21,2,1,1,2,2,1,3,      018902102
2023,189,33,1,1,2,0,2,1,3,      018903301
2023,189,101,1,1,0,5,2,1,5,      018910101
2023,189,124,1,1,0,10,2,1,6,      018912401
2023,190,29,1,1,0,2,2,1,3,      019002901
2023,190,40,1,1,2,1,2,1,3,      019004001
2023,190,123,1,1,1,2,2,1,3,      019012301
2023,190,142,1,1,3,2,2,1,4,      019014201
2023,190,152,1,1,5,2,2,1,7,      019015201
2023,193,14,1,1,3,3,1,1,4,      019301401
2023,193,14,1,1,1,3,1,2,6,      019301401
2023,193,14,1,1,0,3,2,3,7,      019301401
2023,193,63,1,1,1,5,2,1,4,      019306301
2023,193,75,1,1,1,3,2,1,3,      019307501
2023,193,93,1,1,1,3,2,1,4,      019309301
2023,200,4,1,1,4,1,1,1,3,      020000401
2023,200,4,1,1,3,1,2,2,4,      020000401
2023,200,23,1,1,2,1,2,1,3,      020002301
2023,200,88,1,1,0,1,2,1,3,      020008801
2023,200,130,1,1,5,1,1,1,6,      020013001
2023,200,130,1,2, , ,2,2,7,      020013001
2023,200,148,1,1,2,1,2,1,3,      020014801
2023,200,173,1,1,5,1,1,1,3,      020017301
2023,200,173,1,1,1,1,1,2,4,      020017301
2023,200,173,1,1,0,1,2,3,5,      020017301
2023,200,181,1,1,4,1,1,1,5,      020018101
2023,200,181,1,1,1,1,2,2,6,      020018101
2023,202,8,1,1,1,1,1,1,3,      020200801
2023,202,8,1,1,1,1,2,2,4,      020200801
2023,202,42,1,1,1,1,1,1,4,      020204201
2023,202,42,1,1,1,1,2,2,5,      020204201
2023,202,65,1,1,0,1,2,1,3,      020206501
2023,202,75,1,1,2,1,2,1,3,      020207501
2023,202,83,1,1,1,1,2,1,2,      020208301
2023,202,93,1,1,4,1,2,1,4,      020209301
2023,214,15,1,1,5,3,2,1,3,      021401501
2023,214,20,1,1,7,2,2,1,4,      021402001
2023,214,26,1,1,1,4,1,1,3,      021402601
2023,214,26,1,1,1,4,2,2,4,      021402601
2023,214,34,1,1,0,2,2,1,3,      021403401
2023,214,39,1,1,1,3,1,1,4,      021403901
2023,214,39,1,1,1,3,2,2,8,      021403901
2023,214,51,1,1,0,2,2,1,3,      021405101
2023,214,65,1,1,1,3,2,1,4,      021406501
2023,215,21,1,1,0,2,1,1,3,      021502101
2023,215,21,1,1,0,2,2,2,4,      021502101
2023,215,61,1,1,0,2,1,1,3,      021506101
2023,215,61,1,1,1,2,2,2,4,      021506101
2023,215,86,1,1,2,1,2,1,5,      021508601
2023,215,100,1,1,7,2,1,1,3,      021510001
2023,215,100,1,1,0,2,2,2,4,      021510001
2023,215,119,1,1,1,1,2,1,3,      021511901
2023,218,40,1,1,0,2,2,1,3,      021804001
2023,218,53,1,1,3,2,1,1,2,      021805301
2023,218,53,1,1,0,2,2,2,3,      021805301
2023,218,81,1,1,4,2,2,1,4,      021808101
2023,221,5,1,1,0,8,2,1,4,      022100501
2023,221,14,1,1,2,0,2,1,2,      022101401
2023,221,19,1,1,6,0,1,1,3,      022101901
2023,221,19,1,1,7,0,1,2,6,      022101901
2023,221,19,1,1,4,0,1,3,7,      022101901
2023,221,19,1,1,1,0,2,4,8,      022101901
2023,221,59,1,1,2,0,2,1,3,      022105901
2023,221,88,1,1,2,0,2,1,3,      022108801
2023,221,94,1,1,2,0,2,1,3,      022109401
2023,226,44,1,2, , ,2,1,3,      022604401
2023,226,77,1,1,4,0,2,1,3,      022607701
2023,229,57,1,1,4,0,2,1,3,      022905701
2023,229,230,1,1,4,3,2,1,3,      022923001
2023,231,7,1,1,6,2,1,1,4,      023100701
2023,231,7,1,1,3,2,1,2,5,      023100701
2023,231,7,1,1,2,2,2,3,6,      023100701
2023,231,19,1,1,4,1,1,1,3,      023101901
2023,231,19,1,1,3,1,2,2,4,      023101901
2023,231,40,1,1,4,2,2,1,4,      023104001
2023,231,52,1,1,6,2,1,1,4,      023105201
2023,231,52,1,1,0,2,2,2,5,      023105201
2023,231,69,1,1,2,1,1,1,3,      023106901
2023,231,69,1,1,1,1,2,2,4,      023106901
2023,231,71,1,1,6,1,1,1,4,      023107101
2023,231,71,1,1,4,1,2,2,5,      023107101
2023,232,19,1,1,0,1,2,1,6,      023201901
2023,232,78,1,2, , ,2,1,3,      023207801
2023,232,165,1,1,7,0,2,1,2,      023216501
2023,232,168,1,1,4,1,1,1,3,      023216801
2023,232,168,1,1,1,1,2,2,9,      023216801
2023,232,171,1,1,0,1,2,1,3,      023217101
2023,242,52,1,1,4,1,2,1,4,      024205201
2023,242,119,1,1,5,1,1,1,3,      024211901
2023,242,119,1,1,1,1,2,2,4,      024211901
2023,242,132,1,1,5,1,1,1,3,      024213201
2023,242,132,1,1,1,1,2,2,4,      024213201
2023,242,146,1,2, , ,2,1,4,      024214601
2023,244,23,1,1,3,3,2,1,3,      024402301
2023,244,26,1,1,5,3,2,1,3,      024402601
2023,244,48,1,1,4,3,2,1,2,      024404801
2023,244,76,1,1,5,3,2,1,3,      024407601
2023,244,90,1,1,4,2,1,1,3,      024409001
2023,244,90,1,1,0,2,2,2,4,      024409001
2023,245,10,1,1,0,1,2,1,3,      024501001
2023,245,33,1,1,1,1,2,1,3,      024503301
2023,245,59,1,1,7,1,1,1,3,      024505901
2023,245,59,1,1,2,1,2,2,4,      024505901
2023,245,77,1,1,8,0,2,1,2,      024507701
2023,245,80,1,1,8,1,1,1,4,      024508001
2023,245,80,1,1,3,1,2,2,5,      024508001
2023,258,2,1,1,3,2,1,1,3,      025800201
2023,258,2,1,1,0,2,2,2,4,      025800201
2023,258,21,1,1,5,2,2,1,3,      025802101
2023,258,30,1,1,3,2,1,1,4,      025803001
2023,258,30,1,1,1,2,2,2,5,      025803001
2023,258,47,1,1,8,2,1,1,3,      025804701
2023,258,47,1,1,0,2,2,2,5,      025804701
2023,258,56,1,1,8,2,1,1,3,      025805601
2023,258,56,1,1,1,2,2,2,6,      025805601
2023,258,58,1,1,4,2,2,1,5,      025805801
2023,258,74,1,1,8,2,1,1,3,      025807401
2023,258,74,1,1,5,2,2,2,4,      025807401
2023,260,9,1,1,1,0,2,1,4,      026000901
2023,260,18,1,1,5,0,2,1,3,      026001801
2023,260,22,1,1,1,0,2,1,3,      026002201
2023,260,37,1,1,7,0,2,1,4,      026003701
2023,260,47,1,8, , ,2,1,3,      026004701
2023,260,67,1,1,7,0,1,1,3,      026006701
2023,260,67,1,1,1,0,2,2,4,      026006701
2023,260,71,1,1,3,0,2,1,3,      026007101
2023,260,74,1,1,1,1,2,1,3,      026007401
2023,261,27,1,1,3,3,2,1,4,      026102701
2023,261,34,1,1,1,3,2,1,3,      026103401
2023,261,49,1,1,6,3,2,1,4,      026104901
2023,261,59,1,1,6,3,2,1,3,      026105901
2023,261,63,1,1,7,3,2,1,3,      026106301
2023,261,78,1,1,0,3,2,1,3,      026107801
2023,261,79,1,1,4,3,1,1,2,      026107901
2023,261,79,1,1,1,3,2,2,3,      026107901
2023,261,81,1,1,1,3,2,1,2,      026108101
2023,267,44,1,2, , ,2,1,4,      026704401
2023,267,55,1,1,1,1,1,1,3,      026705501
2023,267,55,1,1,7,1,1,2,5,      026705501
2023,267,55,1,1,4,1,1,3,6,      026705501
2023,267,55,1,1,0,1,2,4,7,      026705501
2023,267,102,1,1,0,1,1,1,3,      026710201
2023,267,102,1,2, , ,2,2,4,      026710201
2023,267,109,1,1,1,1,2,1,5,      026710901
2023,267,113,1,2, , ,1,1,4,      026711301
2023,267,113,1,2, , ,2,2,5,      026711301
2023,273,12,1,1,8,1,1,1,4,      027301201
2023,273,12,1,1,8,1,2,2,5,      027301201
2023,273,19,1,1,1,1,2,1,3,      027301901
2023,273,76,1,1,0,1,2,1,2,      027307601
2023,276,50,1,1,8,3,1,1,4,      027605001
2023,276,50,1,1,3,3,2,2,5,      027605001
2023,276,51,1,1,5,3,2,1,4,      027605101
2023,276,52,1,1,8,3,1,1,4,      027605201
2023,276,52,1,1,6,3,1,2,5,      027605201
2023,276,52,1,1,3,3,2,3,6,      027605201
2023,276,63,1,1,8,2,1,1,4,      027606301
2023,276,63,1,1,1,3,2,2,5,      027606301
2023,276,65,1,1,1,3,2,1,4,      027606501
2023,276,66,1,1,0,3,2,1,3,      027606601
2023,276,67,1,1,7,3,1,1,3,      027606701
2023,276,67,1,1,4,3,1,2,4,      027606701
2023,276,67,1,1,1,3,2,3,5,      027606701
2023,276,107,1,1,8,3,1,1,2,      027610701
2023,276,107,1,1,5,3,2,2,3,      027610701
2023,276,109,1,1,6,3,1,1,5,      027610901
2023,276,109,1,1,1,3,1,2,6,      027610901
2023,276,109,1,1,3,3,1,3,8,      027610901
2023,276,109,1,1,1,3,2,4,9,      027610901
2023,280,11,1,1,3,3,2,1,3,      028001101
2023,280,22,1,1,5,3,1,1,3,      028002201
2023,280,22,1,1,1,3,2,2,5,      028002201
2023,280,36,1,1,0,3,2,1,2,      028003601
2023,280,38,1,1,4,3,2,1,3,      028003801
2023,280,69,1,1,2,3,2,1,3,      028006901
2023,280,73,1,1,2,3,1,1,2,      028007301
2023,280,73,1,1,1,3,2,2,4,      028007301
2023,281,1,1,1,4,2,2,1,4,      028100101
2023,281,4,1,1,8,2,1,1,4,      028100401
2023,281,4,1,1,5,2,2,2,5,      028100401
2023,281,5,1,1,4,2,2,1,3,      028100501
2023,281,17,1,1,3,2,2,1,3,      028101701
2023,281,21,1,1,7,2,2,1,3,      028102101
2023,281,85,1,1,1,2,2,1,6,      028108501
2023,281,87,1,1,5,2,1,1,3,      028108701
2023,281,87,1,1,1,2,2,2,4,      028108701
2023,290,14,1,1,1,3,2,1,4,      029001401
2023,290,15,1,1,0,3,2,1,3,      029001501
2023,290,58,1,1,3,3,2,1,3,      029005801
2023,290,61,1,1,7,3,2,1,3,      029006101
2023,290,65,1,1,6,3,2,1,3,      029006501
2023,290,78,1,1,2,3,2,1,3,      029007801
2023,290,80,1,1,8,3,1,1,3,      029008001
2023,290,80,1,1,5,3,2,2,4,      029008001
2023,293,42,1,1,6,2,2,1,5,      029304201
2023,293,45,1,1,5,2,2,1,4,      029304501
2023,293,47,1,1,1,2,2,1,5,      029304701
2023,293,76,1,1,0,3,2,1,3,      029307601
2023,293,79,1,1,6,2,2,1,8,      029307901
2023,293,80,1,1,0,2,2,1,3,      029308001
2023,299,105,1,2, , ,2,1,4,      029910501
2023,299,135,1,2, , ,2,1,2,      029913501
2023,300,38,1,2, , ,2,1,4,      030003801
2023,300,46,1,2, , ,2,1,3,      030004601
2023,300,62,1,1,4,2,2,1,3,      030006201
2023,300,86,1,1,0,1,2,1,3,      030008601
2023,300,170,1,1,3,1,1,1,3,      030017001
2023,300,170,1,2, , ,2,2,4,      030017001
2023,303,65,1,2, , ,2,1,10,      030306501
2023,306,17,1,1,7,3,1,1,3,      030601701
2023,306,17,1,1,5,3,2,2,4,      030601701
2023,306,77,1,1,3,4,2,1,3,      030607701
2023,306,117,1,1,7,4,2,1,8,      030611701
2023,306,131,1,1,8,4,1,1,5,      030613101
2023,306,131,1,1,3,4,2,2,7,      030613101
2023,306,143,1,1,7,3,1,1,5,      030614301
2023,306,143,1,1,0,3,2,2,6,      030614301
2023,311,14,1,1,7,1,1,1,4,      031101401
2023,311,14,1,1,5,1,2,2,5,      031101401
2023,311,20,1,1,6,2,2,1,3,      031102001
2023,311,104,1,1,0,2,2,1,4,      031110401
2023,311,334,1,1,7,3,1,1,5,      031133401
2023,311,334,1,1,2,2,2,2,6,      031133401
2023,313,100,1,2, , ,2,1,5,      031310001
2023,317,6,1,1,0,1,1,1,3,      031700601
2023,317,6,1,1,0,1,2,2,4,      031700601
2023,317,74,1,1,6,1,2,1,2,      031707401
2023,317,88,1,1,2,1,2,1,5,      031708801
2023,317,114,1,2, , ,1,1,3,      031711401
2023,317,114,1,1,0,1,2,2,4,      031711401
2023,318,38,1,1,1,2,2,1,2,      031803801
2023,318,39,1,1,6,3,1,1,3,      031803901
2023,318,39,1,1,4,3,2,2,4,      031803901
2023,318,43,1,1,2,3,2,1,2,      031804301
2023,318,44,1,1,8,2,1,1,4,      031804401
2023,318,44,1,1,6,2,1,2,5,      031804401
2023,318,44,1,1,1,1,1,3,6,      031804401
2023,318,44,1,1,1,2,2,4,7,      031804401
2023,318,105,1,1,4,2,1,1,2,      031810501
2023,318,105,1,1,1,2,2,2,3,      031810501
2023,318,106,1,1,7,3,1,1,6,      031810601
2023,318,106,1,1,6,3,2,2,7,      031810601
2023,318,107,1,1,1,2,2,1,6,      031810701
2023,318,108,1,1,7,3,2,1,4,      031810801
2023,318,158,1,1,7,3,2,1,3,      031815801
2023,318,159,1,1,6,2,2,1,3,      031815901
2023,318,164,1,1,6,2,2,1,3,      031816401
2023,319,18,1,1,2,4,2,1,4,      031901801
2023,319,21,1,1,3,5,2,1,4,      031902101
2023,319,82,1,1,5,5,1,1,3,      031908201
2023,319,82,1,1,2,5,2,2,4,      031908201
2023,319,83,1,1,1,4,2,1,4,      031908301
2023,319,84,1,1,6,4,2,1,3,      031908401
2023,319,124,1,1,3,4,2,1,3,      031912401
2023,319,125,1,1,0,5,2,1,4,      031912501
2023,322,7,1,1,0,2,2,1,3,      032200701
2023,322,9,1,1,6,1,2,1,3,      032200901
2023,322,11,1,1,2,2,2,1,3,      032201101
2023,322,15,1,1,1,1,2,1,3,      032201501
2023,322,16,1,1,8,2,2,1,3,      032201601
2023,322,83,1,1,5,2,2,1,5,      032208301
2023,322,155,1,2, , ,2,1,4,      032215501
2023,322,157,1,1,0,1,2,1,4,      032215701
2023,323,49,1,1,3,9,2,1,2,      032304901
2023,324,1,1,1,8,1,1,1,3,      032400101
2023,324,1,1,1,0,1,2,2,4,      032400101
2023,324,24,1,1,5,1,2,1,3,      032402401
2023,324,116,1,1,4,1,2,1,4,      032411601
2023,324,119,1,1,0,1,1,1,3,      032411901
2023,324,119,1,1,1,1,2,2,4,      032411901
2023,325,22,1,1,5,4,1,1,3,      032502201
2023,325,22,1,1,4,4,2,2,4,      032502201
2023,325,24,1,1,7,4,2,1,3,      032502401
2023,325,25,1,1,1,3,2,1,4,      032502501
2023,325,46,1,1,1,4,2,1,3,      032504601
2023,325,48,1,1,5,4,2,1,3,      032504801
2023,325,149,1,1,8,3,1,1,4,      032514901
2023,325,149,1,1,2,3,2,2,5,      032514901
2023,335,29,1,1,7,3,1,1,3,      033502901
2023,335,29,1,1,3,3,2,2,5,      033502901
2023,335,32,1,1,6,2,2,1,3,      033503201
2023,336,113,1,2, , ,2,1,3,      033611301
2023,340,19,1,1,0,4,2,1,4,      034001901
2023,340,20,1,1,7,3,1,1,4,      034002001
2023,340,20,1,1,0,3,2,2,5,      034002001
2023,340,22,1,1,8,3,1,1,3,      034002201
2023,340,22,1,1,1,3,2,2,6,      034002201
2023,340,23,1,1,5,3,2,1,3,      034002301
2023,340,119,1,1,6,4,2,1,4,      034011901
2023,340,123,1,1,2,4,2,1,5,      034012301
2023,345,18,1,2, , ,2,1,3,      034501801
2023,345,19,1,1,4,1,2,1,3,      034501901
2023,345,20,1,1,6,1,1,1,2,      034502001
2023,345,20,1,1,2,1,2,2,3,      034502001
2023,345,41,1,2, , ,1,1,3,      034504101
2023,345,41,1,1,3,1,2,2,4,      034504101
2023,345,42,1,2, , ,1,1,3,      034504201
2023,345,42,1,2, , ,2,2,4,      034504201
2023,345,43,1,1,4,1,2,1,3,      034504301
2023,345,44,1,2, , ,2,1,4,      034504401
2023,345,45,1,1,2,1,1,1,4,      034504501
2023,345,45,1,1,1,1,2,2,5,      034504501
2023,345,96,1,2, , ,1,1,3,      034509601
2023,345,96,1,2, , ,2,2,4,      034509601
2023,346,73,1,2, , ,2,1,4,      034607301
2023,346,88,1,1,4,0,2,1,4,      034608801
2023,354,9,1,1,0,1,2,1,6,      035400901
2023,354,19,1,1,2,1,2,1,2,      035401901
2023,354,25,1,1,1,1,1,1,2,      035402501
2023,354,25,1,1,0,1,2,2,3,      035402501
2023,354,52,1,1,1,1,2,1,3,      035405201
2023,354,81,1,1,3,1,2,1,5,      035408101
2023,354,87,1,1,5,1,2,1,2,      035408701
2023,354,97,1,1,1,1,2,1,3,      035409701
2023,354,131,1,1,1,1,2,1,3,      035413101
2023,356,18,1,1,2,2,1,1,5,      035601801
2023,356,18,1,1,2,2,1,2,6,      035601801
2023,356,18,1,1,1,2,2,3,7,      035601801
2023,356,20,1,1,2,2,2,1,4,      035602001
2023,356,33,1,1,4,2,1,1,5,      035603301
2023,356,33,1,1,0,2,2,2,6,      035603301
2023,356,41,1,1,0,1,1,1,3,      035604101
2023,356,41,1,1,0,1,1,2,4,      035604101
2023,356,41,1,1,0,1,2,3,5,      035604101
2023,356,61,1,1,3,2,2,1,2,      035606101
2023,356,79,1,1,1,2,2,1,3,      035607901
2023,356,95,1,1,2,3,2,1,3,      035609501
2023,362,64,1,1,2,2,2,1,5,      036206401
2023,362,66,1,2, , ,1,1,3,      036206601
2023,362,66,1,1,1,1,2,2,4,      036206601
2023,362,137,1,1,1,2,2,1,2,      036213701
2023,366,31,1,1,1,1,1,1,6,      036603101
2023,366,31,1,1,0,1,2,2,7,      036603101
2023,366,70,1,1,5,1,1,1,4,      036607001
2023,366,70,1,1,2,1,2,2,5,      036607001
2023,366,145,1,1,1,1,2,1,4,      036614501
2023,366,175,1,1,2,1,2,1,5,      036617501
2023,371,81,1,1,1,0,2,1,4,      037108101
2023,373,37,1,1,0,1,2,1,3,      037303701
2023,373,40,1,1,2,1,2,1,5,      037304001
2023,373,136,1,1,1,1,2,1,4,      037313601
2023,373,141,1,1,6,1,1,1,8,      037314101
2023,373,141,1,1,1,1,2,2,9,      037314101
2023,380,10,1,1,1,1,1,1,4,      038001001
2023,380,10,1,1,1,0,2,2,5,      038001001
2023,380,18,1,2, , ,1,1,3,      038001801
2023,380,18,1,2, , ,2,2,4,      038001801
2023,380,33,1,1,1,0,1,1,4,      038003301
2023,380,33,1,1,1,0,1,2,5,      038003301
2023,380,33,1,1,1,1,2,3,6,      038003301
2023,380,65,1,1,1,0,2,1,3,      038006501
2023,380,103,1,1,0,1,2,1,3,      038010301
2023,380,113,1,1,2,1,1,1,2,      038011301
2023,380,113,1,1,2,1,1,2,3,      038011301
2023,380,113,1,1,1,1,2,3,4,      038011301
2023,382,31,1,1,2,2,2,1,3,      038203101
2023,382,54,1,1,4,2,1,1,5,      038205401
2023,382,54,1,1,0,2,2,2,6,      038205401
2023,382,110,1,1,0,2,2,1,5,      038211001
2023,382,116,1,1,0,2,2,1,6,      038211601
2023,382,151,1,1,1,4,1,1,5,      038215101
2023,382,151,1,1,0,4,2,2,6,      038215101
2023,392,147,1,1,2,1,1,1,5,      039214701
2023,392,147,1,1,0,1,2,2,7,      039214701
2023,395,74,1,1,0,1,2,1,3,      039507401
2023,395,94,1,1,3,1,1,1,3,      039509401
2023,395,94,1,1,3,1,1,2,4,      039509401
2023,395,94,1,1,0,1,2,3,5,      039509401
2023,395,99,1,1,2,1,1,1,8,      039509901
2023,395,99,1,1,1,1,1,2,9,      039509901
2023,395,99,1,1,0,1,2,3,10,      039509901
2023,404,65,1,1,1,4,2,1,2,      040406501
2023,404,125,1,1,0,3,2,1,6,      040412501
2023,409,50,1,1,0,2,2,1,4,      040905001
2023,409,70,1,1,1,1,2,1,4,      040907001
2023,409,97,1,1,1,2,1,1,3,      040909701
2023,409,97,1,1,2,2,2,2,5,      040909701
2023,409,113,1,1,1,2,2,1,2,      040911301
2023,409,161,1,1,1,2,1,1,4,      040916101
2023,409,161,1,1,1,2,1,2,6,      040916101
2023,409,161,1,1,1,2,2,3,7,      040916101
2023,413,157,1,1,1,2,1,1,5,      041315701
2023,413,157,1,1,1,2,1,2,6,      041315701
2023,413,157,1,1,0,2,2,3,7,      041315701
2023,416,24,1,1,1,1,2,1,3,      041602401
2023,416,43,1,1,2,1,2,1,3,      041604301
2023,416,133,1,1,3,2,2,1,3,      041613301
2023,418,10,1,1,2,3,2,1,3,      041801001
2023,422,56,1,1,1,2,2,1,4,      042205601
2023,422,61,1,1,0,2,1,1,5,      042206101
2023,422,61,1,1,1,2,2,2,6,      042206101
2023,422,88,1,1,5,2,1,1,3,      042208801
2023,422,88,1,1,0,2,2,2,4,      042208801
2023,423,26,1,1,2,0,2,1,3,      042302601
2023,424,49,1,1,2,0,2,1,4,      042404901
2023,424,72,1,1,6,1,1,1,5,      042407201
2023,424,72,1,1,3,1,1,2,6,      042407201
2023,424,72,1,1,1,0,2,3,7,      042407201
2023,424,92,1,1,4,1,2,1,4,      042409201
2023,424,93,1,1,6,1,1,1,3,      042409301
2023,424,93,1,1,5,2,2,2,4,      042409301
2023,424,135,1,1,3,1,2,1,3,      042413501
2023,424,149,1,1,1,1,2,1,5,      042414901
2023,424,161,1,1,4,1,2,1,5,      042416101
2023,427,50,1,1,0,1,2,1,2,      042705001
2023,427,61,1,1,0,1,2,1,3,      042706101
2023,427,72,1,1,1,1,2,1,5,      042707201
2023,427,81,1,1,4,1,2,1,5,      042708101
2023,427,88,1,1,0,1,2,1,6,      042708801
2023,441,13,1,1,7,1,1,1,6,      044101301
2023,441,13,1,1,6,1,2,2,7,      044101301
2023,441,14,1,1,4,0,1,1,5,      044101401
2023,441,14,1,1,3,0,1,2,6,      044101401
2023,441,14,1,1,1,0,2,3,7,      044101401
2023,441,15,1,1,8,1,1,1,4,      044101501
2023,441,15,1,1,5,1,1,2,5,      044101501
2023,441,15,1,1,3,1,2,3,6,      044101501
2023,441,73,1,1,6,1,2,1,4,      044107301
2023,441,75,1,1,0,1,2,1,4,      044107501
2023,441,76,1,1,6,1,1,1,5,      044107601
2023,441,76,1,1,1,1,2,2,6,      044107601
2023,441,89,1,1,7,1,1,1,4,      044108901
2023,441,89,1,1,4,1,1,2,5,      044108901
2023,441,89,1,1,2,1,2,3,6,      044108901
2023,441,90,1,1,3,1,1,1,3,      044109001
2023,441,90,1,1,1,1,2,2,4,      044109001
2023,441,92,1,1,8,1,2,1,3,      044109201
2023,443,31,1,1,7,1,1,1,3,      044303101
2023,443,31,1,1,1,1,2,2,4,      044303101
2023,443,64,1,1,6,1,1,1,5,      044306401
2023,443,64,1,1,1,1,2,2,6,      044306401
2023,443,65,1,1,3,1,1,1,2,      044306501
2023,443,65,1,1,0,1,2,2,3,      044306501
2023,444,47,1,1,5,3,2,1,3,      044404701
2023,444,51,1,1,1,3,2,1,3,      044405101
2023,444,109,1,1,0,3,2,1,3,      044410901
2023,444,132,1,1,3,3,2,1,3,      044413201
2023,444,150,1,1,5,3,1,1,3,      044415001
2023,444,150,1,1,2,3,2,2,4,      044415001
2023,444,171,1,1,1,3,2,1,3,      044417101
2023,448,40,1,1,7,3,2,1,4,      044804001
2023,448,43,1,1,4,3,2,1,6,      044804301
2023,448,55,1,1,2,4,2,1,3,      044805501
2023,448,57,1,1,2,3,2,1,4,      044805701
2023,448,76,1,1,4,4,2,1,3,      044807601
2023,448,79,1,1,6,4,2,1,3,      044807901
2023,448,80,1,1,7,4,1,1,2,      044808001
2023,448,80,1,1,0,4,2,2,3,      044808001
2023,450,10,1,1,3,3,2,1,4,      045001001
2023,450,15,1,1,2,3,2,1,4,      045001501
2023,450,19,1,1,1,3,2,1,3,      045001901
2023,450,41,1,1,7,3,1,1,3,      045004101
2023,450,41,1,1,4,3,2,2,4,      045004101
2023,450,42,1,1,6,3,1,1,3,      045004201
2023,450,42,1,1,1,3,2,2,4,      045004201
2023,450,49,1,1,6,3,2,1,4,      045004901
2023,451,17,1,1,4,0,2,1,3,      045101701
2023,451,18,1,1,5,1,2,1,4,      045101801
2023,451,19,1,1,1,1,2,1,3,      045101901
2023,451,33,1,1,1,0,2,1,2,      045103301
2023,451,34,1,1,7,1,2,1,3,      045103401
2023,451,37,1,1,3,1,2,1,4,      045103701
2023,451,46,1,1,1,1,2,1,6,      045104601
2023,451,48,1,1,1,1,2,1,3,      045104801
2023,451,49,1,1,7,1,2,1,3,      045104901
2023,452,98,1,1,3,1,1,1,3,      045209801
2023,452,98,1,1,0,1,2,2,4,      045209801
2023,452,99,1,1,5,2,2,1,3,      045209901
2023,452,117,1,1,3,2,2,1,5,      045211701
2023,455,130,1,1,7,3,1,1,4,      045513001
2023,455,130,1,1,5,3,1,2,5,      045513001
2023,455,130,1,1,1,3,2,3,6,      045513001
2023,455,131,1,1,5,3,1,1,4,      045513101
2023,455,131,1,1,1,3,2,2,5,      045513101
2023,455,133,1,1,4,3,1,1,3,      045513301
2023,455,133,1,1,1,3,2,2,4,      045513301
2023,455,149,1,1,8,3,2,1,3,      045514901
2023,455,150,1,1,1,3,2,1,3,      045515001
2023,455,151,1,1,7,3,1,1,4,      045515101
2023,455,151,1,1,4,3,2,2,5,      045515101
2023,457,1,1,1,0,2,2,1,3,      045700101
2023,457,2,1,1,4,2,2,1,5,      045700201
2023,457,32,1,1,5,2,1,1,4,      045703201
2023,457,32,1,1,3,2,2,2,5,      045703201
2023,457,33,1,1,6,2,1,1,4,      045703301
2023,457,33,1,1,4,2,2,2,5,      045703301
2023,457,61,1,1,7,2,1,1,3,      045706101
2023,457,61,1,1,6,2,2,2,4,      045706101
2023,457,62,1,1,1,3,2,1,3,      045706201
2023,458,109,1,1,5,0,1,1,4,      045810901
2023,458,109,1,1,2,0,2,2,5,      045810901
2023,458,113,1,1,3,1,2,1,3,      045811301
2023,465,23,1,1,0,3,1,1,3,      046502301
2023,465,23,1,1,0,3,2,2,4,      046502301
2023,465,27,1,1,4,2,2,1,3,      046502701
2023,465,33,1,1,2,2,2,1,2,      046503301
2023,465,39,1,1,7,2,2,1,3,      046503901
2023,465,65,1,1,2,4,2,1,3,      046506501
2023,465,85,1,1,4,2,2,1,5,      046508501
2023,465,92,1,1,5,4,2,1,3,      046509201
2023,465,112,1,1,0,2,1,1,3,      046511201
2023,465,112,1,1,5,2,2,2,4,      046511201
2023,465,114,1,1,1,4,2,1,3,      046511401
2023,465,131,1,1,3,4,2,1,4,      046513101
2023,472,81,1,1,8,1,2,1,3,      047208101
2023,472,110,1,1,5,2,2,1,3,      047211001
2023,474,12,1,1,0,3,2,1,4,      047401201
2023,474,16,1,1,4,3,2,1,4,      047401601
2023,474,64,1,1,7,3,1,1,4,      047406401
2023,474,64,1,1,1,3,2,2,5,      047406401
2023,474,91,1,1,3,3,2,1,4,      047409101
2023,474,97,1,1,6,3,2,1,4,      047409701
2023,474,131,1,1,0,3,2,1,3,      047413101
2023,474,137,1,1,6,3,2,1,3,      047413701
2023,478,53,1,1,8,0,2,1,4,      047805301
2023,478,55,1,1,4,1,2,1,2,      047805501
2023,478,82,1,1,4,1,1,1,2,      047808201
2023,478,82,1,1,1,1,2,2,3,      047808201
2023,478,88,1,1,3,1,1,1,5,      047808801
2023,478,88,1,1,0,1,2,2,6,      047808801
2023,478,92,1,1,3,0,2,1,2,      047809201
2023,482,2,1,1,2,2,1,1,3,      048200201
2023,482,2,1,1,1,2,2,2,4,      048200201
2023,482,3,1,1,7,2,2,1,3,      048200301
2023,482,33,1,1,0,2,2,1,3,      048203301
2023,482,34,1,1,5,0,1,1,5,      048203401
2023,482,34,1,1,2,2,2,2,6,      048203401
2023,482,35,1,1,7,2,2,1,3,      048203501
2023,482,129,1,1,4,2,1,1,2,      048212901
2023,482,129,1,1,0,1,2,2,3,      048212901
2023,482,131,1,1,3,2,2,1,4,      048213101
2023,483,41,1,1,6,2,1,1,3,      048304101
2023,483,41,1,1,3,2,2,2,4,      048304101
2023,483,54,1,1,3,2,1,1,3,      048305401
2023,483,54,1,1,7,2,2,2,5,      048305401
2023,483,92,1,1,4,2,2,1,3,      048309201
2023,483,94,1,1,4,2,1,1,4,      048309401
2023,483,94,1,1,2,2,2,2,6,      048309401
2023,483,98,1,1,6,2,2,1,4,      048309801
2023,483,99,1,1,2,2,2,1,4,      048309901
2023,490,33,1,2, , ,2,1,3,      049003301
2023,490,34,1,1,1,0,1,1,3,      049003401
2023,490,34,1,2, , ,2,2,4,      049003401
2023,490,71,1,1,6,0,2,1,5,      049007101
2023,490,72,1,1,6,0,2,1,3,      049007201
2023,490,126,1,1,2,0,2,1,3,      049012601
2023,490,127,1,1,2,0,1,1,3,      049012701
2023,490,127,1,1,4,0,2,2,5,      049012701
2023,490,130,1,1,6,0,2,1,3,      049013001
2023,493,16,1,1,7,1,1,1,4,      049301601
2023,493,16,1,1,1,1,2,2,5,      049301601
2023,493,19,1,2, , ,2,1,4,      049301901
2023,493,65,1,1,5,1,2,1,3,      049306501
2023,493,68,1,1,3,1,2,1,3,      049306801
2023,493,69,1,1,1,1,2,1,3,      049306901
2023,493,86,1,1,6,1,1,1,3,      049308601
2023,493,86,1,1,4,1,1,2,4,      049308601
2023,493,86,1,1,0,1,2,3,9,      049308601
2023,493,87,1,1,1,1,2,1,3,      049308701
2023,494,3,1,1,5,3,2,1,4,      049400301
2023,494,21,1,1,0,3,2,1,3,      049402101
2023,494,27,1,1,5,3,2,1,4,      049402701
2023,494,62,1,1,4,3,2,1,4,      049406201
2023,494,63,1,1,0,3,2,1,3,      049406301
2023,494,68,1,1,1,3,2,1,4,      049406801
2023,494,72,1,1,5,3,2,1,3,      049407201
2023,494,81,1,1,0,3,2,1,3,      049408101
2023,494,86,1,1,5,3,2,1,3,      049408601
2023,494,104,1,1,2,3,2,1,3,      049410401
2023,501,1,1,1,4,3,2,1,4,      050100101
2023,501,8,1,1,8,3,1,1,5,      050100801
2023,501,8,1,1,0,3,2,2,6,      050100801
2023,501,9,1,1,7,3,2,1,4,      050100901
2023,501,137,1,1,2,3,1,1,3,      050113701
2023,501,137,1,1,0,3,2,2,4,      050113701
2023,501,138,1,1,4,3,2,1,3,      050113801
2023,502,12,1,1,8,3,1,1,5,      050201201
2023,502,12,1,1,5,3,2,2,6,      050201201
2023,502,53,1,1,2,3,2,1,3,      050205301
2023,502,59,1,1,3,3,1,1,3,      050205901
2023,502,59,1,1,2,3,2,2,4,      050205901
2023,502,61,1,1,4,3,1,1,3,      050206101
2023,502,61,1,1,3,3,2,2,4,      050206101
2023,502,63,1,1,5,3,1,1,3,      050206301
2023,502,63,1,1,7,3,2,2,4,      050206301
2023,502,92,1,1,98,3,1,1,3,      050209201
2023,502,92,1,1,98,3,2,2,4,      050209201
2023,508,16,1,1,5,2,1,1,4,      050801601
2023,508,16,1,1,3,2,2,2,5,      050801601
2023,508,19,1,1,8,2,2,1,3,      050801901
2023,508,35,1,1,2,2,2,1,6,      050803501
2023,508,36,1,1,1,2,2,1,8,      050803601
2023,508,38,1,1,4,2,1,1,5,      050803801
2023,508,38,1,1,4,2,2,2,6,      050803801
2023,508,40,1,1,3,2,1,1,3,      050804001
2023,508,40,1,1,1,2,2,2,4,      050804001
2023,508,120,1,1,1,2,2,1,4,      050812001
2023,509,1,1,1,6,0,1,1,3,      050900101
2023,509,1,1,1,4,0,1,2,4,      050900101
2023,509,1,1,1,1,0,2,3,5,      050900101
2023,509,6,1,1,4,0,2,1,3,      050900601
2023,509,19,1,1,1,0,1,1,3,      050901901
2023,509,19,1,1,7,0,1,2,4,      050901901
2023,509,19,1,1,5,0,2,3,5,      050901901
2023,509,20,1,1,1,0,2,1,2,      050902001
2023,509,85,1,1,2,0,1,1,3,      050908501
2023,509,85,1,2, , ,2,2,4,      050908501
2023,509,86,1,1,7,0,1,1,3,      050908601
2023,509,86,1,1,0,1,2,2,4,      050908601
2023,509,87,1,1,6,0,2,1,5,      050908701
2023,509,88,1,1,4,0,2,1,6,      050908801
2023,515,12,1,1,7,4,1,1,3,      051501201
2023,515,12,1,1,5,4,2,2,4,      051501201
2023,515,72,1,1,4,4,2,1,4,      051507201
2023,515,74,1,1,4,4,1,1,5,      051507401
2023,515,74,1,1,1,4,2,2,6,      051507401
2023,518,7,1,1,7,1,2,1,5,      051800701
2023,518,9,1,1,7,1,2,1,4,      051800901
2023,518,25,1,1,3,1,1,1,3,      051802501
2023,518,25,1,1,1,1,2,2,4,      051802501
2023,518,48,1,1,7,2,2,1,4,      051804801
2023,518,57,1,1,8,1,2,1,4,      051805701
2023,518,62,1,1,4,1,2,1,4,      051806201
2023,518,66,1,1,7,2,2,1,3,      051806601
2023,518,72,1,1,0,2,2,1,3,      051807201
2023,522,17,1,1,5,3,1,1,7,      052201701
2023,522,17,1,1,98,98,2,2,9,      052201701
2023,522,25,1,1,1,3,2,1,4,      052202501
2023,522,41,1,1,0,3,2,1,2,      052204101
2023,522,56,1,1,0,3,2,1,3,      052205601
2023,522,96,1,1,5,3,2,1,4,      052209601
2023,522,114,1,1,3,3,2,1,3,      052211401
2023,523,16,1,1,7,2,2,1,4,      052301601
2023,523,93,1,1,6,2,1,1,5,      052309301
2023,523,93,1,1,0,2,2,2,6,      052309301
2023,523,101,1,1,0,2,2,1,3,      052310101
2023,530,5,1,1,0,4,2,1,3,      053000501
2023,530,82,1,1,3,4,1,1,3,      053008201
2023,530,82,1,1,0,4,2,2,4,      053008201
2023,530,108,1,1,5,4,1,1,3,      053010801
2023,530,108,1,1,4,4,2,2,4,      053010801
2023,530,143,1,1,1,4,1,1,4,      053014301
2023,530,143,1,1,1,4,2,2,5,      053014301
2023,534,153,2,1,1,0,2,1,4,      053415302
2023,536,39,1,1,0,1,2,1,4,      053603901
2023,536,58,1,1,0,1,2,1,4,      053605801
2023,536,62,2,1,2,1,2,1,3,      053606202
2023,536,74,1,1,0,1,2,1,3,      053607401
2023,536,83,1,1,7,1,2,1,4,      053608301
2023,545,34,1,1,1,3,1,1,3,      054503401
2023,545,34,1,1,1,3,1,2,4,      054503401
2023,545,34,1,1,1,3,2,3,5,      054503401
2023,545,73,1,1,0,4,2,1,3,      054507301
2023,545,74,1,1,7,4,2,1,4,      054507401
2023,545,135,1,1,0,3,2,1,4,      054513501
2023,545,145,1,1,9,4,1,1,3,      054514501
2023,545,145,1,1,7,4,1,2,4,      054514501
2023,545,145,1,1,4,4,1,3,5,      054514501
2023,545,145,1,1,1,4,2,4,6,      054514501
2023,546,18,1,1,6,2,2,1,2,      054601801
2023,546,36,1,1,3,2,1,1,4,      054603601
2023,546,36,1,1,2,2,2,2,5,      054603601
2023,546,37,1,1,3,2,1,1,3,      054603701
2023,546,37,1,1,1,2,2,2,4,      054603701
2023,546,65,1,1,2,2,2,1,3,      054606501
2023,546,83,1,1,5,2,2,1,4,      054608301
2023,546,92,1,1,8,2,2,1,4,      054609201
2023,549,3,1,1,6,0,2,1,3,      054900301
2023,549,5,1,1,1,0,1,1,5,      054900501
2023,549,5,1,2, , ,2,2,6,      054900501
2023,549,6,1,1,7,0,2,1,7,      054900601
2023,549,57,1,1,0,2,1,1,3,      054905701
2023,549,57,1,1,7,2,2,2,6,      054905701
2023,549,58,1,1,8,1,1,1,4,      054905801
2023,549,58,1,1,7,1,1,2,5,      054905801
2023,549,58,1,1,0,1,2,3,6,      054905801
2023,549,59,1,1,7,2,2,1,3,      054905901
2023,549,60,1,1,1,1,2,1,4,      054906001
2023,549,80,1,1,1,2,2,1,4,      054908001
2023,549,82,1,1,7,2,1,1,5,      054908201
2023,549,82,1,1,3,2,1,2,6,      054908201
2023,549,82,1,1,0,2,2,3,7,      054908201
2023,550,78,1,1,8,3,1,1,4,      055007801
2023,550,78,1,1,8,3,1,2,5,      055007801
2023,550,78,1,1,1,3,2,3,6,      055007801
2023,550,79,1,1,5,2,2,1,4,      055007901
2023,550,81,1,1,4,2,2,1,4,      055008101
2023,550,82,1,1,1,0,2,1,5,      055008201
2023,550,118,1,1,7,2,1,1,5,      055011801
2023,550,118,1,1,3,2,1,2,6,      055011801
2023,550,118,1,1,1,2,2,3,7,      055011801
2023,550,119,1,1,6,1,1,1,5,      055011901
2023,550,119,1,1,0,1,1,2,6,      055011901
2023,550,119,1,1,5,1,2,3,7,      055011901
2023,550,120,1,1,4,2,1,1,2,      055012001
2023,550,120,1,1,1,2,2,2,5,      055012001
2023,550,121,1,1,8,1,1,1,5,      055012101
2023,550,121,1,1,5,1,1,2,6,      055012101
2023,550,121,1,1,2,1,1,3,7,      055012101
2023,550,121,1,1,0,1,2,4,8,      055012101
2023,550,122,1,1,1,2,2,1,2,      055012201
2023,550,131,1,1,5,1,2,1,3,      055013101
2023,550,132,1,1,5,2,2,1,3,      055013201
2023,550,134,1,1,3,1,2,1,3,      055013401
2023,550,141,1,1,8,1,1,1,5,      055014101
2023,550,141,1,1,2,1,2,2,6,      055014101
2023,553,11,1,1,5,2,1,1,4,      055301101
2023,553,11,1,1,2,2,2,2,5,      055301101
2023,553,13,1,1,1,2,2,1,4,      055301301
2023,553,14,1,1,3,2,2,1,5,      055301401
2023,553,15,1,1,6,2,1,1,2,      055301501
2023,553,15,1,1,2,2,2,2,3,      055301501
2023,553,56,1,1,1,2,2,1,2,      055305601
2023,553,58,1,1,2,2,2,1,4,      055305801
2023,553,60,1,1,2,1,2,1,3,      055306001
2023,553,66,1,1,3,2,1,1,3,      055306601
2023,553,66,1,1,1,2,2,2,4,      055306601
2023,553,68,1,1,1,2,1,1,3,      055306801
2023,553,68,1,1,1,2,2,2,4,      055306801
2023,553,71,1,1,2,2,2,1,2,      055307101
2023,554,23,1,1,3,2,2,1,4,      055402301
2023,554,24,1,1,3,2,2,1,3,      055402401
2023,554,25,1,1,0,2,2,1,2,      055402501
2023,554,27,1,1,5,2,2,1,4,      055402701
2023,554,29,1,1,2,2,1,1,3,      055402901
2023,554,29,1,1,1,2,2,2,4,      055402901
2023,554,125,1,1,0,2,1,1,4,      055412501
2023,554,125,1,1,2,2,2,2,5,      055412501
2023,554,128,1,1,0,2,2,1,3,      055412801
2023,558,18,1,1,8,3,1,1,3,      055801801
2023,558,18,1,1,6,3,1,2,4,      055801801
2023,558,18,1,1,0,3,2,3,5,      055801801
2023,558,22,1,1,7,3,1,1,4,      055802201
2023,558,22,1,1,4,3,2,2,5,      055802201
2023,558,82,1,1,3,3,1,1,4,      055808201
2023,558,82,1,1,1,3,2,2,5,      055808201
2023,558,85,1,1,7,0,1,1,3,      055808501
2023,558,85,1,1,1,3,2,2,4,      055808501
2023,558,89,1,1,5,3,2,1,4,      055808901
2023,558,118,1,1,1,3,2,1,3,      055811801
2023,558,119,1,1,6,3,2,1,5,      055811901
2023,558,120,1,1,7,3,2,1,4,      055812001
2023,558,121,1,1,6,3,2,1,5,      055812101
2023,558,122,1,1,4,3,1,1,3,      055812201
2023,558,122,1,1,1,3,2,2,4,      055812201
2023,564,42,1,1,1,1,2,1,6,      056404201
2023,564,45,1,1,5,1,1,1,3,      056404501
2023,564,45,1,1,1,1,2,2,4,      056404501
2023,564,46,1,1,1,1,2,1,3,      056404601
2023,564,47,1,1,0,1,2,1,3,      056404701
2023,564,49,1,1,8,1,1,1,3,      056404901
2023,564,49,1,1,3,1,2,2,4,      056404901
2023,564,125,1,1,7,1,1,1,4,      056412501
2023,564,125,1,1,1,1,2,2,5,      056412501
2023,564,127,1,1,1,1,2,1,5,      056412701
2023,565,6,1,1,1,3,1,1,3,      056500601
2023,565,6,1,1,9,3,2,2,4,      056500601
2023,565,7,1,1,4,3,1,1,3,      056500701
2023,565,7,1,1,3,3,2,2,4,      056500701
2023,565,10,1,1,6,3,2,1,3,      056501001
2023,565,46,1,1,0,3,2,1,2,      056504601
2023,565,48,1,1,5,3,1,1,5,      056504801
2023,565,48,1,1,5,3,2,2,6,      056504801
2023,565,49,1,1,0,2,2,1,4,      056504901
2023,565,50,1,1,6,2,1,1,2,      056505001
2023,565,50,1,1,3,4,2,2,3,      056505001
2023,565,131,1,1,2,3,2,1,3,      056513101
2023,565,133,1,1,0,4,2,1,3,      056513301
2023,565,136,1,1,5,0,1,1,3,      056513601
2023,565,136,1,1,5,0,1,2,4,      056513601
2023,565,136,1,1,0,2,2,3,5,      056513601
2023,568,17,1,1,5,4,1,1,3,      056801701
2023,568,17,1,1,1,4,2,2,4,      056801701
2023,568,21,1,1,3,4,1,1,3,      056802101
2023,568,21,1,1,6,4,2,2,5,      056802101
2023,568,70,1,1,4,5,2,1,3,      056807001
2023,568,72,1,1,5,5,1,1,3,      056807201
2023,568,72,1,1,0,5,2,2,4,      056807201
2023,568,74,1,1,5,5,2,1,2,      056807401
2023,568,80,1,1,4,5,1,1,3,      056808001
2023,568,80,1,1,4,5,1,2,4,      056808001
2023,568,80,1,1,2,5,2,3,5,      056808001
2023,573,15,1,1,4,1,2,1,5,      057301501
2023,573,16,1,1,5,2,1,1,3,      057301601
2023,573,16,1,1,2,2,2,2,4,      057301601
2023,573,18,1,1,6,2,1,1,3,      057301801
2023,573,18,1,1,1,2,2,2,4,      057301801
2023,573,19,1,1,7,1,1,1,3,      057301901
2023,573,19,1,1,1,1,2,2,4,      057301901
2023,573,89,1,1,6,2,2,1,3,      057308901
2023,573,90,1,1,6,1,2,1,4,      057309001
2023,573,91,1,1,8,2,2,1,4,      057309101
2023,573,144,1,1,1,1,2,1,3,      057314401
2023,573,147,1,1,8,2,2,1,3,      057314701
2023,580,34,1,1,3,1,2,1,4,      058003401
2023,580,41,1,1,1,1,2,1,5,      058004101
2023,580,76,1,1,5,1,2,1,5,      058007601
2023,580,81,1,1,6,1,2,1,5,      058008101
2023,580,83,1,1,4,1,1,1,4,      058008301
2023,580,83,1,1,3,1,1,2,5,      058008301
2023,580,83,1,1,0,1,1,3,6,      058008301
2023,580,83,1,1,0,1,2,4,7,      058008301
2023,582,39,1,1,0,2,2,1,3,      058203901
2023,582,60,3,1,0,2,2,1,3,      058206003
2023,582,60,5,1,1,2,2,1,3,      058206005
2023,582,77,1,1,3,2,2,1,3,      058207701
2023,582,114,1,1,0,2,2,1,2,      058211401
2023,582,124,1,1,3,2,1,1,6,      058212401
2023,582,124,1,1,1,2,2,2,7,      058212401
2023,592,43,1,1,2,1,2,1,3,      059204301
2023,592,77,1,1,2,1,2,1,4,      059207701
2023,592,125,1,2, , ,2,1,2,      059212501
2023,592,144,1,1,5,1,2,1,6,      059214401
2023,592,166,1,1,5,1,2,1,3,      059216601
2023,595,78,1,2, , ,2,1,4,      059507801
2023,595,90,1,1,6,2,1,1,3,      059509001
2023,595,90,1,1,5,2,2,2,5,      059509001
2023,595,96,1,1,7,3,2,1,4,      059509601
2023,595,121,1,1,5,2,1,1,5,      059512101
2023,595,121,1,1,1,2,2,2,7,      059512101
2023,595,122,1,1,3,3,2,1,4,      059512201
2023,595,162,1,1,7,3,2,1,4,      059516201
2023,601,49,1,1,2,1,2,1,4,      060104901
2023,601,50,1,1,1,2,2,1,3,      060105001
2023,601,57,1,1,4,1,1,1,4,      060105701
2023,601,57,1,1,1,1,2,2,5,      060105701
2023,601,88,1,1,3,2,1,1,3,      060108801
2023,601,88,1,1,0,2,2,2,4,      060108801
2023,601,126,1,1,2,1,1,1,3,      060112601
2023,601,126,1,1,2,1,1,2,4,      060112601
2023,601,126,1,1,1,1,2,3,5,      060112601
2023,606,97,1,1,7,0,1,1,4,      060609701
2023,606,97,1,1,1,0,2,2,5,      060609701
2023,608,25,1,1,0,2,2,1,3,      060802501
2023,608,45,1,1,1,2,2,1,4,      060804501
2023,608,56,1,1,3,3,2,1,3,      060805601
2023,613,11,1,1,1,1,2,1,4,      061301101
2023,613,18,1,2, , ,1,1,2,      061301801
2023,613,18,1,2, , ,2,2,3,      061301801
2023,613,39,1,1,3,1,1,1,3,      061303901
2023,613,39,1,1,1,1,2,2,4,      061303901
2023,613,104,1,1,0,1,2,1,5,      061310401
2023,613,110,1,1,0,1,2,1,4,      061311001
2023,613,124,1,1,6,1,2,1,5,      061312401
2023,613,140,1,1,1,1,2,1,3,      061314001
2023,615,24,1,1,1,3,2,1,2,      061502401
2023,615,76,1,1,5,3,1,1,3,      061507601
2023,615,76,1,1,4,3,2,2,4,      061507601
2023,615,79,1,1,3,3,1,1,3,      061507901
2023,615,79,1,1,1,3,2,2,4,      061507901
2023,615,113,1,1,0,3,1,1,4,      061511301
2023,615,113,1,1,8,3,2,2,8,      061511301
2023,615,121,1,1,0,3,2,1,3,      061512101
2023,618,85,1,1,2,4,2,1,4,      061808501
2023,618,86,1,1,2,5,2,1,4,      061808601
2023,618,101,1,1,1,4,2,1,4,      061810101
2023,618,148,1,1,1,4,2,1,3,      061814801
2023,618,156,1,1,3,5,2,1,4,      061815601
2023,625,12,1,1,7,2,1,1,2,      062501201
2023,625,12,1,1,2,2,2,2,3,      062501201
2023,625,45,1,1,2,2,1,1,3,      062504501
2023,625,45,1,1,1,2,2,2,4,      062504501
2023,625,68,1,1,0,2,2,1,3,      062506801
2023,625,82,1,1,4,2,1,1,4,      062508201
2023,625,82,1,1,0,2,2,2,5,      062508201
2023,625,98,1,1,7,2,2,1,4,      062509801
2023,625,111,1,1,4,2,1,1,4,      062511101
2023,625,111,1,1,1,2,2,2,5,      062511101
2023,625,168,1,1,6,2,2,1,4,      062516801
2023,626,6,1,1,5,2,2,1,4,      062600601
2023,626,9,1,1,2,1,1,1,3,      062600901
2023,626,9,1,1,1,1,2,2,5,      062600901
2023,626,35,1,1,1,2,2,1,3,      062603501
2023,626,152,1,1,4,2,2,1,3,      062615201
2023,637,20,1,1,6,1,1,1,3,      063702001
2023,637,20,1,1,2,1,1,2,4,      063702001
2023,637,20,1,1,0,1,2,3,5,      063702001
2023,637,92,1,1,2,1,2,1,3,      063709201
2023,637,131,1,1,7,1,1,1,3,      063713101
2023,637,131,1,1,6,1,1,2,4,      063713101
2023,637,131,1,1,1,1,2,3,5,      063713101
2023,643,53,1,1,6,2,1,1,3,      064305301
2023,643,53,1,1,4,2,1,2,4,      064305301
2023,643,53,1,1,0,2,2,3,5,      064305301
2023,643,88,1,1,0,2,2,1,4,      064308801
2023,643,89,1,1,4,2,2,1,4,      064308901
2023,643,90,1,1,2,2,2,1,5,      064309001
2023,643,91,1,1,6,2,1,1,3,      064309101
2023,643,91,1,1,6,2,1,2,4,      064309101
2023,643,91,1,1,4,2,1,3,5,      064309101
2023,643,91,1,1,2,2,2,4,6,      064309101
2023,643,172,1,1,3,2,1,1,3,      064317201
2023,643,172,1,1,0,2,2,2,4,      064317201
2023,643,173,1,1,2,2,1,1,3,      064317301
2023,643,173,1,1,0,2,2,2,4,      064317301
2023,650,2,1,2, , ,2,1,3,      065000201
2023,653,2,1,1,4,2,2,1,2,      065300201
2023,653,36,1,1,4,2,1,1,3,      065303601
2023,653,36,1,1,0,2,2,2,4,      065303601
2023,653,66,1,2, , ,2,1,3,      065306601
2023,653,101,1,2, , ,2,1,3,      065310101
2023,655,37,1,1,1,2,2,1,2,      065503701
2023,655,45,1,1,1,2,2,1,3,      065504501
2023,655,101,1,2, , ,2,1,4,      065510101
2023,655,114,1,1,5,2,1,1,3,      065511401
2023,655,114,1,1,1,2,2,2,4,      065511401
2023,657,7,1,1,4,1,2,1,3,      065700701
2023,657,62,1,1,3,1,1,1,3,      065706201
2023,657,62,1,1,2,1,2,2,4,      065706201
2023,657,103,1,1,0,1,2,1,3,      065710301
2023,657,143,1,1,0,1,2,1,3,      065714301
2023,657,152,1,1,8,1,2,1,4,      065715201
2023,661,22,1,1,1,3,2,1,3,      066102201
2023,661,37,1,1,1,3,2,1,3,      066103701
2023,661,55,1,1,0,3,2,1,5,      066105501
2023,669,8,1,1,5,1,2,1,3,      066900801
2023,669,37,1,1,4,1,2,1,2,      066903701
2023,669,50,1,1,0,1,2,1,5,      066905001
2023,671,47,1,1,3,2,1,1,3,      067104701
2023,671,47,1,1,1,2,2,2,4,      067104701
2023,671,57,1,1,2,2,2,1,3,      067105701
2023,671,78,1,2, , ,2,1,3,      067107801
2023,672,53,1,1,5,3,2,1,3,      067205301
2023,672,108,1,1,7,3,2,1,4,      067210801
2023,672,111,1,1,5,3,2,1,4,      067211101
2023,672,163,1,1,1,3,2,1,3,      067216301
2023,681,7,1,1,1,2,2,1,3,      068100701
2023,681,23,1,1,0,2,2,1,3,      068102301
2023,681,43,1,1,8,2,1,1,2,      068104301
2023,681,43,1,1,5,2,1,2,3,      068104301
2023,681,43,1,1,3,2,2,3,4,      068104301
2023,681,68,1,1,2,2,2,1,3,      068106801
2023,687,6,1,1,1,2,2,1,3,      068700601
2023,687,7,1,1,1,2,2,1,4,      068700701
2023,687,8,1,1,0,2,2,1,4,      068700801
2023,687,11,1,1,0,2,1,1,3,      068701101
2023,687,11,1,1,5,2,2,2,5,      068701101
2023,687,21,1,1,7,2,1,1,3,      068702101
2023,687,21,1,1,1,2,2,2,4,      068702101
2023,687,22,1,1,1,2,2,1,3,      068702201
2023,687,23,1,1,5,2,2,1,3,      068702301
2023,687,25,1,1,4,2,1,1,3,      068702501
2023,687,25,1,1,3,2,2,2,4,      068702501
2023,687,29,1,1,1,2,2,1,3,      068702901
2023,687,30,1,1,5,2,2,1,4,      068703001
2023,691,83,1,1,2,1,2,1,4,      069108301
2023,691,84,1,1,5,1,1,1,2,      069108401
2023,691,84,1,1,1,1,2,2,3,      069108401
2023,691,85,1,1,3,0,1,1,3,      069108501
2023,691,85,1,1,3,0,1,2,4,      069108501
2023,691,85,1,2, , ,2,3,5,      069108501
2023,691,219,1,1,0,1,2,1,3,      069121901
2023,691,342,1,1,4,0,2,1,4,      069134201
2023,691,344,1,1,5,1,1,1,4,      069134401
2023,691,344,1,1,1,1,2,2,5,      069134401
2023,705,81,1,1,3,1,2,1,5,      070508101
2023,705,179,1,1,2,2,1,1,3,      070517901
2023,705,179,1,1,0,1,2,2,4,      070517901
2023,725,25,1,1,6,3,1,1,3,      072502501
2023,725,25,1,1,4,3,1,2,4,      072502501
2023,725,25,1,1,0,2,2,3,5,      072502501
2023,725,79,1,1,0,4,2,1,5,      072507901
2023,725,100,1,1,4,3,2,1,4,      072510001
2023,725,155,1,2, , ,1,1,4,      072515501
2023,725,155,1,2, , ,1,2,5,      072515501
2023,725,155,1,2, , ,2,3,6,      072515501
2023,727,81,2,1,4,1,1,1,3,      072708102
2023,727,81,2,1,0,1,1,2,4,      072708102
2023,727,81,2,1,0,1,2,3,5,      072708102
2023,727,95,1,1,0,1,2,1,4,      072709501
2023,727,106,1,1,0,1,2,1,3,      072710601
2023,727,112,1,1,0,1,2,1,5,      072711201
2023,727,144,2,1,1,1,2,1,5,      072714402
2023,734,5,1,1,3,3,1,1,3,      073400501
2023,734,5,1,1,1,3,2,2,4,      073400501
2023,734,7,1,1,5,3,2,1,4,      073400701
2023,734,11,1,1,0,3,2,1,3,      073401101
2023,734,11,2,1,6,3,2,1,3,      073401102
2023,734,13,1,1,4,2,1,1,3,      073401301
2023,734,13,1,1,0,2,2,2,4,      073401301
2023,734,21,1,1,6,3,1,1,3,      073402101
2023,734,21,1,1,0,3,2,2,4,      073402101
2023,734,80,1,1,5,3,2,1,4,      073408001
2023,734,106,1,1,0,2,2,1,5,      073410601
2023,741,59,1,1,8,3,1,1,3,      074105901
2023,741,59,1,1,0,3,2,2,4,      074105901
2023,741,73,1,1,5,3,1,1,3,      074107301
2023,741,73,1,1,3,3,1,2,4,      074107301
2023,741,73,1,1,3,3,1,3,5,      074107301
2023,741,73,1,1,2,3,2,4,6,      074107301
2023,741,121,1,1,6,3,1,1,2,      074112101
2023,741,121,1,1,5,3,2,2,3,      074112101
2023,741,127,1,1,3,3,1,1,5,      074112701
2023,741,127,1,1,2,3,2,2,6,      074112701
2023,742,2,1,1,1,3,2,1,4,      074200201
2023,742,24,1,1,7,3,2,1,5,      074202401
2023,742,106,1,1,2,3,1,1,4,      074210601
2023,742,106,1,1,0,3,2,2,5,      074210601
2023,742,137,1,1,1,3,2,1,3,      074213701
2023,742,147,1,1,4,3,1,1,3,      074214701
2023,742,147,1,1,3,3,1,2,4,      074214701
2023,742,147,1,1,1,3,2,3,5,      074214701
2023,742,183,1,1,0,3,2,1,5,      074218301
2023,742,200,1,1,5,3,1,1,5,      074220001
2023,742,200,1,1,1,3,2,2,6,      074220001
2023,744,53,1,1,4,3,2,1,3,      074405301
2023,744,79,1,1,5,2,2,1,3,      074407901
2023,744,111,1,1,4,2,2,1,5,      074411101
2023,744,147,1,1,0,1,2,1,2,      074414701
2023,747,22,1,1,1,4,2,1,3,      074702201
2023,747,53,1,1,7,3,1,1,3,      074705301
2023,747,53,1,1,6,3,2,2,4,      074705301
2023,747,72,1,1,3,3,2,1,2,      074707201
2023,747,86,1,1,0,3,2,1,2,      074708601
2023,747,110,1,1,0,4,2,1,2,      074711001
2023,750,31,1,1,3,4,1,1,3,      075003101
2023,750,31,1,1,0,4,2,2,4,      075003101
2023,750,32,1,1,5,4,2,1,5,      075003201
2023,750,76,1,1,4,3,2,1,3,      075007601
2023,750,77,1,1,5,4,1,1,4,      075007701
2023,750,77,1,1,0,4,2,2,5,      075007701
2023,750,78,1,1,1,3,2,1,6,      075007801
2023,750,157,1,1,2,4,1,1,5,      075015701
2023,750,157,1,1,1,4,2,2,6,      075015701
2023,750,160,1,1,7,4,1,1,5,      075016001
2023,750,160,1,1,2,4,2,2,8,      075016001
2023,750,161,1,1,4,3,2,1,4,      075016101
2023,753,26,1,1,6,3,2,1,3,      075302601
2023,753,29,1,1,7,3,1,1,4,      075302901
2023,753,29,1,1,0,3,2,2,6,      075302901
2023,753,30,1,1,0,3,2,1,3,      075303001
2023,753,72,1,1,5,3,2,1,3,      075307201
2023,753,73,1,1,9,3,1,1,3,      075307301
2023,753,73,1,1,8,3,1,2,4,      075307301
2023,753,73,1,1,7,3,1,3,5,      075307301
2023,753,73,1,1,3,3,2,4,6,      075307301
2023,753,116,1,1,8,3,1,1,4,      075311601
2023,753,116,1,1,2,3,2,2,5,      075311601
2023,753,126,1,1,5,3,1,1,6,      075312601
2023,753,126,1,1,0,3,2,2,7,      075312601
2023,754,7,1,1,5,2,2,1,4,      075400701
2023,754,8,1,1,0,2,2,1,5,      075400801
2023,754,9,1,1,0,2,2,1,5,      075400901
2023,754,10,1,1,6,2,1,1,7,      075401001
2023,754,10,1,1,4,2,1,2,8,      075401001
2023,754,10,1,1,2,2,2,3,9,      075401001
2023,754,78,1,1,2,2,1,1,5,      075407801
2023,754,78,1,1,0,2,2,2,6,      075407801
2023,754,79,1,1,4,2,1,1,2,      075407901
2023,754,79,1,1,0,2,2,2,3,      075407901
2023,754,80,1,1,6,1,2,1,5,      075408001
2023,754,81,1,1,4,2,2,1,5,      075408101
2023,754,139,1,1,3,2,1,1,3,      075413901
2023,754,139,1,1,0,2,2,2,4,      075413901
2023,754,141,1,1,6,2,1,1,3,      075414101
2023,754,141,1,1,3,2,2,2,4,      075414101
2023,770,112,1,1,0,9,2,1,3,      077011201
2023,780,2,1,1,0,3,1,1,3,      078000201
2023,780,2,1,2, , ,2,2,4,      078000201
2023,780,53,1,2, , ,2,1,4,      078005301
2023,780,84,1,2, , ,2,1,3,      078008401
2023,781,13,1,2, , ,1,1,5,      078101301
2023,781,13,1,2, , ,2,2,6,      078101301
2023,781,81,1,2, , ,1,1,3,      078108101
2023,781,81,1,2, , ,2,2,4,      078108101
2023,785,36,1,2, , ,2,1,5,      078503601
2023,785,47,1,2, , ,1,1,4,      078504701
2023,785,47,1,1,1,1,2,2,5,      078504701
2023,785,61,1,2, , ,2,1,3,      078506101
2023,787,31,1,2, , ,2,1,5,      078703101
2023,787,33,1,1,1,2,2,1,4,      078703301
2023,787,60,1,1,2,2,2,1,3,      078706001
2023,787,71,1,1,6,2,1,1,4,      078707101
2023,787,71,1,1,1,2,2,2,5,      078707101
2023,787,95,1,1,3,2,2,1,4,      078709501
2023,787,130,1,1,5,3,1,1,6,      078713001
2023,787,130,1,1,2,3,1,2,7,      078713001
2023,787,130,1,1,0,3,2,3,8,      078713001
2023,788,27,1,8, , ,2,1,9,      078802701
2023,788,56,1,1,2,0,2,1,5,      078805601
2023,788,67,1,1,1,1,1,1,3,      078806701
2023,788,67,1,1,0,1,1,2,4,      078806701
2023,788,67,1,1,1,0,2,3,6,      078806701
2023,788,84,1,1,7,0,1,1,3,      078808401
2023,788,84,1,1,3,0,2,2,4,      078808401
2023,790,8,1,1,2,1,1,1,4,      079000801
2023,790,8,1,1,0,1,2,2,5,      079000801
2023,790,28,1,1,1,1,2,1,4,      079002801
2023,790,37,1,2, , ,1,1,3,      079003701
2023,790,37,1,1,4,1,1,2,6,      079003701
2023,790,37,1,1,4,1,2,3,9,      079003701
2023,790,43,1,1,2,1,1,1,4,      079004301
2023,790,43,1,2, , ,2,2,5,      079004301
2023,790,45,1,1,5,1,2,1,4,      079004501
2023,790,66,1,2, , ,2,1,5,      079006601
2023,790,77,1,1,2,1,2,1,4,      079007701
2023,796,10,1,2, , ,1,1,3,      079601001
2023,796,10,1,2, , ,2,2,4,      079601001
2023,796,85,1,2, , ,2,1,2,      079608501
2023,796,136,1,2, , ,2,1,2,      079613601
2023,798,49,1,2, , ,2,1,6,      079804901
2023,798,68,1,1,0,2,2,1,4,      079806801
2023,798,76,1,1,3,3,1,1,2,      079807601
2023,798,76,1,2, , ,2,2,3,      079807601
2023,798,77,1,2, , ,2,1,3,      079807701
2023,798,78,1,1,0,3,2,1,4,      079807801
2023,798,86,1,1,3,4,2,1,2,      079808601
2023,802,29,1,1,1,4,2,1,6,      080202901
2023,802,46,1,1,5,4,2,1,3,      080204601
2023,810,4,1,1,7,5,2,1,3,      081000401
2023,810,13,1,1,4,3,2,1,4,      081001301
2023,810,34,1,2, , ,1,1,3,      081003401
2023,810,34,1,2, , ,2,2,4,      081003401
2023,810,53,1,2, , ,2,1,4,      081005301
2023,810,53,2,1,1,5,1,1,3,      081005302
2023,810,53,2,1,1,5,2,2,4,      081005302
2023,810,62,1,1,1,3,2,1,3,      081006201
2023,810,141,1,1,0,2,2,1,3,      081014101
2023,812,18,1,1,4,2,1,1,4,      081201801
2023,812,18,1,1,2,2,2,2,5,      081201801
2023,812,19,1,1,0,1,2,1,5,      081201901
2023,812,110,1,1,1,3,2,1,2,      081211001
2023,812,111,1,1,4,3,1,1,4,      081211101
2023,812,111,1,1,3,3,2,2,5,      081211101
2023,812,112,1,1,2,4,1,1,4,      081211201
2023,812,112,1,1,1,4,2,2,5,      081211201
2023,812,113,1,1,2,3,2,1,5,      081211301
2023,812,115,1,1,6,3,1,1,4,      081211501
2023,812,115,1,1,4,3,2,2,5,      081211501
2023,812,205,1,1,1,3,1,1,3,      081220501
2023,812,205,1,1,1,3,2,2,4,      081220501
2023,812,206,1,1,0,2,2,1,5,      081220601
2023,812,207,1,1,6,2,1,1,5,      081220701
2023,812,207,1,1,1,2,2,2,6,      081220701
2023,812,208,1,1,8,2,1,1,4,      081220801
2023,812,208,1,1,6,2,1,2,5,      081220801
2023,812,208,1,1,0,2,2,3,11,      081220801
2023,823,98,1,1,1,1,1,1,3,      082309801
2023,823,98,1,1,0,1,1,2,4,      082309801
2023,823,98,1,1,0,1,2,3,5,      082309801
2023,823,127,1,1,2,1,1,1,4,      082312701
2023,823,127,1,1,2,1,1,2,5,      082312701
2023,823,127,1,1,3,1,1,3,6,      082312701
2023,823,127,1,1,0,1,2,4,7,      082312701
2023,824,3,1,1,2,3,1,1,3,      082400301
2023,824,3,1,1,0,3,1,2,4,      082400301
2023,824,3,1,1,5,3,1,3,9,      082400301
2023,824,3,1,1,4,3,2,4,10,      082400301
2023,824,140,1,1,0,3,2,1,5,      082414001
2023,824,157,1,1,4,3,1,1,3,      082415701
2023,824,157,1,1,0,3,2,2,4,      082415701
2023,824,172,1,1,0,3,2,1,3,      082417201
2023,824,202,1,1,2,3,2,1,4,      082420201
2023,840,97,1,1,3,2,2,1,3,      084009701
2023,845,47,1,1,1,4,1,1,4,      084504701
2023,845,47,1,2, , ,2,2,7,      084504701
2023,845,156,1,1,0,3,1,1,3,      084515601
2023,845,156,1,2, , ,2,2,4,      084515601
2023,848,52,1,2, , ,2,1,3,      084805201
2023,848,100,1,1,1,1,1,1,4,      084810001
2023,848,100,1,1,0,1,2,2,6,      084810001
2023,848,137,1,1,0,1,2,1,4,      084813701
2023,851,47,1,1,1,2,1,1,6,      085104701
2023,851,47,1,1,0,2,2,2,7,      085104701
2023,851,92,2,1,3,3,1,1,3,      085109202
2023,851,92,2,1,0,3,2,2,4,      085109202
2023,851,98,1,1,2,3,2,1,3,      085109801
2023,853,59,1,1,1,0,2,1,3,      085305901
2023,854,27,1,1,0,1,2,1,3,      085402701
2023,854,108,1,1,1,1,2,1,6,      085410801
2023,854,174,1,1,0,3,2,1,5,      085417401
2023,857,14,1,1,1,1,2,1,4,      085701401
2023,857,26,1,1,0,1,1,1,3,      085702601
2023,857,26,1,1,0,1,2,2,4,      085702601
2023,862,4,1,1,1,3,2,1,6,      086200401
2023,862,23,1,1,3,2,1,1,3,      086202301
2023,862,23,1,1,2,3,2,2,4,      086202301
2023,862,38,1,1,4,1,2,1,4,      086203801
2023,862,142,1,1,3,2,2,1,3,      086214201
2023,864,26,1,2, , ,2,1,6,      086402601
2023,864,38,1,1,2,1,2,1,6,      086403801
2023,864,104,1,1,2,1,1,1,5,      086410401
2023,864,104,1,1,0,1,2,2,6,      086410401
2023,864,118,1,1,0,1,2,1,4,      086411801
2023,869,35,1,1,5,2,2,1,3,      086903501
2023,869,61,1,1,4,2,1,1,5,      086906101
2023,869,61,1,1,1,2,1,2,6,      086906101
2023,869,61,1,2, , ,2,3,7,      086906101
2023,869,70,1,1,0,2,2,1,3,      086907001
2023,869,146,1,1,1,3,2,1,4,      086914601
2023,871,19,1,1,5,0,1,1,4,      087101901
2023,871,19,1,1,4,0,1,2,5,      087101901
2023,871,19,1,1,1,0,2,3,6,      087101901
2023,871,22,1,1,5,2,1,1,4,      087102201
2023,871,22,1,1,0,2,2,2,5,      087102201
2023,871,29,1,1,6,2,2,1,4,      087102901
2023,871,95,1,1,2,98,1,1,7,      087109501
2023,871,95,1,8, , ,2,2,8,      087109501
2023,880,9,1,1,0,1,1,1,3,      088000901
2023,880,9,1,1,1,1,2,2,4,      088000901
2023,880,93,1,1,2,1,2,1,5,      088009301
2023,880,164,1,1,0,1,2,1,3,      088016401
2023,882,33,1,1,4,3,2,1,5,      088203301
2023,885,31,1,1,4,1,2,1,2,      088503101
2023,885,79,1,1,0,1,1,1,4,      088507901
2023,885,79,1,1,0,1,2,2,5,      088507901
2023,893,114,1,1,0,1,2,1,6,      089311401
2023,894,180,1,1,2,0,2,1,4,      089418001
2023,897,2,1,1,4,0,1,1,4,      089700201
2023,897,2,1,1,1,0,2,2,5,      089700201
2023,897,30,1,1,1,2,2,1,3,      089703001
2023,897,48,1,1,0,3,2,1,5,      089704801
2023,897,100,1,1,0,2,2,1,4,      089710001
2023,897,140,1,1,0,2,2,1,6,      089714001
2023,910,33,1,1,1,0,2,1,6,      091003301
2023,910,60,1,1,0,2,2,1,5,      091006001
2023,910,82,1,1,5,3,1,1,3,      091008201
2023,910,82,1,1,2,3,2,2,4,      091008201
2023,910,117,1,1,1,2,2,1,3,      091011701
2023,910,117,2,1,5,3,2,1,3,      091011702
2023,919,8,1,1,1,3,1,1,4,      091900801
2023,919,8,1,1,1,3,2,2,5,      091900801
2023,919,10,1,1,3,3,1,1,2,      091901001
2023,919,10,1,2, , ,2,2,3,      091901001
2023,941,7,1,2, , ,2,1,5,      094100701
2023,941,18,1,2, , ,1,1,5,      094101801
2023,941,18,1,2, , ,2,2,6,      094101801
2023,941,60,1,2, , ,1,1,6,      094106001
2023,941,60,1,2, , ,2,2,7,      094106001
2023,941,115,1,2, , ,2,1,2,      094111501
2023,941,121,1,1,1,3,1,1,3,      094112101
2023,941,121,1,1,1,3,1,2,4,      094112101
2023,941,121,1,1,1,3,1,3,6,      094112101
2023,941,121,1,1,1,3,2,4,7,      094112101
2023,941,135,1,1,2,3,1,1,4,      094113501
2023,941,135,1,1,0,3,2,2,5,      094113501
2023,942,8,1,1,0,1,2,1,3,      094200801
2023,942,40,1,1,1,2,2,1,6,      094204001
2023,942,59,1,1,0,3,1,1,5,      094205901
2023,942,59,1,2, , ,2,2,6,      094205901
2023,942,124,1,1,3,3,2,1,5,      094212401
2023,945,79,2,1,1,1,2,1,3,      094507902
2023,945,186,1,1,1,1,2,1,3,      094518601
2023,946,6,1,1,3,3,1,1,7,      094600601
2023,946,6,1,1,0,3,2,2,8,      094600601
2023,946,25,1,1,5,2,2,1,3,      094602501
2023,946,27,1,1,2,0,1,1,3,      094602701
2023,946,27,1,1,2,0,2,2,4,      094602701
2023,946,62,1,2, , ,2,1,3,      094606201
2023,946,129,1,1,1,0,1,1,3,      094612901
2023,946,129,1,1,0,3,2,2,4,      094612901
2023,946,158,1,2, , ,2,1,3,      094615801
2023,949,20,1,1,1,2,2,1,6,      094902001
2023,949,46,1,2, , ,1,1,2,      094904601
2023,949,46,1,2, , ,2,2,3,      094904601
2023,954,19,1,2, , ,2,1,4,      095401901
2023,954,46,2,1,1,3,2,1,4,      095404602
2023,954,49,1,1,3,0,2,1,10,      095404901
2023,954,59,2,1,3,3,1,1,2,      095405902
2023,954,59,2,1,0,2,2,2,3,      095405902
2023,954,92,1,1,6,3,2,1,4,      095409201
2023,954,105,1,1,0,4,1,1,4,      095410501
2023,954,105,1,1,1,4,2,2,5,      095410501
2023,955,118,1,1,0,4,2,1,3,      095511801
2023,955,155,1,1,0,2,2,1,2,      095515501
2023,960,105,1,1,1,0,2,1,7,      096010501
2023,960,128,1,1,1,1,2,1,4,      096012801
2023,962,30,1,1,1,2,2,1,4,      096203001
2023,962,35,1,1,0,2,2,1,5,      096203501
2023,962,77,1,1,1,2,2,1,7,      096207701
2023,964,159,1,2, , ,2,1,6,      096415901
2023,974,9,1,1,0,1,2,1,3,      097400901
2023,974,39,1,1,1,2,2,1,5,      097403901
2023,974,76,1,1,3,2,2,1,5,      097407601
2023,974,88,1,1,1,1,1,1,3,      097408801
2023,974,88,1,1,1,1,1,2,4,      097408801
2023,974,88,1,1,1,1,2,3,5,      097408801
2023,975,153,1,1,0,3,2,1,2,      097515301
2023,975,162,1,1,1,4,2,1,5,      097516201
2023,975,171,1,1,0,3,2,1,3,      097517101
2023,976,173,1,1,0,1,2,1,4,      097617301
2023,980,27,1,1,1,0,2,1,3,      098002701
2023,980,54,1,1,1,0,1,1,5,      098005401
2023,980,54,1,1,1,0,2,2,6,      098005401
2023,984,32,1,1,0,1,2,1,4,      098403201
2023,984,77,1,1,0,2,1,1,4,      098407701
2023,984,77,1,1,0,2,2,2,5,      098407701
2023,984,79,1,1,3,2,1,1,4,      098407901
2023,984,79,1,1,0,2,2,2,5,      098407901
2023,984,85,1,1,3,2,2,1,5,      098408501
2023,986,53,1,1,1,1,1,1,3,      098605301
2023,986,53,1,1,1,1,2,2,4,      098605301
2023,986,60,1,1,2,0,1,1,3,      098606001
2023,986,60,1,1,1,0,2,2,4,      098606001
2023,986,99,1,1,1,0,1,1,3,      098609901
2023,986,99,1,2, , ,2,2,4,      098609901
2023,993,19,1,1,1,2,2,1,3,      099301901
2023,993,85,1,1,2,2,1,1,3,      099308501
2023,993,85,1,1,1,2,2,2,4,      099308501
2023,993,104,1,1,1,2,2,1,5,      099310401
2023,993,104,2,1,2,2,2,1,4,      099310402
2023,997,19,2,1,3,3,2,1,4,      099701902
2023,997,23,1,1,5,0,1,1,5,      099702301
2023,997,23,1,1,0,3,2,2,6,      099702301
2023,997,27,1,1,7,3,1,1,3,      099702701
2023,997,27,1,1,3,3,2,2,4,      099702701
2023,997,78,2,1,0,10,2,1,4,      099707802
2023,997,141,1,1,0,3,2,1,6,      099714101
2023,1003,70,2,1,1,3,2,1,3,      100307002
2023,1003,104,1,1,1,3,2,1,3,      100310401
2023,1003,136,1,1,3,2,2,1,9,      100313601
2023,1003,137,1,1,5,3,1,1,3,      100313701
2023,1003,137,1,1,0,3,2,2,4,      100313701
2023,1003,147,1,1,3,2,2,1,4,      100314701
2023,1003,149,1,1,2,3,1,1,3,      100314901
2023,1003,149,1,1,0,3,2,2,4,      100314901
2023,1005,74,1,1,1,3,2,1,2,      100507401
2023,1005,79,1,1,7,2,1,1,6,      100507901
2023,1005,79,1,1,3,2,1,2,7,      100507901
2023,1005,79,1,1,1,2,2,3,8,      100507901
2023,1005,115,1,1,1,3,2,1,4,      100511501
2023,1005,136,1,2, , ,2,1,3,      100513601
2023,1007,17,1,1,1,2,2,1,3,      100701701
2023,1007,119,1,2, , ,2,1,5,      100711901
2023,1010,17,1,1,7,3,2,1,6,      101001701
2023,1010,22,1,1,1,0,2,1,3,      101002201
2023,1010,72,1,1,2,0,1,1,3,      101007201
2023,1010,72,1,1,1,0,2,2,4,      101007201
2023,1010,163,1,1,1,3,1,1,5,      101016301
2023,1010,163,1,1,0,3,1,2,6,      101016301
2023,1010,163,1,1,5,3,2,3,7,      101016301
2023,1014,32,1,1,0,1,1,1,3,      101403201
2023,1014,32,1,1,1,1,2,2,4,      101403201
2023,1014,68,1,1,6,1,1,1,3,      101406801
2023,1014,68,1,1,0,1,2,2,4,      101406801
2023,1014,75,1,1,1,3,1,1,4,      101407501
2023,1014,75,1,1,1,3,2,2,5,      101407501
2023,1014,130,1,1,0,1,2,1,6,      101413001
2023,1014,162,1,1,2,1,1,1,3,      101416201
2023,1014,162,1,1,0,1,2,2,4,      101416201
2023,1018,1,1,1,7,0,2,1,5,      101800101
2023,1018,1,3,1,1,1,2,1,3,      101800103
2023,1018,20,1,1,1,1,2,1,4,      101802001
2023,1018,41,1,1,0,1,2,1,10,      101804101
2023,1018,43,1,2, , ,2,1,3,      101804301
2023,1018,68,1,1,7,1,1,1,2,      101806801
2023,1018,68,1,1,1,1,2,2,3,      101806801
2023,1018,69,1,1,5,1,1,1,3,      101806901
2023,1018,69,1,1,0,1,2,2,4,      101806901
2023,1023,44,1,1,1,3,1,1,4,      102304401
2023,1023,44,1,1,2,3,1,2,5,      102304401
2023,1023,44,1,1,0,1,2,3,6,      102304401
2023,1023,77,1,1,1,2,2,1,5,      102307701
2023,1023,97,1,1,2,1,2,1,3,      102309701
2023,1023,106,1,1,2,2,2,1,4,      102310601
2023,1027,27,1,1,0,2,2,1,4,      102702701
2023,1027,68,1,1,3,3,1,1,2,      102706801
2023,1027,68,1,1,4,3,1,2,3,      102706801
2023,1027,68,1,1,0,3,2,3,4,      102706801
2023,1027,99,1,1,7,3,1,1,4,      102709901
2023,1027,99,1,1,0,3,2,2,5,      102709901
2023,1027,104,1,1,1,2,2,1,5,      102710401
2023,1027,108,1,1,1,3,1,1,6,      102710801
2023,1027,108,1,2, , ,1,2,7,      102710801
2023,1027,108,1,1,5,3,2,3,9,      102710801
2023,1027,109,1,1,1,3,2,1,6,      102710901
2023,1027,141,1,1,0,3,2,1,4,      102714101
2023,1031,17,1,1,3,0,2,1,3,      103101701
2023,1031,19,1,1,0,1,1,1,2,      103101901
2023,1031,19,1,1,0,1,2,2,3,      103101901
2023,1031,32,1,1,3,1,2,1,5,      103103201
2023,1031,115,1,1,5,1,1,1,3,      103111501
2023,1031,115,1,1,1,1,2,2,4,      103111501
2023,1039,11,1,1,5,3,2,1,4,      103901101
2023,1039,14,1,1,7,2,1,1,4,      103901401
2023,1039,14,1,1,0,1,2,2,5,      103901401
2023,1039,50,1,1,1,1,1,1,3,      103905001
2023,1039,50,1,1,1,1,2,2,4,      103905001
2023,1039,52,1,1,7,3,1,1,3,      103905201
2023,1039,52,1,1,1,3,2,2,4,      103905201
2023,1039,55,1,1,6,3,1,1,3,      103905501
2023,1039,55,1,1,1,3,2,2,4,      103905501
2023,1039,80,1,1,4,3,1,1,4,      103908001
2023,1039,80,1,1,1,3,2,2,5,      103908001
2023,1039,81,1,1,1,3,2,1,5,      103908101
2023,1039,82,1,1,4,4,1,1,4,      103908201
2023,1039,82,1,1,5,4,2,2,5,      103908201
2023,1039,83,1,1,7,4,2,1,4,      103908301
2023,1044,18,1,2, , ,2,1,4,      104401801
2023,1044,24,1,1,4,2,2,1,3,      104402401
2023,1044,27,1,1,5,2,2,1,4,      104402701
2023,1044,36,1,1,6,1,1,1,2,      104403601
2023,1044,36,1,1,5,1,2,2,3,      104403601
2023,1044,51,1,1,3,2,1,1,3,      104405101
2023,1044,51,1,1,0,2,2,2,4,      104405101
2023,1044,86,1,1,4,2,1,1,3,      104408601
2023,1044,86,1,1,6,2,2,2,5,      104408601
2023,1044,108,1,1,2,2,1,1,2,      104410801
2023,1044,108,1,1,0,2,2,2,3,      104410801
2023,1044,115,1,1,5,2,1,1,3,      104411501
2023,1044,115,1,1,2,2,2,2,4,      104411501
2023,1047,2,1,1,1,2,2,1,4,      104700201
2023,1047,6,1,1,2,3,2,1,4,      104700601
2023,1047,38,1,1,1,2,2,1,3,      104703801
2023,1047,62,1,1,5,3,1,1,4,      104706201
2023,1047,62,1,1,5,3,2,2,13,      104706201
2023,1047,94,1,1,4,2,2,1,4,      104709401
2023,1047,96,1,1,3,3,1,1,5,      104709601
2023,1047,96,1,1,0,3,2,2,6,      104709601
2023,1047,145,1,1,2,2,2,1,6,      104714501
2023,1047,147,1,1,1,3,2,1,3,      104714701
2023,1047,216,1,1,2,2,1,1,4,      104721601
2023,1047,216,1,1,1,2,2,2,5,      104721601
2023,1058,31,1,1,1,1,1,1,5,      105803101
2023,1058,31,1,1,8,0,1,2,8,      105803101
2023,1058,31,1,1,7,0,2,3,9,      105803101
2023,1058,36,1,1,8,1,1,1,3,      105803601
2023,1058,36,1,1,4,1,2,2,4,      105803601
2023,1058,81,1,1,8,0,1,1,3,      105808101
2023,1058,81,1,1,6,0,2,2,4,      105808101
2023,1058,103,1,2, , ,1,1,2,      105810301
2023,1058,103,1,2, , ,2,2,5,      105810301
2023,1058,162,1,1,8,1,1,1,3,      105816201
2023,1058,162,1,1,5,1,2,2,4,      105816201
2023,1058,168,1,1,1,1,2,1,3,      105816801
2023,1058,175,1,1,5,1,1,1,4,      105817501
2023,1058,175,1,1,3,1,1,2,8,      105817501
2023,1058,175,1,1,2,1,2,3,9,      105817501
2023,1059,4,1,1,1,1,1,1,3,      105900401
2023,1059,4,1,1,0,2,2,2,4,      105900401
2023,1059,51,1,1,1,2,2,1,5,      105905101
2023,1059,51,2,1,2,1,2,1,3,      105905102
2023,1059,90,1,1,3,2,1,1,5,      105909001
2023,1059,90,1,1,0,3,2,2,6,      105909001
2023,1059,126,1,1,3,3,1,1,3,      105912601
2023,1059,126,1,1,0,3,2,2,4,      105912601
2023,1059,152,1,1,0,1,2,1,4,      105915201
2023,1059,159,1,1,4,2,1,1,4,      105915901
2023,1059,159,1,1,1,2,2,2,5,      105915901
2023,1059,172,1,1,3,3,1,1,3,      105917201
2023,1059,172,1,1,1,3,2,2,4,      105917201
2023,1060,5,1,1,1,1,2,1,4,      106000501
2023,1060,15,1,1,1,0,2,1,3,      106001501
2023,1060,131,1,1,0,1,2,1,3,      106013101
2023,1062,13,1,1,2,2,1,1,7,      106201301
2023,1062,13,1,1,1,2,2,2,8,      106201301
2023,1062,29,1,1,2,2,2,1,4,      106202901
2023,1062,48,1,1,0,2,1,1,2,      106204801
2023,1062,48,1,1,1,2,2,2,5,      106204801
2023,1062,49,1,1,2,2,2,1,6,      106204901
2023,1062,75,1,1,4,2,2,1,4,      106207501
2023,1062,132,1,1,8,2,1,1,5,      106213201
2023,1062,132,1,1,1,2,2,2,8,      106213201
2023,1063,59,1,1,2,6,1,1,3,      106305901
2023,1063,59,1,1,1,7,2,2,4,      106305901
2023,1063,90,1,1,1,4,1,1,3,      106309001
2023,1063,90,1,1,4,6,1,2,5,      106309001
2023,1063,90,1,1,2,6,2,3,6,      106309001
2023,1063,118,1,1,1,4,2,1,3,      106311801
2023,1063,140,1,1,4,6,2,1,4,      106314001
2023,1064,65,1,1,7,3,1,1,4,      106406501
2023,1064,65,1,1,0,3,2,2,7,      106406501
2023,1064,80,1,1,0,3,2,1,4,      106408001
2023,1064,91,1,1,1,3,2,1,4,      106409101
2023,1064,99,1,1,8,3,1,1,8,      106409901
2023,1064,99,1,1,1,3,2,2,9,      106409901
2023,1068,9,1,1,1,0,2,1,4,      106800901
2023,1068,20,1,1,2,1,1,1,6,      106802001
2023,1068,20,1,1,1,1,2,2,9,      106802001
2023,1068,79,1,1,1,1,1,1,6,      106807901
2023,1068,79,1,1,3,1,2,2,7,      106807901
2023,1068,109,1,1,1,1,2,1,4,      106810901
2023,1068,150,1,1,3,1,1,1,5,      106815001
2023,1068,150,1,1,1,1,2,2,6,      106815001
2023,1070,54,1,1,6,3,2,1,8,      107005401
2023,1070,58,1,1,5,3,2,1,4,      107005801
2023,1070,68,1,1,4,2,2,1,4,      107006801
2023,1070,97,1,1,4,3,2,1,5,      107009701
2023,1070,141,1,1,5,3,2,1,2,      107014101
2023,1070,149,1,1,3,3,1,1,5,      107014901
2023,1070,149,1,1,1,3,2,2,6,      107014901
2023,1070,174,1,1,1,3,2,1,5,      107017401
2023,1070,178,1,1,1,3,2,1,2,      107017801
2023,1072,78,1,1,7,3,1,1,5,      107207801
2023,1072,78,1,1,4,3,1,2,6,      107207801
2023,1072,78,1,1,0,3,2,3,7,      107207801
2023,1072,111,1,1,0,3,2,1,4,      107211101
2023,1072,166,1,1,7,3,2,1,4,      107216601
2023,1072,171,1,1,0,3,1,1,5,      107217101
2023,1072,171,1,1,1,3,1,2,6,      107217101
2023,1072,171,1,1,1,3,2,3,9,      107217101
2023,1072,172,1,1,2,3,2,1,4,      107217201
2023,1078,13,1,1,2,2,2,1,9,      107801301
2023,1078,35,2,1,4,2,2,1,3,      107803502
2023,1078,36,1,1,6,2,2,1,7,      107803601
2023,1078,37,1,1,6,2,2,1,9,      107803701
2023,1078,78,1,2, , ,1,1,4,      107807801
2023,1078,78,1,1,1,2,2,2,5,      107807801
2023,1085,9,2,2, , ,1,1,3,      108500902
2023,1085,9,2,2, , ,2,2,4,      108500902
2023,1085,56,1,2, , ,2,1,3,      108505601
2023,1085,60,1,1,3,0,1,1,2,      108506001
2023,1085,60,1,1,1,0,1,2,3,      108506001
2023,1085,60,1,1,1,0,2,3,4,      108506001
2023,1085,91,1,1,5,0,1,1,6,      108509101
2023,1085,91,1,1,1,0,2,2,7,      108509101
2023,1085,98,1,2, , ,2,1,4,      108509801
2023,1085,141,1,2, , ,2,1,3,      108514101
2023,1085,161,1,2, , ,2,1,2,      108516101
2023,1085,162,1,1,2,0,1,1,6,      108516201
2023,1085,162,1,1,2,0,2,2,7,      108516201
2023,1090,61,1,1,5,3,2,1,3,      109006101
2023,1090,62,1,1,2,2,2,1,7,      109006201
2023,1090,63,1,1,3,3,2,1,4,      109006301
2023,1090,64,1,1,0,3,2,1,4,      109006401
2023,1090,65,1,1,2,2,2,1,4,      109006501
2023,1090,347,1,1,7,3,1,1,5,      109034701
2023,1090,347,1,1,0,3,2,2,6,      109034701
2023,1090,348,1,1,4,2,1,1,3,      109034801
2023,1090,348,1,1,5,2,2,2,5,      109034801
2023,1090,350,1,1,8,3,2,1,4,      109035001
2023,1090,617,1,1,7,3,2,1,4,      109061701
2023,1092,8,1,1,3,0,1,1,3,      109200801
2023,1092,8,1,1,3,0,1,2,4,      109200801
2023,1092,8,1,2, , ,2,3,5,      109200801
2023,1092,54,1,1,7,0,1,1,3,      109205401
2023,1092,54,1,1,3,0,1,2,4,      109205401
2023,1092,54,1,2, , ,2,3,5,      109205401
2023,1092,97,1,1,2,0,1,1,3,      109209701
2023,1092,97,1,1,1,0,2,2,4,      109209701
2023,1093,1,1,1,7,1,1,1,3,      109300101
2023,1093,1,1,1,6,1,1,2,4,      109300101
2023,1093,1,1,1,5,1,1,3,5,      109300101
2023,1093,1,1,1,3,1,1,4,6,      109300101
2023,1093,1,1,1,2,1,2,5,7,      109300101
2023,1093,5,1,2, , ,1,1,6,      109300501
2023,1093,5,1,2, , ,2,2,7,      109300501
2023,1093,7,1,1,4,1,2,1,3,      109300701
2023,1093,20,1,1,3,0,1,1,3,      109302001
2023,1093,20,1,1,0,1,2,2,4,      109302001
2023,1093,98,1,1,2,0,1,1,3,      109309801
2023,1093,98,1,1,2,0,1,2,4,      109309801
2023,1093,98,1,2, , ,2,3,5,      109309801
2023,1093,100,1,1,6,0,1,1,3,      109310001
2023,1093,100,1,1,3,0,1,2,4,      109310001
2023,1093,100,1,1,1,0,1,3,5,      109310001
2023,1093,100,1,2, , ,2,4,6,      109310001
2023,1095,6,1,1,3,3,1,1,3,      109500601
2023,1095,6,1,1,8,3,2,2,4,      109500601
2023,1095,7,1,1,5,3,1,1,3,      109500701
2023,1095,7,1,1,7,4,2,2,5,      109500701
2023,1095,9,1,1,6,2,1,1,3,      109500901
2023,1095,9,1,1,1,2,2,2,4,      109500901
2023,1095,11,1,1,2,2,1,1,3,      109501101
2023,1095,11,1,1,0,2,2,2,4,      109501101
2023,1095,40,1,1,6,1,2,1,5,      109504001
2023,1095,41,1,1,1,3,2,1,3,      109504101
2023,1095,42,1,1,6,2,1,1,4,      109504201
2023,1095,42,1,1,0,2,2,2,5,      109504201
2023,1095,44,1,1,5,2,1,1,5,      109504401
2023,1095,44,1,1,5,2,2,2,6,      109504401
2023,1095,76,1,1,1,4,1,1,3,      109507601
2023,1095,76,1,1,1,4,2,2,4,      109507601
2023,1095,78,1,1,0,4,1,1,6,      109507801
2023,1095,78,1,1,0,4,2,2,7,      109507801
2023,1095,79,1,1,6,2,2,1,4,      109507901
2023,1097,1,1,1,3,2,2,1,4,      109700101
2023,1097,2,1,1,6,3,2,1,4,      109700201
2023,1097,3,1,1,6,2,1,1,4,      109700301
2023,1097,3,1,1,4,2,1,2,5,      109700301
2023,1097,3,1,1,0,2,2,3,6,      109700301
2023,1097,84,1,1,5,3,1,1,5,      109708401
2023,1097,84,1,1,5,3,1,2,6,      109708401
2023,1097,84,1,1,3,3,1,3,7,      109708401
2023,1097,84,1,1,2,3,1,4,8,      109708401
2023,1097,84,1,1,0,1,2,5,9,      109708401
2023,1097,86,1,1,4,2,1,1,5,      109708601
2023,1097,86,1,1,1,2,1,2,6,      109708601
2023,1097,86,1,1,0,2,2,3,7,      109708601
2023,1097,87,1,1,1,2,1,1,3,      109708701
2023,1097,87,1,1,1,2,2,2,4,      109708701
2023,1097,100,1,1,0,3,2,1,3,      109710001
2023,1103,57,1,1,98,98,1,1,3,      110305701
2023,1103,57,1,1,0,1,2,2,4,      110305701
2023,1103,86,1,1,1,2,2,1,8,      110308601
2023,1106,23,1,1,3,3,2,1,4,      110602301
2023,1106,38,1,1,4,3,2,1,3,      110603801
2023,1106,126,1,1,5,3,2,1,4,      110612601
2023,1109,22,1,1,5,3,1,1,3,      110902201
2023,1109,22,1,1,3,3,2,2,4,      110902201
2023,1109,31,1,1,4,3,1,1,3,      110903101
2023,1109,31,1,1,3,3,1,2,4,      110903101
2023,1109,31,1,1,4,3,1,3,5,      110903101
2023,1109,31,1,1,1,3,2,4,6,      110903101
2023,1109,65,1,1,5,3,1,1,4,      110906501
2023,1109,65,1,1,0,1,2,2,5,      110906501
2023,1111,37,1,1,4,0,2,1,4,      111103701
2023,1111,38,1,1,7,0,1,1,2,      111103801
2023,1111,38,1,1,4,0,2,2,3,      111103801
2023,1111,58,1,1,1,0,2,1,3,      111105801
2023,1111,76,1,1,1,1,2,1,7,      111107601
2023,1111,101,1,1,4,0,2,1,4,      111110101
2023,1115,10,1,2, , ,1,1,3,      111501001
2023,1115,10,1,2, , ,1,2,5,      111501001
2023,1115,10,1,2, , ,2,3,6,      111501001
2023,1115,33,1,2, , ,1,1,4,      111503301
2023,1115,33,1,2, , ,1,2,5,      111503301
2023,1115,33,1,2, , ,2,3,6,      111503301
2023,1115,38,1,2, , ,2,1,3,      111503801
2023,1115,111,1,2, , ,2,1,3,      111511101
2023,1120,25,1,2, , ,2,1,5,      112002501
2023,1120,26,1,1,3,0,1,1,3,      112002601
2023,1120,26,1,1,1,0,2,2,4,      112002601
2023,1120,33,1,2, , ,2,1,5,      112003301
2023,1120,51,1,2, , ,2,1,3,      112005101
2023,1120,88,1,1,1,0,2,1,3,      112008801
2023,1121,18,1,2, , ,2,1,4,      112101801
2023,1121,34,1,1,3,0,2,1,4,      112103401
2023,1121,57,1,1,1,2,1,1,3,      112105701
2023,1121,57,1,1,0,2,2,2,4,      112105701
2023,1121,60,1,1,5,0,2,1,3,      112106001
2023,1124,22,1,1,1,3,1,1,3,      112402201
2023,1124,22,1,1,1,1,2,2,4,      112402201
2023,1124,25,1,1,4,2,2,1,4,      112402501
2023,1124,81,1,1,5,2,2,1,5,      112408101
2023,1124,84,1,2, , ,2,1,3,      112408401
2023,1127,20,1,1,2,3,1,1,3,      112702001
2023,1127,20,1,1,0,3,2,2,4,      112702001
2023,1127,38,1,2, , ,1,1,3,      112703801
2023,1127,38,1,1,0,3,2,2,4,      112703801
2023,1127,90,1,1,3,3,1,1,3,      112709001
2023,1127,90,1,1,0,3,2,2,4,      112709001
2023,1127,93,1,1,1,3,1,1,3,      112709301
2023,1127,93,1,1,6,3,2,2,6,      112709301
2023,1127,110,1,1,0,2,2,1,7,      112711001
2023,1128,22,1,1,7,3,2,1,6,      112802201
2023,1128,59,1,1,1,4,2,1,3,      112805901
2023,1128,69,1,1,4,3,2,1,3,      112806901
2023,1128,77,1,1,6,4,1,1,4,      112807701
2023,1128,77,1,1,3,4,1,2,6,      112807701
2023,1128,77,1,1,2,4,1,3,7,      112807701
2023,1128,77,1,1,2,4,2,4,8,      112807701
2023,1128,102,1,1,3,1,2,1,3,      112810201
2023,1129,78,1,1,3,2,1,1,3,      112907801
2023,1129,78,1,1,1,2,1,2,4,      112907801
2023,1129,78,1,1,0,2,2,3,5,      112907801
2023,1129,84,1,1,7,2,2,1,4,      112908401
2023,1129,98,1,1,4,2,2,1,7,      112909801
2023,1131,46,1,1,1,3,2,1,3,      113104601
2023,1131,47,1,1,0,2,2,1,4,      113104701
2023,1131,76,1,1,0,3,2,1,4,      113107601
2023,1131,85,1,1,98,98,2,1,5,      113108501
2023,1131,89,1,1,0,2,2,1,3,      113108901
2023,1131,95,1,1,0,3,2,1,3,      113109501
2023,1136,15,1,1,0,1,2,1,3,      113601501
2023,1136,18,1,2, , ,2,1,5,      113601801
2023,1136,27,1,1,1,1,1,1,2,      113602701
2023,1136,27,1,2, , ,2,2,3,      113602701
2023,1136,35,1,1,5,1,1,1,4,      113603501
2023,1136,35,1,1,0,1,2,2,5,      113603501
2023,1136,38,1,1,1,3,2,1,5,      113603801
2023,1137,20,1,1,5,4,2,1,2,      113702001
2023,1137,42,1,1,3,3,2,1,4,      113704201
2023,1137,44,1,1,0,1,1,1,5,      113704401
2023,1137,44,1,1,0,1,2,2,6,      113704401
2023,1137,48,1,1,1,3,2,1,2,      113704801
2023,1137,69,1,1,7,3,1,1,4,      113706901
2023,1137,69,1,1,1,2,2,2,5,      113706901
2023,1137,85,1,1,1,3,2,1,2,      113708501
2023,1144,47,1,1,6,6,2,1,3,      114404701
2023,1144,77,1,1,4,2,2,1,3,      114407701
2023,1144,91,1,1,5,3,1,1,4,      114409101
2023,1144,91,1,1,1,3,1,2,5,      114409101
2023,1144,91,1,1,5,3,2,3,8,      114409101
2023,1144,109,1,1,2,3,1,1,3,      114410901
2023,1144,109,1,1,0,3,2,2,4,      114410901
2023,1144,110,1,1,2,4,2,1,4,      114411001
2023,1145,35,1,1,2,4,2,1,4,      114503501
2023,1145,58,1,1,8,4,2,1,3,      114505801
2023,1145,81,1,1,3,4,1,1,3,      114508101
2023,1145,81,1,1,0,3,2,2,4,      114508101
2023,1145,83,1,1,0,4,2,1,3,      114508301
2023,1149,5,1,1,5,3,2,1,3,      114900501
2023,1149,7,1,1,2,3,2,1,3,      114900701
2023,1149,101,1,1,5,4,1,1,5,      114910101
2023,1149,101,1,1,3,2,2,2,6,      114910101
2023,1149,102,1,1,6,4,2,1,3,      114910201
2023,1149,114,1,1,3,3,2,1,3,      114911401
2023,1151,13,1,1,2,2,2,1,4,      115101301
2023,1151,14,1,1,0,1,1,1,2,      115101401
2023,1151,14,1,1,0,4,2,2,3,      115101401
2023,1151,15,1,1,0,3,1,1,3,      115101501
2023,1151,15,1,1,2,4,2,2,5,      115101501
2023,1151,82,1,1,4,3,1,1,4,      115108201
2023,1151,82,1,1,0,2,2,2,5,      115108201
2023,1151,109,1,1,1,4,2,1,5,      115110901
2023,1151,120,1,1,4,1,1,1,4,      115112001
2023,1151,120,1,1,2,1,2,2,5,      115112001
2023,1157,7,1,1,0,4,2,1,3,      115700701
2023,1157,30,1,1,4,0,1,1,3,      115703001
2023,1157,30,1,1,1,0,2,2,4,      115703001
2023,1157,42,1,1,5,0,2,1,2,      115704201
2023,1157,44,1,1,0,6,1,1,6,      115704401
2023,1157,44,1,1,0,4,1,2,7,      115704401
2023,1157,44,1,2, , ,1,3,8,      115704401
2023,1157,44,1,2, , ,2,4,9,      115704401
2023,1157,62,1,1,7,0,2,1,4,      115706201
2023,1157,77,1,1,5,0,1,1,3,      115707701
2023,1157,77,1,1,5,0,2,2,4,      115707701
2023,1157,79,1,1,2,0,1,1,4,      115707901
2023,1157,79,1,1,2,0,1,2,5,      115707901
2023,1157,79,1,1,2,0,2,3,6,      115707901
2023,1157,108,1,1,4,0,2,1,3,      115710801
2023,1158,9,1,1,0,3,2,1,4,      115800901
2023,1158,15,1,1,1,3,2,1,3,      115801501
2023,1158,16,1,1,1,3,2,1,3,      115801601
2023,1158,55,1,1,3,3,2,1,3,      115805501
2023,1158,62,1,1,0,1,2,1,3,      115806201
2023,1158,65,1,1,4,4,1,1,3,      115806501
2023,1158,65,1,1,0,4,1,2,5,      115806501
2023,1158,65,1,1,0,4,2,3,6,      115806501
2023,1158,70,1,1,7,4,1,1,3,      115807001
2023,1158,70,1,1,1,4,2,2,4,      115807001
2023,1167,30,1,1,4,3,2,1,3,      116703001
2023,1167,46,1,1,1,2,2,1,3,      116704601
2023,1167,62,1,1,2,5,1,1,4,      116706201
2023,1167,62,1,1,0,5,2,2,5,      116706201
2023,1167,100,1,1,1,5,2,1,5,      116710001
2023,1167,106,1,1,0,1,2,1,6,      116710601
2023,1169,46,1,1,0,1,2,1,3,      116904601
2023,1174,43,1,1,6,0,1,1,6,      117404301
2023,1174,43,1,1,3,0,2,2,7,      117404301
2023,1174,69,1,2, , ,2,1,3,      117406901
2023,1174,73,1,1,3,0,2,1,3,      117407301
2023,1174,75,1,1,1,3,2,1,2,      117407501
2023,1174,129,1,1,1,3,2,1,4,      117412901
2023,1174,146,1,1,1,3,2,1,3,      117414601
2023,1174,149,1,1,1,0,2,1,3,      117414901
2023,1175,3,1,1,0,2,2,1,4,      117500301
2023,1175,6,1,1,98,98,2,1,6,      117500601
2023,1175,36,1,1,3,2,2,1,3,      117503601
2023,1175,39,1,1,1,2,2,1,3,      117503901
2023,1175,59,1,1,4,2,2,1,3,      117505901
2023,1175,93,1,1,8,2,1,1,3,      117509301
2023,1175,93,1,1,5,2,2,2,4,      117509301
2023,1175,134,1,1,1,1,2,1,4,      117513401
2023,1176,55,1,1,3,3,2,1,3,      117605501
2023,1176,74,1,1,1,3,2,1,3,      117607401
2023,1176,113,1,1,6,3,2,1,4,      117611301
2023,1176,128,1,1,0,3,2,1,5,      117612801
2023,1179,27,1,1,5,2,2,1,4,      117902701
2023,1179,39,1,1,0,2,2,1,4,      117903901
2023,1179,73,1,1,5,2,2,1,3,      117907301
2023,1179,85,1,1,1,2,1,1,3,      117908501
2023,1179,85,1,1,1,2,2,2,4,      117908501
2023,1180,32,1,1,7,1,2,1,4,      118003201
2023,1180,42,2,1,6,1,2,1,5,      118004202
2023,1180,44,1,1,6,1,2,1,4,      118004401
2023,1180,48,1,1,0,1,2,1,6,      118004801
2023,1180,53,1,1,0,1,2,1,3,      118005301
2023,1180,59,1,8, , ,1,1,3,      118005901
2023,1180,59,1,1,1,1,1,2,4,      118005901
2023,1180,59,1,1,98,98,1,3,5,      118005901
2023,1180,59,1,1,1,1,2,4,7,      118005901
2023,1180,98,1,1,8,1,2,1,4,      118009801
2023,1182,74,1,1,0,5,2,1,3,      118207401
2023,1182,94,1,1,6,3,2,1,2,      118209401
2023,1182,108,1,1,0,5,1,1,3,      118210801
2023,1182,108,1,1,6,5,2,2,5,      118210801
2023,1182,118,1,1,3,4,1,1,3,      118211801
2023,1182,118,1,1,0,4,2,2,4,      118211801
2023,1190,32,1,1,3,1,2,1,3,      119003201
2023,1190,46,1,1,0,1,2,1,3,      119004601
2023,1191,7,1,1,1,0,2,1,3,      119100701
2023,1191,12,1,1,1,3,1,1,3,      119101201
2023,1191,12,1,1,1,3,2,2,4,      119101201
2023,1191,73,1,1,6,1,1,1,4,      119107301
2023,1191,73,1,1,3,1,2,2,5,      119107301
2023,1191,78,1,1,1,3,2,1,3,      119107801
2023,1191,116,1,1,1,0,1,1,4,      119111601
2023,1191,116,1,2, , ,2,2,5,      119111601
2023,1191,132,1,1,1,3,2,1,3,      119113201
2023,1194,2,1,1,1,0,2,1,4,      119400201
2023,1194,4,1,1,7,0,1,1,4,      119400401
2023,1194,4,1,1,1,1,2,2,5,      119400401
2023,1194,5,1,1,2,1,2,1,3,      119400501
2023,1194,75,1,2, , ,1,1,3,      119407501
2023,1194,75,1,1,0,1,2,2,4,      119407501
2023,1196,88,1,1,1,1,2,1,5,      119608801
2023,1196,90,1,1,2,1,1,1,3,      119609001
2023,1196,90,1,1,0,1,2,2,4,      119609001
2023,1196,97,2,1,1,3,2,1,4,      119609702
2023,1196,105,1,1,0,3,2,1,3,      119610501
2023,1198,4,1,1,3,0,1,1,3,      119800401
2023,1198,4,1,1,0,3,2,2,4,      119800401
2023,1198,7,1,1,7,3,1,1,2,      119800701
2023,1198,7,1,1,0,3,2,2,3,      119800701
2023,1198,75,1,1,5,3,2,1,4,      119807501
2023,1198,83,1,1,3,3,2,1,3,      119808301
2023,1198,100,1,1,1,3,2,1,3,      119810001
2023,1198,103,1,1,7,3,1,1,3,      119810301
2023,1198,103,1,1,0,3,2,2,4,      119810301
2023,1203,13,1,1,5,0,1,1,3,      120301301
2023,1203,13,1,1,5,0,1,2,4,      120301301
2023,1203,13,1,1,1,0,2,3,5,      120301301
2023,1203,34,1,1,7,0,2,1,2,      120303401
2023,1205,100,1,1,0,8,2,1,3,      120510001
2023,1214,8,1,1,4,2,2,1,6,      121400801
2023,1214,63,1,1,3,3,2,1,3,      121406301
2023,1214,72,1,1,8,3,2,1,4,      121407201
2023,1216,9,1,1,4,1,2,1,4,      121600901
2023,1216,10,1,1,2,1,1,1,3,      121601001
2023,1216,10,1,1,5,1,1,2,4,      121601001
2023,1216,10,1,1,5,1,2,3,5,      121601001
2023,1216,31,1,1,6,1,2,1,3,      121603101
2023,1216,33,1,1,4,1,2,1,4,      121603301
2023,1216,57,1,1,6,1,2,1,2,      121605701
2023,1222,5,1,1,1,1,1,1,3,      122200501
2023,1222,5,1,1,0,1,2,2,4,      122200501
2023,1222,15,1,1,2,7,2,1,4,      122201501
2023,1222,20,1,1,3,3,2,1,4,      122202001
2023,1222,28,1,1,1,6,2,1,2,      122202801
2023,1222,32,1,1,5,0,1,1,3,      122203201
2023,1222,32,1,1,3,0,2,2,4,      122203201
2023,1222,116,1,1,2,6,1,1,3,      122211601
2023,1222,116,1,1,1,6,2,2,4,      122211601
2023,1225,63,1,1,0,4,2,1,2,      122506301
2023,1225,70,1,1,1,3,2,1,3,      122507001
2023,1225,80,1,1,5,4,2,1,6,      122508001
2023,1225,129,1,1,3,4,1,1,3,      122512901
2023,1225,129,1,1,0,4,2,2,4,      122512901
2023,1226,29,1,1,0,4,2,1,2,      122602901
2023,1226,42,1,1,2,2,2,1,4,      122604201
2023,1226,47,1,1,6,3,2,1,5,      122604701
2023,1226,66,1,1,3,2,1,1,3,      122606601
2023,1226,66,1,1,2,2,2,2,4,      122606601
2023,1226,97,1,1,4,4,2,1,3,      122609701
2023,1226,102,1,1,0,2,2,1,5,      122610201
2023,1231,27,1,1,2,3,2,1,3,      123102701
2023,1231,55,1,1,5,3,1,1,3,      123105501
2023,1231,55,1,1,2,3,1,2,4,      123105501
2023,1231,55,1,1,0,3,2,3,5,      123105501
2023,1231,62,1,1,1,3,2,1,3,      123106201
2023,1232,16,1,2, , ,1,1,2,      123201601
2023,1232,16,1,1,0,1,2,2,3,      123201601
2023,1232,78,1,1,3,4,2,1,5,      123207801
2023,1232,116,1,1,5,3,2,1,2,      123211601
2023,1232,135,1,1,0,3,2,1,3,      123213501
2023,1232,155,1,1,2,1,1,1,6,      123215501
2023,1232,155,1,1,2,1,2,2,7,      123215501
2023,1232,157,1,1,0,3,2,1,2,      123215701
2023,1232,178,1,1,0,2,2,1,3,      123217801
2023,1240,2,1,1,6,4,2,1,3,      124000201
2023,1240,9,1,1,4,4,2,1,3,      124000901
2023,1240,32,1,1,4,4,1,1,3,      124003201
2023,1240,32,1,1,1,4,2,2,4,      124003201
2023,1240,73,1,1,6,4,2,1,4,      124007301
2023,1240,115,1,1,2,2,2,1,2,      124011501
2023,1241,61,1,1,2,1,2,1,4,      124106101
2023,1241,77,1,1,1,1,2,1,3,      124107701
2023,1241,109,1,1,0,1,2,1,3,      124110901
2023,1241,120,1,1,3,1,2,1,5,      124112001
2023,1247,10,1,1,4,2,2,1,3,      124701001
2023,1247,40,1,1,8,2,1,1,4,      124704001
2023,1247,40,1,1,0,2,2,2,5,      124704001
2023,1247,61,1,1,4,2,1,1,3,      124706101
2023,1247,61,1,1,0,2,2,2,4,      124706101
2023,1247,62,1,1,1,2,2,1,2,      124706201
2023,1247,87,1,1,7,2,2,1,3,      124708701
2023,1251,20,1,1,2,1,2,1,3,      125102001
2023,1251,38,1,1,2,2,1,1,3,      125103801
2023,1251,38,1,1,0,2,2,2,4,      125103801
2023,1251,76,1,1,5,1,2,1,5,      125107601
2023,1251,124,1,1,6,2,1,1,3,      125112401
2023,1251,124,1,1,6,2,1,2,4,      125112401
2023,1251,124,1,1,1,2,2,3,5,      125112401
2023,1253,28,1,1,0,1,2,1,3,      125302801
2023,1253,62,1,1,1,1,2,1,3,      125306201
2023,1253,105,1,1,1,1,2,1,5,      125310501
2023,1253,146,1,1,4,1,2,1,3,      125314601
2023,1260,23,1,1,3,1,2,1,3,      126002301
2023,1260,79,1,1,5,3,1,1,3,      126007901
2023,1260,79,1,1,3,3,2,2,4,      126007901
2023,1262,22,1,1,1,0,2,1,3,      126202201
2023,1262,27,1,1,6,0,2,1,4,      126202701
2023,1262,86,1,1,2,0,2,1,6,      126208601
2023,1271,7,1,1,1,2,2,1,3,      127100701
2023,1271,8,1,1,4,3,1,1,3,      127100801
2023,1271,8,1,1,2,3,2,2,4,      127100801
2023,1271,11,1,1,1,3,2,1,4,      127101101
2023,1271,43,1,1,3,3,1,1,4,      127104301
2023,1271,43,1,1,1,3,2,2,5,      127104301
2023,1271,46,1,1,1,3,2,1,6,      127104601
2023,1271,113,1,1,2,4,1,1,2,      127111301
2023,1271,113,1,1,0,4,2,2,3,      127111301
2023,1271,117,1,1,1,3,2,1,3,      127111701
2023,1273,3,1,1,7,4,1,1,3,      127300301
2023,1273,3,1,1,5,4,2,2,6,      127300301
2023,1273,13,1,1,5,4,1,1,3,      127301301
2023,1273,13,1,1,2,4,2,2,4,      127301301
2023,1273,16,1,1,1,3,2,1,4,      127301601
2023,1273,35,1,1,3,4,2,1,3,      127303501
2023,1273,38,1,1,3,4,1,1,7,      127303801
2023,1273,38,1,1,1,4,2,2,8,      127303801
2023,1273,57,1,1,3,4,2,1,2,      127305701
2023,1277,1,1,1,4,3,1,1,3,      127700101
2023,1277,1,1,1,3,3,1,2,4,      127700101
2023,1277,1,1,1,2,3,1,3,5,      127700101
2023,1277,1,1,1,1,3,2,4,6,      127700101
2023,1277,9,1,1,4,3,2,1,3,      127700901
2023,1277,10,1,1,6,3,2,1,3,      127701001
2023,1277,35,1,1,5,4,2,1,3,      127703501
2023,1277,40,1,1,8,3,2,1,5,      127704001
2023,1277,53,1,1,0,3,2,1,4,      127705301
2023,1277,54,1,1,2,4,2,1,3,      127705401
2023,1277,55,1,1,7,3,1,1,2,      127705501
2023,1277,55,1,1,5,3,2,2,3,      127705501
2023,1280,33,1,1,2,1,2,1,5,      128003301
2023,1280,54,1,1,2,1,2,1,7,      128005401
2023,1280,54,2,1,1,0,2,1,3,      128005402
2023,1280,116,1,1,1,1,2,1,8,      128011601
2023,1280,138,1,1,3,1,1,1,10,      128013801
2023,1280,138,1,1,3,1,2,2,11,      128013801
2023,1282,24,1,1,1,1,1,1,3,      128202401
2023,1282,24,1,1,1,1,2,2,4,      128202401
2023,1282,30,1,1,5,1,1,1,3,      128203001
2023,1282,30,1,1,3,1,2,2,4,      128203001
2023,1282,62,1,1,8,1,1,1,3,      128206201
2023,1282,62,1,1,5,1,1,2,4,      128206201
2023,1282,62,1,1,3,1,2,3,5,      128206201
2023,1282,86,1,1,1,2,1,1,3,      128208601
2023,1282,86,1,1,4,2,1,2,7,      128208601
2023,1282,86,1,1,2,2,2,3,8,      128208601
2023,1282,120,1,1,4,2,2,1,2,      128212001
2023,1294,11,1,1,2,2,1,1,3,      129401101
2023,1294,11,1,1,3,2,2,2,4,      129401101
2023,1294,42,1,1,4,3,2,1,3,      129404201
2023,1294,96,1,2, , ,2,1,2,      129409601
2023,1299,19,1,1,5,2,1,1,2,      129901901
2023,1299,19,1,2, , ,2,2,3,      129901901
2023,1299,30,1,1,1,3,2,1,3,      129903001
2023,1299,37,1,1,0,1,2,1,5,      129903701
2023,1299,72,1,1,2,3,1,1,4,      129907201
2023,1299,72,1,1,0,3,1,2,6,      129907201
2023,1299,72,1,2, , ,2,3,7,      129907201
2023,1299,92,1,1,3,2,1,1,3,      129909201
2023,1299,92,1,1,0,2,2,2,4,      129909201
2023,1299,120,2,1,7,3,1,1,2,      129912002
2023,1299,120,2,1,3,3,2,2,3,      129912002
2023,1301,1,1,1,1,2,2,1,3,      130100101
2023,1301,28,1,1,1,1,1,1,5,      130102801
2023,1301,28,1,1,6,1,1,2,7,      130102801
2023,1301,28,1,1,4,1,2,3,8,      130102801
2023,1301,73,1,2, , ,1,1,7,      130107301
2023,1301,73,1,1,2,2,2,2,10,      130107301
2023,1301,84,1,2, , ,2,1,5,      130108401
2023,1301,115,1,1,1,1,2,1,4,      130111501
2023,1301,116,1,1,5,2,1,1,2,      130111601
2023,1301,116,1,2, , ,2,2,3,      130111601
2023,1307,79,1,1,3,1,1,1,6,      130707901
2023,1307,79,1,1,3,1,2,2,7,      130707901
2023,1309,13,1,1,4,3,1,1,3,      130901301
2023,1309,13,1,1,0,3,2,2,4,      130901301
2023,1309,26,1,1,5,2,2,1,3,      130902601
2023,1309,39,1,1,4,3,2,1,4,      130903901
2023,1309,44,1,1,6,2,1,1,3,      130904401
2023,1309,44,1,1,0,2,2,2,4,      130904401
2023,1309,55,1,1,5,3,1,1,3,      130905501
2023,1309,55,1,1,1,3,2,2,4,      130905501
2023,1309,107,1,1,6,2,1,1,5,      130910701
2023,1309,107,1,1,1,3,2,2,6,      130910701
2023,1309,115,1,1,0,3,2,1,3,      130911501
2023,1309,139,1,1,2,3,1,1,5,      130913901
2023,1309,139,1,2, , ,2,2,6,      130913901
2023,1313,14,1,1,0,1,2,1,5,      131301401
2023,1313,45,1,1,2,1,1,1,2,      131304501
2023,1313,45,1,1,0,1,2,2,3,      131304501
2023,1313,50,1,1,5,1,1,1,3,      131305001
2023,1313,50,1,1,1,1,1,2,4,      131305001
2023,1313,50,1,1,0,1,2,3,5,      131305001
2023,1313,71,1,1,8,1,1,1,5,      131307101
2023,1313,71,1,1,6,1,1,2,6,      131307101
2023,1313,71,1,1,3,1,2,3,7,      131307101
2023,1313,82,1,2, , ,2,1,5,      131308201
2023,1313,143,1,1,0,1,1,1,3,      131314301
2023,1313,143,1,1,0,1,1,2,4,      131314301
2023,1313,143,1,1,0,1,2,3,5,      131314301
2023,1313,147,1,1,4,2,1,1,6,      131314701
2023,1313,147,1,2, , ,2,2,8,      131314701
2023,1313,162,1,1,4,1,2,1,4,      131316201
2023,1316,8,1,1,2,1,2,1,5,      131600801
2023,1316,13,1,1,0,2,2,1,3,      131601301
2023,1316,26,1,1,4,2,1,1,3,      131602601
2023,1316,26,1,1,1,2,2,2,4,      131602601
2023,1316,29,1,1,1,1,2,1,3,      131602901
2023,1316,44,1,1,1,2,2,1,3,      131604401
2023,1316,102,1,1,8,2,2,1,4,      131610201
2023,1316,134,1,1,2,2,2,1,5,      131613401
2023,1323,31,1,1,1,1,2,1,2,      132303101
2023,1323,109,1,1,4,1,1,1,3,      132310901
2023,1323,109,1,1,2,1,2,2,4,      132310901
2023,1323,170,1,1,4,1,1,1,4,      132317001
2023,1323,170,1,1,0,1,2,2,5,      132317001
2023,1325,37,1,1,3,2,2,1,4,      132503701
2023,1325,38,1,1,3,3,2,1,4,      132503801
2023,1325,44,1,1,7,2,1,1,3,      132504401
2023,1325,44,1,1,4,2,2,2,4,      132504401
2023,1325,46,1,1,5,3,1,1,3,      132504601
2023,1325,46,1,1,0,3,2,2,4,      132504601
2023,1325,53,1,1,1,3,1,1,2,      132505301
2023,1325,53,1,1,6,3,2,2,3,      132505301
2023,1325,54,1,1,5,2,2,1,5,      132505401
2023,1325,58,1,1,1,3,2,1,3,      132505801
2023,1325,73,1,1,0,3,2,1,5,      132507301
2023,1325,75,1,1,8,2,2,1,5,      132507501
2023,1328,16,1,1,4,1,2,1,2,      132801601
2023,1328,53,2,1,0,1,2,1,4,      132805302
2023,1328,54,1,1,5,1,2,1,3,      132805401
2023,1328,55,1,1,1,1,2,1,3,      132805501
2023,1328,58,1,1,7,1,2,1,3,      132805801
2023,1328,59,1,1,1,1,1,1,4,      132805901
2023,1328,59,1,1,1,1,2,2,5,      132805901
2023,1328,60,1,1,5,1,1,1,5,      132806001
2023,1328,60,1,1,4,1,1,2,6,      132806001
2023,1328,60,1,1,2,1,2,3,9,      132806001
2023,1328,61,1,1,5,1,2,1,5,      132806101
2023,1328,64,1,1,4,1,2,1,5,      132806401
2023,1334,7,1,1,1,2,2,1,4,      133400701
2023,1334,15,1,1,4,1,1,1,3,      133401501
2023,1334,15,1,1,1,1,2,2,4,      133401501
2023,1334,53,1,1,8,1,1,1,4,      133405301
2023,1334,53,1,1,4,1,2,2,5,      133405301
2023,1334,63,1,1,0,1,2,1,3,      133406301
2023,1334,67,1,1,1,2,2,1,5,      133406701
2023,1334,86,1,1,0,1,2,1,5,      133408601
2023,1334,100,1,1,0,1,2,1,3,      133410001
2023,1334,102,1,1,8,1,2,1,3,      133410201
2023,1334,109,1,1,3,1,1,1,4,      133410901
2023,1334,109,1,1,0,1,2,2,5,      133410901
2023,1334,113,1,1,0,1,2,1,3,      133411301
2023,1334,120,1,1,1,1,2,1,4,      133412001
2023,1334,123,1,1,4,1,2,1,3,      133412301
2023,1337,12,1,1,2,3,2,1,3,      133701201
2023,1337,31,1,1,4,3,1,1,2,      133703101
2023,1337,31,1,1,1,3,2,2,3,      133703101
2023,1337,46,1,1,8,3,2,1,4,      133704601
2023,1337,49,1,1,4,1,1,1,4,      133704901
2023,1337,49,1,1,3,1,2,2,5,      133704901
2023,1337,71,1,1,6,3,2,1,3,      133707101
2023,1337,98,1,1,1,3,2,1,3,      133709801
2023,1342,22,1,1,0,2,2,1,4,      134202201
2023,1342,87,1,1,0,2,2,1,5,      134208701
2023,1342,139,1,1,1,3,2,1,4,      134213901
2023,1342,148,1,1,7,2,1,1,2,      134214801
2023,1342,148,1,1,3,2,2,2,3,      134214801
2023,1343,3,1,1,2,1,2,1,3,      134300301
2023,1343,29,1,1,0,2,2,1,4,      134302901
2023,1343,49,1,1,4,3,2,1,3,      134304901
2023,1343,66,1,1,1,1,1,1,3,      134306601
2023,1343,66,1,1,0,2,2,2,4,      134306601
2023,1343,100,1,1,1,3,2,1,3,      134310001
2023,1343,127,1,1,1,2,2,1,3,      134312701
2023,1343,133,1,1,2,3,1,1,4,      134313301
2023,1343,133,1,1,2,3,2,2,5,      134313301
2023,1349,7,1,1,1,1,2,1,2,      134900701
2023,1349,45,1,1,8,2,1,1,2,      134904501
2023,1349,45,1,1,1,2,2,2,3,      134904501
2023,1349,58,1,1,8,2,2,1,4,      134905801
2023,1349,111,1,1,7,2,2,1,2,      134911101
2023,1349,115,1,2, , ,2,1,3,      134911501
2023,1349,121,1,1,7,2,1,1,3,      134912101
2023,1349,121,1,1,1,2,2,2,4,      134912101
2023,1350,35,1,1,5,1,2,1,3,      135003501
2023,1350,37,1,1,2,0,1,1,3,      135003701
2023,1350,37,1,1,0,1,2,2,4,      135003701
2023,1350,45,1,1,2,1,2,1,3,      135004501
2023,1350,63,1,1,7,0,2,1,2,      135006301
2023,1350,67,1,1,1,1,2,1,4,      135006701
2023,1350,74,1,1,1,1,2,1,3,      135007401
2023,1350,77,1,1,1,1,2,1,4,      135007701
2023,1351,20,1,1,0,3,2,1,2,      135102001
2023,1351,23,1,1,1,3,2,1,3,      135102301
2023,1351,40,1,1,5,3,2,1,3,      135104001
2023,1351,82,1,1,3,3,2,1,4,      135108201
2023,1351,120,1,1,5,3,1,1,6,      135112001
2023,1351,120,1,1,2,3,2,2,7,      135112001
2023,1356,44,1,2, , ,2,1,3,      135604401
2023,1356,58,1,1,6,1,2,1,4,      135605801
2023,1356,64,1,1,1,3,1,1,3,      135606401
2023,1356,64,1,1,1,3,2,2,4,      135606401
2023,1356,126,1,1,1,1,2,1,3,      135612601
2023,1357,62,1,1,0,3,2,1,3,      135706201
2023,1357,85,1,1,2,2,2,1,2,      135708501
2023,1357,95,1,1,3,3,2,1,2,      135709501
2023,1357,109,1,1,0,2,1,1,4,      135710901
2023,1357,109,1,1,0,2,2,2,5,      135710901
2023,1363,37,1,1,2,1,2,1,3,      136303701
2023,1363,83,1,2, , ,1,1,2,      136308301
2023,1363,83,1,1,0,3,2,2,3,      136308301
2023,1363,85,1,1,4,1,2,1,4,      136308501
2023,1363,87,1,1,1,1,2,1,4,      136308701
2023,1363,108,1,1,1,1,2,1,4,      136310801
2023,1363,109,1,1,7,3,1,1,2,      136310901
2023,1363,109,1,1,3,3,2,2,3,      136310901
2023,1363,148,1,1,5,2,1,1,2,      136314801
2023,1363,148,1,1,1,2,2,2,3,      136314801
2023,1363,151,1,1,6,1,2,1,4,      136315101
2023,1367,22,1,1,6,3,2,1,3,      136702201
2023,1367,41,1,1,2,3,2,1,2,      136704101
2023,1367,53,1,1,1,3,2,1,2,      136705301
2023,1367,87,1,1,3,3,2,1,3,      136708701
2023,1367,88,1,1,6,3,2,1,3,      136708801
2023,1367,89,1,1,2,3,2,1,2,      136708901
2023,1367,90,1,1,6,3,2,1,4,      136709001
2023,1374,12,1,1,6,3,1,1,3,      137401201
2023,1374,12,1,1,2,3,1,2,4,      137401201
2023,1374,12,1,1,1,3,2,3,5,      137401201
2023,1374,47,1,1,5,2,1,1,5,      137404701
2023,1374,47,1,1,1,2,2,2,6,      137404701
2023,1374,49,1,1,3,2,2,1,3,      137404901
2023,1374,50,1,2, , ,2,1,3,      137405001
2023,1374,51,1,1,5,3,2,1,4,      137405101
2023,1375,17,1,1,0,3,2,1,4,      137501701
2023,1375,54,1,1,6,4,1,1,5,      137505401
2023,1375,54,1,1,1,4,1,2,6,      137505401
2023,1375,54,1,1,2,4,1,3,8,      137505401
2023,1375,54,1,1,0,4,2,4,9,      137505401
2023,1375,100,1,1,0,2,2,1,3,      137510001
2023,1377,18,1,1,3,3,1,1,3,      137701801
2023,1377,18,1,1,1,3,2,2,4,      137701801
2023,1377,19,1,1,1,3,2,1,3,      137701901
2023,1377,22,1,1,6,3,2,1,4,      137702201
2023,1377,91,1,1,1,3,1,1,3,      137709101
2023,1377,91,1,1,0,3,2,2,4,      137709101
2023,1378,25,1,1,6,4,2,1,5,      137802501
2023,1378,35,1,1,7,3,1,1,2,      137803501
2023,1378,35,1,1,4,3,2,2,3,      137803501
2023,1378,59,1,1,4,3,2,1,4,      137805901
2023,1378,60,1,1,0,3,1,1,4,      137806001
2023,1378,60,1,1,3,3,2,2,5,      137806001
2023,1378,63,1,1,3,3,2,1,3,      137806301
2023,1378,65,1,1,1,3,2,1,5,      137806501
2023,1389,41,1,1,2,1,2,1,4,      138904101
2023,1389,97,1,2, , ,2,1,3,      138909701
2023,1389,140,1,1,1,1,1,1,3,      138914001
2023,1389,140,1,1,1,1,2,2,5,      138914001
2023,1389,141,1,1,1,1,2,1,3,      138914101
2023,1389,142,1,1,0,1,2,1,4,      138914201
2023,1396,10,1,1,1,3,2,1,5,      139601001
2023,1396,91,1,1,0,3,2,1,4,      139609101
2023,1396,94,1,1,6,3,1,1,4,      139609401
2023,1396,94,1,1,0,3,2,2,5,      139609401
2023,1396,158,1,1,7,3,2,1,3,      139615801
2023,1396,264,1,1,2,0,1,1,2,      139626401
2023,1396,264,1,1,1,3,2,2,3,      139626401
2023,1398,35,1,1,5,4,1,1,4,      139803501
2023,1398,35,1,1,1,4,2,2,5,      139803501
2023,1398,46,1,1,4,4,2,1,4,      139804601
2023,1398,92,1,1,2,4,2,1,7,      139809201
2023,1398,170,1,1,5,4,2,1,4,      139817001
2023,1403,18,1,1,1,2,2,1,7,      140301801
2023,1403,25,1,1,2,2,2,1,3,      140302501
2023,1403,33,1,1,0,3,2,1,3,      140303301
2023,1403,105,1,1,0,3,1,1,3,      140310501
2023,1403,105,1,1,0,3,1,2,4,      140310501
2023,1403,105,1,1,2,0,2,3,8,      140310501
2023,1409,13,1,1,5,2,1,1,3,      140901301
2023,1409,13,1,1,0,2,2,2,4,      140901301
2023,1409,37,1,1,4,2,1,1,4,      140903701
2023,1409,37,1,1,0,2,2,2,5,      140903701
2023,1409,53,1,1,1,2,2,1,3,      140905301
2023,1409,58,1,1,3,1,2,1,4,      140905801
2023,1409,87,1,1,7,2,1,1,3,      140908701
2023,1409,87,1,1,5,2,1,2,4,      140908701
2023,1409,87,1,1,1,2,2,3,5,      140908701
2023,1409,134,1,1,0,2,2,1,3,      140913401
2023,1409,134,2,1,0,2,2,1,3,      140913402
2023,1409,144,1,1,0,1,2,1,2,      140914401
2023,1411,27,1,1,7,4,1,1,2,      141102701
2023,1411,27,1,1,7,4,2,2,3,      141102701
2023,1411,33,1,1,1,4,2,1,3,      141103301
2023,1411,79,1,1,6,4,1,1,3,      141107901
2023,1411,79,1,1,1,4,2,2,4,      141107901
2023,1411,80,1,1,1,4,2,1,3,      141108001
2023,1411,118,1,1,0,4,2,1,3,      141111801
2023,1411,119,1,1,1,4,2,1,4,      141111901
2023,1411,176,1,1,5,4,2,1,5,      141117601
2023,1411,178,1,1,0,4,2,1,4,      141117801
2023,1411,188,1,1,4,4,1,1,3,      141118801
2023,1411,188,1,1,0,4,2,2,4,      141118801
2023,1414,100,1,1,0,11,2,1,3,      141410001
2023,1417,27,1,1,5,2,2,1,6,      141702701
2023,1417,65,1,1,2,1,1,1,4,      141706501
2023,1417,65,1,1,1,1,2,2,5,      141706501
2023,1417,100,1,1,3,2,1,1,3,      141710001
2023,1417,100,1,1,0,2,2,2,4,      141710001
2023,1417,109,1,1,7,1,1,1,3,      141710901
2023,1417,109,1,1,0,1,2,2,4,      141710901
2023,1417,151,1,1,1,2,1,1,5,      141715101
2023,1417,151,1,1,1,2,2,2,6,      141715101
2023,1417,165,1,1,5,2,1,1,5,      141716501
2023,1417,165,1,1,1,2,2,2,6,      141716501
2023,1418,1,1,1,5,2,2,1,3,      141800101
2023,1418,52,1,1,0,2,2,1,3,      141805201
2023,1424,47,1,1,4,1,1,1,4,      142404701
2023,1424,47,1,1,0,1,2,2,5,      142404701
2023,1424,112,1,1,5,1,2,1,4,      142411201
2023,1424,162,1,1,2,1,2,1,5,      142416201
2023,1426,20,1,1,1,4,2,1,3,      142602001
2023,1426,26,1,1,7,4,2,1,7,      142602601
2023,1426,30,1,1,5,4,1,1,3,      142603001
2023,1426,30,1,1,2,4,2,2,4,      142603001
2023,1426,31,1,1,4,4,2,1,3,      142603101
2023,1426,45,1,1,5,4,2,1,4,      142604501
2023,1426,46,1,1,6,4,2,1,4,      142604601
2023,1426,48,1,1,7,4,1,1,5,      142604801
2023,1426,48,1,1,5,4,1,2,6,      142604801
2023,1426,48,1,1,1,4,2,3,7,      142604801
2023,1426,49,1,1,4,4,2,1,4,      142604901
2023,1426,119,1,1,0,4,2,1,3,      142611901
2023,1426,121,1,1,4,4,2,1,4,      142612101
2023,1426,123,1,1,0,4,2,1,2,      142612301
2023,1427,53,1,1,3,0,1,1,3,      142705301
2023,1427,53,1,1,1,0,2,2,4,      142705301
2023,1427,55,1,1,1,0,2,1,3,      142705501
2023,1428,11,1,1,2,0,1,1,4,      142801101
2023,1428,11,1,1,0,1,2,2,5,      142801101
2023,1428,13,2,1,4,1,2,1,3,      142801302
2023,1428,19,2,1,0,1,2,1,3,      142801902
2023,1428,40,1,1,2,0,2,1,3,      142804001
2023,1428,42,1,1,2,1,2,1,2,      142804201
2023,1435,12,1,1,0,3,2,1,4,      143501201
2023,1435,13,1,1,7,3,2,1,2,      143501301
2023,1435,14,1,1,6,3,1,1,4,      143501401
2023,1435,14,1,1,3,3,1,2,5,      143501401
2023,1435,14,1,1,0,3,2,3,6,      143501401
2023,1435,68,1,1,5,3,2,1,5,      143506801
2023,1435,90,1,2, , ,1,1,7,      143509001
2023,1435,90,1,1,1,3,2,2,8,      143509001
2023,1435,91,1,1,4,3,1,1,3,      143509101
2023,1435,91,1,1,0,3,2,2,4,      143509101
2023,1435,93,1,2, , ,2,1,6,      143509301
2023,1435,99,1,1,2,3,2,1,3,      143509901
2023,1435,101,1,1,5,3,2,1,4,      143510101
2023,1437,265,1,1,3,4,2,1,3,      143726501
2023,1437,267,1,1,3,4,2,1,5,      143726701
2023,1437,268,1,1,3,4,2,1,3,      143726801
2023,1437,269,1,2, , ,1,1,3,      143726901
2023,1437,269,1,2, , ,2,2,4,      143726901
2023,1437,269,2,1,2,4,1,1,3,      143726902
2023,1437,269,2,1,1,4,2,2,4,      143726902
2023,1437,271,1,1,2,4,1,1,4,      143727101
2023,1437,271,1,1,1,4,2,2,5,      143727101
2023,1437,272,1,1,2,4,2,1,6,      143727201
2023,1437,275,2,1,3,4,2,1,3,      143727502
2023,1437,279,1,1,1,4,2,1,4,      143727901
2023,1437,280,1,1,0,4,2,1,5,      143728001
2023,1437,362,1,1,3,4,1,1,4,      143736201
2023,1437,362,1,1,0,4,1,2,8,      143736201
2023,1437,362,1,1,0,4,1,3,11,      143736201
2023,1437,362,1,1,6,4,2,4,14,      143736201
2023,1437,363,1,1,2,4,1,1,4,      143736301
2023,1437,363,1,1,0,4,2,2,5,      143736301
2023,1437,364,1,1,0,4,1,1,4,      143736401
2023,1437,364,1,1,6,4,2,2,6,      143736401
2023,1437,365,1,1,3,4,2,1,3,      143736501
2023,1442,14,1,1,4,0,1,1,3,      144201401
2023,1442,14,1,1,2,0,2,2,4,      144201401
2023,1442,21,1,2, , ,2,1,4,      144202101
2023,1442,54,1,2, , ,1,1,2,      144205401
2023,1442,54,1,2, , ,2,2,3,      144205401
2023,1443,49,1,1,2,2,1,1,5,      144304901
2023,1443,49,1,1,1,2,2,2,6,      144304901
2023,1443,60,1,1,3,2,1,1,4,      144306001
2023,1443,60,1,1,0,2,2,2,5,      144306001
2023,1443,62,1,1,1,2,2,1,3,      144306201
2023,1443,98,1,1,1,2,2,1,3,      144309801
2023,1443,102,1,1,5,2,1,1,2,      144310201
2023,1443,102,1,1,4,2,1,2,3,      144310201
2023,1443,102,1,2, , ,2,3,4,      144310201
2023,1446,72,1,1,0,1,2,1,4,      144607201
2023,1446,96,1,1,2,1,2,1,3,      144609601
2023,1446,134,1,1,1,1,2,1,4,      144613401
2023,1447,13,1,1,0,2,2,1,4,      144701301
2023,1447,65,1,1,4,1,1,1,3,      144706501
2023,1447,65,1,1,2,1,2,2,4,      144706501
2023,1447,73,1,1,2,2,1,1,3,      144707301
2023,1447,73,1,1,0,2,2,2,4,      144707301
2023,1447,88,1,1,2,4,1,1,3,      144708801
2023,1447,88,1,1,0,4,2,2,4,      144708801
2023,1459,6,1,1,1,1,2,1,4,      145900601
2023,1459,23,1,1,0,2,1,1,2,      145902301
2023,1459,23,1,1,2,2,2,2,3,      145902301
2023,1459,36,1,1,3,2,2,1,3,      145903601
2023,1459,100,1,2, , ,2,1,4,      145910001
2023,1467,4,1,1,0,2,2,1,3,      146700401
2023,1467,68,1,1,3,2,2,1,3,      146706801
2023,1467,101,1,1,1,2,2,1,3,      146710101
2023,1467,125,1,1,0,2,2,1,8,      146712501
2023,1467,134,1,2, , ,2,1,3,      146713401
2023,1467,151,1,1,4,2,2,1,2,      146715101
2023,1467,157,1,1,0,2,2,1,4,      146715701
2023,1468,35,1,1,5,1,2,1,4,      146803501
2023,1468,38,2,1,3,0,1,1,3,      146803802
2023,1468,38,2,1,2,0,2,2,4,      146803802
2023,1468,77,1,1,6,1,2,1,3,      146807701
2023,1468,119,1,1,5,1,2,1,3,      146811901
2023,1469,46,1,2, , ,2,1,4,      146904601
2023,1469,62,1,1,4,0,2,1,2,      146906201
2023,1469,65,1,1,3,2,2,1,3,      146906501
2023,1469,88,1,1,3,2,2,1,3,      146908801
2023,1469,101,1,2, , ,1,1,3,      146910101
2023,1469,101,1,2, , ,2,2,4,      146910101
2023,1474,35,1,1,4,3,1,1,2,      147403501
2023,1474,35,1,1,1,3,2,2,3,      147403501
2023,1474,55,1,1,1,3,2,1,3,      147405501
2023,1475,42,1,1,0,2,2,1,5,      147504201
2023,1475,96,1,1,3,2,2,1,4,      147509601
2023,1478,48,1,1,2,1,2,1,3,      147804801
2023,1478,54,1,1,4,1,2,1,4,      147805401
2023,1478,66,1,1,5,0,2,1,3,      147806601
2023,1489,2,1,1,3,0,2,1,4,      148900201
2023,1489,35,1,1,5,0,1,1,3,      148903501
2023,1489,35,1,1,2,0,2,2,4,      148903501
2023,1489,79,1,1,3,0,1,1,5,      148907901
2023,1489,79,1,2, , ,2,2,6,      148907901
2023,1489,88,1,1,1,1,2,1,4,      148908801
2023,1493,15,1,1,2,1,1,1,3,      149301501
2023,1493,15,1,1,1,1,2,2,4,      149301501
2023,1493,46,1,1,5,1,2,1,3,      149304601
2023,1493,64,1,2, , ,2,1,3,      149306401
2023,1493,88,1,1,0,1,2,1,3,      149308801
2023,1493,114,1,1,1,1,2,1,3,      149311401
2023,1493,138,1,1,1,0,2,1,3,      149313801
2023,1497,22,1,1,5,1,1,1,3,      149702201
2023,1497,22,1,1,3,1,2,2,4,      149702201
2023,1497,27,1,1,3,0,2,1,4,      149702701
2023,1497,28,1,1,5,0,2,1,3,      149702801
2023,1497,125,1,1,3,0,2,1,3,      149712501
2023,1497,126,1,1,1,0,2,1,3,      149712601
2023,1497,127,1,1,6,0,2,1,4,      149712701
2023,1497,133,1,1,1,0,2,1,3,      149713301
2023,1497,142,1,1,2,0,1,1,3,      149714201
2023,1497,142,1,1,0,5,2,2,4,      149714201
2023,1504,41,1,1,5,2,2,1,4,      150404101
2023,1504,54,1,1,1,2,2,1,3,      150405401
2023,1504,73,1,1,1,2,1,1,2,      150407301
2023,1504,73,1,1,0,2,2,2,3,      150407301
2023,1504,91,1,1,6,2,2,1,4,      150409101
2023,1512,26,1,1,7,1,1,1,3,      151202601
2023,1512,26,1,1,1,1,2,2,4,      151202601
2023,1512,139,1,1,5,1,1,1,4,      151213901
2023,1512,139,1,1,1,1,2,2,5,      151213901
2023,1514,7,1,1,1,2,2,1,4,      151400701
2023,1514,36,1,1,7,2,1,1,3,      151403601
2023,1514,36,1,1,5,2,1,2,4,      151403601
2023,1514,36,1,1,0,2,2,3,5,      151403601
2023,1514,56,1,1,0,2,1,1,4,      151405601
2023,1514,56,1,1,4,2,2,2,5,      151405601
2023,1514,97,1,1,8,2,1,1,4,      151409701
2023,1514,97,1,1,0,2,2,2,5,      151409701
2023,1514,134,1,1,8,2,1,1,3,      151413401
2023,1514,134,1,1,6,2,1,2,4,      151413401
2023,1514,134,1,1,3,2,1,3,5,      151413401
2023,1514,134,1,1,1,2,2,4,6,      151413401
2023,1519,36,1,1,1,1,2,1,7,      151903601
2023,1519,37,1,1,8,1,1,1,2,      151903701
2023,1519,37,1,1,3,1,2,2,3,      151903701
2023,1519,80,1,1,7,1,1,1,5,      151908001
2023,1519,80,1,1,3,1,2,2,6,      151908001
2023,1519,106,1,1,4,3,2,1,3,      151910601
2023,1519,150,1,2, , ,2,1,4,      151915001
2023,1529,22,1,1,5,1,1,1,3,      152902201
2023,1529,22,1,1,4,1,2,2,4,      152902201
2023,1529,29,1,1,4,1,1,1,3,      152902901
2023,1529,29,1,1,0,1,2,2,4,      152902901
2023,1529,47,1,1,4,1,2,1,4,      152904701
2023,1529,70,1,1,0,1,2,1,3,      152907001
2023,1529,75,1,1,2,1,2,1,4,      152907501
2023,1529,105,1,1,4,1,1,1,3,      152910501
2023,1529,105,1,1,8,1,2,2,5,      152910501
2023,1529,111,1,1,7,1,2,1,2,      152911101
2023,1529,113,1,1,6,2,1,1,4,      152911301
2023,1529,113,1,1,0,2,2,2,5,      152911301
2023,1531,16,1,1,0,3,2,1,3,      153101601
2023,1531,116,1,1,6,2,1,1,3,      153111601
2023,1531,116,1,1,3,2,2,2,4,      153111601
2023,1531,147,1,1,8,3,1,1,3,      153114701
2023,1531,147,1,1,6,3,2,2,4,      153114701
2023,1531,183,1,1,8,2,2,1,4,      153118301
2023,1536,43,1,1,3,2,1,1,2,      153604301
2023,1536,43,1,1,0,2,2,2,3,      153604301
2023,1536,45,1,1,0,2,2,1,2,      153604501
2023,1536,60,1,1,2,3,1,1,3,      153606001
2023,1536,60,1,1,0,3,2,2,4,      153606001
2023,1536,101,1,1,8,1,2,1,4,      153610101
2023,1536,102,1,1,6,3,1,1,2,      153610201
2023,1536,102,1,1,4,3,1,2,3,      153610201
2023,1536,102,1,1,0,3,2,3,4,      153610201
2023,1536,113,1,1,1,2,2,1,5,      153611301
2023,1536,171,1,1,1,2,2,1,4,      153617101
2023,1541,37,1,1,3,2,2,1,4,      154103701
2023,1541,70,1,1,1,2,2,1,3,      154107001
2023,1541,84,1,1,7,2,1,1,2,      154108401
2023,1541,84,1,1,4,2,2,2,3,      154108401
2023,1541,88,1,1,1,2,2,1,2,      154108801
2023,1541,124,1,1,7,2,2,1,3,      154112401
2023,1541,148,1,1,5,2,2,1,6,      154114801
2023,1541,150,1,1,4,2,2,1,4,      154115001
2023,1541,191,1,1,5,2,1,1,3,      154119101
2023,1541,191,1,1,3,2,2,2,4,      154119101
2023,1543,39,1,1,5,1,1,1,2,      154303901
2023,1543,39,1,1,1,1,2,2,3,      154303901
2023,1543,95,1,1,4,1,1,1,4,      154309501
2023,1543,95,1,1,1,1,2,2,5,      154309501
2023,1543,103,1,1,5,1,2,1,5,      154310301
2023,1543,121,1,1,4,1,1,1,5,      154312101
2023,1543,121,1,1,8,1,2,2,7,      154312101
2023,1543,125,1,1,1,1,2,1,5,      154312501
2023,1543,169,1,1,3,1,2,1,4,      154316901
2023,1543,178,1,1,3,1,1,1,3,      154317801
2023,1543,178,1,1,2,1,2,2,4,      154317801
2023,1544,20,1,1,3,3,1,1,2,      154402001
2023,1544,20,1,1,0,3,2,2,3,      154402001
2023,1544,26,1,1,4,3,1,1,3,      154402601
2023,1544,26,1,1,1,3,2,2,4,      154402601
2023,1544,70,1,1,0,3,2,1,5,      154407001
2023,1544,165,1,1,8,3,1,1,4,      154416501
2023,1544,165,1,1,3,3,2,2,5,      154416501
2023,1544,181,1,1,1,3,2,1,4,      154418101
2023,1547,29,1,1,1,3,2,1,3,      154702901
2023,1547,56,1,1,0,3,2,1,3,      154705601
2023,1547,62,1,1,8,3,1,1,2,      154706201
2023,1547,62,1,1,3,3,2,2,3,      154706201
2023,1547,63,1,1,0,3,2,1,4,      154706301
2023,1552,5,1,1,0,3,2,1,4,      155200501
2023,1552,7,1,1,3,3,1,1,5,      155200701
2023,1552,7,1,1,1,3,2,2,6,      155200701
2023,1552,27,1,2, , ,2,1,5,      155202701
2023,1552,50,1,1,1,6,2,1,3,      155205001
2023,1552,60,1,1,5,3,1,1,3,      155206001
2023,1552,60,1,1,0,3,2,2,4,      155206001
2023,1552,80,1,1,1,4,2,1,5,      155208001
2023,1557,26,1,1,4,2,1,1,4,      155702601
2023,1557,26,1,1,1,2,2,2,5,      155702601
2023,1557,44,1,1,8,2,2,1,3,      155704401
2023,1557,58,1,1,7,2,1,1,3,      155705801
2023,1557,58,1,1,0,2,2,2,4,      155705801
2023,1557,67,1,1,8,2,1,1,3,      155706701
2023,1557,67,1,1,4,2,2,2,4,      155706701
2023,1557,118,1,1,3,0,1,1,3,      155711801
2023,1557,118,1,1,0,2,2,2,4,      155711801
2023,1560,7,1,1,8,2,2,1,5,      156000701
2023,1560,13,1,1,3,2,2,1,5,      156001301
2023,1560,49,1,1,3,2,2,1,4,      156004901
2023,1560,61,1,1,8,2,2,1,3,      156006101
2023,1560,101,1,1,3,2,2,1,4,      156010101
2023,1560,116,1,1,7,2,1,1,3,      156011601
2023,1560,116,1,1,3,2,2,2,4,      156011601
2023,1568,53,1,2, , ,2,1,4,      156805301
2023,1568,70,1,2, , ,1,1,3,      156807001
2023,1568,70,1,1,0,1,2,2,4,      156807001
2023,1568,77,1,1,2,1,2,1,2,      156807701
2023,1568,79,1,1,0,1,2,1,6,      156807901
2023,1568,146,1,2, , ,2,1,4,      156814601
2023,1582,9,1,1,6,1,1,1,4,      158200901
2023,1582,9,1,1,0,1,2,2,7,      158200901
2023,1582,30,1,1,2,1,2,1,2,      158203001
2023,1582,101,1,1,5,1,2,1,3,      158210101
2023,1582,104,1,1,1,1,1,1,3,      158210401
2023,1582,104,1,1,5,1,2,2,5,      158210401
2023,1582,164,1,1,2,1,1,1,2,      158216401
2023,1582,164,1,1,0,1,2,2,3,      158216401
2023,1582,195,1,2, , ,2,1,5,      158219501
2023,1584,2,1,1,6,1,1,1,5,      158400201
2023,1584,2,1,1,0,1,1,2,8,      158400201
2023,1584,2,1,1,1,1,2,3,9,      158400201
2023,1584,19,1,1,2,2,2,1,3,      158401901
2023,1584,29,1,1,4,2,2,1,3,      158402901
2023,1584,68,1,1,6,1,2,1,3,      158406801
2023,1584,82,1,1,5,1,2,1,5,      158408201
2023,1586,57,1,1,4,1,2,1,4,      158605701
2023,1586,80,1,1,4,1,2,1,3,      158608001
2023,1586,83,1,1,4,1,1,1,3,      158608301
2023,1586,83,1,1,2,1,2,2,4,      158608301
2023,1586,92,1,1,1,1,1,1,5,      158609201
2023,1586,92,1,1,2,1,2,2,7,      158609201
2023,1588,20,1,1,4,2,2,1,5,      158802001
2023,1588,32,1,1,4,2,1,1,3,      158803201
2023,1588,32,1,1,0,2,2,2,4,      158803201
2023,1588,45,1,1,0,1,2,1,3,      158804501
2023,1588,66,1,1,1,2,2,1,2,      158806601
2023,1588,144,2,1,2,2,1,1,3,      158814402
2023,1588,144,2,1,3,2,2,2,5,      158814402
2023,1588,151,1,1,0,2,1,1,3,      158815101
2023,1588,151,1,1,6,2,2,2,4,      158815101
2023,1588,172,1,1,7,2,1,1,3,      158817201
2023,1588,172,1,1,7,2,1,2,4,      158817201
2023,1588,172,1,1,2,2,2,3,5,      158817201
2023,1588,174,1,1,8,2,2,1,7,      158817401
2023,1593,8,1,1,5,2,1,1,3,      159300801
2023,1593,8,1,1,1,2,2,2,4,      159300801
2023,1593,14,1,1,0,3,1,1,6,      159301401
2023,1593,14,1,1,0,3,2,2,7,      159301401
2023,1593,18,1,1,6,2,1,1,3,      159301801
2023,1593,18,1,1,1,2,2,2,6,      159301801
2023,1593,52,1,1,0,3,2,1,5,      159305201
2023,1593,83,1,1,4,3,1,1,7,      159308301
2023,1593,83,1,1,0,3,2,2,9,      159308301
2023,1593,165,1,1,5,3,2,1,3,      159316501
2023,1593,193,1,1,5,2,2,1,3,      159319301
2023,1597,6,1,1,3,3,2,1,3,      159700601
2023,1597,15,1,1,6,3,1,1,4,      159701501
2023,1597,15,1,1,1,3,2,2,5,      159701501
2023,1597,75,1,1,7,3,2,1,4,      159707501
2023,1597,97,1,1,8,3,1,1,3,      159709701
2023,1597,97,1,1,3,3,2,2,4,      159709701
2023,1597,101,1,1,1,3,1,1,3,      159710101
2023,1597,101,1,1,8,3,1,2,4,      159710101
2023,1597,101,1,1,4,3,2,3,5,      159710101
2023,1602,17,1,1,1,3,2,1,4,      160201701
2023,1602,31,1,1,2,3,2,1,5,      160203101
2023,1602,56,1,1,8,3,2,1,3,      160205601
2023,1602,98,1,1,6,3,1,1,2,      160209801
2023,1602,98,1,1,1,3,2,2,3,      160209801
2023,1602,155,1,1,3,3,1,1,3,      160215501
2023,1602,155,1,1,7,3,2,2,5,      160215501
2023,1602,163,1,1,0,3,2,1,3,      160216301
2023,1602,220,1,1,5,3,2,1,2,      160222001
2023,1606,19,1,1,5,3,1,1,4,      160601901
2023,1606,19,1,1,8,3,2,2,6,      160601901
2023,1606,37,1,1,5,3,1,1,3,      160603701
2023,1606,37,1,1,5,3,2,2,7,      160603701
2023,1606,56,1,1,1,3,2,1,3,      160605601
2023,1606,67,1,1,1,3,1,1,3,      160606701
2023,1606,67,1,1,1,3,2,2,4,      160606701
2023,1606,111,1,1,0,3,2,1,4,      160611101
2023,1606,126,1,1,1,3,2,1,3,      160612601
2023,1607,11,1,1,1,1,1,1,3,      160701101
2023,1607,11,1,1,0,1,2,2,4,      160701101
2023,1607,24,1,1,2,1,1,1,3,      160702401
2023,1607,24,1,1,0,1,2,2,4,      160702401
2023,1607,24,2,1,5,1,2,1,3,      160702402
2023,1607,47,1,1,6,1,1,1,4,      160704701
2023,1607,47,1,1,0,1,2,2,5,      160704701
2023,1607,89,1,1,1,1,1,1,3,      160708901
2023,1607,89,1,1,0,1,2,2,4,      160708901
2023,1607,105,1,1,5,1,1,1,3,      160710501
2023,1607,105,1,1,4,1,1,2,4,      160710501
2023,1607,105,1,1,5,1,2,3,5,      160710501
2023,1607,118,1,1,2,1,2,1,3,      160711801
2023,1607,138,1,1,6,1,1,1,3,      160713801
2023,1607,138,1,1,3,1,2,2,4,      160713801
2023,1618,5,1,1,8,4,1,1,2,      161800501
2023,1618,5,1,1,4,4,2,2,3,      161800501
2023,1618,8,1,1,6,3,1,1,4,      161800801
2023,1618,8,1,1,6,3,1,2,5,      161800801
2023,1618,8,1,1,4,3,1,3,6,      161800801
2023,1618,8,1,1,1,3,1,4,7,      161800801
2023,1618,8,1,1,1,3,2,5,10,      161800801
2023,1618,10,1,1,6,4,2,1,3,      161801001
2023,1618,54,1,1,5,4,2,1,3,      161805401
2023,1618,57,1,1,8,4,1,1,4,      161805701
2023,1618,57,1,1,6,4,1,2,5,      161805701
2023,1618,57,1,1,4,4,1,3,6,      161805701
2023,1618,57,1,1,0,4,2,4,7,      161805701
2023,1618,58,1,1,7,3,2,1,4,      161805801
2023,1618,59,1,1,4,4,1,1,3,      161805901
2023,1618,59,1,1,4,4,2,2,6,      161805901
2023,1618,96,1,1,3,3,1,1,2,      161809601
2023,1618,96,1,1,1,3,2,2,3,      161809601
2023,1618,98,1,1,0,4,2,1,3,      161809801
2023,1618,105,1,1,7,4,1,1,3,      161810501
2023,1618,105,1,1,5,4,1,2,4,      161810501
2023,1618,105,1,1,3,4,2,3,5,      161810501
2023,1618,106,1,1,6,3,2,1,4,      161810601
2023,1624,25,1,1,8,3,1,1,5,      162402501
2023,1624,25,1,1,6,3,1,2,6,      162402501
2023,1624,25,1,1,4,3,1,3,7,      162402501
2023,1624,25,1,1,3,4,2,4,9,      162402501
2023,1624,27,1,1,4,3,2,1,3,      162402701
2023,1624,28,1,1,5,2,1,1,3,      162402801
2023,1624,28,1,1,0,2,2,2,4,      162402801
2023,1624,73,1,1,6,3,1,1,3,      162407301
2023,1624,73,1,1,4,3,1,2,4,      162407301
2023,1624,73,1,1,3,3,2,3,5,      162407301
2023,1624,74,1,1,6,2,1,1,2,      162407401
2023,1624,74,1,1,4,2,1,2,3,      162407401
2023,1624,74,1,1,2,2,1,3,4,      162407401
2023,1624,74,1,1,0,2,2,4,5,      162407401
2023,1624,76,1,1,3,2,1,1,3,      162407601
2023,1624,76,1,1,2,2,1,2,4,      162407601
2023,1624,76,1,1,1,2,2,3,5,      162407601
2023,1624,109,1,1,8,3,1,1,3,      162410901
2023,1624,109,1,1,5,3,1,2,4,      162410901
2023,1624,109,1,1,3,3,2,3,5,      162410901
2023,1624,110,1,1,3,2,2,1,3,      162411001
2023,1624,111,1,1,7,3,2,1,3,      162411101
2023,1624,115,1,1,0,3,2,1,3,      162411501
2023,1625,18,1,1,1,3,2,1,2,      162501801
2023,1625,44,1,1,0,3,2,1,3,      162504401
2023,1625,49,1,1,1,2,2,1,7,      162504901
2023,1625,85,1,1,0,3,2,1,3,      162508501
2023,1625,108,1,1,4,2,2,1,3,      162510801
2023,1626,67,1,1,1,3,2,1,3,      162606701
2023,1626,168,1,1,1,3,2,1,3,      162616801
2023,1626,176,1,1,6,3,1,1,3,      162617601
2023,1626,176,1,1,2,3,2,2,4,      162617601
2023,1626,181,1,1,3,3,1,1,3,      162618101
2023,1626,181,1,1,0,3,2,2,4,      162618101
2023,1626,213,1,1,8,3,1,1,3,      162621301
2023,1626,213,1,1,2,3,2,2,4,      162621301
2023,1627,9,1,1,0,3,2,1,2,      162700901
2023,1627,61,1,1,2,3,1,1,3,      162706101
2023,1627,61,1,1,0,3,2,2,4,      162706101
2023,1627,122,1,1,0,3,2,1,3,      162712201
2023,1627,156,1,1,1,3,2,1,4,      162715601
2023,1627,181,1,1,1,3,2,1,3,      162718101
2023,1627,184,1,1,1,3,2,1,2,      162718401
2023,1627,214,1,1,1,3,2,1,4,      162721401
2023,1629,14,1,1,1,10,2,1,3,      162901401
2023,1629,54,1,1,4,9,2,1,2,      162905401
2023,1631,34,1,1,1,6,2,1,4,      163103401
2023,1631,48,1,1,1,6,2,1,4,      163104801
2023,1631,51,1,1,4,6,1,1,3,      163105101
2023,1631,51,1,1,3,6,1,2,4,      163105101
2023,1631,51,1,1,0,6,2,3,5,      163105101
2023,1634,10,1,1,0,4,2,1,2,      163401001
2023,1634,25,1,1,4,2,2,1,3,      163402501
2023,1634,28,1,1,6,4,1,1,2,      163402801
2023,1634,28,1,1,0,4,2,2,3,      163402801
2023,1634,91,1,1,4,4,1,1,4,      163409101
2023,1634,91,1,1,6,4,2,2,5,      163409101
2023,1634,108,1,1,4,4,2,1,5,      163410801
2023,1638,13,1,1,7,5,2,1,3,      163801301
2023,1638,23,1,1,0,5,2,1,3,      163802301
2023,1638,25,1,1,1,5,1,1,3,      163802501
2023,1638,25,1,1,0,5,1,2,4,      163802501
2023,1638,25,1,1,0,5,2,3,5,      163802501
2023,1638,63,1,1,4,5,1,1,3,      163806301
2023,1638,63,1,1,3,5,2,2,4,      163806301
2023,1638,72,1,2, , ,1,1,6,      163807201
2023,1638,72,1,2, , ,1,2,7,      163807201
2023,1638,72,1,2, , ,2,3,10,      163807201
2023,1638,79,1,1,1,4,2,1,4,      163807901
2023,1638,81,1,1,2,5,2,1,3,      163808101
2023,1638,86,1,1,4,5,2,1,5,      163808601
2023,1639,11,1,1,7,7,2,1,4,      163901101
2023,1639,42,1,1,5,7,2,1,7,      163904201
2023,1639,62,1,1,2,7,2,1,4,      163906201
2023,1639,75,1,1,1,7,2,1,3,      163907501
2023,1639,88,1,1,5,7,2,1,3,      163908801
2023,1639,98,1,1,1,7,2,1,3,      163909801
2023,1639,103,1,1,1,7,2,1,3,      163910301
2023,1641,2,1,1,3,4,1,1,4,      164100201
2023,1641,2,1,1,0,4,2,2,5,      164100201
2023,1641,23,1,1,6,4,1,1,4,      164102301
2023,1641,23,1,1,4,4,2,2,5,      164102301
2023,1641,28,1,1,7,4,1,1,6,      164102801
2023,1641,28,1,1,5,4,1,2,7,      164102801
2023,1641,28,1,1,1,4,1,3,8,      164102801
2023,1641,28,1,1,1,4,2,4,10,      164102801
2023,1641,48,1,1,0,4,2,1,4,      164104801
2023,1641,59,1,2, , ,2,1,5,      164105901
2023,1642,8,1,1,2,5,1,1,2,      164200801
2023,1642,8,1,1,0,5,2,2,3,      164200801
2023,1642,12,1,1,0,4,2,1,3,      164201201
2023,1642,27,1,1,1,5,2,1,4,      164202701
2023,1642,49,1,1,3,3,1,1,3,      164204901
2023,1642,49,1,1,0,3,2,2,4,      164204901
2023,1642,53,1,1,5,5,1,1,3,      164205301
2023,1642,53,1,1,0,5,2,2,4,      164205301
2023,1642,68,1,1,6,4,1,1,3,      164206801
2023,1642,68,1,1,6,4,2,2,4,      164206801
2023,1642,76,1,1,0,4,2,1,3,      164207601
2023,1644,15,1,1,6,4,1,1,4,      164401501
2023,1644,15,1,1,1,4,2,2,5,      164401501
2023,1644,34,1,1,6,4,1,1,3,      164403401
2023,1644,34,1,1,5,4,1,2,4,      164403401
2023,1644,34,1,1,1,4,2,3,5,      164403401
2023,1644,38,1,1,0,4,2,1,3,      164403801
2023,1644,61,1,1,5,4,2,1,4,      164406101
2023,1644,63,1,1,3,4,1,1,4,      164406301
2023,1644,63,1,1,1,3,2,2,5,      164406301
2023,1644,98,1,1,4,4,2,1,3,      164409801
2023,1644,120,1,1,5,4,1,1,3,      164412001
2023,1644,120,1,1,4,4,2,2,4,      164412001
2023,1645,4,1,1,4,8,2,1,4,      164500401
2023,1645,58,1,1,0,8,1,1,3,      164505801
2023,1645,58,1,1,7,8,2,2,4,      164505801
2023,1645,64,1,1,7,8,1,1,3,      164506401
2023,1645,64,1,1,3,8,2,2,4,      164506401
2023,1646,22,1,1,6,10,2,1,4,      164602201
2023,1646,86,1,1,3,10,2,1,3,      164608601
2023,1646,87,1,1,4,9,2,1,3,      164608701
2023,1646,101,1,1,2,10,2,1,3,      164610101
2023,1647,28,1,1,4,8,2,1,3,      164702801
2023,1647,60,1,1,7,8,2,1,3,      164706001
2023,1647,61,1,1,1,7,2,1,2,      164706101
2023,1647,62,1,1,3,8,2,1,3,      164706201
2023,1647,79,1,1,0,7,2,1,5,      164707901
2023,1647,95,1,1,6,7,1,1,2,      164709501
2023,1647,95,1,1,0,7,2,2,3,      164709501
2023,1662,15,1,1,2,5,2,1,3,      166201501
2023,1662,16,1,1,6,5,1,1,4,      166201601
2023,1662,16,1,1,3,5,2,2,5,      166201601
2023,1662,17,1,1,5,5,1,1,3,      166201701
2023,1662,17,1,1,1,5,1,2,4,      166201701
2023,1662,17,1,1,0,5,2,3,5,      166201701
2023,1662,18,1,1,8,5,2,1,5,      166201801
2023,1662,36,1,1,3,5,2,1,6,      166203601
2023,1662,42,1,1,7,5,1,1,3,      166204201
2023,1662,42,1,1,4,5,1,2,4,      166204201
2023,1662,42,1,1,2,5,2,3,5,      166204201
2023,1662,43,1,1,1,5,2,1,4,      166204301
2023,1662,44,1,1,5,5,1,1,5,      166204401
2023,1662,44,1,1,1,5,1,2,6,      166204401
2023,1662,44,1,1,0,5,2,3,7,      166204401
2023,1662,46,1,1,0,6,2,1,3,      166204601
2023,1662,47,1,1,3,5,2,1,4,      166204701
2023,1662,48,1,1,0,5,2,1,4,      166204801
2023,1662,49,1,1,5,4,1,1,5,      166204901
2023,1662,49,1,1,4,4,2,2,6,      166204901
2023,1664,3,1,1,1,9,2,1,3,      166400301
2023,1664,7,1,1,6,9,2,1,2,      166400701
2023,1664,8,1,1,3,9,2,1,3,      166400801
2023,1664,11,1,1,3,9,1,1,3,      166401101
2023,1664,11,1,1,1,9,2,2,5,      166401101
2023,1664,16,1,1,8,9,2,1,6,      166401601
2023,1664,17,1,1,1,9,1,1,3,      166401701
2023,1664,17,1,1,7,9,2,2,5,      166401701
2023,1664,19,1,1,3,9,2,1,3,      166401901
2023,1664,130,1,1,6,11,1,1,3,      166413001
2023,1664,130,1,1,4,11,1,2,4,      166413001
2023,1664,130,1,1,2,11,2,3,5,      166413001
2023,1664,131,1,1,0,9,2,1,4,      166413101
2023,1664,134,1,1,7,6,1,1,3,      166413401
2023,1664,134,1,1,5,9,1,2,4,      166413401
2023,1664,134,1,1,1,9,2,3,5,      166413401
2023,1669,7,1,1,6,8,1,1,4,      166900701
2023,1669,7,1,1,4,8,1,2,5,      166900701
2023,1669,7,1,1,1,8,2,3,6,      166900701
2023,1669,63,1,1,7,8,2,1,5,      166906301
2023,1669,64,1,1,5,8,1,1,3,      166906401
2023,1669,64,1,1,1,10,2,2,4,      166906401
2023,1669,99,1,1,0,8,2,1,2,      166909901
2023,1669,102,1,1,8,8,1,1,3,      166910201
2023,1669,102,1,1,3,8,1,2,4,      166910201
2023,1669,102,1,1,1,8,1,3,5,      166910201
2023,1669,102,1,1,0,8,2,4,6,      166910201
2023,1669,103,1,1,0,8,2,1,3,      166910301
2023,1671,153,1,1,5,5,2,1,3,      167115301
2023,1671,154,1,1,6,5,2,1,3,      167115401
2023,1671,159,1,1,0,5,2,1,3,      167115901
2023,1671,162,1,1,1,5,2,1,4,      167116201
2023,1671,165,1,1,8,5,1,1,6,      167116501
2023,1671,165,1,1,7,5,1,2,7,      167116501
2023,1671,165,1,1,6,5,1,3,8,      167116501
2023,1671,165,1,1,4,5,2,4,9,      167116501
2023,1671,170,1,1,0,5,2,1,5,      167117001
2023,1671,205,1,1,8,5,1,1,3,      167120501
2023,1671,205,1,1,7,5,1,2,5,      167120501
2023,1671,205,1,1,5,5,1,3,6,      167120501
2023,1671,205,1,1,1,5,2,4,7,      167120501
2023,1672,83,1,1,2,10,2,1,3,      167208301
2023,1672,88,1,1,3,7,2,1,4,      167208801
2023,1672,196,1,1,5,7,2,1,3,      167219601
2023,1672,201,1,1,8,7,2,1,4,      167220101
2023,1672,203,1,1,6,7,2,1,3,      167220301
2023,1672,204,1,1,3,7,2,1,3,      167220401
2023,1672,307,1,1,0,7,2,1,3,      167230701
2023,1672,309,1,1,1,7,1,1,3,      167230901
2023,1672,309,1,1,5,7,2,2,4,      167230901
2023,1673,10,1,1,0,6,2,1,4,      167301001
2023,1673,13,1,1,0,7,1,1,3,      167301301
2023,1673,13,1,1,8,7,2,2,4,      167301301
2023,1673,17,1,1,1,7,2,1,3,      167301701
2023,1673,45,1,1,0,6,2,1,4,      167304501
2023,1673,50,1,1,2,6,1,1,3,      167305001
2023,1673,50,1,1,0,6,1,2,4,      167305001
2023,1673,50,1,1,5,6,2,3,6,      167305001
2023,1673,82,1,1,2,6,2,1,3,      167308201
2023,1673,84,1,1,0,6,2,1,3,      167308401
2023,1673,88,1,1,1,6,2,1,5,      167308801
2023,1673,89,1,1,6,6,2,1,4,      167308901
2023,1673,90,1,1,1,6,1,1,4,      167309001
2023,1673,90,1,1,0,6,2,2,5,      167309001
2023,1677,13,1,1,0,6,1,1,3,      167701301
2023,1677,13,1,1,0,6,2,2,4,      167701301
2023,1677,18,1,1,0,6,2,1,3,      167701801
2023,1677,31,1,1,3,6,2,1,2,      167703101
2023,1677,43,1,1,5,6,2,1,3,      167704301
2023,1677,93,1,1,8,6,1,1,5,      167709301
2023,1677,93,1,1,5,6,2,2,6,      167709301
2023,1681,75,1,1,2,8,1,1,3,      168107501
2023,1681,75,1,1,0,8,2,2,4,      168107501
2023,1681,78,1,1,0,8,2,1,3,      168107801
2023,1681,79,1,1,1,9,2,1,3,      168107901
2023,1681,118,1,1,8,8,1,1,3,      168111801
2023,1681,118,1,1,1,8,2,2,4,      168111801
2023,1681,119,1,1,6,8,2,1,3,      168111901
2023,1681,121,1,1,7,8,2,1,3,      168112101
2023,1681,190,1,1,7,5,2,1,2,      168119001
2023,1681,191,1,1,5,8,2,1,4,      168119101
2023,1681,192,1,1,2,8,2,1,4,      168119201
2023,1681,193,1,1,5,8,2,1,3,      168119301
2023,1686,7,1,1,8,5,2,1,3,      168600701
2023,1686,10,1,1,5,6,1,1,4,      168601001
2023,1686,10,1,1,3,6,2,2,5,      168601001
2023,1686,78,1,1,1,5,2,1,3,      168607801
2023,1686,79,1,1,3,6,2,1,4,      168607901
2023,1686,84,1,1,3,5,2,1,5,      168608401
2023,1686,90,1,1,1,5,1,1,3,      168609001
2023,1686,90,1,1,1,5,2,2,4,      168609001
2023,1686,91,1,1,2,5,2,1,2,      168609101
2023,1686,92,1,1,7,5,1,1,5,      168609201
2023,1686,92,1,1,6,5,1,2,6,      168609201
2023,1686,92,1,1,4,5,1,3,7,      168609201
2023,1686,92,1,1,3,5,1,4,8,      168609201
2023,1686,92,1,1,0,5,2,5,9,      168609201
2023,1686,93,1,1,7,5,2,1,2,      168609301
2023,1686,94,1,1,7,6,1,1,4,      168609401
2023,1686,94,1,1,7,6,1,2,5,      168609401
2023,1686,94,1,1,1,6,2,3,6,      168609401
2023,1694,46,1,1,3,9,2,1,4,      169404601
2023,1694,48,1,1,3,8,2,1,5,      169404801
2023,1694,70,1,1,5,8,2,1,4,      169407001
2023,1694,92,1,1,1,8,2,1,4,      169409201
2023,1694,153,1,1,3,8,2,1,3,      169415301
2023,1696,90,1,1,5,6,2,1,3,      169609001
2023,1696,107,1,1,0,8,1,1,2,      169610701
2023,1696,107,1,1,0,8,1,2,3,      169610701
2023,1696,107,1,1,0,8,2,3,4,      169610701
2023,1699,72,1,1,0,8,2,1,3,      169907201
2023,1699,82,1,1,6,10,1,1,6,      169908201
2023,1699,82,1,1,2,10,2,2,7,      169908201
2023,1699,93,1,1,4,7,1,1,3,      169909301
2023,1699,93,1,1,1,7,2,2,4,      169909301
2023,1699,146,1,1,3,10,2,1,5,      169914601
2023,1702,1,1,1,6,10,1,1,3,      170200101
2023,1702,1,1,1,4,10,1,2,4,      170200101
2023,1702,1,1,1,2,10,1,3,5,      170200101
2023,1702,1,1,2, , ,2,4,6,      170200101
2023,1702,8,1,1,4,9,1,1,3,      170200801
2023,1702,8,1,1,2,9,2,2,4,      170200801
2023,1702,20,1,1,1,10,2,1,6,      170202001
2023,1702,25,1,1,1,9,1,1,4,      170202501
2023,1702,25,1,1,0,9,2,2,5,      170202501
2023,1702,26,1,1,0,9,2,1,3,      170202601
2023,1702,38,1,1,2,8,2,1,4,      170203801
2023,1702,65,1,1,1,9,2,1,3,      170206501
2023,1704,33,1,1,2,8,1,1,3,      170403301
2023,1704,33,1,1,1,8,2,2,4,      170403301
2023,1704,42,1,1,3,7,2,1,3,      170404201
2023,1704,55,1,2, , ,2,1,4,      170405501
2023,1704,70,1,1,3,7,1,1,7,      170407001
2023,1704,70,1,1,0,7,1,2,8,      170407001
2023,1704,70,1,1,0,7,2,3,10,      170407001
2023,1704,82,1,1,2,8,2,1,3,      170408201
2023,1704,95,1,1,0,7,1,1,5,      170409501
2023,1704,95,1,1,0,7,2,2,6,      170409501
2023,1704,98,1,1,1,8,2,1,3,      170409801
2023,1704,98,2,1,2,8,1,1,3,      170409802
2023,1704,98,2,1,2,8,2,2,4,      170409802
2023,1704,103,1,1,2,7,1,1,3,      170410301
2023,1704,103,1,1,1,7,1,2,4,      170410301
2023,1704,103,1,1,4,7,2,3,6,      170410301
2023,1705,6,1,1,4,8,1,1,3,      170500601
2023,1705,6,1,1,2,8,2,2,4,      170500601
2023,1705,129,1,1,1,9,1,1,2,      170512901
2023,1705,129,1,1,0,9,2,2,3,      170512901
2023,1708,16,1,1,0,8,1,1,3,      170801601
2023,1708,16,1,1,8,8,2,2,4,      170801601
2023,1708,53,1,1,8,6,2,1,5,      170805301
2023,1708,65,1,1,0,8,2,1,5,      170806501
2023,1708,78,1,1,3,6,1,1,4,      170807801
2023,1708,78,1,1,1,6,2,2,5,      170807801
2023,1708,81,1,1,3,8,2,1,3,      170808101
2023,1711,29,1,1,3,8,2,1,3,      171102901
2023,1711,44,1,1,3,9,1,1,2,      171104401
2023,1711,44,1,1,1,9,1,2,3,      171104401
2023,1711,44,1,1,0,9,2,3,4,      171104401
2023,1711,46,1,1,6,8,2,1,2,      171104601
2023,1711,73,1,1,2,8,1,1,3,      171107301
2023,1711,73,1,1,2,8,2,2,6,      171107301
2023,1711,74,1,1,1,7,2,1,2,      171107401
2023,1711,86,1,1,0,8,2,1,3,      171108601
2023,1711,90,1,1,3,7,1,1,3,      171109001
2023,1711,90,1,1,0,7,2,2,4,      171109001
2023,1713,1,1,1,1,7,2,1,2,      171300101
2023,1713,6,1,1,7,6,2,1,2,      171300601
2023,1713,29,1,1,0,6,1,1,3,      171302901
2023,1713,29,1,1,2,6,2,2,4,      171302901
2023,1714,16,1,1,5,10,1,1,6,      171401601
2023,1714,16,1,1,0,10,2,2,7,      171401601
2023,1714,18,1,1,2,8,2,1,3,      171401801
2023,1714,30,1,1,0,10,2,1,3,      171403001
2023,1721,4,1,1,0,9,2,1,3,      172100401
2023,1721,18,1,1,0,9,2,1,4,      172101801
2023,1721,28,1,1,5,9,2,1,4,      172102801
2023,1721,35,1,1,3,9,1,1,4,      172103501
2023,1721,35,1,1,2,9,1,2,5,      172103501
2023,1721,35,1,1,0,9,2,3,6,      172103501
2023,1721,88,1,1,2,8,1,1,6,      172108801
2023,1721,88,1,1,2,8,2,2,7,      172108801
2023,1724,4,1,1,1,4,2,1,5,      172400401
2023,1724,5,1,1,1,1,2,1,5,      172400501
2023,1724,102,1,1,3,0,2,1,3,      172410201
2023,1724,103,1,1,8,4,1,1,3,      172410301
2023,1724,103,1,1,2,4,2,2,4,      172410301
2023,1724,128,1,1,8,5,1,1,3,      172412801
2023,1724,128,1,1,4,5,1,2,4,      172412801
2023,1724,128,1,1,1,5,2,3,5,      172412801
2023,1724,130,1,1,2,4,2,1,3,      172413001
2023,1724,131,1,1,7,5,2,1,3,      172413101
2023,1725,40,1,1,4,6,2,1,3,      172504001
2023,1725,41,1,1,2,6,1,1,4,      172504101
2023,1725,41,1,1,2,6,2,2,5,      172504101
2023,1725,42,1,1,4,7,1,1,3,      172504201
2023,1725,42,1,1,0,7,2,2,4,      172504201
2023,1725,43,1,1,3,6,2,1,3,      172504301
2023,1725,44,1,1,8,5,1,1,3,      172504401
2023,1725,44,1,1,2,5,2,2,4,      172504401
2023,1725,68,1,1,4,6,2,1,4,      172506801
2023,1728,54,1,1,8,6,1,1,2,      172805401
2023,1728,54,1,1,8,6,1,2,3,      172805401
2023,1728,54,1,1,1,6,2,3,4,      172805401
2023,1729,20,1,1,1,9,1,1,4,      172902001
2023,1729,20,1,1,1,9,2,2,5,      172902001
2023,1729,54,1,1,4,10,1,1,3,      172905401
2023,1729,54,1,1,2,10,2,2,4,      172905401
2023,1729,58,1,1,3,9,2,1,2,      172905801
2023,1731,18,1,1,8,9,2,1,6,      173101801
2023,1731,19,1,1,1,11,2,1,3,      173101901
2023,1731,21,1,1,3,10,2,1,3,      173102101
2023,1731,43,1,1,0,11,2,1,3,      173104301
2023,1731,44,1,1,1,9,2,1,5,      173104401
2023,1731,47,1,1,7,8,2,1,6,      173104701
2023,1731,65,1,1,6,11,1,1,3,      173106501
2023,1731,65,1,1,1,11,2,2,4,      173106501
2023,1731,70,1,1,8,9,2,1,4,      173107001
2023,1731,73,1,1,4,9,1,1,3,      173107301
2023,1731,73,1,1,0,9,2,2,4,      173107301
2023,1731,74,1,1,5,11,2,1,5,      173107401
2023,1737,21,1,1,1,8,2,1,2,      173702101
2023,1737,22,1,1,1,8,2,1,4,      173702201
2023,1737,24,1,1,2,8,2,1,4,      173702401
2023,1737,43,1,1,3,8,2,1,5,      173704301
2023,1737,95,1,1,3,8,1,1,5,      173709501
2023,1737,95,1,1,2,8,2,2,6,      173709501
2023,1737,96,1,1,4,8,1,1,4,      173709601
2023,1737,96,1,1,2,8,2,2,5,      173709601
2023,1740,2,1,1,1,7,2,1,3,      174000201
2023,1740,9,1,1,5,7,1,1,3,      174000901
2023,1740,9,1,1,3,7,2,2,4,      174000901
2023,1740,39,1,1,8,7,2,1,3,      174003901
2023,1740,40,1,1,0,4,2,1,2,      174004001
2023,1740,100,1,1,6,7,2,1,4,      174010001
2023,1744,115,1,1,8,5,1,1,3,      174411501
2023,1744,115,1,1,5,5,1,2,4,      174411501
2023,1744,115,1,1,0,5,2,3,5,      174411501
2023,1744,119,1,1,6,5,1,1,3,      174411901
2023,1744,119,1,1,0,5,2,2,4,      174411901
2023,1744,208,1,1,0,5,1,1,3,      174420801
2023,1744,208,1,1,0,5,2,2,4,      174420801
2023,1747,4,1,1,0,8,2,1,4,      174700401
2023,1747,8,1,1,1,9,2,1,3,      174700801
2023,1747,124,1,1,1,9,1,1,3,      174712401
2023,1747,124,1,1,0,9,2,2,5,      174712401
2023,1747,125,1,1,3,9,1,1,3,      174712501
2023,1747,125,1,1,1,9,2,2,4,      174712501
2023,1748,19,1,1,1,5,2,1,2,      174801901
2023,1748,51,1,1,2,6,1,1,5,      174805101
2023,1748,51,1,1,0,6,2,2,6,      174805101
2023,1748,70,1,1,6,5,1,1,3,      174807001
2023,1748,70,1,1,4,5,1,2,4,      174807001
2023,1748,70,1,1,0,5,2,3,5,      174807001
2023,1748,96,1,1,0,6,2,1,2,      174809601
2023,1748,104,1,1,6,5,1,1,3,      174810401
2023,1748,104,1,1,2,5,2,2,4,      174810401
2023,1748,137,1,1,4,6,1,1,2,      174813701
2023,1748,137,1,1,2,6,2,2,3,      174813701
2023,1753,38,1,1,2,4,1,1,4,      175303801
2023,1753,38,1,1,0,4,2,2,5,      175303801
2023,1753,59,1,1,8,4,1,1,3,      175305901
2023,1753,59,1,1,5,4,1,2,4,      175305901
2023,1753,59,1,1,3,4,2,3,5,      175305901
2023,1753,73,1,1,2,4,1,1,3,      175307301
2023,1753,73,1,1,1,4,2,2,4,      175307301
2023,1753,104,1,1,1,4,2,1,3,      175310401
2023,1753,145,1,2, , ,2,1,4,      175314501
2023,1754,5,1,1,1,4,2,1,3,      175400501
2023,1754,33,1,1,1,5,2,1,6,      175403301
2023,1754,85,1,1,6,5,1,1,3,      175408501
2023,1754,85,1,1,0,4,2,2,4,      175408501
2023,1755,5,1,1,1,5,2,1,2,      175500501
2023,1755,9,1,1,6,5,2,1,4,      175500901
2023,1755,95,1,1,4,4,2,1,3,      175509501
2023,1755,107,1,1,4,5,1,1,3,      175510701
2023,1755,107,1,1,1,5,2,2,4,      175510701
2023,1755,127,1,1,8,5,1,1,5,      175512701
2023,1755,127,1,1,3,5,2,2,6,      175512701
2023,1756,1,1,1,3,9,1,1,3,      175600101
2023,1756,1,1,1,2,9,2,2,4,      175600101
2023,1756,4,1,1,5,8,1,1,2,      175600401
2023,1756,4,1,1,0,8,2,2,3,      175600401
2023,1756,13,1,1,5,9,2,1,3,      175601301
2023,1756,45,1,1,0,9,2,1,3,      175604501
2023,1756,52,1,1,1,9,2,1,5,      175605201
2023,1761,7,1,1,8,8,1,1,2,      176100701
2023,1761,7,1,1,1,8,2,2,3,      176100701
2023,1761,8,1,1,3,8,2,1,3,      176100801
2023,1761,10,1,1,3,8,2,1,3,      176101001
2023,1761,19,1,1,1,8,1,1,3,      176101901
2023,1761,19,1,1,7,8,2,2,4,      176101901
2023,1761,44,1,1,7,8,1,1,3,      176104401
2023,1761,44,1,1,0,8,2,2,4,      176104401
2023,1761,61,1,1,6,7,2,1,3,      176106101
2023,1763,24,1,1,0,6,2,1,3,      176302401
2023,1763,26,1,2, , ,2,1,3,      176302601
2023,1763,53,1,1,4,6,1,1,3,      176305301
2023,1763,53,1,1,0,6,2,2,4,      176305301
2023,1763,73,1,1,3,6,2,1,2,      176307301
2023,1763,84,1,1,4,6,1,1,3,      176308401
2023,1763,84,1,1,2,6,1,2,4,      176308401
2023,1763,84,1,1,2,6,1,3,5,      176308401
2023,1763,84,1,1,0,6,2,4,6,      176308401
2023,1763,86,1,1,1,6,1,1,3,      176308601
2023,1763,86,1,1,0,6,1,2,4,      176308601
2023,1763,86,1,1,8,6,1,3,5,      176308601
2023,1763,86,1,1,4,6,2,4,6,      176308601
2023,1763,88,1,1,6,6,2,1,4,      176308801
2023,1763,95,1,1,3,6,1,1,4,      176309501
2023,1763,95,1,1,0,6,2,2,5,      176309501
2023,1763,99,1,1,0,6,2,1,2,      176309901
2023,1772,7,1,1,3,7,2,1,5,      177200701
2023,1772,9,1,1,9,9,1,1,3,      177200901
2023,1772,9,1,1,7,9,1,2,4,      177200901
2023,1772,9,1,1,4,9,1,3,5,      177200901
2023,1772,9,1,1,2,9,2,4,6,      177200901
2023,1772,10,1,1,6,7,2,1,3,      177201001
2023,1772,11,1,1,7,9,2,1,5,      177201101
2023,1772,88,1,1,3,7,1,1,4,      177208801
2023,1772,88,1,1,7,7,2,2,8,      177208801
2023,1777,3,1,1,5,9,2,1,3,      177700301
2023,1777,8,1,1,7,9,2,1,4,      177700801
2023,1777,9,1,1,1,9,2,1,3,      177700901
2023,1777,14,1,1,3,9,2,1,3,      177701401
2023,1777,16,1,1,6,9,1,1,5,      177701601
2023,1777,16,1,1,4,9,2,2,6,      177701601
2023,1777,46,1,1,6,9,2,1,5,      177704601
2023,1777,47,1,1,8,9,1,1,3,      177704701
2023,1777,47,1,1,5,9,1,2,4,      177704701
2023,1777,47,1,1,1,9,2,3,5,      177704701
2023,1777,48,1,1,7,9,1,1,4,      177704801
2023,1777,48,1,1,4,9,2,2,5,      177704801
2023,1779,2,1,1,3,8,2,1,3,      177900201
2023,1779,16,1,1,5,8,1,1,3,      177901601
2023,1779,16,1,1,3,8,2,2,4,      177901601
2023,1779,23,1,1,8,8,2,1,4,      177902301
2023,1779,26,1,1,0,8,2,1,5,      177902601
2023,1779,28,1,1,2,7,2,1,3,      177902801
2023,1779,29,1,1,7,8,1,1,3,      177902901
2023,1779,29,1,1,4,8,2,2,4,      177902901
2023,1779,35,1,1,0,8,2,1,3,      177903501
2023,1779,52,1,1,8,7,2,1,4,      177905201
2023,1779,62,1,1,6,8,2,1,3,      177906201
2023,1780,3,1,1,5,6,2,1,3,      178000301
2023,1780,5,1,1,3,6,2,1,3,      178000501
2023,1780,41,1,1,0,6,2,1,6,      178004101
2023,1780,44,1,1,8,6,2,1,3,      178004401
2023,1780,57,1,1,7,6,2,1,2,      178005701
2023,1780,59,1,1,3,6,1,1,3,      178005901
2023,1780,59,1,1,1,6,1,2,4,      178005901
2023,1780,59,1,1,6,6,2,3,5,      178005901
2023,1780,70,1,1,2,6,2,1,4,      178007001
2023,1784,17,1,1,3,5,2,1,4,      178401701
2023,1784,35,1,1,5,5,1,1,3,      178403501
2023,1784,35,1,1,4,5,1,2,4,      178403501
2023,1784,35,1,1,0,5,2,3,5,      178403501
2023,1784,47,1,1,2,5,2,1,4,      178404701
2023,1784,49,1,1,8,5,2,1,4,      178404901
2023,1785,12,1,1,0,6,2,1,4,      178501201
2023,1785,62,1,1,0,7,2,1,4,      178506201
2023,1785,64,1,1,2,7,2,1,3,      178506401
2023,1785,88,1,1,3,7,2,1,3,      178508801
2023,1787,33,1,1,2,4,2,1,4,      178703301
2023,1787,34,1,1,8,4,1,1,4,      178703401
2023,1787,34,1,1,1,4,2,2,5,      178703401
2023,1787,80,1,1,1,4,2,1,3,      178708001
2023,1787,110,1,1,5,4,2,1,3,      178711001
2023,1787,113,1,1,7,4,2,1,3,      178711301
2023,1787,121,1,1,3,4,2,1,3,      178712101
2023,1789,30,1,1,8,7,1,1,4,      178903001
2023,1789,30,1,1,8,7,1,2,5,      178903001
2023,1789,30,1,1,0,7,2,3,6,      178903001
2023,1789,47,1,1,8,8,1,1,2,      178904701
2023,1789,47,1,1,5,8,2,2,3,      178904701
2023,1789,79,1,1,1,8,2,1,5,      178907901
2023,1789,81,1,1,1,8,2,1,2,      178908101
2023,1789,118,1,1,7,8,2,1,3,      178911801
2023,1789,133,1,1,0,8,2,1,2,      178913301
2023,1794,17,2,1,1,7,2,1,4,      179401702
2023,1799,7,1,1,0,5,1,1,5,      179900701
2023,1799,7,1,1,0,5,2,2,6,      179900701
2023,1799,8,1,1,1,4,1,1,3,      179900801
2023,1799,8,1,1,1,4,2,2,4,      179900801
2023,1799,29,1,1,3,5,1,1,3,      179902901
2023,1799,29,1,1,0,5,2,2,4,      179902901
2023,1799,31,1,1,4,5,2,1,5,      179903101
2023,1799,33,1,1,0,5,2,1,3,      179903301
2023,1800,16,1,1,5,7,1,1,3,      180001601
2023,1800,16,1,1,3,7,2,2,4,      180001601
2023,1800,17,1,1,3,7,2,1,5,      180001701
2023,1800,28,1,1,6,6,2,1,3,      180002801
2023,1801,106,1,1,0,5,2,1,3,      180110601
2023,1801,153,1,1,0,7,2,1,2,      180115301
2023,1801,162,1,1,5,7,2,1,4,      180116201
2023,1802,18,2,1,0,6,2,1,3,      180201802
2023,1802,151,1,1,1,6,2,1,4,      180215101
2023,1802,171,1,1,2,1,1,1,3,      180217101
2023,1802,171,1,1,0,5,2,2,4,      180217101
2023,1805,5,1,1,4,6,1,1,3,      180500501
2023,1805,5,1,1,2,6,1,2,4,      180500501
2023,1805,5,1,1,0,6,2,3,5,      180500501
2023,1805,29,1,1,0,6,2,1,3,      180502901
2023,1805,80,1,1,2,4,2,1,3,      180508001
2023,1807,15,1,2, , ,2,1,3,      180701501
2023,1807,60,1,2, , ,1,1,2,      180706001
2023,1807,60,1,2, , ,2,2,3,      180706001
2023,1807,63,1,2, , ,1,1,3,      180706301
2023,1807,63,1,2, , ,2,2,4,      180706301
2023,1807,115,1,1,0,9,2,1,3,      180711501
2023,1809,90,1,1,6,3,1,1,3,      180909001
2023,1809,90,1,1,4,3,2,2,4,      180909001
2023,1809,110,1,1,5,3,2,1,3,      180911001
2023,1815,77,1,1,1,6,1,1,2,      181507701
2023,1815,77,1,1,0,6,2,2,3,      181507701
2023,1815,89,1,1,1,5,1,1,5,      181508901
2023,1815,89,1,1,0,5,2,2,6,      181508901
2023,1818,40,1,1,0,7,2,1,3,      181804001
2023,1818,47,1,1,1,7,2,1,3,      181804701
2023,1818,56,1,1,5,7,1,1,2,      181805601
2023,1818,56,1,1,2,7,1,2,3,      181805601
2023,1818,56,1,1,0,7,2,3,4,      181805601
2023,1818,88,1,1,0,7,2,1,4,      181808801
2023,1821,42,1,2, , ,1,1,3,      182104201
2023,1821,42,1,1,1,3,1,2,4,      182104201
2023,1821,42,1,1,1,3,2,3,5,      182104201
2023,1821,109,1,1,7,4,1,1,3,      182110901
2023,1821,109,1,1,0,4,2,2,7,      182110901
2023,1823,28,1,2, , ,2,1,3,      182302801
2023,1823,33,1,1,1,3,2,1,3,      182303301
2023,1823,64,1,1,1,7,2,1,2,      182306401
2023,1823,80,1,2, , ,2,1,3,      182308001
2023,1823,97,1,2, , ,2,1,5,      182309701
2023,1823,100,1,1,2,7,2,1,5,      182310001
2023,1825,29,1,1,0,5,1,1,3,      182502901
2023,1825,29,1,1,4,5,1,2,4,      182502901
2023,1825,29,1,1,3,5,2,3,5,      182502901
2023,1825,37,1,1,0,4,2,1,5,      182503701
2023,1825,47,1,1,1,0,2,1,8,      182504701
2023,1825,98,1,1,3,3,2,1,2,      182509801
2023,1825,149,1,1,0,4,2,1,3,      182514901
2023,1832,24,1,1,8,7,2,1,4,      183202401
2023,1832,84,1,1,0,7,2,1,4,      183208401
2023,1832,89,1,1,1,6,2,1,4,      183208901
2023,1835,57,1,1,4,6,2,1,4,      183505701
2023,1835,95,1,1,1,8,2,1,4,      183509501
2023,1844,65,1,1,5,9,2,1,4,      184406501
2023,1845,5,1,1,1,5,1,1,3,      184500501
2023,1845,5,1,1,1,5,2,2,4,      184500501
2023,1845,25,1,1,5,4,1,1,3,      184502501
2023,1845,25,1,1,3,4,2,2,4,      184502501
2023,1845,37,1,2, , ,1,1,5,      184503701
2023,1845,37,1,1,1,3,2,2,6,      184503701
2023,1845,49,1,1,4,5,1,1,6,      184504901
2023,1845,49,1,1,0,3,2,2,8,      184504901
2023,1845,81,1,1,4,5,1,1,4,      184508101
2023,1845,81,1,1,1,5,2,2,5,      184508101
2023,1847,2,1,1,1,5,2,1,3,      184700201
2023,1847,7,1,1,0,5,2,1,3,      184700701
2023,1847,28,1,1,1,5,2,1,3,      184702801
2023,1847,37,1,1,4,5,1,1,4,      184703701
2023,1847,37,1,1,1,5,2,2,5,      184703701
2023,1847,44,1,1,4,5,2,1,3,      184704401
2023,1847,63,1,1,3,5,1,1,3,      184706301
2023,1847,63,1,1,1,5,2,2,4,      184706301
2023,1848,48,1,1,0,7,2,1,6,      184804801
2023,1850,4,1,1,0,4,2,1,2,      185000401
2023,1850,14,1,1,4,4,2,1,2,      185001401
2023,1850,16,1,1,2,4,2,1,5,      185001601
2023,1850,19,1,1,0,4,2,1,5,      185001901
2023,1850,32,1,1,5,1,2,1,2,      185003201
2023,1850,66,1,1,7,4,2,1,4,      185006601
2023,1850,72,1,1,0,3,1,1,3,      185007201
2023,1850,72,1,1,0,3,2,2,4,      185007201
2023,1855,46,1,1,4,10,2,1,4,      185504601
2023,1855,79,1,1,1,9,2,1,2,      185507901
2023,1855,83,1,1,4,9,2,1,2,      185508301
2023,1856,79,1,1,8,5,2,1,3,      185607901
2023,1857,9,1,1,3,5,1,1,4,      185700901
2023,1857,9,1,1,0,5,2,2,5,      185700901
2023,1857,100,1,1,6,5,1,1,3,      185710001
2023,1857,100,1,1,4,5,2,2,4,      185710001
2023,1857,109,1,1,5,5,1,1,3,      185710901
2023,1857,109,1,1,7,5,1,2,5,      185710901
2023,1857,109,1,1,0,5,2,3,6,      185710901
2023,1857,131,1,1,8,5,1,1,3,      185713101
2023,1857,131,1,1,4,5,2,2,4,      185713101
2023,1857,173,1,1,4,5,1,1,3,      185717301
2023,1857,173,1,1,0,5,2,2,4,      185717301
2023,1858,6,1,1,3,6,2,1,4,      185800601
2023,1858,40,1,1,1,5,2,1,5,      185804001
2023,1860,11,1,1,3,8,2,1,3,      186001101
2023,1860,22,1,1,2,8,2,1,7,      186002201
2023,1860,36,1,1,5,7,2,1,5,      186003601
2023,1860,80,1,1,6,7,1,1,2,      186008001
2023,1860,80,1,1,2,7,2,2,3,      186008001
2023,1865,29,1,1,1,4,2,1,4,      186502901
2023,1865,36,1,1,2,3,2,1,3,      186503601
2023,1865,38,1,1,5,4,2,1,3,      186503801
2023,1865,69,1,1,0,3,2,1,6,      186506901
2023,1865,107,1,1,2,11,2,1,3,      186510701
2023,1873,30,1,1,0,9,2,1,2,      187303001
2023,1873,53,1,1,4,9,2,1,4,      187305301
2023,1873,92,1,1,7,9,2,1,5,      187309201
2023,1873,104,1,1,8,9,2,1,3,      187310401
2023,1874,42,1,1,0,3,2,1,3,      187404201
2023,1874,54,1,1,2,4,2,1,3,      187405401
2023,1874,76,1,1,3,4,1,1,2,      187407601
2023,1874,76,1,1,3,4,2,2,3,      187407601
2023,1879,2,1,1,0,6,2,1,2,      187900201
2023,1879,6,1,1,2,6,2,1,4,      187900601
2023,1879,15,1,1,1,6,2,1,2,      187901501
2023,1879,29,1,1,2,6,1,1,3,      187902901
2023,1879,29,1,1,6,6,2,2,5,      187902901
2023,1879,38,1,1,0,6,2,1,6,      187903801
2023,1879,52,1,1,2,6,2,1,3,      187905201
2023,1879,69,1,1,0,6,1,1,3,      187906901
2023,1879,69,1,1,3,6,2,2,4,      187906901
2023,1879,71,1,1,2,6,2,1,3,      187907101
2023,1880,17,1,1,0,2,2,1,5,      188001701
2023,1880,36,1,1,3,3,1,1,5,      188003601
2023,1880,36,1,1,1,4,2,2,6,      188003601
2023,1880,57,1,1,2,4,1,1,5,      188005701
2023,1880,57,1,1,0,4,2,2,6,      188005701
2023,1880,89,1,1,4,3,2,1,3,      188008901
2023,1880,95,1,1,1,3,2,1,3,      188009501
2023,1881,20,1,1,1,9,2,1,3,      188102001
2023,1881,23,1,1,6,9,1,1,2,      188102301
2023,1881,23,1,1,1,9,2,2,3,      188102301
2023,1881,71,1,1,3,9,2,1,3,      188107101
2023,1881,94,1,1,1,8,1,1,3,      188109401
2023,1881,94,1,1,0,8,2,2,4,      188109401
2023,1881,107,1,1,8,9,2,1,4,      188110701
2023,1881,112,1,1,6,8,2,1,3,      188111201
2023,1881,114,1,1,0,9,2,1,3,      188111401
2023,1886,47,1,1,8,6,2,1,3,      188604701
2023,1886,57,1,1,3,6,1,1,5,      188605701
2023,1886,57,1,1,0,6,2,2,7,      188605701
2023,1886,85,1,1,7,6,2,1,3,      188608501
2023,1886,100,1,1,7,6,1,1,4,      188610001
2023,1886,100,1,1,0,6,2,2,5,      188610001
2023,1890,1,1,1,3,5,2,1,4,      189000101
2023,1890,3,1,1,0,4,2,1,3,      189000301
2023,1890,7,1,1,4,5,2,1,7,      189000701
2023,1890,26,1,1,3,5,1,1,3,      189002601
2023,1890,26,1,1,6,5,2,2,5,      189002601
2023,1890,43,1,1,7,5,1,1,3,      189004301
2023,1890,43,1,1,5,5,2,2,4,      189004301
2023,1890,47,1,1,0,5,2,1,3,      189004701
2023,1890,55,1,1,3,5,2,1,5,      189005501
2023,1890,59,1,1,8,5,2,1,3,      189005901
2023,1894,14,1,1,7,4,2,1,3,      189401401
2023,1894,43,1,1,6,4,2,1,6,      189404301
2023,1894,44,1,1,4,4,2,1,4,      189404401
2023,1894,54,1,1,8,4,2,1,2,      189405401
2023,1894,58,1,1,0,4,2,1,4,      189405801
2023,1894,64,1,1,0,4,2,1,3,      189406401
2023,1894,79,1,1,4,4,2,1,3,      189407901
2023,1897,7,1,1,0,7,2,1,4,      189700701
2023,1897,12,1,1,3,7,2,1,4,      189701201
2023,1897,25,1,1,7,7,2,1,5,      189702501
2023,1897,47,1,1,0,7,2,1,3,      189704701
2023,1897,51,1,1,5,7,1,1,3,      189705101
2023,1897,51,1,1,0,7,2,2,4,      189705101
2023,1897,59,1,1,2,7,2,1,5,      189705901
2023,1897,70,1,1,4,7,2,1,4,      189707001
2023,1899,27,1,1,4,5,1,1,3,      189902701
2023,1899,27,1,1,0,5,2,2,4,      189902701
2023,1899,28,1,1,1,4,2,1,3,      189902801
2023,1899,34,1,1,6,5,1,1,4,      189903401
2023,1899,34,1,1,2,5,2,2,5,      189903401
2023,1899,56,1,1,7,5,1,1,4,      189905601
2023,1899,56,1,1,0,5,2,2,5,      189905601
2023,1899,59,1,1,0,5,2,1,3,      189905901
2023,1899,73,1,1,7,4,1,1,2,      189907301
2023,1899,73,1,1,7,4,2,2,3,      189907301
2023,1899,85,1,1,5,5,2,1,5,      189908501
2023,1899,88,1,1,1,5,2,1,3,      189908801
2023,1902,16,1,1,3,9,2,1,4,      190201601
2023,1902,37,1,1,6,9,2,1,4,      190203701
2023,1902,38,1,1,2,9,2,1,5,      190203801
2023,1902,83,1,1,7,9,2,1,3,      190208301
2023,1904,29,1,1,0,8,2,1,4,      190402901
2023,1904,30,1,1,7,7,2,1,4,      190403001
2023,1904,58,1,1,7,8,2,1,4,      190405801
2023,1904,59,1,1,3,7,2,1,3,      190405901
2023,1904,60,1,1,1,8,2,1,2,      190406001
2023,1904,61,1,1,7,7,1,1,2,      190406101
2023,1904,61,1,1,2,7,2,2,3,      190406101
2023,1904,62,1,1,8,8,1,1,2,      190406201
2023,1904,62,1,1,6,8,1,2,3,      190406201
2023,1904,62,1,1,3,8,2,3,4,      190406201
2023,1904,64,1,1,8,8,2,1,3,      190406401
2023,1904,69,1,1,4,8,2,1,3,      190406901
2023,1905,1,1,1,2,6,2,1,3,      190500101
2023,1905,2,1,1,6,6,2,1,3,      190500201
2023,1905,7,1,1,4,6,2,1,6,      190500701
2023,1905,24,1,1,8,6,2,1,4,      190502401
2023,1905,25,1,1,4,5,2,1,3,      190502501
2023,1905,90,1,1,3,6,1,1,4,      190509001
2023,1905,90,1,1,0,6,2,2,5,      190509001
2023,1905,91,1,1,7,6,1,1,3,      190509101
2023,1905,91,1,1,4,6,2,2,4,      190509101
2023,1908,8,1,1,6,7,2,1,4,      190800801
2023,1908,24,1,1,2,8,2,1,3,      190802401
2023,1908,44,1,1,2,8,2,1,3,      190804401
2023,1908,70,1,1,4,8,2,1,3,      190807001
2023,1914,5,1,1,1,7,2,1,3,      191400501
2023,1914,16,1,1,6,7,2,1,3,      191401601
2023,1914,18,1,1,4,7,2,1,2,      191401801
2023,1914,30,1,1,7,7,2,1,3,      191403001
2023,1914,56,1,1,6,7,2,1,4,      191405601
2023,1917,44,1,2, , ,2,1,4,      191704401
2023,1917,71,1,2, , ,2,1,4,      191707101
2023,1917,118,1,2, , ,2,1,3,      191711801
2023,1917,121,1,1,5,7,1,1,2,      191712101
2023,1917,121,1,1,4,7,1,2,3,      191712101
2023,1917,121,1,1,5,7,2,3,4,      191712101
2023,1925,27,1,1,8,5,2,1,4,      192502701
2023,1925,29,1,1,0,6,2,1,3,      192502901
2023,1925,31,1,2, , ,2,1,4,      192503101
2023,1925,44,1,1,2,4,2,1,3,      192504401
2023,1925,47,1,1,8,5,1,1,3,      192504701
2023,1925,47,1,1,3,5,1,2,4,      192504701
2023,1925,47,1,1,0,5,2,3,5,      192504701
2023,1925,59,1,1,5,6,1,1,3,      192505901
2023,1925,59,1,1,0,5,2,2,4,      192505901
2023,1925,74,1,2, , ,2,1,4,      192507401
2023,1928,12,1,1,6,8,2,1,4,      192801201
2023,1928,52,1,1,4,8,1,1,2,      192805201
2023,1928,52,1,1,1,8,2,2,3,      192805201
2023,1928,53,1,1,1,9,1,1,2,      192805301
2023,1928,53,1,1,1,9,2,2,3,      192805301
2023,1928,57,1,1,7,8,2,1,3,      192805701
2023,1928,84,1,1,0,9,2,1,2,      192808401
2023,1930,11,1,1,4,5,1,1,3,      193001101
2023,1930,11,1,1,3,5,2,2,4,      193001101
2023,1930,36,1,1,1,4,2,1,4,      193003601
2023,1930,70,1,1,3,5,2,1,3,      193007001
2023,1930,94,1,1,0,5,2,1,3,      193009401
2023,1930,104,1,1,0,4,2,1,3,      193010401
2023,1931,20,1,1,2,5,1,1,3,      193102001
2023,1931,20,1,1,1,5,2,2,4,      193102001
2023,1931,44,1,2, , ,2,1,3,      193104401
2023,1931,66,1,1,6,5,2,1,3,      193106601
2023,1931,89,2,1,7,4,1,1,3,      193108902
2023,1931,89,2,1,1,4,2,2,4,      193108902
2023,1934,36,1,1,1,9,2,1,2,      193403601
2023,1934,52,1,1,1,10,2,1,3,      193405201
2023,1934,80,1,1,6,9,2,1,3,      193408001
2023,1934,104,1,1,3,10,2,1,3,      193410401
2023,1934,122,1,1,8,9,1,1,3,      193412201
2023,1934,122,1,1,6,9,1,2,4,      193412201
2023,1934,122,1,1,0,1,2,3,5,      193412201
2023,1934,125,1,1,8,10,2,1,2,      193412501
2023,1938,2,1,1,3,5,2,1,4,      193800201
2023,1938,3,1,1,8,5,2,1,4,      193800301
2023,1938,5,1,1,2,5,2,1,3,      193800501
2023,1938,17,1,1,5,5,1,1,3,      193801701
2023,1938,17,1,1,0,5,2,2,4,      193801701
2023,1938,83,1,1,8,5,1,1,4,      193808301
2023,1938,83,1,1,3,5,2,2,5,      193808301
2023,1938,84,1,1,7,5,2,1,3,      193808401
2023,1943,12,1,1,0,7,2,1,4,      194301201
2023,1943,35,1,1,4,7,1,1,5,      194303501
2023,1943,35,1,1,8,7,2,2,7,      194303501
2023,1943,75,1,1,4,7,1,1,3,      194307501
2023,1943,75,1,1,4,7,2,2,4,      194307501
2023,1943,82,1,1,4,7,2,1,3,      194308201
2023,1943,88,1,1,0,7,2,1,3,      194308801
2023,1947,48,1,1,3,5,2,1,6,      194704801
2023,1947,49,1,1,6,6,2,1,3,      194704901
2023,1947,50,1,1,7,5,1,1,4,      194705001
2023,1947,50,1,1,0,5,2,2,5,      194705001
2023,1947,63,1,1,6,6,1,1,3,      194706301
2023,1947,63,1,1,4,6,2,2,4,      194706301
2023,1947,66,1,1,6,5,1,1,3,      194706601
2023,1947,66,1,1,3,5,1,2,4,      194706601
2023,1947,66,1,1,0,5,2,3,5,      194706601
2023,1947,97,1,1,5,6,1,1,5,      194709701
2023,1947,97,1,1,3,6,2,2,6,      194709701
2023,1947,100,1,1,3,6,2,1,3,      194710001
2023,1947,102,1,1,1,5,2,1,3,      194710201
2023,1950,62,1,1,0,7,2,1,3,      195006201
2023,1950,63,1,1,6,6,2,1,3,      195006301
2023,1950,65,1,1,8,6,2,1,3,      195006501
2023,1950,78,1,1,8,7,2,1,3,      195007801
2023,1950,79,1,1,8,6,2,1,4,      195007901
2023,1950,82,1,1,6,6,2,1,3,      195008201
2023,1950,115,1,1,1,7,2,1,3,      195011501
2023,1950,116,1,1,0,6,2,1,3,      195011601
2023,1950,117,1,1,4,7,2,1,3,      195011701
2023,1955,80,1,1,4,4,2,1,4,      195508001
2023,1955,125,1,1,0,2,2,1,3,      195512501
2023,1955,127,1,1,6,4,2,1,3,      195512701
2023,1955,129,1,1,1,4,2,1,3,      195512901
2023,1955,160,1,1,8,4,2,1,3,      195516001
2023,1955,161,1,1,6,5,2,1,4,      195516101
2023,1955,162,1,1,0,4,2,1,4,      195516201
2023,1958,13,1,1,8,9,1,1,3,      195801301
2023,1958,13,1,1,6,9,2,2,4,      195801301
2023,1958,15,1,1,0,9,2,1,3,      195801501
2023,1958,21,1,1,7,9,2,1,2,      195802101
2023,1958,48,1,1,6,8,2,1,2,      195804801
2023,1958,53,1,1,3,7,2,1,3,      195805301
2023,1958,54,1,1,7,10,2,1,4,      195805401
2023,1958,55,1,1,0,8,2,1,4,      195805501
2023,1958,64,1,1,2,9,1,1,3,      195806401
2023,1958,64,1,1,0,9,2,2,4,      195806401
2023,1958,65,1,1,5,9,2,1,4,      195806501
2023,1958,66,1,1,6,9,2,1,3,      195806601
2023,1959,69,1,1,5,5,1,1,2,      195906901
2023,1959,69,1,1,1,5,2,2,3,      195906901
2023,1959,95,1,1,1,5,2,1,3,      195909501
2023,1959,99,1,1,4,6,1,1,3,      195909901
2023,1959,99,1,1,2,6,2,2,4,      195909901
2023,1959,123,1,1,2,5,2,1,3,      195912301
2023,1962,53,1,1,4,9,2,1,4,      196205301
2023,1962,55,1,1,8,9,1,1,3,      196205501
2023,1962,55,1,1,7,9,1,2,4,      196205501
2023,1962,55,1,1,4,9,2,3,5,      196205501
2023,1962,56,1,1,6,8,2,1,4,      196205601
2023,1962,57,1,1,6,9,2,1,3,      196205701
2023,1962,109,1,1,8,8,1,1,3,      196210901
2023,1962,109,1,1,4,8,2,2,4,      196210901
2023,1962,113,1,1,8,8,1,1,5,      196211301
2023,1962,113,1,1,6,8,2,2,6,      196211301
2023,1962,150,1,1,6,9,2,1,3,      196215001
2023,1962,152,1,1,4,9,2,1,3,      196215201
2023,1964,14,1,1,4,7,2,1,3,      196401401
2023,1964,23,1,1,8,7,1,1,3,      196402301
2023,1964,23,1,1,0,7,2,2,4,      196402301
2023,1964,25,1,1,7,7,2,1,2,      196402501
2023,1964,27,1,1,5,7,1,1,2,      196402701
2023,1964,27,1,1,4,7,2,2,3,      196402701
2023,1965,3,1,1,3,7,2,1,3,      196500301
2023,1965,160,1,1,0,7,2,1,2,      196516001
2023,1965,161,1,1,1,7,2,1,4,      196516101
2023,1968,23,1,1,8,8,1,1,4,      196802301
2023,1968,23,1,1,5,8,2,2,6,      196802301
2023,1968,25,1,1,4,8,1,1,4,      196802501
2023,1968,25,1,1,5,8,1,2,5,      196802501
2023,1968,25,1,1,1,8,2,3,6,      196802501
2023,1968,53,1,1,7,8,2,1,3,      196805301
2023,1968,104,1,1,5,8,2,1,4,      196810401
2023,1968,106,1,1,3,8,2,1,5,      196810601
2023,1968,107,1,1,3,9,1,1,3,      196810701
2023,1968,107,1,1,0,9,2,2,4,      196810701
2023,1975,39,1,1,1,8,1,1,5,      197503901
2023,1975,39,1,1,1,9,2,2,9,      197503901
2023,1975,63,1,1,2,8,1,1,5,      197506301
2023,1975,63,1,1,1,0,2,2,8,      197506301
2023,1975,66,1,1,1,9,2,1,5,      197506601
2023,1975,101,1,1,0,8,2,1,4,      197510101
2023,1975,180,1,1,1,9,2,1,3,      197518001
2023,1975,227,1,1,0,9,2,1,4,      197522701
2023,1977,86,1,1,1,9,2,1,4,      197708601
2023,1977,87,1,1,1,6,2,1,4,      197708701
2023,1977,101,1,1,0,7,2,1,2,      197710101
2023,1977,121,1,1,0,9,2,1,3,      197712101
2023,1982,17,1,2, , ,2,1,5,      198201701
2023,1982,56,1,1,0,5,2,1,4,      198205601
2023,1982,64,1,1,0,5,2,1,3,      198206401
2023,1982,93,1,1,0,3,1,1,4,      198209301
2023,1982,93,1,1,0,3,2,2,8,      198209301
2023,1986,81,1,1,2,7,2,1,6,      198608101
2023,1986,89,1,8, , ,2,1,4,      198608901
2023,1986,109,1,1,1,5,1,1,3,      198610901
2023,1986,109,1,1,2,8,2,2,5,      198610901
2023,1986,119,1,8, , ,2,1,6,      198611901
2023,1986,182,1,1,1,9,1,1,3,      198618201
2023,1986,182,1,1,1,9,2,2,4,      198618201
2023,1986,197,1,1,1,8,1,1,4,      198619701
2023,1986,197,1,1,0,8,2,2,9,      198619701
2023,1987,43,1,1,1,4,2,1,3,      198704301
2023,1987,67,1,1,2,4,1,1,6,      198706701
2023,1987,67,1,1,0,4,2,2,7,      198706701
2023,1987,108,1,1,0,3,2,1,4,      198710801
2023,1987,183,1,1,7,7,1,1,8,      198718301
2023,1987,183,1,1,4,7,2,2,9,      198718301
2023,1990,104,1,1,0,8,2,1,3,      199010401
2023,1990,148,1,1,2,9,1,1,3,      199014801
2023,1990,148,1,1,1,9,2,2,4,      199014801
2023,1990,158,1,1,6,9,2,1,2,      199015801
2023,1992,26,1,1,2,0,2,1,4,      199202601
2023,1992,48,1,1,1,4,2,1,3,      199204801
2023,1992,93,1,1,1,4,2,1,3,      199209301
2023,1992,127,1,1,0,3,1,1,5,      199212701
2023,1992,127,1,1,1,3,1,2,7,      199212701
2023,1992,127,1,1,0,2,2,3,9,      199212701
2023,1995,42,1,1,1,5,2,1,3,      199504201
2023,1995,62,1,1,1,3,1,1,3,      199506201
2023,1995,62,1,1,0,3,2,2,4,      199506201
2023,1995,92,1,1,3,4,1,1,4,      199509201
2023,1995,92,1,1,1,4,2,2,5,      199509201
2023,1995,112,1,1,3,0,2,1,4,      199511201
2023,1995,127,1,2, , ,2,1,6,      199512701
2023,1998,6,1,1,4,5,1,1,3,      199800601
2023,1998,6,1,1,1,5,2,2,4,      199800601
2023,1998,38,1,1,0,5,2,1,3,      199803801
2023,1998,44,1,1,5,4,1,1,4,      199804401
2023,1998,44,1,1,1,4,1,2,5,      199804401
2023,1998,44,1,1,0,4,2,3,6,      199804401
2023,2002,26,1,1,1,6,2,1,3,      200202601
2023,2002,43,1,2, , ,2,1,4,      200204301
2023,2002,64,1,1,0,5,2,1,4,      200206401
2023,2009,52,1,2, , ,1,1,4,      200905201
2023,2009,52,1,1,4,5,2,2,6,      200905201
2023,2009,151,1,1,1,5,1,1,5,      200915101
2023,2009,151,1,1,0,5,2,2,6,      200915101
2023,2011,24,1,1,0,7,1,1,4,      201102401
2023,2011,24,1,1,0,7,1,2,5,      201102401
2023,2011,24,1,1,0,7,2,3,6,      201102401
2023,2011,49,1,1,0,10,1,1,5,      201104901
2023,2011,49,1,1,0,7,2,2,6,      201104901
2023,2011,49,3,1,2,10,1,1,3,      201104903
2023,2011,49,3,1,4,10,2,2,4,      201104903
2023,2011,61,1,1,1,9,1,1,3,      201106101
2023,2011,61,1,1,1,9,2,2,4,      201106101
2023,2011,109,1,1,0,6,2,1,4,      201110901
2023,2016,18,1,1,0,3,1,1,2,      201601801
2023,2016,18,1,1,0,3,2,2,3,      201601801
2023,2016,42,1,1,3,6,2,1,3,      201604201
2023,2016,69,1,1,0,6,2,1,3,      201606901
2023,2016,91,1,2, , ,2,1,6,      201609101
2023,2016,107,1,8, , ,2,1,3,      201610701
2023,2018,10,1,2, , ,2,1,6,      201801001
2023,2018,16,1,1,2,1,2,1,4,      201801601
2023,2018,20,1,1,0,3,2,1,2,      201802001
2023,2018,30,1,1,0,5,1,1,5,      201803001
2023,2018,30,1,1,0,5,2,2,7,      201803001
2023,2018,37,1,1,3,4,1,1,4,      201803701
2023,2018,37,1,1,1,4,2,2,5,      201803701
2023,2018,40,1,1,1,5,1,1,3,      201804001
2023,2018,40,1,1,1,5,1,2,4,      201804001
2023,2018,40,1,1,1,5,1,3,5,      201804001
2023,2018,40,1,1,0,5,2,4,6,      201804001
2023,2023,1,1,1,3,7,2,1,3,      202300101
2023,2023,26,1,1,1,7,2,1,3,      202302601
2023,2023,80,1,1,1,4,1,1,3,      202308001
2023,2023,80,1,1,1,4,1,2,4,      202308001
2023,2023,80,1,1,0,4,2,3,9,      202308001
2023,2023,117,1,1,1,8,2,1,4,      202311701
2023,2024,28,1,1,1,5,2,1,3,      202402801
2023,2024,35,1,1,0,8,2,1,6,      202403501
2023,2024,44,1,2, , ,1,1,3,      202404401
2023,2024,44,1,1,1,6,2,2,5,      202404401
2023,2024,50,1,1,5,8,1,1,2,      202405001
2023,2024,50,1,1,1,8,2,2,3,      202405001
2023,2026,74,1,1,2,7,2,1,6,      202607401
2023,2026,104,1,1,1,7,1,1,5,      202610401
2023,2026,104,1,1,1,7,2,2,6,      202610401
2023,2029,6,1,2, , ,1,1,3,      202900601
2023,2029,6,1,2, , ,2,2,4,      202900601
2023,2029,36,1,1,4,5,1,1,3,      202903601
2023,2029,36,1,1,4,5,2,2,4,      202903601
2023,2029,43,1,1,1,3,2,1,3,      202904301
2023,2029,47,1,1,1,5,2,1,3,      202904701
2023,2029,48,1,8, , ,1,1,4,      202904801
2023,2029,48,1,2, , ,1,2,7,      202904801
2023,2029,48,1,2, , ,2,3,8,      202904801
2023,2041,3,1,1,1,8,2,1,2,      204100301
2023,2041,12,1,1,1,10,2,1,4,      204101201
2023,2041,15,1,1,3,8,2,1,3,      204101501
2023,2041,59,1,1,5,8,2,1,4,      204105901
2023,2043,11,1,1,6,8,2,1,3,      204301101
2023,2043,62,1,1,1,6,2,1,4,      204306201
2023,2043,68,1,1,5,6,1,1,5,      204306801
2023,2043,68,1,1,3,6,2,2,6,      204306801
2023,2043,77,1,1,7,6,2,1,4,      204307701
2023,2043,92,1,1,0,6,2,1,3,      204309201
2023,2044,12,1,1,1,6,2,1,3,      204401201
2023,2044,56,1,1,0,6,2,1,3,      204405601
2023,2044,63,1,1,2,7,1,1,3,      204406301
2023,2044,63,1,1,7,7,2,2,5,      204406301
2023,2045,35,1,1,0,5,2,1,3,      204503501
2023,2045,58,1,1,6,5,2,1,3,      204505801
2023,2045,76,1,1,1,6,2,1,4,      204507601
2023,2045,82,1,1,1,5,2,1,4,      204508201
2023,2049,20,1,1,0,2,2,1,6,      204902001
2023,2049,23,1,1,5,4,2,1,3,      204902301
2023,2049,71,1,1,0,2,2,1,3,      204907101
2023,2049,78,1,1,2,4,2,1,3,      204907801
2023,2049,83,1,1,0,4,2,1,4,      204908301
2023,2049,110,1,1,1,4,2,1,3,      204911001
2023,2050,17,1,1,4,9,1,1,3,      205001701
2023,2050,17,1,1,1,9,2,2,4,      205001701
2023,2053,15,1,1,0,6,2,1,7,      205301501
2023,2053,58,1,1,3,8,2,1,4,      205305801
2023,2053,80,1,1,3,8,2,1,3,      205308001
2023,2056,26,1,1,5,7,2,1,3,      205602601
2023,2056,28,1,1,7,7,2,1,4,      205602801
2023,2056,63,1,1,3,7,1,1,2,      205606301
2023,2056,63,1,1,4,7,1,2,3,      205606301
2023,2056,63,1,1,1,7,2,3,4,      205606301
2023,2056,71,1,1,8,7,1,1,3,      205607101
2023,2056,71,1,1,1,7,2,2,4,      205607101
2023,2057,6,1,2, , ,2,1,3,      205700601
2023,2057,14,1,1,6,9,1,1,3,      205701401
2023,2057,14,1,1,1,9,2,2,4,      205701401
2023,2057,61,1,1,7,9,2,1,5,      205706101
2023,2057,69,1,1,5,9,1,1,3,      205706901
2023,2057,69,1,1,2,9,2,2,4,      205706901
2023,2060,5,1,1,4,3,2,1,4,      206000501
2023,2060,14,1,1,0,4,1,1,4,      206001401
2023,2060,14,1,1,5,4,1,2,5,      206001401
2023,2060,14,1,1,5,4,2,3,6,      206001401
2023,2060,29,1,1,0,7,2,1,5,      206002901
2023,2060,103,1,1,0,2,2,1,3,      206010301
2023,2060,122,1,1,5,4,2,1,3,      206012201
2023,2064,118,1,1,6,9,1,1,3,      206411801
2023,2064,118,1,1,1,9,2,2,4,      206411801
2023,2064,119,1,1,6,9,1,1,3,      206411901
2023,2064,119,1,1,4,9,2,2,4,      206411901
2023,2064,120,1,1,5,8,2,1,3,      206412001
2023,2064,168,1,1,2,9,2,1,3,      206416801
2023,2064,170,1,1,1,9,1,1,3,      206417001
2023,2064,170,1,1,1,9,2,2,6,      206417001
2023,2064,173,1,1,4,9,2,1,3,      206417301
2023,2064,185,1,1,2,9,1,1,3,      206418501
2023,2064,185,1,1,0,9,2,2,4,      206418501
2023,2064,191,1,1,5,9,2,1,7,      206419101
2023,2064,192,1,1,3,9,2,1,3,      206419201
2023,2065,32,1,1,8,9,1,1,4,      206503201
2023,2065,32,1,1,4,9,2,2,5,      206503201
2023,2065,33,1,1,5,9,2,1,4,      206503301
2023,2065,34,1,1,8,9,1,1,4,      206503401
2023,2065,34,1,1,0,9,2,2,5,      206503401
2023,2065,52,1,1,4,9,2,1,3,      206505201
2023,2065,53,1,1,7,9,1,1,3,      206505301
2023,2065,53,1,1,3,9,2,2,4,      206505301
2023,2065,57,1,1,4,9,1,1,3,      206505701
2023,2065,57,1,1,1,9,2,2,4,      206505701
2023,2065,59,1,1,8,9,1,1,3,      206505901
2023,2065,59,1,1,7,9,1,2,4,      206505901
2023,2065,59,1,1,3,9,1,3,5,      206505901
2023,2065,59,1,1,2,9,2,4,6,      206505901
2023,2065,60,1,1,5,9,1,1,5,      206506001
2023,2065,60,1,1,4,9,2,2,6,      206506001
2023,2065,61,1,1,6,9,1,1,3,      206506101
2023,2065,61,1,1,5,9,2,2,4,      206506101
2023,2065,62,1,1,6,9,2,1,4,      206506201
2023,2067,12,1,1,5,4,2,1,3,      206701201
2023,2067,16,1,1,5,4,2,1,4,      206701601
2023,2067,17,1,1,5,4,2,1,4,      206701701
2023,2067,18,1,1,1,4,2,1,3,      206701801
2023,2067,21,1,1,7,4,1,1,4,      206702101
2023,2067,21,1,1,7,4,2,2,5,      206702101
2023,2067,81,1,1,7,4,1,1,3,      206708101
2023,2067,81,1,1,4,4,2,2,4,      206708101
2023,2067,82,1,1,0,4,2,1,3,      206708201
2023,2072,5,1,1,3,8,2,1,3,      207200501
2023,2072,33,1,1,7,6,2,1,4,      207203301
2023,2072,36,1,1,6,6,1,1,3,      207203601
2023,2072,36,1,1,3,6,2,2,4,      207203601
2023,2072,38,1,1,8,6,1,1,4,      207203801
2023,2072,38,1,1,4,6,2,2,5,      207203801
2023,2072,72,1,1,0,6,2,1,3,      207207201
2023,2078,12,1,1,6,5,2,1,5,      207801201
2023,2078,68,1,1,1,5,2,1,3,      207806801
2023,2078,69,1,1,5,5,2,1,3,      207806901
2023,2078,70,1,1,4,5,2,1,3,      207807001
2023,2080,17,1,1,5,6,1,1,3,      208001701
2023,2080,17,1,1,2,7,2,2,4,      208001701
2023,2080,51,1,1,3,6,2,1,3,      208005101
2023,2080,61,1,1,7,5,1,1,3,      208006101
2023,2080,61,1,1,1,5,2,2,4,      208006101
2023,2080,65,1,1,0,5,2,1,3,      208006501
2023,2085,24,1,1,7,8,1,1,3,      208502401
2023,2085,24,1,1,5,8,2,2,4,      208502401
2023,2085,57,1,1,5,8,1,1,3,      208505701
2023,2085,57,1,1,2,8,2,2,4,      208505701
2023,2085,59,1,1,2,8,2,1,2,      208505901
2023,2085,65,1,1,5,8,2,1,4,      208506501
2023,2085,70,1,1,9,8,1,1,2,      208507001
2023,2085,70,1,1,6,8,1,2,3,      208507001
2023,2085,70,1,1,5,8,2,3,4,      208507001
2023,2085,84,1,1,1,8,2,1,3,      208508401
2023,2085,88,1,1,2,8,2,1,3,      208508801
2023,2088,48,1,1,5,9,2,1,3,      208804801
2023,2088,71,1,1,0,8,2,1,4,      208807101
2023,2088,75,1,1,5,9,1,1,3,      208807501
2023,2088,75,1,1,3,9,2,2,4,      208807501
2023,2088,84,1,1,0,6,2,1,3,      208808401
2023,2088,92,1,1,0,9,2,1,3,      208809201
2023,2088,127,1,1,1,9,2,1,2,      208812701
2023,2088,132,1,1,8,9,2,1,4,      208813201
2023,2090,11,1,1,5,6,1,1,3,      209001101
2023,2090,11,1,1,0,6,2,2,4,      209001101
2023,2090,26,1,1,0,6,2,1,3,      209002601
2023,2090,42,1,1,1,6,2,1,2,      209004201
2023,2090,75,1,1,4,6,2,1,3,      209007501
2023,2090,77,1,1,2,6,2,1,2,      209007701
2023,2095,14,1,1,4,5,1,1,3,      209501401
2023,2095,14,1,1,0,4,2,2,4,      209501401
2023,2095,39,1,1,4,5,2,1,4,      209503901
2023,2095,102,1,1,5,5,2,1,5,      209510201
2023,2095,113,1,1,1,5,2,1,4,      209511301
2023,2095,142,1,1,1,5,2,1,3,      209514201
2023,2098,16,1,1,8,4,1,1,3,      209801601
2023,2098,16,1,1,3,4,2,2,4,      209801601
2023,2098,17,1,1,1,4,2,1,5,      209801701
2023,2098,110,1,1,7,4,1,1,4,      209811001
2023,2098,110,1,1,0,4,2,2,5,      209811001
2023,2098,118,1,1,5,4,1,1,3,      209811801
2023,2098,118,1,1,2,4,2,2,4,      209811801
2023,2098,126,1,1,1,4,2,1,3,      209812601
2023,2100,25,1,1,7,7,1,1,2,      210002501
2023,2100,25,1,1,4,7,2,2,3,      210002501
2023,2100,34,1,1,5,7,1,1,4,      210003401
2023,2100,34,1,1,0,7,2,2,6,      210003401
2023,2100,68,1,1,7,7,2,1,3,      210006801
2023,2100,99,1,1,6,7,2,1,4,      210009901
2023,2105,1,1,1,6,9,1,1,4,      210500101
2023,2105,1,1,1,6,9,2,2,5,      210500101
2023,2105,3,1,1,1,9,2,1,4,      210500301
2023,2105,27,1,1,8,9,1,1,3,      210502701
2023,2105,27,1,1,0,9,2,2,4,      210502701
2023,2105,28,1,1,3,9,2,1,4,      210502801
2023,2107,11,1,1,7,4,1,1,5,      210701101
2023,2107,11,1,1,6,4,1,2,7,      210701101
2023,2107,11,1,1,4,4,2,3,8,      210701101
2023,2107,13,1,1,4,4,2,1,6,      210701301
2023,2107,14,1,1,4,4,1,1,5,      210701401
2023,2107,14,1,1,3,4,1,2,6,      210701401
2023,2107,14,1,1,2,4,2,3,7,      210701401
2023,2107,15,1,1,8,4,2,1,5,      210701501
2023,2107,16,1,1,5,4,2,1,4,      210701601
2023,2107,45,1,1,7,4,1,1,4,      210704501
2023,2107,45,1,1,4,4,2,2,6,      210704501
2023,2107,106,1,1,5,4,2,1,3,      210710601
2023,2107,107,1,1,5,4,2,1,4,      210710701
2023,2107,108,1,1,4,4,1,1,3,      210710801
2023,2107,108,1,1,1,4,2,2,4,      210710801
2023,2107,109,1,1,5,4,1,1,3,      210710901
2023,2107,109,1,1,4,4,2,2,4,      210710901
2023,2107,110,1,1,0,4,2,1,3,      210711001
2023,2109,83,1,1,8,9,1,1,3,      210908301
2023,2109,83,1,1,2,9,2,2,4,      210908301
2023,2109,84,1,1,1,8,2,1,5,      210908401
2023,2109,85,1,1,3,9,1,1,5,      210908501
2023,2109,85,1,1,0,9,2,2,6,      210908501
2023,2109,86,1,1,2,9,2,1,3,      210908601
2023,2109,87,1,1,4,8,1,1,5,      210908701
2023,2109,87,1,1,3,8,2,2,6,      210908701
2023,2109,88,1,1,1,9,2,1,2,      210908801
2023,2109,90,1,1,5,8,2,1,5,      210909001
2023,2109,169,1,1,7,9,1,1,4,      210916901
2023,2109,169,1,1,4,9,1,2,5,      210916901
2023,2109,169,1,1,2,9,2,3,6,      210916901
2023,2109,170,1,1,2,8,2,1,2,      210917001
2023,2109,171,1,1,1,2,2,1,3,      210917101
2023,2110,1,1,1,8,6,1,1,4,      211000101
2023,2110,1,1,1,5,6,2,2,5,      211000101
2023,2110,2,1,1,8,6,1,1,3,      211000201
2023,2110,2,1,1,4,6,2,2,4,      211000201
2023,2110,4,1,1,0,6,2,1,2,      211000401
2023,2110,46,1,1,7,6,1,1,3,      211004601
2023,2110,46,1,1,4,6,2,2,4,      211004601
2023,2110,47,1,1,6,6,1,1,2,      211004701
2023,2110,47,1,1,5,6,1,2,3,      211004701
2023,2110,47,1,1,3,6,2,3,4,      211004701
2023,2110,49,1,1,5,6,2,1,3,      211004901
2023,2110,50,1,1,8,6,1,1,5,      211005001
2023,2110,50,1,1,1,6,2,2,6,      211005001
2023,2110,51,1,1,4,6,2,1,6,      211005101
2023,2110,57,1,1,3,6,1,1,3,      211005701
2023,2110,57,1,1,2,6,2,2,4,      211005701
2023,2110,60,1,1,4,6,2,1,5,      211006001
2023,2111,41,1,1,5,6,2,1,3,      211104101
2023,2111,62,1,1,3,6,1,1,2,      211106201
2023,2111,62,1,1,2,6,2,2,3,      211106201
2023,2111,65,1,1,2,6,2,1,3,      211106501
2023,2111,66,1,1,4,6,2,1,3,      211106601
2023,2116,30,1,1,1,5,2,1,5,      211603001
2023,2116,53,1,1,2,5,2,1,5,      211605301
2023,2116,56,1,1,8,5,2,1,5,      211605601
2023,2116,60,1,1,3,5,2,1,3,      211606001
2023,2118,14,1,1,0,7,2,1,5,      211801401
2023,2118,15,1,1,3,7,2,1,3,      211801501
2023,2118,16,1,1,0,7,2,1,3,      211801601
2023,2118,17,1,1,3,6,1,1,7,      211801701
2023,2118,17,1,1,7,6,2,2,9,      211801701
2023,2118,25,1,1,3,7,2,1,3,      211802501
2023,2118,28,1,1,7,7,1,1,5,      211802801
2023,2118,28,1,1,3,7,2,2,6,      211802801
2023,2118,29,1,1,6,7,1,1,3,      211802901
2023,2118,29,1,1,3,7,1,2,4,      211802901
2023,2118,29,1,1,1,7,2,3,5,      211802901
2023,2118,90,1,1,7,7,2,1,3,      211809001
2023,2118,91,1,1,8,7,1,1,3,      211809101
2023,2118,91,1,1,7,7,2,2,4,      211809101
2023,2119,57,1,1,6,5,1,1,6,      211905701
2023,2119,57,1,1,1,5,2,2,8,      211905701
2023,2119,58,1,1,6,4,1,1,4,      211905801
2023,2119,58,1,1,5,4,2,2,5,      211905801
2023,2119,59,1,1,1,4,1,1,3,      211905901
2023,2119,59,1,1,0,4,2,2,4,      211905901
2023,2119,60,1,1,4,4,2,1,4,      211906001
2023,2119,61,1,1,4,4,2,1,4,      211906101
2023,2119,82,1,1,3,5,2,1,3,      211908201
2023,2119,83,1,1,0,4,1,1,3,      211908301
2023,2119,83,1,1,6,4,2,2,5,      211908301
2023,2119,84,1,1,7,4,1,1,3,      211908401
2023,2119,84,1,1,5,4,2,2,4,      211908401
2023,2119,85,1,1,8,4,2,1,4,      211908501
2023,2119,86,1,1,6,4,2,1,5,      211908601
2023,2119,104,1,1,1,3,2,1,3,      211910401
2023,2119,106,1,1,4,2,1,1,3,      211910601
2023,2119,106,1,1,1,2,2,2,4,      211910601
2023,2121,21,1,1,7,4,1,1,3,      212102101
2023,2121,21,1,1,0,4,2,2,4,      212102101
2023,2121,22,1,1,5,4,2,1,3,      212102201
2023,2121,90,1,1,0,4,2,1,3,      212109001
2023,2121,95,1,1,7,3,2,1,3,      212109501
2023,2125,37,1,1,1,5,2,1,3,      212503701
2023,2125,40,1,1,4,5,2,1,4,      212504001
2023,2125,54,1,1,6,5,1,1,2,      212505401
2023,2125,54,1,1,0,5,2,2,3,      212505401
2023,2133,11,1,1,1,7,2,1,4,      213301101
2023,2133,61,1,1,3,7,2,1,3,      213306101
2023,2133,63,1,1,7,6,1,1,3,      213306301
2023,2133,63,1,1,0,6,2,2,4,      213306301
2023,2133,101,1,1,0,7,2,1,3,      213310101
2023,2138,2,1,1,3,9,2,1,4,      213800201
2023,2138,5,1,1,2,9,2,1,2,      213800501
2023,2138,107,1,1,5,9,2,1,3,      213810701
2023,2138,108,1,1,6,9,2,1,5,      213810801
2023,2138,110,1,1,2,9,1,1,3,      213811001
2023,2138,110,1,1,0,9,2,2,4,      213811001
2023,2138,111,1,1,8,9,1,1,3,      213811101
2023,2138,111,1,1,6,9,2,2,4,      213811101
2023,2140,16,1,1,3,7,2,1,4,      214001601
2023,2140,26,1,1,1,7,2,1,5,      214002601
2023,2140,53,1,1,7,7,1,1,3,      214005301
2023,2140,53,1,1,2,7,2,2,4,      214005301
2023,2140,105,1,1,2,7,2,1,4,      214010501
2023,2147,44,2,2, , ,2,1,3,      214704402
2023,2147,88,1,1,8,8,1,1,5,      214708801
2023,2147,88,1,1,3,8,2,2,6,      214708801
2023,2148,2,1,2, , ,2,1,2,      214800201
2023,2148,20,1,1,8,9,1,1,3,      214802001
2023,2148,20,1,1,2,9,2,2,4,      214802001
2023,2148,31,1,1,6,9,2,1,5,      214803101
2023,2148,58,1,1,5,9,1,1,3,      214805801
2023,2148,58,1,1,0,9,2,2,4,      214805801
2023,2153,74,1,1,5,9,1,1,3,      215307401
2023,2153,74,1,2, , ,2,2,4,      215307401
2023,2153,94,1,1,1,9,2,1,5,      215309401
2023,2153,95,1,1,8,9,2,1,4,      215309501
2023,2153,109,1,1,7,9,2,1,6,      215310901
2023,2153,138,1,1,7,9,2,1,10,      215313801
2023,2153,141,1,1,7,9,1,1,4,      215314101
2023,2153,141,1,1,3,9,2,2,5,      215314101
2023,2154,74,1,1,2,6,1,1,4,      215407401
2023,2154,74,1,1,0,6,2,2,5,      215407401
2023,2161,51,1,1,1,4,2,1,3,      216105101
2023,2161,54,1,1,1,4,2,1,3,      216105401
2023,2161,98,1,1,2,4,2,1,5,      216109801
2023,2161,100,1,2, , ,2,1,5,      216110001
2023,2162,4,1,1,6,9,2,1,5,      216200401
2023,2162,9,1,1,3,5,1,1,7,      216200901
2023,2162,9,1,1,0,5,2,2,8,      216200901
2023,2162,12,1,2, , ,2,1,3,      216201201
2023,2162,26,1,1,4,5,2,1,4,      216202601
2023,2162,43,1,1,6,5,2,1,2,      216204301
2023,2162,45,1,1,4,5,2,1,4,      216204501
2023,2162,72,1,1,2,5,2,1,3,      216207201
2023,2164,1,1,1,4,6,2,1,9,      216400101
2023,2164,4,1,1,6,6,1,1,4,      216400401
2023,2164,4,1,1,1,6,2,2,5,      216400401
2023,2164,9,1,1,4,6,2,1,4,      216400901
2023,2164,28,1,1,2,6,2,1,3,      216402801
2023,2164,56,1,1,0,6,2,1,5,      216405601
2023,2164,72,1,1,4,6,2,1,3,      216407201
2023,2164,114,1,1,7,6,1,1,6,      216411401
2023,2164,114,1,1,5,6,2,2,7,      216411401
2023,2168,11,1,1,4,5,2,1,4,      216801101
2023,2168,12,1,1,6,5,2,1,5,      216801201
2023,2168,15,1,1,6,6,2,1,4,      216801501
2023,2168,77,1,1,5,5,1,1,3,      216807701
2023,2168,77,1,1,4,5,1,2,4,      216807701
2023,2168,77,1,1,2,5,1,3,5,      216807701
2023,2168,77,1,1,0,5,2,4,6,      216807701
2023,2168,78,1,1,0,5,2,1,3,      216807801
2023,2168,80,1,1,8,5,2,1,4,      216808001
2023,2168,83,1,1,1,5,1,1,3,      216808301
2023,2168,83,1,1,2,5,2,2,4,      216808301
2023,2173,2,1,1,2,9,2,1,3,      217300201
2023,2173,5,1,1,2,9,2,1,2,      217300501
2023,2173,39,1,1,8,9,2,1,4,      217303901
2023,2173,41,1,1,7,9,1,1,3,      217304101
2023,2173,41,1,1,4,9,2,2,4,      217304101
2023,2174,43,1,1,8,4,2,1,5,      217404301
2023,2174,44,1,1,0,4,2,1,3,      217404401
2023,2174,45,1,1,0,4,2,1,3,      217404501
2023,2174,46,1,1,0,4,2,1,4,      217404601
2023,2174,47,1,1,4,4,2,1,2,      217404701
2023,2174,120,1,1,4,4,1,1,3,      217412001
2023,2174,120,1,1,1,4,2,2,4,      217412001
2023,2174,121,1,1,4,4,2,1,2,      217412101
2023,2174,162,1,1,5,4,2,1,3,      217416201
2023,2174,163,1,1,0,4,1,1,3,      217416301
2023,2174,163,1,1,5,4,2,2,4,      217416301
2023,2176,4,1,1,4,6,1,1,2,      217600401
2023,2176,4,1,1,1,6,2,2,3,      217600401
2023,2176,6,1,1,6,6,1,1,3,      217600601
2023,2176,6,1,1,1,6,2,2,5,      217600601
2023,2176,7,1,1,8,7,1,1,3,      217600701
2023,2176,7,1,1,3,7,2,2,4,      217600701
2023,2176,23,1,1,4,5,1,1,3,      217602301
2023,2176,23,1,1,1,5,2,2,4,      217602301
2023,2176,27,1,1,5,7,1,1,3,      217602701
2023,2176,27,1,1,1,7,2,2,4,      217602701
2023,2176,36,1,1,6,6,2,1,3,      217603601
2023,2176,49,1,1,0,5,2,1,6,      217604901
2023,2176,59,1,1,7,7,2,1,3,      217605901
2023,2176,70,1,1,0,6,2,1,5,      217607001
2023,2176,75,1,1,0,2,1,1,4,      217607501
2023,2176,75,1,1,0,5,2,2,6,      217607501
2023,2176,78,1,1,0,6,2,1,3,      217607801
2023,2176,89,1,1,7,7,2,1,5,      217608901
2023,2177,17,1,1,5,8,2,1,3,      217701701
2023,2177,24,1,1,1,8,2,1,3,      217702401
2023,2177,63,1,1,0,8,2,1,3,      217706301
2023,2177,64,1,1,7,8,2,1,3,      217706401
2023,2177,75,1,1,2,8,2,1,3,      217707501
2023,2184,20,1,1,1,9,2,1,3,      218402001
2023,2184,23,1,1,5,10,2,1,4,      218402301
2023,2184,67,1,1,5,8,2,1,4,      218406701
2023,2184,81,1,1,3,9,2,1,3,      218408101
2023,2184,94,1,1,8,9,1,1,4,      218409401
2023,2184,94,1,1,7,9,1,2,5,      218409401
2023,2184,94,1,1,4,9,1,3,6,      218409401
2023,2184,94,1,1,2,9,2,4,7,      218409401
2023,2184,110,1,1,8,9,1,1,6,      218411001
2023,2184,110,1,1,4,3,2,2,7,      218411001
2023,2184,119,1,1,6,9,1,1,4,      218411901
2023,2184,119,1,1,4,9,2,2,5,      218411901
2023,2184,120,1,1,7,9,1,1,3,      218412001
2023,2184,120,1,1,6,9,1,2,4,      218412001
2023,2184,120,1,1,3,9,2,3,5,      218412001
2023,2185,19,1,1,8,7,2,1,3,      218501901
2023,2185,24,1,1,5,7,2,1,3,      218502401
2023,2185,58,1,1,6,7,1,1,3,      218505801
2023,2185,58,1,1,1,7,2,2,4,      218505801
2023,2185,59,1,1,1,7,1,1,3,      218505901
2023,2185,59,1,1,8,7,2,2,5,      218505901
2023,2185,79,1,1,0,7,1,1,6,      218507901
2023,2185,79,1,1,3,7,1,2,8,      218507901
2023,2185,79,1,1,4,7,2,3,10,      218507901
2023,2185,80,1,1,5,7,2,1,4,      218508001
2023,2185,82,1,1,0,7,2,1,4,      218508201
2023,2187,8,1,1,2,5,2,1,3,      218700801
2023,2187,19,1,1,4,6,2,1,3,      218701901
2023,2187,22,1,1,1,6,2,1,3,      218702201
2023,2187,23,1,2, , ,1,1,4,      218702301
2023,2187,23,1,2, , ,1,2,5,      218702301
2023,2187,23,1,2, , ,2,3,6,      218702301
2023,2187,28,1,1,6,6,2,1,3,      218702801
2023,2187,40,1,1,4,6,2,1,3,      218704001
2023,2187,51,1,1,7,6,2,1,4,      218705101
2023,2187,69,1,1,1,6,2,1,4,      218706901
2023,2187,74,1,1,1,6,2,1,7,      218707401
2023,2187,77,1,1,3,6,1,1,3,      218707701
2023,2187,77,1,1,2,6,2,2,4,      218707701
2023,2187,96,1,1,5,6,1,1,3,      218709601
2023,2187,96,1,1,3,6,1,2,4,      218709601
2023,2187,96,1,1,0,6,2,3,5,      218709601
2023,2187,97,1,1,8,6,2,1,3,      218709701
2023,2192,14,1,1,3,8,1,1,3,      219201401
2023,2192,14,1,1,7,8,2,2,4,      219201401
2023,2192,16,1,1,0,8,2,1,3,      219201601
2023,2192,19,1,1,3,8,2,1,4,      219201901
2023,2192,32,1,1,4,8,2,1,4,      219203201
2023,2192,33,1,1,7,8,1,1,3,      219203301
2023,2192,33,1,1,1,8,2,2,4,      219203301
2023,2192,34,1,1,3,8,1,1,3,      219203401
2023,2192,34,1,1,0,8,1,2,4,      219203401
2023,2192,34,1,1,7,8,2,3,5,      219203401
2023,2192,129,1,1,8,8,2,1,3,      219212901
2023,2192,134,1,1,6,8,2,1,3,      219213401
2023,2194,9,1,1,8,4,2,1,5,      219400901
2023,2194,14,1,1,6,4,2,1,3,      219401401
2023,2194,27,1,1,4,4,2,1,5,      219402701
2023,2194,46,1,1,7,4,2,1,2,      219404601
2023,2194,47,1,1,0,4,2,1,4,      219404701
2023,2194,51,1,1,2,4,2,1,5,      219405101
2023,2194,56,1,1,7,4,2,1,5,      219405601
2023,2194,58,1,1,0,4,2,1,6,      219405801
2023,2194,62,1,1,2,4,2,1,2,      219406201
2023,2196,1,1,2, , ,2,1,4,      219600101
2023,2196,8,1,1,4,7,2,1,3,      219600801
2023,2196,10,1,1,7,8,1,1,3,      219601001
2023,2196,10,1,1,0,8,2,2,4,      219601001
2023,2196,12,1,1,6,7,2,1,3,      219601201
2023,2196,21,1,1,7,7,1,1,3,      219602101
2023,2196,21,1,1,6,7,2,2,4,      219602101
2023,2196,23,1,1,7,8,2,1,3,      219602301
2023,2196,28,1,1,4,7,2,1,4,      219602801
2023,2196,29,1,1,8,8,1,1,2,      219602901
2023,2196,29,1,1,6,8,1,2,3,      219602901
2023,2196,29,1,1,3,8,1,3,4,      219602901
2023,2196,29,1,1,0,8,2,4,5,      219602901
2023,2196,34,1,1,6,7,1,1,4,      219603401
2023,2196,34,1,1,5,7,2,2,5,      219603401
2023,2196,40,1,1,7,8,2,1,4,      219604001
2023,2196,42,1,1,7,8,1,1,3,      219604201
2023,2196,42,1,1,3,8,1,2,4,      219604201
2023,2196,42,1,1,2,8,1,3,5,      219604201
2023,2196,42,1,1,0,8,2,4,6,      219604201
2023,2199,88,1,1,1,7,2,1,4,      219908801
2023,2199,123,1,1,2,8,2,1,4,      219912301
2023,2199,156,1,1,8,8,2,1,4,      219915601
2023,2199,161,1,1,6,8,2,1,7,      219916101
2023,2208,30,1,1,3,4,2,1,3,      220803001
2023,2208,74,2,1,0,4,2,1,2,      220807402
2023,2208,130,1,1,1,4,1,1,3,      220813001
2023,2208,130,1,1,5,4,2,2,5,      220813001
2023,2208,144,1,1,5,4,1,1,5,      220814401
2023,2208,144,1,1,0,4,2,2,6,      220814401
2023,2210,75,1,1,5,9,1,1,3,      221007501
2023,2210,75,1,1,3,9,1,2,4,      221007501
2023,2210,75,1,1,2,9,2,3,5,      221007501
2023,2210,79,1,1,0,9,2,1,5,      221007901
2023,2212,2,1,1,5,6,1,1,3,      221200201
2023,2212,2,1,1,1,8,2,2,4,      221200201
2023,2212,47,1,1,5,8,1,1,2,      221204701
2023,2212,47,1,1,0,8,2,2,3,      221204701
2023,2212,51,1,1,2,6,2,1,3,      221205101
2023,2212,91,1,1,5,8,2,1,5,      221209101
2023,2212,120,1,1,1,8,1,1,4,      221212001
2023,2212,120,1,1,1,8,2,2,5,      221212001
2023,2212,144,1,1,7,6,2,1,5,      221214401
2023,2212,158,1,1,5,6,1,1,4,      221215801
2023,2212,158,1,1,1,6,2,2,11,      221215801
2023,2212,178,1,1,1,8,2,1,3,      221217801
2023,2213,74,1,2, , ,2,1,3,      221307401
2023,2213,82,1,1,5,5,2,1,5,      221308201
2023,2213,89,1,1,4,5,2,1,4,      221308901
2023,2213,113,2,1,3,5,2,1,4,      221311302
2023,2215,6,1,1,1,5,2,1,5,      221500601
2023,2215,16,1,1,5,5,1,1,4,      221501601
2023,2215,16,1,1,1,5,1,2,11,      221501601
2023,2215,16,1,1,0,5,2,3,12,      221501601
2023,2215,76,1,1,0,4,2,1,4,      221507601
2023,2215,102,1,1,3,4,2,1,4,      221510201
2023,2215,128,1,1,5,3,2,1,6,      221512801
2023,2215,136,1,1,2,5,2,1,5,      221513601
2023,2216,32,1,1,1,4,2,1,5,      221603201
2023,2216,42,1,1,2,4,2,1,5,      221604201
2023,2216,95,1,1,5,4,1,1,3,      221609501
2023,2216,95,1,1,1,4,2,2,4,      221609501
2023,2216,164,1,1,3,4,1,1,3,      221616401
2023,2216,164,1,1,0,4,2,2,4,      221616401
2023,2216,167,1,1,0,4,2,1,3,      221616701
2023,2225,4,1,1,4,7,2,1,3,      222500401
2023,2225,18,1,1,2,7,2,1,6,      222501801
2023,2225,42,1,1,4,6,2,1,3,      222504201
2023,2225,55,1,1,1,7,1,1,3,      222505501
2023,2225,55,1,1,3,7,2,2,5,      222505501
2023,2225,72,1,1,2,7,2,1,5,      222507201
2023,2228,1,1,1,6,8,1,1,3,      222800101
2023,2228,1,1,1,5,8,2,2,4,      222800101
2023,2228,20,1,1,4,7,2,1,3,      222802001
2023,2228,47,1,1,0,6,2,1,3,      222804701
2023,2228,49,1,1,6,6,1,1,5,      222804901
2023,2228,49,1,1,0,7,2,2,7,      222804901
2023,2228,52,1,1,0,7,1,1,3,      222805201
2023,2228,52,1,1,7,7,1,2,5,      222805201
2023,2228,52,1,1,3,7,2,3,6,      222805201
2023,2228,70,1,1,6,7,1,1,2,      222807001
2023,2228,70,1,1,2,7,2,2,3,      222807001
2023,2228,71,1,1,5,6,1,1,3,      222807101
2023,2228,71,1,1,5,6,1,2,4,      222807101
2023,2228,71,1,1,3,6,2,3,5,      222807101
2023,2234,9,1,1,3,8,2,1,6,      223400901
2023,2234,19,1,1,0,8,2,1,2,      223401901
2023,2234,120,1,1,0,8,2,1,5,      223412001
2023,2234,135,1,1,1,8,2,1,3,      223413501
2023,2236,1,1,1,7,4,2,1,6,      223600101
2023,2236,34,1,1,0,5,2,1,2,      223603401
2023,2236,38,1,1,2,3,2,1,4,      223603801
2023,2236,46,1,1,7,4,1,1,3,      223604601
2023,2236,46,1,1,2,4,2,2,4,      223604601
2023,2237,52,1,1,2,8,2,1,7,      223705201
2023,2237,68,1,1,4,2,2,1,5,      223706801
2023,2241,1,1,1,3,9,2,1,3,      224100101
2023,2241,21,1,1,1,9,2,1,3,      224102101
2023,2241,37,1,1,5,9,1,1,3,      224103701
2023,2241,37,1,1,5,9,2,2,4,      224103701
2023,2241,45,1,1,4,9,2,1,4,      224104501
2023,2241,88,1,1,3,9,1,1,3,      224108801
2023,2241,88,1,1,0,9,2,2,4,      224108801
2023,2241,90,1,1,1,9,1,1,3,      224109001
2023,2241,90,1,1,0,9,2,2,6,      224109001
2023,2243,30,1,1,0,6,1,1,6,      224303001
2023,2243,30,1,1,0,6,2,2,7,      224303001
2023,2243,129,1,2, , ,2,1,6,      224312901
2023,2244,40,1,1,0,5,1,1,3,      224404001
2023,2244,40,1,1,0,5,2,2,4,      224404001
2023,2244,75,1,2, , ,1,1,3,      224407501
2023,2244,75,1,2, , ,2,2,5,      224407501
2023,2244,96,1,2, , ,2,1,5,      224409601
2023,2245,21,1,1,2,6,2,1,4,      224502101
2023,2245,47,1,1,3,6,1,1,5,      224504701
2023,2245,47,1,1,3,6,2,2,7,      224504701
2023,2245,49,1,1,2,5,2,1,3,      224504901
2023,2245,54,1,1,7,6,1,1,3,      224505401
2023,2245,54,1,1,0,6,2,2,4,      224505401
2023,2245,85,1,1,3,8,1,1,3,      224508501
2023,2245,85,1,1,0,8,2,2,4,      224508501
2023,2245,98,1,1,5,5,1,1,3,      224509801
2023,2245,98,1,1,3,5,1,2,4,      224509801
2023,2245,98,1,1,5,5,2,3,5,      224509801
2023,2245,111,1,1,0,6,2,1,6,      224511101
2023,2252,71,1,1,2,3,2,1,4,      225207101
2023,2252,82,1,1,7,4,1,1,4,      225208201
2023,2252,82,1,1,3,4,2,2,5,      225208201
2023,2252,105,1,1,1,3,2,1,3,      225210501
2023,2252,115,1,1,8,4,1,1,8,      225211501
2023,2252,115,1,1,7,4,2,2,9,      225211501
2023,2253,2,1,1,2,6,1,1,4,      225300201
2023,2253,2,1,1,0,6,2,2,8,      225300201
2023,2253,13,1,1,4,5,2,1,4,      225301301
2023,2253,57,1,1,2,6,1,1,3,      225305701
2023,2253,57,1,1,6,6,2,2,6,      225305701
2023,2253,86,1,1,2,6,2,1,5,      225308601
2023,2253,94,1,1,4,2,1,1,4,      225309401
2023,2253,94,1,1,0,5,2,2,5,      225309401
2023,2256,29,1,1,1,5,2,1,4,      225602901
2023,2256,34,1,1,7,5,1,1,3,      225603401
2023,2256,34,1,1,5,5,2,2,4,      225603401
2023,2256,61,1,1,6,5,1,1,4,      225606101
2023,2256,61,1,1,4,5,2,2,5,      225606101
2023,2256,88,1,1,0,5,2,1,3,      225608801
2023,2256,90,1,1,6,5,2,1,3,      225609001
2023,2256,91,1,1,7,5,1,1,3,      225609101
2023,2256,91,1,1,5,5,2,2,4,      225609101
2023,2256,92,1,1,6,5,2,1,5,      225609201
2023,2257,6,1,1,5,6,2,1,3,      225700601
2023,2261,23,1,1,1,8,2,1,4,      226102301
2023,2261,73,1,1,4,8,1,1,2,      226107301
2023,2261,73,1,1,1,8,1,2,3,      226107301
2023,2261,73,1,2, , ,2,3,4,      226107301
2023,2261,79,1,1,0,8,2,1,2,      226107901
2023,2261,136,1,1,5,8,1,1,4,      226113601
2023,2261,136,1,1,4,8,1,2,5,      226113601
2023,2261,136,1,1,1,8,2,3,6,      226113601
2023,2267,80,1,1,1,9,2,1,4,      226708001
2023,2267,162,1,2, , ,1,1,3,      226716201
2023,2267,162,1,2, , ,2,2,4,      226716201
2023,2272,3,1,1,4,4,1,1,5,      227200301
2023,2272,3,1,2, , ,2,2,6,      227200301
2023,2273,55,1,1,4,5,2,1,4,      227305501
2023,2279,67,1,1,2,5,2,1,3,      227906701
2023,2279,120,1,1,3,5,2,1,2,      227912001
2023,2280,16,1,1,4,9,2,1,4,      228001601
2023,2280,45,1,1,98,98,2,1,5,      228004501
2023,2280,70,1,1,0,9,2,1,4,      228007001
2023,2280,71,1,1,0,10,2,1,4,      228007101
2023,2280,94,1,1,1,10,2,1,3,      228009401
2023,2281,5,1,1,0,5,2,1,3,      228100501
2023,2281,47,1,1,8,5,1,1,5,      228104701
2023,2281,47,1,1,0,5,2,2,6,      228104701
2023,2281,63,1,1,4,5,2,1,4,      228106301
2023,2281,82,1,1,8,5,2,1,3,      228108201
2023,2281,94,1,1,7,5,1,1,3,      228109401
2023,2281,94,1,1,2,5,2,2,4,      228109401
2023,2281,103,1,1,0,5,2,1,3,      228110301
2023,2286,25,1,1,0,7,2,1,4,      228602501
2023,2286,89,1,1,0,7,2,1,4,      228608901
2023,2290,11,1,2, , ,1,1,3,      229001101
2023,2290,11,1,1,0,6,2,2,4,      229001101
2023,2290,55,1,1,0,4,2,1,5,      229005501
2023,2290,91,1,1,3,6,1,1,3,      229009101
2023,2290,91,1,1,3,6,1,2,4,      229009101
2023,2290,91,1,1,1,6,1,3,5,      229009101
2023,2290,91,1,1,0,6,2,4,6,      229009101
2023,2290,103,1,1,3,6,2,1,4,      229010301
2023,2291,17,1,2, , ,2,1,2,      229101701
2023,2291,65,1,1,1,7,1,1,3,      229106501
2023,2291,65,1,1,1,7,2,2,4,      229106501
2023,2291,78,1,1,6,7,1,1,3,      229107801
2023,2291,78,1,1,1,7,2,2,5,      229107801
2023,2297,5,1,1,0,6,2,1,3,      229700501
2023,2297,30,1,1,4,6,1,1,6,      229703001
2023,2297,30,1,1,1,6,1,2,7,      229703001
2023,2297,30,1,1,1,6,2,3,11,      229703001
2023,2297,33,1,1,1,6,2,1,5,      229703301
2023,2297,34,1,1,5,6,2,1,3,      229703401
2023,2297,63,1,1,5,6,2,1,3,      229706301
2023,2298,7,1,1,0,3,2,1,3,      229800701
2023,2298,29,1,1,2,4,2,1,3,      229802901
2023,2298,68,1,2, , ,2,1,3,      229806801
2023,2298,88,1,1,2,4,2,1,2,      229808801
2023,2298,91,1,1,3,4,2,1,5,      229809101
2023,2298,93,1,1,0,6,2,1,4,      229809301
2023,2300,47,1,1,2,4,2,1,4,      230004701
2023,2300,49,1,1,2,4,2,1,4,      230004901
2023,2300,50,1,1,2,4,2,1,3,      230005001
2023,2300,63,1,1,1,4,2,1,4,      230006301
2023,2300,86,1,1,0,4,2,1,4,      230008601
2023,2300,100,1,1,2,4,1,1,3,      230010001
2023,2300,100,1,1,0,4,2,2,4,      230010001
2023,2303,15,1,1,3,5,1,1,3,      230301501
2023,2303,15,1,1,0,5,2,2,4,      230301501
2023,2303,60,1,1,4,5,1,1,3,      230306001
2023,2303,60,1,1,2,5,2,2,4,      230306001
2023,2303,74,1,1,3,5,2,1,6,      230307401
2023,2303,88,1,1,4,5,1,1,5,      230308801
2023,2303,88,1,1,2,5,2,2,6,      230308801
2023,2306,50,1,1,6,9,2,1,3,      230605001
2023,2306,54,1,1,3,9,2,1,3,      230605401
2023,2311,11,1,1,2,7,2,1,4,      231101101
2023,2311,12,1,1,2,7,2,1,3,      231101201
2023,2311,24,1,1,2,7,2,1,2,      231102401
2023,2311,26,1,1,2,7,2,1,2,      231102601
2023,2311,30,1,1,3,7,1,1,3,      231103001
2023,2311,30,1,1,2,7,2,2,4,      231103001
2023,2313,57,1,1,3,7,2,1,5,      231305701
2023,2313,58,1,1,0,7,2,1,3,      231305801
2023,2313,59,1,2, , ,1,1,3,      231305901
2023,2313,59,1,2, , ,2,2,4,      231305901
2023,2313,127,1,1,2,7,2,1,3,      231312701
2023,2313,155,1,1,5,7,2,1,4,      231315501
2023,2313,156,1,1,3,7,2,1,3,      231315601
2023,2313,157,1,1,1,7,2,1,6,      231315701
2023,2313,159,1,1,0,7,1,1,3,      231315901
2023,2313,159,1,1,0,7,2,2,4,      231315901
2023,2315,37,1,1,1,8,2,1,2,      231503701
2023,2315,44,1,1,2,8,2,1,4,      231504401
2023,2315,52,1,1,5,8,2,1,5,      231505201
2023,2316,18,1,1,5,4,2,1,4,      231601801
2023,2316,19,1,1,1,4,2,1,3,      231601901
2023,2316,90,1,1,4,4,2,1,3,      231609001
2023,2316,91,1,1,3,4,2,1,4,      231609101
2023,2319,63,1,1,5,4,1,1,2,      231906301
2023,2319,63,1,1,4,4,2,2,3,      231906301
2023,2319,180,1,1,2,4,2,1,7,      231918001
2023,2327,36,1,1,2,5,2,1,5,      232703601
2023,2327,73,1,1,7,5,1,1,3,      232707301
2023,2327,73,1,1,4,5,1,2,4,      232707301
2023,2327,73,1,1,2,5,2,3,5,      232707301
2023,2327,85,1,1,4,5,1,1,2,      232708501
2023,2327,85,1,1,3,5,1,2,3,      232708501
2023,2327,85,1,1,0,5,1,3,4,      232708501
2023,2327,85,1,1,0,5,2,4,5,      232708501
2023,2327,96,1,1,2,5,2,1,3,      232709601
2023,2327,100,1,1,6,5,2,1,3,      232710001
2023,2330,72,1,1,1,8,2,1,11,      233007201
2023,2330,100,1,1,5,9,2,1,4,      233010001
2023,2332,40,1,1,0,6,2,1,7,      233204001
2023,2332,156,1,2, , ,1,1,5,      233215601
2023,2332,156,1,2, , ,2,2,6,      233215601
2023,2332,178,1,1,1,7,1,1,3,      233217801
2023,2332,178,1,1,3,7,2,2,5,      233217801
2023,2339,48,1,1,4,5,1,1,4,      233904801
2023,2339,48,1,1,4,5,2,2,5,      233904801
2023,2339,82,1,1,0,4,2,1,3,      233908201
2023,2339,102,1,1,8,4,1,1,3,      233910201
2023,2339,102,1,1,6,4,1,2,4,      233910201
2023,2339,102,1,1,0,4,2,3,5,      233910201
2023,2339,121,1,1,0,3,2,1,7,      233912101
2023,2340,7,1,1,3,5,1,1,9,      234000701
2023,2340,7,1,1,0,5,2,2,10,      234000701
2023,2340,26,1,1,0,5,2,1,8,      234002601
2023,2340,31,1,1,1,5,2,1,7,      234003101
2023,2340,95,1,1,1,5,2,1,6,      234009501
2023,2340,123,1,1,7,3,2,1,3,      234012301
2023,2341,74,1,1,3,6,2,1,3,      234107401
2023,2341,77,2,1,0,7,2,1,4,      234107702
2023,2341,78,1,1,0,7,2,1,3,      234107801
2023,2341,80,1,1,8,7,2,1,8,      234108001
2023,2341,80,2,1,3,7,2,1,3,      234108002
2023,2343,19,1,1,1,6,2,1,3,      234301901
2023,2343,39,1,1,0,7,1,1,3,      234303901
2023,2343,39,1,1,8,7,1,2,4,      234303901
2023,2343,39,1,1,5,7,2,3,5,      234303901
2023,2343,77,1,1,0,6,2,1,3,      234307701
2023,2343,93,1,1,1,6,2,1,4,      234309301
2023,2343,108,1,1,2,7,1,1,4,      234310801
2023,2343,108,1,1,2,7,2,2,5,      234310801
2023,2343,134,1,1,0,6,2,1,4,      234313401
2023,2344,57,1,1,4,6,2,1,4,      234405701
2023,2344,114,1,1,8,8,1,1,3,      234411401
2023,2344,114,1,1,6,8,2,2,4,      234411401
2023,2344,118,1,1,1,6,1,1,3,      234411801
2023,2344,118,1,1,1,6,2,2,4,      234411801
2023,2345,8,1,1,0,5,2,1,4,      234500801
2023,2345,53,1,1,2,5,2,1,5,      234505301
2023,2345,60,1,1,0,5,1,1,2,      234506001
2023,2345,60,1,1,0,5,1,2,3,      234506001
2023,2345,60,1,1,0,5,2,3,4,      234506001
2023,2346,11,2,1,5,7,1,1,3,      234601102
2023,2346,11,2,1,0,7,2,2,4,      234601102
2023,2346,41,1,1,4,6,2,1,4,      234604101
2023,2346,49,1,1,0,6,2,1,4,      234604901
2023,2346,90,1,1,6,7,1,1,4,      234609001
2023,2346,90,1,1,2,7,2,2,5,      234609001
2023,2346,90,2,1,4,7,2,1,5,      234609002
2023,2346,129,1,1,1,5,2,1,5,      234612901
2023,2346,151,1,1,0,7,1,1,4,      234615101
2023,2346,151,1,2, , ,2,2,5,      234615101
2023,2347,70,1,1,6,6,1,1,4,      234707001
2023,2347,70,1,1,2,6,2,2,6,      234707001
2023,2356,42,1,1,1,1,1,1,3,      235604201
2023,2356,42,1,1,1,1,2,2,5,      235604201
2023,2356,70,1,1,0,8,1,1,5,      235607001
2023,2356,70,1,1,0,8,1,2,6,      235607001
2023,2356,70,1,1,0,8,2,3,7,      235607001
2023,2356,132,2,1,0,9,2,1,4,      235613202
2023,2357,64,1,1,4,6,2,1,3,      235706401
2023,2357,106,1,1,3,7,1,1,5,      235710601
2023,2357,106,1,1,1,7,2,2,6,      235710601
2023,2357,108,2,1,1,6,2,1,3,      235710802
2023,2357,112,1,1,3,7,2,1,3,      235711201
2023,2357,140,1,1,1,7,2,1,5,      235714001
2023,2357,158,1,1,0,5,2,1,4,      235715801
2023,2359,5,1,1,6,7,2,1,4,      235900501
2023,2359,51,1,1,5,6,1,1,3,      235905101
2023,2359,51,1,1,2,6,2,2,4,      235905101
2023,2359,84,1,1,7,7,1,1,4,      235908401
2023,2359,84,1,1,0,7,2,2,7,      235908401
2023,2359,112,1,1,7,6,1,1,3,      235911201
2023,2359,112,1,1,4,6,2,2,4,      235911201
2023,2359,155,1,1,5,7,1,1,3,      235915501
2023,2359,155,1,1,3,7,2,2,4,      235915501
2023,2359,161,1,1,1,6,2,1,4,      235916101
2023,2359,193,1,1,0,7,2,1,3,      235919301
2023,2359,197,1,1,4,7,2,1,3,      235919701
2023,2361,21,1,1,5,7,1,1,5,      236102101
2023,2361,21,1,1,2,7,2,2,6,      236102101
2023,2361,50,1,1,8,7,1,1,3,      236105001
2023,2361,50,1,1,2,7,2,2,4,      236105001
2023,2361,64,1,1,1,7,2,1,2,      236106401
2023,2361,68,1,1,0,7,2,1,3,      236106801
2023,2361,85,1,1,1,7,1,1,3,      236108501
2023,2361,85,1,1,2,7,2,2,5,      236108501
2023,2361,97,1,1,2,8,2,1,5,      236109701
2023,2361,113,1,1,1,7,1,1,3,      236111301
2023,2361,113,1,2, , ,1,2,5,      236111301
2023,2361,113,1,2, , ,2,3,6,      236111301
2023,2361,117,1,1,7,7,1,1,3,      236111701
2023,2361,117,1,1,4,7,2,2,4,      236111701
2023,2365,8,1,1,1,4,2,1,3,      236500801
2023,2365,17,1,1,3,5,2,1,4,      236501701
2023,2365,18,1,1,4,4,2,1,5,      236501801
2023,2365,20,1,1,0,4,2,1,3,      236502001
2023,2365,134,1,1,3,5,1,1,3,      236513401
2023,2365,134,1,1,3,5,2,2,4,      236513401
2023,2365,143,1,1,1,5,2,1,3,      236514301
2023,2365,145,1,1,6,4,1,1,4,      236514501
2023,2365,145,1,1,3,4,2,2,5,      236514501
2023,2365,149,1,1,0,5,2,1,6,      236514901
2023,2365,170,1,1,2,4,2,1,3,      236517001
2023,2367,29,1,1,6,4,1,1,3,      236702901
2023,2367,29,1,1,6,4,1,2,4,      236702901
2023,2367,29,1,1,4,4,1,3,5,      236702901
2023,2367,29,1,1,1,4,2,4,6,      236702901
2023,2367,31,1,1,1,4,1,1,3,      236703101
2023,2367,31,1,1,1,4,2,2,4,      236703101
2023,2367,32,1,1,8,4,1,1,4,      236703201
2023,2367,32,1,1,4,4,2,2,5,      236703201
2023,2367,33,1,1,0,4,2,1,3,      236703301
2023,2367,34,1,1,3,4,1,1,5,      236703401
2023,2367,34,1,1,2,4,1,2,6,      236703401
2023,2367,34,1,1,1,4,2,3,7,      236703401
2023,2367,124,1,1,0,5,2,1,3,      236712401
2023,2367,125,1,1,0,4,2,1,3,      236712501
2023,2367,128,1,1,1,5,2,1,3,      236712801
2023,2373,1,1,1,0,9,2,1,3,      237300101
2023,2373,4,1,1,5,8,1,1,5,      237300401
2023,2373,4,1,1,3,8,2,2,6,      237300401
2023,2373,10,1,1,5,9,1,1,4,      237301001
2023,2373,10,1,1,1,9,2,2,5,      237301001
2023,2373,12,1,1,4,8,1,1,3,      237301201
2023,2373,12,1,1,2,8,2,2,4,      237301201
2023,2373,94,1,1,0,8,2,1,3,      237309401
2023,2373,96,1,1,3,8,1,1,3,      237309601
2023,2373,96,1,1,1,8,2,2,4,      237309601
2023,2373,105,1,1,5,10,1,1,2,      237310501
2023,2373,105,1,1,1,10,2,2,3,      237310501
2023,2375,22,1,1,6,8,2,1,3,      237502201
2023,2375,29,1,1,4,8,2,1,5,      237502901
2023,2375,30,1,1,2,7,2,1,4,      237503001
2023,2375,31,1,1,6,8,1,1,4,      237503101
2023,2375,31,1,1,1,8,2,2,5,      237503101
2023,2375,35,1,1,3,8,2,1,2,      237503501
2023,2375,64,1,1,0,7,2,1,3,      237506401
2023,2375,65,1,1,0,8,2,1,4,      237506501
2023,2377,7,1,2, , ,2,1,3,      237700701
2023,2377,19,1,2, , ,1,1,5,      237701901
2023,2377,19,1,2, , ,1,2,6,      237701901
2023,2377,19,1,2, , ,2,3,7,      237701901
2023,2377,28,1,2, , ,2,1,6,      237702801
2023,2377,44,2,2, , ,1,1,3,      237704402
2023,2377,44,2,2, , ,2,2,4,      237704402
2023,2377,116,1,2, , ,2,1,3,      237711601
2023,2387,20,1,2, , ,2,1,5,      238702001
2023,2387,33,1,2, , ,2,1,3,      238703301
2023,2390,55,1,2, , ,2,1,3,      239005501
2023,2390,101,1,2, , ,2,1,3,      239010101
2023,2390,101,2,2, , ,1,1,3,      239010102
2023,2390,101,2,2, , ,2,2,4,      239010102
2023,2390,115,1,2, , ,1,1,4,      239011501
2023,2390,115,1,2, , ,2,2,6,      239011501
2023,2390,128,1,1,3,9,2,1,5,      239012801
2023,2390,169,1,2, , ,2,1,4,      239016901
2023,2392,27,1,2, , ,2,1,3,      239202701
2023,2392,62,1,1,2,8,2,1,5,      239206201
2023,2392,71,1,1,8,7,1,1,3,      239207101
2023,2392,71,1,1,7,7,2,2,4,      239207101
2023,2392,71,2,1,4,7,1,1,2,      239207102
2023,2392,71,2,1,1,7,2,2,3,      239207102
2023,2392,77,1,1,1,8,2,1,4,      239207701
2023,2392,170,1,2, , ,2,1,3,      239217001
2023,2395,32,1,2, , ,1,1,4,      239503201
2023,2395,32,1,2, , ,1,2,6,      239503201
2023,2395,32,1,2, , ,2,3,7,      239503201
2023,2395,115,1,2, , ,2,1,3,      239511501
2023,2396,3,1,2, , ,2,1,2,      239600301
2023,2398,9,1,2, , ,2,1,4,      239800901
2023,2398,57,1,2, , ,1,1,5,      239805701
2023,2398,57,1,1,0,4,2,2,6,      239805701
2023,2398,85,1,1,0,4,2,1,3,      239808501
2023,2401,19,1,2, , ,1,1,5,      240101901
2023,2401,19,1,2, , ,2,2,6,      240101901
2023,2401,41,1,1,1,6,2,1,4,      240104101
2023,2401,55,1,1,0,6,2,1,5,      240105501
2023,2401,68,1,2, , ,2,1,5,      240106801
2023,2401,80,1,1,0,6,2,1,2,      240108001
2023,2401,82,1,2, , ,2,1,3,      240108201
2023,2401,119,1,1,3,6,1,1,3,      240111901
2023,2401,119,1,1,1,6,2,2,4,      240111901
2023,2406,12,1,1,1,6,1,1,2,      240601201
2023,2406,12,1,1,1,6,1,2,3,      240601201
2023,2406,12,1,1,1,6,2,3,4,      240601201
2023,2406,58,1,1,6,7,1,1,4,      240605801
2023,2406,58,1,1,4,7,1,2,5,      240605801
2023,2406,58,1,1,1,7,2,3,6,      240605801
2023,2407,37,1,2, , ,2,1,6,      240703701
2023,2407,63,1,1,4,6,2,1,3,      240706301
2023,2407,86,1,1,1,5,1,1,2,      240708601
2023,2407,86,1,1,0,5,2,2,3,      240708601
2023,2414,84,1,1,2,9,1,1,4,      241408401
2023,2414,84,1,1,1,9,2,2,5,      241408401
2023,2414,120,1,1,2,8,1,1,2,      241412001
2023,2414,120,1,1,1,8,2,2,3,      241412001
2023,2416,36,1,1,0,5,2,1,5,      241603601
2023,2416,41,1,2, , ,1,1,6,      241604101
2023,2416,41,1,2, , ,2,2,7,      241604101
2023,2416,65,1,1,0,8,2,1,5,      241606501
2023,2416,135,1,1,1,9,1,1,5,      241613501
2023,2416,135,1,1,0,9,2,2,6,      241613501
2023,2421,45,1,1,7,5,2,1,3,      242104501
2023,2421,84,1,1,8,5,1,1,4,      242108401
2023,2421,84,1,1,4,5,2,2,5,      242108401
2023,2421,93,1,1,0,3,2,1,3,      242109301
2023,2421,120,1,1,0,5,2,1,4,      242112001
2023,2424,28,1,1,1,8,2,1,5,      242402801
2023,2424,51,1,1,1,8,1,1,5,      242405101
2023,2424,51,1,1,0,8,2,2,6,      242405101
2023,2424,82,1,1,2,7,1,1,3,      242408201
2023,2424,82,1,1,0,7,2,2,4,      242408201
2023,2425,48,1,1,0,2,2,1,6,      242504801
2023,2425,55,1,1,0,5,1,1,3,      242505501
2023,2425,55,1,1,7,5,2,2,4,      242505501
2023,2425,76,1,1,0,4,1,1,5,      242507601
2023,2425,76,1,1,0,4,2,2,9,      242507601
2023,2425,150,1,1,5,5,2,1,3,      242515001
2023,2427,25,1,1,4,3,2,1,3,      242702501
2023,2427,36,1,1,5,5,1,1,2,      242703601
2023,2427,36,1,1,2,5,2,2,3,      242703601
2023,2427,50,1,2, , ,1,1,5,      242705001
2023,2427,50,1,1,1,4,2,2,6,      242705001
2023,2427,53,1,1,1,4,2,1,2,      242705301
2023,2427,82,1,1,0,4,1,1,7,      242708201
2023,2427,82,1,2, , ,2,2,8,      242708201
2023,2427,121,1,1,3,5,2,1,5,      242712101
2023,2427,138,1,1,5,6,2,1,5,      242713801
2023,2429,3,1,1,0,9,2,1,3,      242900301
2023,2429,24,1,1,2,9,2,1,7,      242902401
2023,2429,27,1,2, , ,2,1,3,      242902701
2023,2429,39,1,1,0,3,1,1,6,      242903901
2023,2429,39,1,1,0,3,2,2,13,      242903901
2023,2429,94,2,1,0,10,2,1,3,      242909402
2023,2433,1,1,1,8,7,1,1,2,      243300101
2023,2433,1,1,1,6,7,2,2,3,      243300101
2023,2433,3,1,1,0,8,2,1,3,      243300301
2023,2433,9,1,1,5,6,2,1,5,      243300901
2023,2433,68,1,1,5,7,1,1,3,      243306801
2023,2433,68,1,1,4,7,2,2,4,      243306801
2023,2433,78,1,1,7,7,2,1,3,      243307801
2023,2435,7,1,1,0,5,2,1,4,      243500701
2023,2435,10,1,1,7,6,1,1,3,      243501001
2023,2435,10,1,1,6,6,1,2,4,      243501001
2023,2435,10,1,1,0,6,2,3,5,      243501001
2023,2435,11,1,1,7,6,2,1,5,      243501101
2023,2435,111,1,1,5,6,1,1,3,      243511101
2023,2435,111,1,1,3,6,1,2,4,      243511101
2023,2435,111,1,1,0,6,2,3,5,      243511101
2023,2435,112,1,1,0,5,2,1,3,      243511201
2023,2435,113,1,1,5,6,1,1,3,      243511301
2023,2435,113,1,1,1,6,2,2,4,      243511301
2023,2435,132,1,1,5,6,1,1,4,      243513201
2023,2435,132,1,1,1,6,2,2,5,      243513201
2023,2435,133,1,1,0,6,2,1,5,      243513301
2023,2435,135,1,1,7,6,2,1,3,      243513501
2023,2435,136,1,1,6,6,1,1,5,      243513601
2023,2435,136,1,1,3,6,2,2,6,      243513601
2023,2437,32,1,1,0,10,2,1,4,      243703201
2023,2437,33,1,1,7,9,1,1,3,      243703301
2023,2437,33,1,1,4,9,1,2,4,      243703301
2023,2437,33,1,1,1,9,2,3,5,      243703301
2023,2437,36,1,1,6,10,1,1,3,      243703601
2023,2437,36,1,1,3,10,1,2,4,      243703601
2023,2437,36,1,1,0,10,2,3,5,      243703601
2023,2437,99,1,1,2,9,1,1,2,      243709901
2023,2437,99,1,1,2,9,2,2,3,      243709901
2023,2437,100,1,1,3,10,2,1,4,      243710001
2023,2437,126,1,1,6,9,1,1,4,      243712601
2023,2437,126,1,1,3,9,1,2,5,      243712601
2023,2437,126,1,1,1,9,2,3,6,      243712601
2023,2437,128,1,1,9,9,1,1,3,      243712801
2023,2437,128,1,1,3,9,2,2,4,      243712801
2023,2437,129,1,1,2,10,1,1,3,      243712901
2023,2437,129,1,1,4,10,2,2,6,      243712901
2023,2443,3,1,2, , ,2,1,4,      244300301
2023,2443,7,1,1,0,6,1,1,3,      244300701
2023,2443,7,1,1,0,6,2,2,4,      244300701
2023,2443,11,1,2, , ,2,1,6,      244301101
2023,2443,31,1,1,1,3,2,1,2,      244303101
2023,2443,46,1,1,1,6,1,1,3,      244304601
2023,2443,46,1,1,0,6,2,2,4,      244304601
2023,2443,101,1,2, , ,1,1,8,      244310101
2023,2443,101,1,2, , ,2,2,9,      244310101
2023,2445,1,1,1,1,6,2,1,4,      244500101
2023,2447,30,1,1,3,4,1,1,3,      244703001
2023,2447,30,1,1,3,4,2,2,4,      244703001
2023,2447,95,1,1,1,4,2,1,2,      244709501
2023,2451,20,1,1,3,5,2,1,3,      245102001
2023,2451,75,1,2, , ,2,1,7,      245107501
2023,2451,96,1,1,2,2,1,1,4,      245109601
2023,2451,96,1,1,2,2,2,2,6,      245109601
2023,2457,58,1,1,0,4,2,1,4,      245705801
2023,2457,68,1,1,1,10,1,1,3,      245706801
2023,2457,68,1,1,0,10,2,2,6,      245706801
2023,2457,95,1,1,1,11,2,1,2,      245709501
2023,2457,118,1,2, , ,2,1,4,      245711801
2023,2464,27,1,1,2,5,2,1,3,      246402701
2023,2464,38,1,1,1,4,2,1,4,      246403801
2023,2464,99,1,1,0,5,1,1,6,      246409901
2023,2464,99,1,1,1,5,1,2,7,      246409901
2023,2464,99,1,1,2,5,1,3,8,      246409901
2023,2464,99,1,1,1,5,1,4,9,      246409901
2023,2464,99,1,1,0,5,1,5,12,      246409901
2023,2464,99,1,1,0,5,2,6,13,      246409901
2023,2465,171,1,1,4,4,1,1,2,      246517101
2023,2465,171,1,2, , ,2,2,3,      246517101
2023,2468,107,1,1,3,7,2,1,4,      246810701
2023,2468,137,1,1,0,7,1,1,5,      246813701
2023,2468,137,1,1,0,7,1,2,6,      246813701
2023,2468,137,1,1,0,7,2,3,7,      246813701
2023,2468,140,1,2, , ,2,1,3,      246814001
2023,2468,157,1,1,1,7,2,1,3,      246815701
2023,2469,30,1,2, , ,2,1,8,      246903001
2023,2469,33,1,1,0,3,2,1,6,      246903301
2023,2469,110,1,1,0,8,2,1,5,      246911001
2023,2470,43,1,1,0,6,1,1,3,      247004301
2023,2470,43,1,1,0,6,2,2,4,      247004301
2023,2470,59,1,1,3,5,1,1,3,      247005901
2023,2470,59,1,1,3,5,2,2,4,      247005901
2023,2470,141,1,1,4,5,1,1,2,      247014101
2023,2470,141,1,1,0,5,2,2,3,      247014101
2023,2474,7,1,1,0,6,2,1,3,      247400701
2023,2474,13,1,1,0,7,1,1,3,      247401301
2023,2474,13,1,2, , ,2,2,4,      247401301
2023,2474,21,1,1,0,5,2,1,3,      247402101
2023,2474,52,1,1,4,6,2,1,3,      247405201
2023,2474,73,1,1,2,6,2,1,3,      247407301
2023,2474,79,1,1,2,5,1,1,4,      247407901
2023,2474,79,1,2, , ,2,2,7,      247407901
2023,2479,18,1,1,0,6,2,1,4,      247901801
2023,2479,35,1,2, , ,2,1,5,      247903501
2023,2479,94,1,1,0,2,2,1,3,      247909401
2023,2479,118,1,1,0,2,2,1,3,      247911801
2023,2480,59,1,2, , ,2,1,4,      248005901
2023,2480,117,1,1,1,4,2,1,3,      248011701
2023,2480,165,1,1,6,8,1,1,3,      248016501
2023,2480,165,1,1,0,8,2,2,4,      248016501
2023,2480,177,1,1,2,7,2,1,4,      248017701
2023,2480,177,2,1,2,7,1,1,3,      248017702
2023,2480,177,2,1,2,7,2,2,4,      248017702
2023,2480,178,1,1,0,6,2,1,2,      248017801
2023,2481,47,1,1,1,9,1,1,4,      248104701
2023,2481,47,1,1,1,9,2,2,7,      248104701
2023,2485,27,1,1,4,8,1,1,3,      248502701
2023,2485,27,1,1,2,8,2,2,4,      248502701
2023,2485,79,3,1,2,6,2,1,3,      248507903
2023,2485,103,3,1,5,7,1,1,3,      248510303
2023,2485,103,3,1,2,7,2,2,4,      248510303
2023,2485,120,1,1,1,3,2,1,5,      248512001
2023,2486,106,1,1,2,4,2,1,3,      248610601
2023,2486,172,1,2, , ,2,1,5,      248617201
2023,2494,98,2,2, , ,1,1,4,      249409802
2023,2494,98,2,1,3,7,2,2,5,      249409802
2023,2496,20,1,2, , ,2,1,3,      249602001
2023,2496,64,1,1,1,6,2,1,4,      249606401
2023,2496,68,1,1,0,6,2,1,2,      249606801
2023,2502,35,1,1,0,9,2,1,3,      250203501
2023,2502,185,1,1,2,9,1,1,3,      250218501
2023,2502,185,1,1,2,9,1,2,4,      250218501
2023,2502,185,1,1,2,9,2,3,7,      250218501
2023,2502,218,1,1,2,9,2,1,5,      250221801
2023,2504,56,1,2, , ,2,1,3,      250405601
2023,2504,167,1,1,0,3,2,1,5,      250416701
2023,2504,182,1,2, , ,2,1,6,      250418201
2023,2508,77,1,1,1,6,2,1,3,      250807701
2023,2515,3,1,2, , ,2,1,4,      251500301
2023,2515,93,1,1,0,6,2,1,2,      251509301
2023,2515,188,1,2, , ,1,1,3,      251518801
2023,2515,188,1,2, , ,1,2,4,      251518801
2023,2515,188,1,1,1,2,2,3,5,      251518801
2023,2515,222,2,1,1,6,2,1,2,      251522202
2023,2520,32,1,1,1,8,2,1,4,      252003201
2023,2520,53,1,2, , ,2,1,4,      252005301
2023,2521,38,1,1,0,5,2,1,3,      252103801
2023,2521,50,1,1,3,4,1,1,3,      252105001
2023,2521,50,1,1,0,4,2,2,4,      252105001
2023,2521,53,1,1,3,5,2,1,4,      252105301
2023,2521,69,1,1,8,3,1,1,6,      252106901
2023,2521,69,1,1,0,3,2,2,7,      252106901
2023,2521,97,1,1,7,5,1,1,5,      252109701
2023,2521,97,1,1,2,7,2,2,6,      252109701
2023,2521,104,1,1,4,4,1,1,4,      252110401
2023,2521,104,1,1,1,4,1,2,5,      252110401
2023,2521,104,1,1,0,4,2,3,6,      252110401
2023,2523,73,1,1,1,5,2,1,4,      252307301
2023,2523,77,1,1,3,5,2,1,3,      252307701
2023,2524,105,1,1,0,7,2,1,3,      252410501
2023,2529,14,2,1,0,7,2,1,5,      252901402
2023,2529,14,3,1,4,2,2,1,3,      252901403
2023,2529,33,1,1,0,5,2,1,3,      252903301
2023,2529,39,1,1,1,6,2,1,3,      252903901
2023,2537,17,1,1,0,7,2,1,3,      253701701
2023,2537,35,1,1,0,7,2,1,5,      253703501
2023,2537,65,1,1,0,7,2,1,3,      253706501
2023,2537,80,1,1,5,7,2,1,5,      253708001
2023,2537,89,1,1,0,8,2,1,2,      253708901
2023,2537,121,1,1,1,7,2,1,6,      253712101
2023,2537,121,2,1,1,7,1,1,3,      253712102
2023,2537,121,2,1,0,7,2,2,4,      253712102
2023,2537,127,1,1,2,8,1,1,3,      253712701
2023,2537,127,1,2, , ,2,2,4,      253712701
2023,2537,202,1,1,0,7,2,1,3,      253720201
2023,2540,2,1,1,0,8,2,1,6,      254000201
2023,2540,10,2,1,1,9,1,1,3,      254001002
2023,2540,10,2,1,0,9,2,2,4,      254001002
2023,2540,10,3,1,0,9,2,1,2,      254001003
2023,2540,53,1,1,1,9,2,1,4,      254005301
2023,2540,215,1,1,1,9,1,1,4,      254021501
2023,2540,215,1,1,1,8,2,2,6,      254021501
2023,2544,123,1,1,0,10,1,1,5,      254412301
2023,2544,123,1,1,0,10,1,2,6,      254412301
2023,2544,123,1,1,0,10,2,3,7,      254412301
2023,2547,39,1,1,1,5,2,1,3,      254703901
2023,2547,88,1,2, , ,2,1,5,      254708801
2023,2547,94,1,1,0,3,1,1,6,      254709401
2023,2547,94,1,1,0,3,2,2,7,      254709401
2023,2547,129,1,1,2,4,1,1,2,      254712901
2023,2547,129,1,1,0,5,2,2,4,      254712901
2023,2548,133,1,1,0,2,1,1,4,      254813301
2023,2548,133,1,1,0,2,2,2,5,      254813301
2023,2555,9,1,1,0,7,2,1,3,      255500901
2023,2555,33,1,1,0,8,2,1,3,      255503301
2023,2555,48,1,1,0,8,2,1,3,      255504801
2023,2555,68,1,1,4,9,1,1,3,      255506801
2023,2555,68,1,2, , ,2,2,4,      255506801
2023,2556,4,1,1,1,9,1,1,3,      255600401
2023,2556,4,1,2, , ,2,2,4,      255600401
2023,2556,28,1,2, , ,2,1,4,      255602801
2023,2556,40,2,2, , ,2,1,3,      255604002
2023,2556,67,1,1,1,9,1,1,2,      255606701
2023,2556,67,1,1,1,9,1,2,3,      255606701
2023,2556,67,1,1,0,9,2,3,4,      255606701
2023,2559,16,1,1,1,8,2,1,3,      255901601
2023,2559,16,2,1,1,8,2,1,5,      255901602
2023,2559,54,1,1,3,8,2,1,3,      255905401
2023,2559,96,1,1,1,9,1,1,3,      255909601
2023,2559,96,1,1,1,9,1,2,4,      255909601
2023,2559,96,1,1,1,9,1,3,5,      255909601
2023,2559,96,1,1,1,9,2,4,6,      255909601
2023,2559,116,1,1,1,8,2,1,2,      255911601
2023,2561,33,1,1,1,10,2,1,7,      256103301
2023,2561,34,1,2, , ,2,1,5,      256103401
2023,2561,35,1,1,1,9,1,1,3,      256103501
2023,2561,35,1,1,1,9,2,2,6,      256103501
2023,2561,52,1,2, , ,2,1,7,      256105201
2023,2561,101,1,2, , ,2,1,3,      256110101
2023,2563,12,3,1,1,8,2,1,3,      256301203
2023,2563,38,1,2, , ,2,1,5,      256303801
2023,2563,116,1,1,0,7,1,1,2,      256311601
2023,2563,116,1,1,1,7,1,2,5,      256311601
2023,2563,116,1,2, , ,2,3,6,      256311601
2023,2564,4,1,2, , ,1,1,9,      256400401
2023,2564,4,1,2, , ,2,2,14,      256400401
2023,2564,4,2,2, , ,1,1,3,      256400402
2023,2564,4,2,2, , ,2,2,4,      256400402
2023,2564,9,1,1,3,9,2,1,4,      256400901
2023,2564,40,1,2, , ,2,1,3,      256404001
2023,2564,111,1,1,0,7,2,1,5,      256411101
2023,2568,99,1,2, , ,2,1,3,      256809901
2023,2571,56,1,1,0,6,2,1,3,      257105601
2023,2571,64,1,1,8,6,1,1,2,      257106401
2023,2571,64,1,1,1,6,2,2,3,      257106401
2023,2571,66,1,1,1,5,2,1,5,      257106601
2023,2571,83,2,1,1,5,1,1,4,      257108302
2023,2571,83,2,1,0,5,2,2,5,      257108302
2023,2572,167,1,1,4,7,2,1,5,      257216701
2023,2574,54,1,1,1,4,2,1,2,      257405401
2023,2574,56,1,1,1,3,2,1,3,      257405601
2023,2575,51,1,1,1,4,2,1,3,      257505101
2023,2576,44,1,1,4,10,1,1,2,      257604401
2023,2576,44,1,1,0,10,2,2,3,      257604401
2023,2576,118,1,1,1,10,2,1,3,      257611801
2023,2585,5,1,1,3,5,1,1,3,      258500501
2023,2585,5,1,1,1,5,2,2,5,      258500501
2023,2585,7,1,1,1,5,2,1,3,      258500701
2023,2585,16,1,1,1,5,1,1,2,      258501601
2023,2585,16,1,1,0,5,1,2,3,      258501601
2023,2585,16,1,1,0,5,2,3,4,      258501601
2023,2585,19,1,1,2,4,2,1,6,      258501901
2023,2585,30,1,1,0,5,1,1,3,      258503001
2023,2585,30,1,1,0,5,2,2,4,      258503001
2023,2585,73,1,1,0,4,1,1,6,      258507301
2023,2585,73,1,2, , ,2,2,8,      258507301
2023,2589,50,1,1,5,4,2,1,7,      258905001
2023,2589,114,1,2, , ,2,1,3,      258911401
2023,2594,6,1,2, , ,2,1,3,      259400601
2023,2596,21,1,2, , ,2,1,5,      259602101
2023,2596,36,1,1,1,6,2,1,5,      259603601
2023,2596,86,1,1,0,1,2,1,4,      259608601
2023,2596,149,1,1,1,5,2,1,2,      259614901
2023,2606,29,1,1,2,8,1,1,5,      260602901
2023,2606,29,1,1,2,8,1,2,6,      260602901
2023,2606,29,1,1,0,8,2,3,7,      260602901
2023,2606,66,1,1,4,11,1,1,3,      260606601
2023,2606,66,1,1,3,11,2,2,4,      260606601
2023,2606,78,1,1,2,8,1,1,3,      260607801
2023,2606,78,1,1,1,9,2,2,4,      260607801
2023,2606,98,1,1,3,11,2,1,3,      260609801
2023,2611,45,1,1,2,10,1,1,3,      261104501
2023,2611,45,1,1,1,10,2,2,4,      261104501
2023,2612,27,1,1,1,6,2,1,4,      261202701
2023,2612,48,1,1,1,6,1,1,3,      261204801
2023,2612,48,1,1,1,6,2,2,4,      261204801
2023,2612,114,1,1,1,6,2,1,3,      261211401
2023,2612,206,1,1,0,5,2,1,6,      261220601
2023,2616,5,1,1,1,2,1,1,4,      261600501
2023,2616,5,1,1,0,3,1,2,5,      261600501
2023,2616,5,1,1,1,2,1,3,7,      261600501
2023,2616,5,1,1,1,4,1,4,9,      261600501
2023,2616,5,1,1,1,3,2,5,10,      261600501
2023,2616,39,1,1,0,5,1,1,3,      261603901
2023,2616,39,1,1,5,1,2,2,4,      261603901
2023,2616,55,1,2, , ,2,1,3,      261605501
2023,2616,87,1,1,2,5,2,1,4,      261608701
2023,2616,92,1,1,0,3,2,1,3,      261609201
2023,2617,8,1,1,1,7,2,1,4,      261700801
2023,2617,59,1,1,1,7,2,1,2,      261705901
2023,2617,67,1,1,0,6,1,1,3,      261706701
2023,2617,67,1,1,0,6,2,2,4,      261706701
2023,2617,101,1,1,0,4,2,1,4,      261710101
2023,2617,121,1,1,1,3,2,1,5,      261712101
2023,2620,132,1,1,0,6,1,1,3,      262013201
2023,2620,132,1,1,2,6,2,2,5,      262013201
2023,2628,12,1,1,1,5,2,1,3,      262801201
2023,2628,91,1,1,5,6,1,1,4,      262809101
2023,2628,91,1,1,0,6,2,2,5,      262809101
2023,2628,118,1,1,2,6,2,1,3,      262811801
2023,2630,9,1,1,0,9,2,1,4,      263000901
2023,2630,25,1,1,2,7,1,1,4,      263002501
2023,2630,25,1,1,2,7,1,2,5,      263002501
2023,2630,25,1,1,0,7,1,3,6,      263002501
2023,2630,25,1,1,1,7,2,4,7,      263002501
2023,2630,84,1,1,0,7,2,1,3,      263008401
2023,2630,100,1,1,5,4,2,1,4,      263010001
2023,2630,109,1,1,1,7,1,1,4,      263010901
2023,2630,109,1,1,1,7,1,2,5,      263010901
2023,2630,109,1,1,1,7,1,3,6,      263010901
2023,2630,109,1,1,2,7,2,4,7,      263010901
2023,2630,151,1,1,6,6,1,1,3,      263015101
2023,2630,151,1,1,3,6,2,2,4,      263015101
2023,2634,57,1,1,2,5,2,1,4,      263405701
2023,2634,73,1,1,1,3,2,1,4,      263407301
2023,2634,125,1,1,5,5,2,1,3,      263412501
2023,2634,144,1,1,1,6,2,1,4,      263414401
2023,2634,149,1,1,7,5,1,1,4,      263414901
2023,2634,149,1,1,2,5,1,2,5,      263414901
2023,2634,149,1,1,0,5,2,3,6,      263414901
2023,2634,150,1,1,5,5,2,1,3,      263415001
2023,2636,99,1,1,1,7,2,1,3,      263609901
2023,2636,137,1,1,2,5,1,1,3,      263613701
2023,2636,137,1,1,1,5,2,2,4,      263613701
2023,2637,61,1,1,1,8,2,1,4,      263706101
2023,2637,70,1,1,1,8,1,1,3,      263707001
2023,2637,70,1,1,1,8,2,2,4,      263707001
2023,2637,108,1,1,1,8,2,1,3,      263710801
2023,2637,118,1,1,3,8,2,1,10,      263711801
2023,2637,122,1,1,1,8,2,1,4,      263712201
2023,2639,46,1,1,3,1,2,1,2,      263904601
2023,2639,68,1,1,2,6,2,1,3,      263906801
2023,2639,83,1,1,2,7,2,1,3,      263908301
2023,2639,91,1,1,1,5,1,1,6,      263909101
2023,2639,91,1,1,1,6,2,2,7,      263909101
2023,2639,138,1,1,0,3,2,1,3,      263913801
2023,2639,142,1,2, , ,2,1,5,      263914201
2023,2639,168,1,2, , ,2,1,4,      263916801
2023,2646,2,1,2, , ,1,1,8,      264600201
2023,2646,2,1,2, , ,2,2,9,      264600201
2023,2646,65,1,2, , ,2,1,5,      264606501
2023,2646,106,1,1,1,4,2,1,5,      264610601
2023,2646,141,1,2, , ,1,1,2,      264614101
2023,2646,141,1,2, , ,1,2,3,      264614101
2023,2646,141,1,1,1,2,2,3,4,      264614101
2023,2649,15,1,1,3,6,2,1,3,      264901501
2023,2649,66,1,1,4,6,1,1,3,      264906601
2023,2649,66,1,1,1,1,2,2,4,      264906601
2023,2649,106,1,1,1,9,1,1,3,      264910601
2023,2649,106,1,1,1,6,2,2,4,      264910601
2023,2649,107,1,1,6,6,2,1,3,      264910701
2023,2649,115,1,1,4,7,2,1,4,      264911501
2023,2649,141,1,1,2,6,1,1,3,      264914101
2023,2649,141,1,1,2,6,2,2,5,      264914101
2023,2651,144,1,1,4,5,2,1,4,      265114401
2023,2651,189,1,1,1,5,1,1,3,      265118901
2023,2651,189,1,1,1,5,2,2,4,      265118901
2023,2651,202,1,1,0,6,2,1,3,      265120201
2023,2651,205,1,1,3,5,1,1,3,      265120501
2023,2651,205,1,1,2,6,2,2,5,      265120501
2023,2656,31,1,1,1,8,2,1,5,      265603101
2023,2656,33,1,1,1,8,1,1,3,      265603301
2023,2656,33,1,1,1,9,2,2,4,      265603301
2023,2656,35,1,1,0,8,2,1,3,      265603501
2023,2656,51,1,1,0,8,2,1,5,      265605101
2023,2658,10,1,1,1,6,2,1,2,      265801001
2023,2658,16,1,1,0,6,2,1,3,      265801601
2023,2658,17,1,1,7,6,1,1,4,      265801701
2023,2658,17,1,1,4,6,2,2,5,      265801701
2023,2658,20,1,1,4,9,2,1,6,      265802001
2023,2658,28,1,1,0,8,1,1,3,      265802801
2023,2658,28,1,1,3,6,2,2,4,      265802801
2023,2658,36,1,1,6,6,1,1,3,      265803601
2023,2658,36,1,1,1,6,2,2,4,      265803601
2023,2658,46,1,1,3,4,2,1,4,      265804601
2023,2658,48,1,1,6,3,1,1,6,      265804801
2023,2658,48,1,1,4,3,2,2,7,      265804801
2023,2660,35,1,1,0,4,2,1,3,      266003501
2023,2660,37,1,1,3,5,2,1,3,      266003701
2023,2660,38,1,1,3,4,2,1,3,      266003801
2023,2660,105,1,1,2,5,2,1,5,      266010501
2023,2660,107,1,1,1,4,1,1,3,      266010701
2023,2660,107,1,2, , ,2,2,4,      266010701
2023,2660,108,1,1,1,2,2,1,6,      266010801
2023,2663,11,1,1,0,10,2,1,3,      266301101
2023,2663,17,1,1,2,9,2,1,3,      266301701
2023,2663,32,1,1,4,10,2,1,6,      266303201
2023,2663,50,1,1,0,7,2,1,3,      266305001
2023,2667,58,1,1,3,6,1,1,5,      266705801
2023,2667,58,1,1,2,6,1,2,6,      266705801
2023,2667,58,1,1,2,6,2,3,9,      266705801
2023,2667,101,1,1,5,6,2,1,5,      266710101
2023,2669,52,1,1,5,7,1,1,5,      266905201
2023,2669,52,1,1,1,7,1,2,6,      266905201
2023,2669,52,1,1,0,7,2,3,8,      266905201
2023,2669,52,2,1,1,7,2,1,3,      266905202
2023,2669,78,1,1,0,7,2,1,5,      266907801
2023,2669,121,1,1,5,7,2,1,3,      266912101
2023,2669,121,2,1,2,4,2,1,4,      266912102
2023,2672,9,1,1,1,5,1,1,6,      267200901
2023,2672,9,1,1,3,5,2,2,8,      267200901
2023,2672,63,1,1,4,6,2,1,4,      267206301
2023,2672,79,2,1,2,6,1,1,2,      267207902
2023,2672,79,2,1,1,6,2,2,3,      267207902
2023,2672,139,1,1,1,4,2,1,3,      267213901
2023,2673,31,1,1,4,8,2,1,5,      267303101
2023,2673,149,1,1,3,9,2,1,3,      267314901
2023,2673,228,1,1,1,9,2,1,5,      267322801
2023,2679,14,1,1,2,6,2,1,6,      267901401
2023,2679,46,1,1,3,7,1,1,5,      267904601
2023,2679,46,1,1,1,7,2,2,6,      267904601
2023,2679,68,1,1,7,5,2,1,4,      267906801
2023,2679,73,1,1,2,7,2,1,4,      267907301
2023,2679,89,1,1,6,6,1,1,2,      267908901
2023,2679,89,1,1,0,6,2,2,3,      267908901
2023,2679,128,1,1,2,7,1,1,4,      267912801
2023,2679,128,1,1,0,6,2,2,5,      267912801
2023,2679,174,1,1,5,6,1,1,6,      267917401
2023,2679,174,1,1,3,6,1,2,7,      267917401
2023,2679,174,1,1,1,6,2,3,8,      267917401
2023,2680,29,1,1,4,4,1,1,6,      268002901
2023,2680,29,1,1,2,3,2,2,7,      268002901
2023,2680,59,1,1,5,4,2,1,4,      268005901
2023,2680,65,1,1,3,3,1,1,3,      268006501
2023,2680,65,1,2, , ,1,2,4,      268006501
2023,2680,65,1,1,6,3,2,3,7,      268006501
2023,2680,111,1,1,1,4,1,1,3,      268011101
2023,2680,111,1,1,0,4,2,2,4,      268011101
2023,2680,136,1,1,3,98,2,1,5,      268013601
2023,2683,1,1,1,5,8,2,1,4,      268300101
2023,2683,21,1,1,1,9,2,1,3,      268302101
2023,2683,22,1,1,3,8,2,1,2,      268302201
2023,2683,29,1,1,2,9,2,1,4,      268302901
2023,2683,47,1,1,3,7,2,1,2,      268304701
2023,2683,72,1,1,0,8,1,1,7,      268307201
2023,2683,72,1,1,1,8,2,2,8,      268307201
2023,2683,83,1,1,5,8,2,1,5,      268308301
2023,2691,15,1,1,4,8,1,1,4,      269101501
2023,2691,15,1,1,2,8,1,2,5,      269101501
2023,2691,15,1,1,1,8,2,3,6,      269101501
2023,2691,23,1,1,8,7,1,1,5,      269102301
2023,2691,23,1,1,0,7,2,2,6,      269102301
2023,2691,30,1,1,2,8,2,1,5,      269103001
2023,2691,44,1,1,5,8,2,1,4,      269104401
2023,2691,50,1,1,5,7,2,1,2,      269105001
2023,2691,67,1,1,4,7,2,1,4,      269106701
2023,2691,73,1,1,1,8,2,1,4,      269107301
2023,2694,3,1,1,7,7,2,1,4,      269400301
2023,2694,42,1,1,8,7,1,1,5,      269404201
2023,2694,42,1,1,6,7,2,2,6,      269404201
2023,2694,86,1,2, , ,2,1,2,      269408601
2023,2694,92,1,1,4,7,1,1,4,      269409201
2023,2694,92,1,1,1,7,2,2,5,      269409201
2023,2702,5,1,1,5,3,1,1,6,      270200501
2023,2702,5,1,1,6,3,1,2,7,      270200501
2023,2702,5,1,1,4,3,1,3,8,      270200501
2023,2702,5,1,1,1,4,2,4,9,      270200501
2023,2702,8,1,1,1,4,2,1,3,      270200801
2023,2702,26,1,1,3,3,1,1,3,      270202601
2023,2702,26,1,1,3,3,1,2,4,      270202601
2023,2702,26,1,1,0,3,2,3,5,      270202601
2023,2702,35,1,1,2,4,2,1,3,      270203501
2023,2702,52,1,1,1,3,2,1,4,      270205201
2023,2702,114,1,1,7,4,1,1,5,      270211401
2023,2702,114,1,1,2,4,1,2,6,      270211401
2023,2702,114,1,1,2,4,2,3,7,      270211401
2023,2702,131,1,1,5,3,1,1,5,      270213101
2023,2702,131,1,1,0,3,1,2,6,      270213101
2023,2702,131,1,1,6,3,2,3,9,      270213101
2023,2702,141,1,1,4,4,2,1,3,      270214101
2023,2703,3,1,1,98,98,1,1,5,      270300301
2023,2703,3,1,1,98,98,2,2,6,      270300301
2023,2703,19,1,2, , ,1,1,4,      270301901
2023,2703,19,1,1,4,9,1,2,5,      270301901
2023,2703,19,1,1,1,9,2,3,6,      270301901
2023,2703,67,1,1,3,9,2,1,3,      270306701
2023,2703,85,1,1,5,8,1,1,6,      270308501
2023,2703,85,1,1,1,8,2,2,7,      270308501
2023,2703,134,1,1,8,7,1,1,4,      270313401
2023,2703,134,1,1,6,7,1,2,5,      270313401
2023,2703,134,1,1,6,7,1,3,7,      270313401
2023,2703,134,1,1,4,7,1,4,8,      270313401
2023,2703,134,1,1,4,7,2,5,14,      270313401
2023,2703,217,1,2, , ,2,1,6,      270321701
2023,2703,229,1,1,8,8,1,1,6,      270322901
2023,2703,229,1,1,2,8,2,2,7,      270322901
2023,2703,240,1,1,1,9,2,1,6,      270324001
2023,2704,26,1,1,7,9,1,1,3,      270402601
2023,2704,26,1,1,4,9,2,2,4,      270402601
2023,2704,34,1,1,1,9,1,1,5,      270403401
2023,2704,34,1,1,1,9,1,2,6,      270403401
2023,2704,34,1,1,1,9,2,3,7,      270403401
2023,2704,58,2,1,1,9,2,1,2,      270405802
2023,2704,62,1,1,4,9,1,1,2,      270406201
2023,2704,62,1,1,5,9,1,2,3,      270406201
2023,2704,62,1,1,9,4,1,3,5,      270406201
2023,2704,62,1,1,2,9,1,4,6,      270406201
2023,2704,62,1,1,1,9,1,5,7,      270406201
2023,2704,62,1,1,3,9,1,6,10,      270406201
2023,2704,62,1,1,1,9,2,7,11,      270406201
2023,2704,63,1,1,2,9,2,1,3,      270406301
2023,2704,85,1,1,1,9,2,1,3,      270408501
2023,2704,94,1,1,5,9,1,1,3,      270409401
2023,2704,94,1,1,3,9,2,2,4,      270409401
2023,2706,5,1,1,4,5,1,1,5,      270600501
2023,2706,5,1,1,3,4,1,2,6,      270600501
2023,2706,5,1,1,1,4,2,3,7,      270600501
2023,2706,66,1,1,6,5,2,1,4,      270606601
2023,2706,81,1,1,4,5,2,1,3,      270608101
2023,2706,82,1,1,1,5,2,1,2,      270608201
2023,2706,88,1,1,0,5,2,1,3,      270608801
2023,2706,122,1,1,6,5,1,1,3,      270612201
2023,2706,122,1,1,3,5,1,2,4,      270612201
2023,2706,122,1,1,1,5,2,3,5,      270612201
2023,2707,26,1,1,5,9,2,1,7,      270702601
2023,2707,27,1,1,4,9,1,1,4,      270702701
2023,2707,27,1,1,4,9,2,2,5,      270702701
2023,2707,28,1,1,6,8,1,1,4,      270702801
2023,2707,28,1,1,3,8,2,2,5,      270702801
2023,2707,30,1,1,5,9,2,1,4,      270703001
2023,2707,82,1,1,5,9,2,1,4,      270708201
2023,2707,84,1,1,7,9,2,1,2,      270708401
2023,2707,85,1,1,8,9,1,1,3,      270708501
2023,2707,85,1,1,3,9,2,2,4,      270708501
2023,2707,165,1,1,3,9,2,1,4,      270716501
2023,2707,166,1,1,7,9,2,1,4,      270716601
2023,2707,167,1,1,2,9,1,1,3,      270716701
2023,2707,167,1,1,1,9,2,2,4,      270716701
2023,2707,171,1,1,0,9,2,1,4,      270717101
2023,2709,66,1,1,1,4,2,1,3,      270906601
2023,2709,67,1,1,3,3,2,1,3,      270906701
2023,2709,68,1,1,5,4,2,1,4,      270906801
2023,2709,70,1,1,4,3,2,1,3,      270907001
2023,2709,120,1,1,4,4,1,1,5,      270912001
2023,2709,120,1,1,1,4,2,2,6,      270912001
2023,2709,122,1,1,4,4,2,1,2,      270912201
2023,2709,135,1,1,4,3,1,1,2,      270913501
2023,2709,135,1,1,6,3,1,2,6,      270913501
2023,2709,135,1,1,1,3,2,3,7,      270913501
2023,2709,136,1,1,2,4,1,1,3,      270913601
2023,2709,136,1,1,0,4,2,2,4,      270913601
2023,2709,137,1,1,5,4,2,1,2,      270913701
2023,2709,138,1,1,7,3,1,1,4,      270913801
2023,2709,138,1,1,4,3,1,2,5,      270913801
2023,2709,138,1,1,0,3,2,3,6,      270913801
2023,2711,24,1,1,8,5,1,1,3,      271102401
2023,2711,24,1,1,6,5,1,2,4,      271102401
2023,2711,24,1,1,0,5,2,3,5,      271102401
2023,2711,105,1,1,7,5,2,1,3,      271110501
2023,2711,106,1,1,3,4,2,1,4,      271110601
2023,2713,27,1,1,1,7,2,1,3,      271302701
2023,2713,29,1,1,0,7,2,1,5,      271302901
2023,2713,33,1,1,3,6,1,1,3,      271303301
2023,2713,33,1,1,1,6,2,2,4,      271303301
2023,2713,39,1,1,0,7,1,1,7,      271303901
2023,2713,39,1,1,1,7,1,2,8,      271303901
2023,2713,39,1,1,1,7,1,3,13,      271303901
2023,2713,39,1,1,1,7,2,4,14,      271303901
2023,2713,42,1,1,7,6,2,1,5,      271304201
2023,2713,59,1,1,3,6,1,1,5,      271305901
2023,2713,59,1,1,1,6,2,2,6,      271305901
2023,2713,60,1,1,5,7,2,1,2,      271306001
2023,2713,61,1,1,3,6,2,1,4,      271306101
2023,2714,2,1,1,0,7,1,1,3,      271400201
2023,2714,2,1,1,6,7,2,2,6,      271400201
2023,2714,4,1,1,5,6,1,1,3,      271400401
2023,2714,4,1,1,1,6,2,2,4,      271400401
2023,2714,34,1,1,0,7,2,1,3,      271403401
2023,2714,35,1,1,6,7,1,1,6,      271403501
2023,2714,35,1,1,5,7,2,2,7,      271403501
2023,2714,132,1,1,0,4,2,1,3,      271413201
2023,2714,135,1,1,0,6,2,1,3,      271413501
2023,2722,24,1,1,8,9,1,1,4,      272202401
2023,2722,24,1,1,4,9,2,2,5,      272202401
2023,2722,28,1,2, , ,1,1,3,      272202801
2023,2722,28,1,1,0,9,2,2,4,      272202801
2023,2722,34,1,1,5,9,1,1,3,      272203401
2023,2722,34,1,1,4,9,2,2,4,      272203401
2023,2722,43,1,1,3,9,2,1,3,      272204301
2023,2722,45,1,1,2,8,1,1,3,      272204501
2023,2722,45,1,1,1,8,1,2,4,      272204501
2023,2722,45,1,1,6,8,1,3,6,      272204501
2023,2722,45,1,1,4,8,2,4,7,      272204501
2023,2722,46,1,1,0,9,1,1,3,      272204601
2023,2722,46,1,1,0,9,2,2,4,      272204601
2023,2722,47,1,1,5,8,1,1,4,      272204701
2023,2722,47,1,1,5,8,2,2,5,      272204701
2023,2722,48,1,1,1,9,1,1,4,      272204801
2023,2722,48,1,1,1,9,1,2,5,      272204801
2023,2722,48,1,1,1,9,1,3,6,      272204801
2023,2722,48,1,1,1,9,1,4,7,      272204801
2023,2722,48,1,1,1,9,2,5,8,      272204801
2023,2722,49,1,1,7,8,1,1,4,      272204901
2023,2722,49,1,1,1,8,1,2,5,      272204901
2023,2722,49,1,1,0,8,2,3,6,      272204901
2023,2727,8,1,1,1,5,2,1,3,      272700801
2023,2727,34,1,1,2,5,2,1,3,      272703401
2023,2727,38,1,1,2,4,2,1,3,      272703801
2023,2727,44,1,1,0,4,1,1,3,      272704401
2023,2727,44,1,1,0,4,2,2,4,      272704401
2023,2727,45,1,1,6,6,2,1,4,      272704501
2023,2728,5,1,1,5,6,2,1,4,      272800501
2023,2728,24,1,1,0,6,2,1,3,      272802401
2023,2728,26,1,1,0,7,2,1,4,      272802601
2023,2728,85,1,1,1,3,2,1,3,      272808501
2023,2729,33,1,1,7,8,1,1,3,      272903301
2023,2729,33,1,1,1,8,2,2,4,      272903301
2023,2729,52,1,1,0,8,2,1,3,      272905201
2023,2729,80,1,1,9,9,2,1,4,      272908001
2023,2729,82,1,1,5,8,2,1,2,      272908201
2023,2731,32,1,1,0,10,2,1,3,      273103201
2023,2731,77,1,1,1,7,1,1,3,      273107701
2023,2731,77,1,1,0,7,2,2,4,      273107701
2023,2739,1,1,2, , ,2,1,5,      273900101
2023,2739,19,1,1,4,4,2,1,3,      273901901
2023,2739,28,1,2, , ,2,1,3,      273902801
2023,2739,34,1,1,5,4,1,1,3,      273903401
2023,2739,34,1,1,3,4,2,2,4,      273903401
2023,2739,48,1,1,4,4,1,1,3,      273904801
2023,2739,48,1,1,0,3,2,2,4,      273904801
2023,2741,38,1,1,0,1,1,1,3,      274103801
2023,2741,38,1,2, , ,2,2,4,      274103801
2023,2741,65,1,2, , ,2,1,4,      274106501
2023,2741,84,1,2, , ,2,1,3,      274108401
2023,2741,93,1,1,0,3,2,1,6,      274109301
2023,2745,21,1,1,6,3,1,1,4,      274502101
2023,2745,21,1,1,3,4,2,2,7,      274502101
2023,2745,41,1,1,8,5,2,1,3,      274504101
2023,2745,58,1,1,5,4,2,1,4,      274505801
2023,2745,79,1,1,2,2,1,1,4,      274507901
2023,2745,79,1,1,1,2,2,2,5,      274507901
2023,2745,105,1,1,0,2,2,1,3,      274510501
2023,2746,10,2,1,0,5,2,1,2,      274601002
2023,2746,17,1,1,7,5,2,1,4,      274601701
2023,2746,20,1,1,0,6,2,1,2,      274602001
2023,2746,75,1,1,4,5,1,1,3,      274607501
2023,2746,75,1,1,1,5,2,2,4,      274607501
2023,2746,88,1,1,0,2,1,1,3,      274608801
2023,2746,88,1,1,6,6,2,2,4,      274608801
2023,2748,3,1,1,2,8,2,1,3,      274800301
2023,2748,32,1,1,2,10,2,1,3,      274803201
2023,2748,54,1,1,3,8,2,1,4,      274805401
2023,2748,68,1,1,6,10,1,1,2,      274806801
2023,2748,68,1,1,0,10,2,2,3,      274806801
2023,2748,97,1,1,1,8,2,1,5,      274809701
2023,2748,109,1,1,9,10,1,1,4,      274810901
2023,2748,109,1,1,3,10,2,2,5,      274810901
2023,2752,2,1,1,5,8,2,1,4,      275200201
2023,2752,48,1,1,5,6,1,1,4,      275204801
2023,2752,48,1,1,0,6,2,2,5,      275204801
2023,2752,55,1,1,8,9,2,1,5,      275205501
2023,2752,78,1,1,5,9,2,1,3,      275207801
2023,2752,80,1,1,5,10,1,1,3,      275208001
2023,2752,80,1,1,3,9,1,2,5,      275208001
2023,2752,80,1,1,1,9,2,3,6,      275208001
2023,2757,2,1,1,6,5,1,1,3,      275700201
2023,2757,2,1,1,5,5,2,2,4,      275700201
2023,2757,26,1,1,3,6,1,1,4,      275702601
2023,2757,26,1,1,1,6,2,2,6,      275702601
2023,2757,40,1,1,2,5,2,1,3,      275704001
2023,2757,49,1,1,1,1,2,1,2,      275704901
2023,2757,67,1,1,6,5,1,1,4,      275706701
2023,2757,67,1,2, , ,2,2,5,      275706701
2023,2757,71,1,1,5,6,2,1,4,      275707101
2023,2757,74,1,1,0,6,2,1,3,      275707401
2023,2757,90,1,1,5,6,2,1,3,      275709001
2023,2759,7,1,1,3,4,1,1,4,      275900701
2023,2759,7,1,1,0,6,2,2,5,      275900701
2023,2759,16,1,1,8,6,1,1,5,      275901601
2023,2759,16,1,1,0,6,1,2,6,      275901601
2023,2759,16,1,1,0,6,2,3,7,      275901601
2023,2759,47,1,1,1,3,2,1,3,      275904701
2023,2759,72,1,1,0,5,2,1,3,      275907201
2023,2759,75,1,1,6,5,1,1,4,      275907501
2023,2759,75,1,1,4,5,2,2,5,      275907501
2023,2761,18,1,1,2,4,2,1,5,      276101801
2023,2761,31,1,1,4,4,2,1,5,      276103101
2023,2761,51,1,1,3,6,2,1,5,      276105101
2023,2761,70,1,1,8,5,1,1,4,      276107001
2023,2761,70,1,1,4,5,2,2,5,      276107001
2023,2761,88,1,1,3,5,1,1,4,      276108801
2023,2761,88,1,1,1,5,2,2,5,      276108801
2023,2761,89,1,1,2,5,2,1,3,      276108901
2023,2764,63,1,1,1,7,2,1,2,      276406301
2023,2764,70,1,1,6,9,2,1,3,      276407001
2023,2764,81,1,1,2,8,2,1,3,      276408101
2023,2770,17,1,1,2,5,1,1,2,      277001701
2023,2770,17,1,1,5,5,2,2,3,      277001701
2023,2770,18,1,1,0,6,2,1,5,      277001801
2023,2770,44,1,1,3,6,1,1,3,      277004401
2023,2770,44,1,1,3,6,2,2,4,      277004401
2023,2770,46,1,1,2,6,2,1,4,      277004601
2023,2770,137,1,1,3,5,1,1,3,      277013701
2023,2770,137,1,1,0,5,2,2,4,      277013701
2023,2770,138,1,1,2,5,1,1,4,      277013801
2023,2770,138,1,1,1,5,2,2,5,      277013801
2023,2773,31,1,1,1,9,1,1,3,      277303101
2023,2773,31,1,2, , ,2,2,4,      277303101
2023,2773,40,1,1,4,8,1,1,3,      277304001
2023,2773,40,1,1,3,8,2,2,4,      277304001
2023,2773,44,1,1,4,6,1,1,4,      277304401
2023,2773,44,1,1,4,6,2,2,5,      277304401
2023,2773,46,1,1,5,10,2,1,2,      277304601
2023,2773,53,1,1,7,8,2,1,3,      277305301
2023,2773,63,1,1,0,7,2,1,3,      277306301
2023,2773,66,1,1,7,10,2,1,2,      277306601
2023,2773,76,1,1,6,8,1,1,3,      277307601
2023,2773,76,1,1,1,8,2,2,4,      277307601
2023,2775,25,1,1,0,8,2,1,3,      277502501
2023,2775,27,1,1,5,6,2,1,3,      277502701
2023,2775,37,1,1,7,6,2,1,3,      277503701
2023,2775,48,1,1,1,7,2,1,3,      277504801
2023,2775,66,1,1,3,8,2,1,3,      277506601
2023,2775,76,1,1,3,9,2,1,3,      277507601
2023,2777,72,1,1,2,6,2,1,3,      277707201
2023,2777,73,1,1,6,5,2,1,2,      277707301
2023,2777,75,1,1,4,6,1,1,5,      277707501
2023,2777,75,1,1,1,5,2,2,6,      277707501
2023,2777,81,1,1,7,5,1,1,2,      277708101
2023,2777,81,1,1,3,5,2,2,3,      277708101
2023,2777,82,1,1,0,3,2,1,3,      277708201
2023,2777,84,1,1,2,3,1,1,3,      277708401
2023,2777,84,1,1,1,3,2,2,4,      277708401
2023,2777,138,1,1,3,4,1,1,3,      277713801
2023,2777,138,1,1,3,4,1,2,4,      277713801
2023,2777,138,1,1,1,5,2,3,5,      277713801
2023,2777,140,1,1,4,7,2,1,3,      277714001
2023,2781,16,1,1,1,2,2,1,3,      278101601
2023,2781,30,1,1,7,4,1,1,3,      278103001
2023,2781,30,1,1,4,4,1,2,4,      278103001
2023,2781,30,1,1,1,4,2,3,5,      278103001
2023,2781,38,1,1,1,4,2,1,4,      278103801
2023,2781,45,1,1,5,4,1,1,3,      278104501
2023,2781,45,1,1,5,4,1,2,4,      278104501
2023,2781,45,1,1,0,4,1,3,5,      278104501
2023,2781,45,1,1,98,4,2,4,6,      278104501
2023,2781,62,1,1,4,3,2,1,4,      278106201
2023,2781,95,1,1,4,4,2,1,4,      278109501
2023,2781,111,1,1,0,4,2,1,2,      278111101
2023,2785,6,1,1,1,7,2,1,3,      278500601
2023,2785,22,1,1,3,8,1,1,2,      278502201
2023,2785,22,1,1,1,8,2,2,3,      278502201
2023,2785,79,1,1,8,8,2,1,3,      278507901
2023,2786,12,1,1,8,10,1,1,3,      278601201
2023,2786,12,1,1,4,10,1,2,4,      278601201
2023,2786,12,1,1,2,10,2,3,5,      278601201
2023,2786,50,1,1,1,10,2,1,4,      278605001
2023,2786,56,1,1,4,9,1,1,3,      278605601
2023,2786,56,1,1,2,9,2,2,4,      278605601
2023,2786,107,1,1,5,9,2,1,4,      278610701
2023,2790,34,1,1,1,5,2,1,5,      279003401
2023,2790,54,1,1,0,5,2,1,2,      279005401
2023,2790,83,1,1,6,6,1,1,4,      279008301
2023,2790,83,1,1,1,6,2,2,5,      279008301
2023,2791,21,1,1,1,6,2,1,2,      279102101
2023,2791,41,1,1,0,8,2,1,3,      279104101
2023,2791,50,1,1,1,8,2,1,5,      279105001
2023,2791,55,1,1,1,8,1,1,3,      279105501
2023,2791,55,1,1,1,8,2,2,4,      279105501
2023,2791,92,1,2, , ,2,1,3,      279109201
2023,2793,2,1,1,2,9,1,1,3,      279300201
2023,2793,2,1,1,0,9,2,2,4,      279300201
2023,2793,3,1,1,7,9,1,1,5,      279300301
2023,2793,3,1,1,2,9,2,2,6,      279300301
2023,2793,19,1,1,1,9,2,1,3,      279301901
2023,2793,64,1,1,7,9,1,1,2,      279306401
2023,2793,64,1,1,0,9,2,2,3,      279306401
2023,2793,82,1,1,0,9,2,1,5,      279308201
2023,2793,105,1,1,4,9,2,1,3,      279310501
2023,2794,1,1,1,5,7,2,1,3,      279400101
2023,2794,19,1,8, , ,2,1,6,      279401901
2023,2794,38,1,1,1,7,2,1,3,      279403801
2023,2794,68,1,1,4,7,2,1,3,      279406801
2023,2803,23,1,1,4,5,2,1,4,      280302301
2023,2803,31,1,1,4,5,2,1,4,      280303101
2023,2803,43,1,1,1,6,2,1,3,      280304301
2023,2803,48,1,1,3,5,1,1,3,      280304801
2023,2803,48,1,1,0,5,2,2,4,      280304801
2023,2803,83,1,1,1,5,2,1,3,      280308301
2023,2803,113,1,1,6,5,2,1,5,      280311301
2023,2806,21,1,1,0,5,2,1,3,      280602101
2023,2806,23,1,1,8,5,2,1,3,      280602301
2023,2806,84,1,1,0,3,2,1,5,      280608401
2023,2807,14,1,1,3,10,2,1,2,      280701401
2023,2807,25,1,1,3,7,1,1,5,      280702501
2023,2807,25,1,1,0,7,2,2,6,      280702501
2023,2807,29,1,1,3,10,2,1,4,      280702901
2023,2807,57,1,1,4,10,2,1,2,      280705701
2023,2811,18,1,1,0,7,2,1,2,      281101801
2023,2811,39,1,1,5,8,2,1,3,      281103901
2023,2811,56,1,1,7,9,1,1,2,      281105601
2023,2811,56,1,1,4,9,2,2,3,      281105601
2023,2811,73,1,1,3,8,2,1,5,      281107301
2023,2813,61,1,1,2,5,1,1,4,      281306101
2023,2813,61,1,1,2,5,2,2,5,      281306101
2023,2813,92,1,1,7,4,2,1,4,      281309201
2023,2813,93,1,1,1,5,1,1,5,      281309301
2023,2813,93,1,1,4,5,2,2,6,      281309301
2023,2815,11,1,1,0,5,2,1,3,      281501101
2023,2815,19,1,1,4,5,2,1,4,      281501901
2023,2815,78,1,1,7,5,2,1,5,      281507801
2023,2815,90,1,1,3,5,2,1,3,      281509001
2023,2817,54,1,1,3,5,1,1,3,      281705401
2023,2817,54,1,1,1,5,2,2,4,      281705401
2023,2817,97,1,1,0,5,2,1,3,      281709701
2023,2819,6,1,1,5,6,2,1,3,      281900601
2023,2819,31,1,1,0,6,2,1,3,      281903101
2023,2819,77,1,1,5,5,2,1,4,      281907701
2023,2819,78,1,1,1,6,2,1,6,      281907801
2023,2819,84,1,1,3,6,2,1,5,      281908401
2023,2819,88,1,1,8,6,2,1,3,      281908801
2023,2824,42,1,1,6,5,1,1,3,      282404201
2023,2824,42,1,1,1,5,2,2,4,      282404201
2023,2824,75,1,1,1,4,2,1,4,      282407501
2023,2825,20,1,1,0,7,2,1,4,      282502001
2023,2825,57,1,1,7,7,2,1,6,      282505701
2023,2825,78,1,1,0,6,1,1,3,      282507801
2023,2825,78,1,1,0,6,2,2,4,      282507801
2023,2829,10,1,1,7,11,2,1,4,      282901001
2023,2829,11,1,1,4,9,1,1,2,      282901101
2023,2829,11,1,1,1,9,2,2,3,      282901101
2023,2829,15,1,1,7,11,2,1,4,      282901501
2023,2829,30,1,1,2,10,2,1,7,      282903001
2023,2829,70,1,1,5,10,2,1,4,      282907001
2023,2831,3,1,1,1,6,2,1,5,      283100301
2023,2831,11,1,1,4,6,2,1,4,      283101101
2023,2831,16,1,1,1,1,2,1,4,      283101601
2023,2831,63,1,1,0,6,2,1,3,      283106301
2023,2831,75,1,1,0,6,2,1,3,      283107501
2023,2833,35,1,1,8,9,2,1,4,      283303501
2023,2833,49,1,1,3,10,2,1,3,      283304901
2023,2833,67,1,1,0,9,2,1,3,      283306701
2023,2841,26,1,2, , ,1,1,4,      284102601
2023,2841,26,1,2, , ,2,2,5,      284102601
2023,2841,61,1,1,3,7,2,1,3,      284106101
2023,2841,67,1,1,3,7,2,1,3,      284106701
2023,2846,29,1,1,5,9,1,1,4,      284602901
2023,2846,29,1,1,1,9,1,2,5,      284602901
2023,2846,29,1,1,1,9,2,3,6,      284602901
2023,2846,39,1,1,3,8,2,1,6,      284603901
2023,2846,47,1,1,5,8,1,1,3,      284604701
2023,2846,47,1,1,0,8,2,2,5,      284604701
2023,2846,82,1,1,2,10,2,1,3,      284608201
2023,2846,89,1,1,1,7,2,1,3,      284608901
2023,2848,88,1,1,6,5,2,1,3,      284808801
2023,2849,38,1,1,1,5,2,1,3,      284903801
2023,2849,43,1,1,4,5,2,1,4,      284904301
2023,2849,55,1,1,4,10,1,1,4,      284905501
2023,2849,55,1,1,1,10,2,2,5,      284905501
2023,2850,1,1,1,2,7,2,1,5,      285000101
2023,2850,16,1,1,3,9,1,1,7,      285001601
2023,2850,16,1,1,3,9,2,2,8,      285001601
2023,2850,21,1,1,6,7,1,1,4,      285002101
2023,2850,21,1,1,0,7,2,2,5,      285002101
2023,2850,39,1,1,2,7,2,1,3,      285003901
2023,2850,46,1,1,7,7,1,1,2,      285004601
2023,2850,46,1,1,1,7,2,2,3,      285004601
2023,2850,63,1,1,2,7,2,1,2,      285006301
2023,2850,66,1,1,9,7,1,1,3,      285006601
2023,2850,66,1,1,3,10,2,2,4,      285006601
2023,2852,15,1,1,2,5,2,1,4,      285201501
2023,2852,37,1,1,1,5,2,1,2,      285203701
2023,2852,60,1,1,0,5,2,1,5,      285206001
2023,2852,73,1,1,5,5,1,1,3,      285207301
2023,2852,73,1,1,2,5,1,2,4,      285207301
2023,2852,73,1,1,1,5,2,3,5,      285207301
2023,2852,90,1,1,3,5,2,1,6,      285209001
2023,2859,26,1,1,3,8,2,1,3,      285902601
2023,2859,32,1,1,4,7,2,1,3,      285903201
2023,2859,46,1,1,3,10,2,1,4,      285904601
2023,2859,48,1,1,5,7,1,1,3,      285904801
2023,2859,48,1,1,6,10,1,2,4,      285904801
2023,2859,48,1,1,0,7,2,3,5,      285904801
2023,2859,69,1,1,0,10,1,1,4,      285906901
2023,2859,69,1,1,1,10,2,2,5,      285906901
2023,2859,77,1,1,1,10,1,1,3,      285907701
2023,2859,77,1,1,0,10,2,2,4,      285907701
2023,2860,5,1,1,4,8,2,1,6,      286000501
2023,2860,38,1,1,0,6,2,1,3,      286003801
2023,2860,90,1,1,1,10,2,1,5,      286009001
2023,2860,112,1,1,6,8,1,1,3,      286011201
2023,2860,112,1,1,0,7,2,2,4,      286011201
2023,2863,6,1,1,5,7,2,1,2,      286300601
2023,2863,51,1,1,4,6,2,1,4,      286305101
2023,2863,63,1,1,5,6,2,1,4,      286306301
2023,2863,78,1,1,4,6,2,1,3,      286307801
2023,2866,15,1,1,5,10,2,1,3,      286601501
2023,2866,39,1,1,3,11,2,1,6,      286603901
2023,2866,55,1,1,1,9,2,1,3,      286605501
2023,2866,58,1,1,4,10,1,1,3,      286605801
2023,2866,58,1,1,2,10,2,2,4,      286605801
2023,2867,10,1,1,3,5,2,1,3,      286701001
2023,2867,28,1,1,3,5,2,1,4,      286702801
2023,2867,62,1,1,2,2,1,1,3,      286706201
2023,2867,62,1,1,0,2,2,2,4,      286706201
2023,2867,94,1,1,0,3,2,1,6,      286709401
2023,2868,1,1,1,4,8,1,1,3,      286800101
2023,2868,1,1,1,4,8,2,2,4,      286800101
2023,2868,10,1,1,0,7,2,1,3,      286801001
2023,2868,22,1,1,1,7,2,1,2,      286802201
2023,2868,26,1,1,1,7,2,1,4,      286802601
2023,2868,73,1,1,3,8,1,1,3,      286807301
2023,2868,73,1,1,1,8,2,2,4,      286807301
2023,2868,77,1,1,6,7,2,1,5,      286807701
2023,2879,21,1,1,2,6,2,1,2,      287902101
2023,2879,58,1,1,7,8,1,1,5,      287905801
2023,2879,58,1,1,4,8,2,2,6,      287905801
2023,2879,84,1,1,6,6,2,1,3,      287908401
2023,2879,93,1,1,0,5,2,1,5,      287909301
2023,2879,94,1,1,9,6,1,1,3,      287909401
2023,2879,94,1,1,0,6,2,2,4,      287909401
2023,2881,37,1,1,4,7,1,1,3,      288103701
2023,2881,37,1,1,1,7,2,2,4,      288103701
2023,2881,56,1,1,3,6,2,1,3,      288105601
2023,2881,58,1,1,2,6,2,1,4,      288105801
2023,2881,60,1,1,4,6,2,1,5,      288106001
2023,2881,61,1,1,0,6,1,1,3,      288106101
2023,2881,61,1,1,3,6,2,2,4,      288106101
2023,2884,41,1,1,3,5,2,1,3,      288404101
2023,2884,43,1,1,6,5,2,1,3,      288404301
2023,2884,80,1,1,5,6,2,1,2,      288408001
2023,2885,7,1,1,0,6,2,1,4,      288500701
2023,2885,10,1,1,5,7,1,1,5,      288501001
2023,2885,10,1,1,3,7,2,2,6,      288501001
2023,2885,12,1,1,8,7,1,1,2,      288501201
2023,2885,12,1,1,6,7,2,2,3,      288501201
2023,2885,18,1,1,4,9,2,1,2,      288501801
2023,2885,30,1,1,4,7,1,1,2,      288503001
2023,2885,30,1,1,1,7,2,2,3,      288503001
2023,2885,60,1,1,5,7,2,1,3,      288506001
2023,2885,62,1,1,4,6,2,1,3,      288506201
2023,2885,92,1,1,6,7,1,1,4,      288509201
2023,2885,92,1,1,0,7,2,2,5,      288509201
2023,2889,4,1,1,9,10,1,1,3,      288900401
2023,2889,4,1,1,3,10,2,2,4,      288900401
2023,2889,6,1,1,0,10,2,1,3,      288900601
2023,2889,8,1,1,6,10,2,1,3,      288900801
2023,2889,9,1,1,2,9,2,1,5,      288900901
2023,2889,25,1,1,1,6,2,1,3,      288902501
2023,2889,46,1,1,3,10,1,1,4,      288904601
2023,2889,46,1,1,0,10,2,2,5,      288904601
2023,2889,66,1,1,3,7,2,1,5,      288906601
2023,2889,67,1,1,9,10,1,1,5,      288906701
2023,2889,67,1,1,4,10,2,2,6,      288906701
2023,2892,10,1,1,1,8,2,1,3,      289201001
2023,2892,24,1,1,0,8,2,1,4,      289202401
2023,2892,27,1,1,3,8,2,1,4,      289202701
2023,2892,136,1,1,8,8,1,1,4,      289213601
2023,2892,136,1,1,7,8,2,2,5,      289213601
2023,2892,138,1,1,0,8,1,1,3,      289213801
2023,2892,138,1,1,0,8,1,2,4,      289213801
2023,2892,138,1,1,0,8,2,3,5,      289213801
2023,2892,144,1,1,2,8,2,1,3,      289214401
2023,2895,9,1,1,3,5,1,1,3,      289500901
2023,2895,9,1,1,2,5,2,2,4,      289500901
2023,2895,25,1,1,8,6,1,1,2,      289502501
2023,2895,25,1,1,5,6,1,2,3,      289502501
2023,2895,25,1,1,2,6,2,3,4,      289502501
2023,2895,30,1,1,6,4,1,1,4,      289503001
2023,2895,30,1,1,2,4,2,2,5,      289503001
2023,2895,38,1,1,4,6,1,1,3,      289503801
2023,2895,38,1,1,3,5,1,2,4,      289503801
2023,2895,38,1,1,0,6,2,3,5,      289503801
2023,2895,39,1,1,0,5,2,1,2,      289503901
2023,2895,62,1,1,5,5,1,1,4,      289506201
2023,2895,62,1,1,3,5,2,2,5,      289506201
2023,2895,63,1,1,6,6,2,1,3,      289506301
2023,2895,64,1,1,6,5,2,1,5,      289506401
2023,2895,68,1,1,7,6,1,1,7,      289506801
2023,2895,68,1,1,5,6,1,2,8,      289506801
2023,2895,68,1,1,3,6,1,3,9,      289506801
2023,2895,68,1,1,0,6,2,4,10,      289506801
2023,2902,18,1,1,4,3,2,1,5,      290201801
2023,2902,37,2,1,7,3,2,1,4,      290203702
2023,2902,111,1,1,4,4,2,1,3,      290211101
2023,2902,162,1,1,1,6,2,1,7,      290216201
2023,2907,67,1,2, , ,1,1,6,      290706701
2023,2907,67,1,1,2,3,2,2,7,      290706701
2023,2907,76,1,1,7,1,1,1,5,      290707601
2023,2907,76,1,1,4,1,1,2,6,      290707601
2023,2907,76,1,1,2,1,2,3,7,      290707601
2023,2907,81,1,1,2,3,2,1,4,      290708101
2023,2907,166,2,1,0,2,2,1,2,      290716602
2023,2907,169,1,1,2,2,2,1,4,      290716901
2023,2909,60,1,1,1,6,2,1,7,      290906001
2023,2909,111,1,1,6,6,1,1,4,      290911101
2023,2909,111,1,1,2,6,2,2,5,      290911101
2023,2909,124,1,1,0,6,2,1,5,      290912401
2023,2912,7,2,1,1,9,2,1,3,      291200702
2023,2912,11,1,1,4,8,2,1,3,      291201101
2023,2912,35,1,1,3,9,1,1,4,      291203501
2023,2912,35,1,2, , ,2,2,5,      291203501
2023,2912,76,1,1,5,9,2,1,2,      291207601
2023,2912,104,1,1,7,9,1,1,3,      291210401
2023,2912,104,1,1,2,9,1,2,4,      291210401
2023,2912,104,1,1,0,9,2,3,5,      291210401
2023,2913,4,1,1,4,8,2,1,4,      291300401
2023,2913,67,1,1,2,8,1,1,3,      291306701
2023,2913,67,1,1,1,8,2,2,4,      291306701
2023,2913,73,1,1,5,9,2,1,3,      291307301
2023,2913,85,1,1,0,8,2,1,3,      291308501
2023,2920,60,1,1,5,6,2,1,4,      292006001
2023,2920,61,1,1,3,6,1,1,4,      292006101
2023,2920,61,1,1,1,6,1,2,5,      292006101
2023,2920,61,1,1,1,8,1,3,8,      292006101
2023,2920,61,1,1,1,8,1,4,9,      292006101
2023,2920,61,1,1,0,6,2,5,12,      292006101
2023,2920,87,2,1,5,6,2,1,4,      292008702
2023,2920,94,1,1,3,5,2,1,6,      292009401
2023,2920,94,2,1,4,6,2,1,3,      292009402
2023,2922,13,1,1,5,5,1,1,5,      292201301
2023,2922,13,1,1,1,5,2,2,6,      292201301
2023,2922,44,1,1,1,4,2,1,3,      292204401
2023,2922,50,1,1,1,5,2,1,3,      292205001
2023,2925,29,1,1,2,7,2,1,9,      292502901
2023,2925,37,1,1,5,8,1,1,3,      292503701
2023,2925,37,1,1,2,8,1,2,4,      292503701
2023,2925,37,1,1,0,8,2,3,5,      292503701
2023,2925,44,1,1,6,7,2,1,4,      292504401
2023,2925,75,1,1,1,7,1,1,6,      292507501
2023,2925,75,1,1,0,7,2,2,13,      292507501
2023,2925,87,1,1,5,8,2,1,2,      292508701
2023,2925,91,1,1,8,8,2,1,5,      292509101
2023,2925,122,1,1,4,8,1,1,5,      292512201
2023,2925,122,1,1,1,8,1,2,6,      292512201
2023,2925,122,1,1,0,8,1,3,9,      292512201
2023,2925,122,1,1,0,8,2,4,10,      292512201
2023,2929,15,1,1,0,6,2,1,4,      292901501
2023,2933,35,1,1,5,6,2,1,4,      293303501
2023,2933,54,1,1,6,7,2,1,4,      293305401
2023,2933,68,1,1,7,7,1,1,4,      293306801
2023,2933,68,1,1,2,7,2,2,7,      293306801
2023,2933,103,1,1,3,7,2,1,5,      293310301
2023,2933,103,2,1,5,6,2,1,5,      293310302
2023,2933,123,1,1,4,6,2,1,3,      293312301
2023,2934,18,1,1,4,8,2,1,4,      293401801
2023,2934,24,1,1,8,7,2,1,4,      293402401
2023,2934,38,1,1,5,6,1,1,4,      293403801
2023,2934,38,1,1,1,6,2,2,5,      293403801
2023,2934,51,1,1,1,8,2,1,4,      293405101
2023,2934,67,1,1,2,7,2,1,3,      293406701
2023,2934,119,1,1,4,7,2,1,5,      293411901
2023,2934,146,1,1,8,7,2,1,4,      293414601
2023,2942,15,1,1,5,1,2,1,5,      294201501
2023,2942,23,1,1,6,5,2,1,4,      294202301
2023,2942,42,1,1,4,3,2,1,3,      294204201
2023,2942,54,1,1,5,6,2,1,4,      294205401
2023,2942,64,1,1,4,6,1,1,4,      294206401
2023,2942,64,1,1,4,6,1,2,5,      294206401
2023,2942,64,1,1,1,6,2,3,9,      294206401
2023,2942,81,1,1,4,6,1,1,4,      294208101
2023,2942,81,1,1,2,6,2,2,5,      294208101
2023,2942,83,1,1,2,5,2,1,3,      294208301
2023,2944,8,1,1,5,4,2,1,6,      294400801
2023,2944,21,1,1,7,3,1,1,4,      294402101
2023,2944,21,1,1,1,3,2,2,5,      294402101
2023,2944,29,1,1,5,4,2,1,5,      294402901
2023,2944,41,1,1,3,3,2,1,3,      294404101
2023,2944,58,1,1,4,3,2,1,4,      294405801
2023,2945,55,1,1,1,6,2,1,6,      294505501
2023,2945,62,1,1,0,7,2,1,3,      294506201
2023,2946,17,1,2, , ,2,1,2,      294601701
2023,2946,20,1,1,3,7,1,1,3,      294602001
2023,2946,20,1,1,1,7,1,2,4,      294602001
2023,2946,20,1,1,0,7,2,3,5,      294602001
2023,2946,21,1,1,4,7,1,1,2,      294602101
2023,2946,21,1,1,3,7,2,2,3,      294602101
2023,2946,38,1,1,0,3,2,1,5,      294603801
2023,2946,59,1,1,7,7,2,1,4,      294605901
2023,2946,60,1,1,4,6,1,1,5,      294606001
2023,2946,60,1,1,2,6,2,2,6,      294606001
2023,2947,36,1,1,4,5,1,1,5,      294703601
2023,2947,36,1,1,0,5,2,2,6,      294703601
2023,2947,38,1,1,6,0,2,1,4,      294703801
2023,2947,39,1,1,0,4,2,1,7,      294703901
2023,2947,57,1,1,1,5,1,1,3,      294705701
2023,2947,57,1,1,0,5,2,2,4,      294705701
2023,2947,62,1,1,6,3,1,1,5,      294706201
2023,2947,62,1,1,2,3,1,2,6,      294706201
2023,2947,62,1,1,0,3,2,3,7,      294706201
2023,2947,63,1,1,2,5,2,1,5,      294706301
2023,2947,65,2,1,0,2,2,1,3,      294706502
2023,2949,2,1,1,0,6,2,1,4,      294900201
2023,2949,7,1,1,5,6,1,1,3,      294900701
2023,2949,7,1,1,2,6,2,2,4,      294900701
2023,2949,14,1,1,8,6,1,1,5,      294901401
2023,2949,14,1,1,6,6,1,2,6,      294901401
2023,2949,14,1,1,4,6,1,3,7,      294901401
2023,2949,14,1,1,2,6,2,4,8,      294901401
2023,2949,99,1,1,3,5,2,1,4,      294909901
2023,2949,129,1,1,8,6,1,1,4,      294912901
2023,2949,129,1,1,5,6,2,2,5,      294912901
2023,2949,131,1,1,0,5,2,1,3,      294913101
2023,2950,8,1,1,1,7,2,1,2,      295000801
2023,2950,18,1,1,5,8,2,1,4,      295001801
2023,2950,19,1,1,3,7,2,1,2,      295001901
2023,2950,20,1,1,5,7,1,1,3,      295002001
2023,2950,20,1,1,1,7,2,2,4,      295002001
2023,2950,21,1,1,4,7,1,1,5,      295002101
2023,2950,21,1,1,0,7,2,2,6,      295002101
2023,2950,39,1,1,4,8,2,1,3,      295003901
2023,2950,43,1,1,7,8,2,1,4,      295004301
2023,2950,60,1,1,3,7,1,1,3,      295006001
2023,2950,60,1,1,0,7,2,2,4,      295006001
2023,2950,72,1,1,2,7,2,1,6,      295007201
2023,2950,74,1,1,3,6,2,1,5,      295007401
2023,2950,75,1,1,3,7,2,1,4,      295007501
2023,2952,1,1,1,3,9,1,1,5,      295200101
2023,2952,1,1,1,1,9,2,2,6,      295200101
2023,2952,2,1,1,2,9,2,1,5,      295200201
2023,2952,5,1,1,2,9,1,1,3,      295200501
2023,2952,5,1,1,0,9,1,2,4,      295200501
2023,2952,5,1,1,3,9,1,3,7,      295200501
2023,2952,5,1,1,98,98,1,4,9,      295200501
2023,2952,5,1,1,98,98,2,5,10,      295200501
2023,2952,6,1,1,3,9,1,1,4,      295200601
2023,2952,6,1,1,1,9,1,2,5,      295200601
2023,2952,6,1,1,1,9,1,3,6,      295200601
2023,2952,6,1,1,0,9,1,4,7,      295200601
2023,2952,6,1,1,0,9,2,5,13,      295200601
2023,2952,45,1,1,3,8,1,1,5,      295204501
2023,2952,45,1,1,1,8,1,2,6,      295204501
2023,2952,45,1,1,1,8,2,3,7,      295204501
2023,2952,46,1,1,4,7,2,1,5,      295204601
2023,2952,48,1,1,1,9,2,1,4,      295204801
2023,2952,49,1,1,5,9,1,1,2,      295204901
2023,2952,49,1,1,4,9,1,2,3,      295204901
2023,2952,49,1,1,0,9,2,3,4,      295204901
2023,2952,87,1,1,7,7,1,1,5,      295208701
2023,2952,87,1,1,5,7,2,2,6,      295208701
2023,2952,88,1,1,5,7,1,1,5,      295208801
2023,2952,88,1,1,0,7,2,2,6,      295208801
2023,2952,89,1,1,1,9,2,1,2,      295208901
2023,2959,44,1,1,7,8,2,1,2,      295904401
2023,2959,50,1,1,2,9,2,1,6,      295905001
2023,2960,67,1,1,0,5,2,1,2,      296006701
2023,2960,117,1,1,6,4,1,1,3,      296011701
2023,2960,117,1,1,1,4,2,2,4,      296011701
2023,2960,122,1,1,4,4,2,1,5,      296012201
2023,2967,14,1,1,9,7,2,1,4,      296701401
2023,2967,62,1,1,8,7,1,1,4,      296706201
2023,2967,62,1,1,5,7,2,2,5,      296706201
2023,2967,86,1,1,6,7,2,1,3,      296708601
2023,2967,112,1,1,0,7,2,1,3,      296711201
2023,2967,119,1,1,1,7,2,1,2,      296711901
2023,2969,23,1,1,2,5,2,1,3,      296902301
2023,2969,32,1,1,4,5,2,1,3,      296903201
2023,2970,3,1,1,8,6,1,1,4,      297000301
2023,2970,3,1,1,5,6,1,2,5,      297000301
2023,2970,3,1,1,2,6,2,3,6,      297000301
2023,2970,31,1,1,0,2,2,1,2,      297003101
2023,2970,73,1,1,8,6,2,1,3,      297007301
2023,2970,111,1,1,2,6,2,1,2,      297011101
2023,2970,115,1,1,6,6,1,1,2,      297011501
2023,2970,115,1,1,6,6,2,2,3,      297011501
2023,2971,2,1,1,0,6,2,1,2,      297100201
2023,2971,7,1,1,0,6,2,1,4,      297100701
2023,2971,26,1,1,2,6,2,1,3,      297102601
2023,2971,65,1,1,0,6,2,1,3,      297106501
2023,2971,67,1,1,6,6,1,1,2,      297106701
2023,2971,67,1,1,0,6,2,2,3,      297106701
2023,2974,24,1,1,2,11,2,1,3,      297402401
2023,2974,26,1,1,6,10,2,1,2,      297402601
2023,2974,30,1,1,6,10,2,1,3,      297403001
2023,2974,34,1,1,2,9,2,1,3,      297403401
2023,2974,51,1,1,5,10,1,1,2,      297405101
2023,2974,51,1,1,2,10,2,2,3,      297405101
2023,2977,17,1,1,0,4,2,1,3,      297701701
2023,2977,91,1,1,1,4,2,1,3,      297709101
2023,2977,119,1,1,8,4,2,1,5,      297711901
2023,2983,15,1,1,1,8,2,1,2,      298301501
2023,2983,21,1,1,2,9,2,1,3,      298302101
2023,2983,23,1,1,4,9,2,1,2,      298302301
2023,2983,97,1,1,8,8,1,1,2,      298309701
2023,2983,97,1,1,5,8,1,2,3,      298309701
2023,2983,97,1,1,3,8,2,3,4,      298309701
2023,2987,40,1,1,7,8,1,1,3,      298704001
2023,2987,40,1,1,5,8,2,2,4,      298704001
2023,2987,58,1,1,5,7,2,1,3,      298705801
2023,2987,59,1,1,2,8,2,1,3,      298705901
2023,2987,62,1,1,5,8,1,1,4,      298706201
2023,2987,62,1,1,2,8,2,2,5,      298706201
2023,2987,64,1,1,4,8,1,1,3,      298706401
2023,2987,64,1,1,1,8,2,2,4,      298706401
2023,2987,65,1,1,2,7,2,1,3,      298706501
2023,2987,69,1,1,1,8,2,1,3,      298706901
2023,2987,70,1,1,0,7,2,1,2,      298707001
2023,2987,76,1,1,3,7,2,1,2,      298707601
2023,2989,2,1,1,7,4,1,1,3,      298900201
2023,2989,2,1,1,5,4,1,2,4,      298900201
2023,2989,2,1,1,3,4,2,3,5,      298900201
2023,2989,9,1,1,0,4,2,1,3,      298900901
2023,2989,39,1,1,0,4,2,1,3,      298903901
2023,2989,47,1,1,7,5,1,1,5,      298904701
2023,2989,47,1,1,4,5,2,2,6,      298904701
2023,2989,124,1,1,0,4,2,1,3,      298912401
2023,2989,131,1,1,5,4,2,1,3,      298913101
2023,2992,41,1,1,7,5,2,1,5,      299204101
2023,2992,50,1,1,5,5,2,1,4,      299205001
2023,2992,76,1,1,6,5,1,1,2,      299207601
2023,2992,76,1,1,2,5,2,2,3,      299207601
2023,2992,80,1,1,3,5,2,1,3,      299208001
2023,2993,5,1,1,0,10,2,1,3,      299300501
2023,2993,57,1,1,6,8,1,1,3,      299305701
2023,2993,57,1,1,2,8,2,2,4,      299305701
2023,2993,73,1,1,2,10,2,1,3,      299307301
2023,2993,74,1,1,4,8,2,1,4,      299307401
2023,2993,75,1,1,0,10,2,1,3,      299307501
2023,2993,76,1,1,5,6,1,1,4,      299307601
2023,2993,76,1,1,6,6,2,2,5,      299307601
2023,3003,12,1,1,3,9,2,1,3,      300301201
2023,3003,13,1,1,0,9,2,1,2,      300301301
2023,3003,15,1,1,7,9,1,1,5,      300301501
2023,3003,15,1,1,1,9,2,2,6,      300301501
2023,3003,27,1,1,7,9,1,1,2,      300302701
2023,3003,27,1,1,6,9,1,2,3,      300302701
2023,3003,27,1,1,3,9,2,3,4,      300302701
2023,3003,32,1,1,7,9,1,1,3,      300303201
2023,3003,32,1,1,1,9,2,2,4,      300303201
2023,3003,34,1,1,4,9,2,1,5,      300303401
2023,3003,76,1,1,7,9,1,1,4,      300307601
2023,3003,76,1,1,5,9,1,2,5,      300307601
2023,3003,76,1,1,2,9,2,3,6,      300307601
2023,3003,83,1,1,1,9,2,1,3,      300308301
2023,3003,85,1,1,5,9,2,1,3,      300308501
2023,3005,1,1,1,7,5,2,1,4,      300500101
2023,3005,25,1,1,6,5,1,1,2,      300502501
2023,3005,25,1,1,5,5,1,2,3,      300502501
2023,3005,25,1,1,1,5,2,3,4,      300502501
2023,3005,92,1,1,8,5,1,1,5,      300509201
2023,3005,92,1,1,5,5,2,2,6,      300509201
2023,3005,93,1,1,8,5,1,1,6,      300509301
2023,3005,93,1,1,0,5,2,2,7,      300509301
2023,3006,9,1,1,8,8,2,1,6,      300600901
2023,3006,26,1,1,3,5,2,1,3,      300602601
2023,3006,58,1,1,6,8,1,1,3,      300605801
2023,3006,58,1,1,3,8,2,2,4,      300605801
2023,3006,60,1,1,4,6,2,1,3,      300606001
2023,3006,75,1,1,6,6,2,1,4,      300607501
2023,3006,76,1,1,1,8,2,1,3,      300607601
2023,3006,95,1,1,5,6,1,1,3,      300609501
2023,3006,95,1,1,2,6,1,2,4,      300609501
2023,3006,95,1,1,0,6,2,3,5,      300609501
2023,3007,88,1,1,1,6,2,1,3,      300708801
2023,3009,33,1,1,2,9,2,1,3,      300903301
2023,3009,67,1,1,7,8,2,1,2,      300906701
2023,3009,68,1,1,1,9,2,1,2,      300906801
2023,3009,69,1,1,2,11,2,1,4,      300906901
2023,3009,71,1,1,0,9,2,1,2,      300907101
2023,3009,77,1,1,1,9,2,1,3,      300907701
2023,3012,50,1,1,5,10,1,1,2,      301205001
2023,3012,50,1,1,1,10,2,2,3,      301205001
2023,3012,57,1,1,4,10,2,1,3,      301205701
2023,3012,58,1,1,0,8,2,1,4,      301205801
2023,3012,120,1,1,5,10,1,1,5,      301212001
2023,3012,120,1,1,2,10,1,2,6,      301212001
2023,3012,120,1,2, , ,2,3,7,      301212001
2023,3012,122,1,1,6,11,1,1,3,      301212201
2023,3012,122,1,1,1,10,2,2,4,      301212201
2023,3014,19,1,1,4,3,2,1,2,      301401901
2023,3014,114,1,1,4,4,1,1,4,      301411401
2023,3014,114,1,1,0,4,2,2,5,      301411401
2023,3018,58,1,1,4,6,2,1,4,      301805801
2023,3018,85,1,1,0,6,2,1,3,      301808501
2023,3018,91,1,1,6,6,2,1,4,      301809101
2023,3018,109,1,1,0,6,2,1,5,      301810901
2023,3018,139,1,1,3,0,2,1,3,      301813901
2023,3022,37,1,1,7,7,1,1,4,      302203701
2023,3022,37,1,1,2,7,1,2,5,      302203701
2023,3022,37,1,1,1,7,2,3,6,      302203701
2023,3022,62,1,1,0,6,1,1,3,      302206201
2023,3022,62,1,1,5,6,2,2,5,      302206201
2023,3022,77,1,1,8,7,1,1,4,      302207701
2023,3022,77,1,1,1,7,2,2,5,      302207701
2023,3022,88,1,1,6,7,1,1,5,      302208801
2023,3022,88,1,1,4,7,1,2,6,      302208801
2023,3022,88,1,1,0,7,1,3,7,      302208801
2023,3022,88,1,1,3,7,2,4,9,      302208801
2023,3022,90,1,1,0,7,1,1,3,      302209001
2023,3022,90,1,1,1,7,2,2,4,      302209001
2023,3024,5,1,1,0,9,2,1,4,      302400501
2023,3024,33,1,1,3,9,2,1,3,      302403301
2023,3024,40,2,1,1,9,2,1,4,      302404002
2023,3024,54,1,1,7,9,1,1,3,      302405401
2023,3024,54,1,1,4,9,2,2,4,      302405401
2023,3024,69,1,1,0,9,2,1,3,      302406901
2023,3025,19,1,1,2,7,2,1,3,      302501901
2023,3025,65,1,1,1,7,2,1,4,      302506501
2023,3025,101,1,1,4,7,2,1,3,      302510101
2023,3025,105,1,1,0,7,2,1,5,      302510501
2023,3025,122,1,1,4,7,2,1,3,      302512201
2023,3027,46,1,1,3,8,2,1,3,      302704601
2023,3027,56,1,1,1,8,2,1,5,      302705601
2023,3027,125,1,1,6,8,1,1,3,      302712501
2023,3027,125,1,1,3,8,2,2,4,      302712501
2023,3030,8,1,1,1,5,2,1,3,      303000801
2023,3030,59,1,1,7,5,2,1,3,      303005901
2023,3030,104,1,1,2,5,2,1,4,      303010401
2023,3030,119,1,1,1,5,2,1,3,      303011901
2023,3030,124,1,1,6,5,2,1,4,      303012401
2023,3030,140,1,1,0,5,2,1,5,      303014001
2023,3030,168,1,1,6,5,1,1,6,      303016801
2023,3030,168,1,1,3,5,1,2,7,      303016801
2023,3030,168,1,1,0,5,2,3,8,      303016801
2023,3034,3,1,1,0,9,2,1,3,      303400301
2023,3034,11,1,1,4,9,2,1,3,      303401101
2023,3034,31,1,1,1,8,2,1,3,      303403101
2023,3034,37,1,1,4,9,2,1,3,      303403701
2023,3034,76,1,1,3,9,1,1,3,      303407601
2023,3034,76,1,1,0,9,2,2,4,      303407601
2023,3034,90,1,1,1,9,2,1,5,      303409001
2023,3035,68,1,1,0,4,1,1,3,      303506801
2023,3035,68,1,1,5,4,2,2,5,      303506801
2023,3035,102,1,1,4,4,2,1,3,      303510201
2023,3035,103,1,1,0,4,2,1,3,      303510301
2023,3035,119,1,1,0,4,2,1,3,      303511901
2023,3035,143,1,1,0,4,2,1,3,      303514301
2023,3035,144,1,1,7,4,2,1,6,      303514401
2023,3035,145,1,1,6,4,1,1,6,      303514501
2023,3035,145,1,1,5,4,2,2,7,      303514501
2023,3038,60,1,1,4,6,2,1,5,      303806001
2023,3038,61,1,1,5,6,2,1,4,      303806101
2023,3038,114,1,1,8,6,2,1,3,      303811401
2023,3038,126,1,1,1,6,2,1,3,      303812601
2023,3038,138,1,1,0,6,1,1,3,      303813801
2023,3038,138,1,1,7,6,2,2,5,      303813801
2023,3038,144,1,1,5,6,2,1,4,      303814401
2023,3038,165,1,1,0,6,2,1,2,      303816501
2023,3041,31,1,1,7,7,1,1,4,      304103101
2023,3041,31,1,1,4,7,1,2,5,      304103101
2023,3041,31,1,1,2,7,2,3,6,      304103101
2023,3041,71,1,1,1,7,2,1,3,      304107101
2023,3041,98,1,1,3,7,1,1,3,      304109801
2023,3041,98,1,1,2,7,2,2,4,      304109801
2023,3041,109,1,1,7,7,1,1,4,      304110901
2023,3041,109,1,1,0,7,2,2,5,      304110901
2023,3041,121,1,1,4,7,2,1,4,      304112101
2023,3041,124,1,1,8,7,1,1,4,      304112401
2023,3041,124,1,1,6,7,2,2,5,      304112401
2023,3043,3,1,1,1,6,2,1,6,      304300301
2023,3043,5,1,1,1,6,2,1,5,      304300501
2023,3043,20,1,1,5,6,2,1,5,      304302001
2023,3043,58,1,1,3,6,2,1,3,      304305801
2023,3043,90,1,1,3,6,2,1,4,      304309001
2023,3049,38,1,1,1,9,1,1,3,      304903801
2023,3049,38,1,1,8,9,2,2,5,      304903801
2023,3049,74,1,1,0,9,2,1,5,      304907401
2023,3049,83,1,1,1,9,2,1,3,      304908301
2023,3049,85,1,1,3,9,2,1,4,      304908501
2023,3049,119,1,1,7,9,2,1,3,      304911901
2023,3049,122,1,1,8,9,2,1,2,      304912201
2023,3049,148,1,1,5,9,1,1,3,      304914801
2023,3049,148,1,1,2,9,2,2,4,      304914801
2023,3051,20,1,1,3,8,1,1,2,      305102001
2023,3051,20,1,1,0,8,2,2,3,      305102001
2023,3051,27,1,1,3,8,2,1,3,      305102701
2023,3051,93,1,1,6,8,2,1,3,      305109301
2023,3051,115,1,1,6,8,2,1,8,      305111501
2023,3051,132,1,1,0,8,2,1,5,      305113201
2023,3051,134,1,1,0,8,2,1,4,      305113401
2023,3051,146,1,1,7,8,1,1,2,      305114601
2023,3051,146,1,1,0,8,2,2,3,      305114601
2023,3051,156,1,1,5,8,2,1,4,      305115601
2023,3056,12,1,1,7,4,1,1,3,      305601201
2023,3056,12,1,1,6,4,1,2,4,      305601201
2023,3056,12,1,1,4,4,2,3,5,      305601201
2023,3056,17,1,1,3,4,2,1,3,      305601701
2023,3056,18,1,1,2,4,2,1,3,      305601801
2023,3056,19,1,1,2,4,1,1,3,      305601901
2023,3056,19,1,1,0,4,2,2,4,      305601901
2023,3056,20,1,1,1,4,2,1,3,      305602001
2023,3056,49,1,1,5,4,2,1,4,      305604901
2023,3056,50,1,1,3,3,1,1,6,      305605001
2023,3056,50,1,1,5,3,1,2,10,      305605001
2023,3056,50,1,1,0,3,2,3,13,      305605001
2023,3056,51,1,1,2,4,2,1,4,      305605101
2023,3056,119,1,1,6,4,2,1,5,      305611901
2023,3056,121,1,1,7,4,1,1,3,      305612101
2023,3056,121,1,1,5,4,1,2,4,      305612101
2023,3056,121,1,1,1,4,2,3,5,      305612101
2023,3056,127,1,1,6,4,2,1,4,      305612701
2023,3059,13,1,1,6,7,1,1,3,      305901301
2023,3059,13,1,1,2,7,2,2,4,      305901301
2023,3059,18,1,1,8,7,2,1,3,      305901801
2023,3059,22,1,1,3,7,1,1,4,      305902201
2023,3059,22,1,1,1,7,2,2,6,      305902201
2023,3059,23,1,1,8,7,1,1,5,      305902301
2023,3059,23,1,1,2,7,2,2,6,      305902301
2023,3059,24,1,1,5,7,2,1,4,      305902401
2023,3059,30,1,1,5,7,2,1,4,      305903001
2023,3059,32,1,1,6,7,1,1,5,      305903201
2023,3059,32,1,1,3,7,2,2,6,      305903201
2023,3059,62,1,1,6,7,1,1,3,      305906201
2023,3059,62,1,1,4,7,2,2,4,      305906201
2023,3059,65,1,1,7,7,1,1,3,      305906501
2023,3059,65,1,1,6,7,1,2,4,      305906501
2023,3059,65,1,1,3,7,1,3,5,      305906501
2023,3059,65,1,1,0,7,2,4,6,      305906501
2023,3059,66,1,1,8,7,1,1,3,      305906601
2023,3059,66,1,1,6,7,2,2,5,      305906601
2023,3062,1,1,1,2,5,2,1,3,      306200101
2023,3062,2,1,1,3,5,2,1,5,      306200201
2023,3062,3,1,1,4,5,2,1,5,      306200301
2023,3062,4,1,1,6,5,1,1,5,      306200401
2023,3062,4,1,1,1,5,2,2,6,      306200401
2023,3062,5,1,1,0,6,2,1,2,      306200501
2023,3062,124,1,1,3,6,1,1,4,      306212401
2023,3062,124,1,1,0,6,2,2,5,      306212401
2023,3062,128,1,1,2,5,2,1,4,      306212801
2023,3062,132,1,1,0,6,2,1,3,      306213201
2023,3062,137,1,1,6,5,1,1,3,      306213701
2023,3062,137,1,1,3,5,2,2,4,      306213701
2023,3062,150,1,1,2,6,2,1,3,      306215001
2023,3062,152,1,1,6,6,2,1,2,      306215201
2023,3062,153,1,1,1,6,1,1,4,      306215301
2023,3062,153,1,2, , ,1,2,5,      306215301
2023,3062,153,1,1,4,6,2,3,6,      306215301
2023,3064,6,1,1,4,9,2,1,3,      306400601
2023,3064,12,1,1,3,9,2,1,3,      306401201
2023,3064,65,1,1,8,9,1,1,3,      306406501
2023,3064,65,1,1,2,9,2,2,4,      306406501
2023,3064,71,1,1,2,9,2,1,3,      306407101
2023,3064,94,1,1,5,9,2,1,3,      306409401
2023,3064,97,1,1,5,9,2,1,4,      306409701
2023,3064,140,1,1,6,9,2,1,5,      306414001
2023,3069,35,1,1,1,9,1,1,3,      306903501
2023,3069,35,1,1,0,9,2,2,4,      306903501
2023,3069,37,1,1,2,9,2,1,4,      306903701
2023,3069,39,1,1,6,9,2,1,3,      306903901
2023,3069,51,1,1,0,9,2,1,3,      306905101
2023,3069,53,1,1,1,9,2,1,3,      306905301
2023,3069,54,1,1,2,9,2,1,3,      306905401
2023,3069,55,1,1,3,9,1,1,3,      306905501
2023,3069,55,1,1,0,9,2,2,4,      306905501
2023,3069,106,1,2, , ,1,1,4,      306910601
2023,3069,106,1,2, , ,2,2,5,      306910601
2023,3073,39,1,1,6,8,1,1,4,      307303901
2023,3073,39,1,1,2,8,2,2,5,      307303901
2023,3073,51,1,1,1,8,2,1,4,      307305101
2023,3073,66,1,1,0,8,1,1,5,      307306601
2023,3073,66,1,1,0,8,2,2,9,      307306601
2023,3074,63,1,1,0,4,2,1,3,      307406301
2023,3075,49,1,1,0,6,2,1,4,      307504901
2023,3075,74,1,1,0,6,2,1,4,      307507401
2023,3075,81,1,1,0,4,2,1,12,      307508101
2023,3077,72,1,1,0,8,2,1,2,      307707201
2023,3077,73,1,1,1,8,1,1,4,      307707301
2023,3077,73,1,1,2,8,2,2,5,      307707301
2023,3077,82,1,1,5,8,2,1,3,      307708201
2023,3077,98,1,1,8,8,2,1,4,      307709801
2023,3077,124,1,2, , ,2,1,2,      307712401
2023,3080,2,1,1,0,5,2,1,6,      308000201
2023,3080,4,1,1,4,5,2,1,5,      308000401
2023,3080,51,1,1,4,4,2,1,4,      308005101
2023,3080,53,1,1,0,5,2,1,4,      308005301
2023,3080,61,1,1,2,5,1,1,3,      308006101
2023,3080,61,1,1,0,5,2,2,4,      308006101
2023,3080,99,1,1,0,4,2,1,5,      308009901
2023,3080,118,1,1,1,5,2,1,3,      308011801
2023,3087,3,1,1,4,8,2,1,4,      308700301
2023,3087,37,1,1,1,8,2,1,3,      308703701
2023,3087,48,1,1,0,10,2,1,3,      308704801
2023,3087,58,1,1,1,6,2,1,3,      308705801
2023,3087,102,1,1,1,6,2,1,4,      308710201
2023,3090,37,1,1,1,4,2,1,3,      309003701
2023,3090,75,1,1,3,4,2,1,8,      309007501
2023,3090,78,1,1,0,4,2,1,3,      309007801
2023,3090,131,1,1,0,4,2,1,2,      309013101
2023,3090,136,1,1,1,4,2,1,4,      309013601
2023,3091,2,1,1,3,6,1,1,3,      309100201
2023,3091,2,1,1,1,6,2,2,4,      309100201
2023,3091,8,1,1,4,6,2,1,5,      309100801
2023,3091,46,1,1,3,6,1,1,3,      309104601
2023,3091,46,1,1,1,0,2,2,4,      309104601
2023,3091,90,1,1,6,6,1,1,3,      309109001
2023,3091,90,1,1,0,6,2,2,4,      309109001
2023,3091,92,1,1,0,6,2,1,7,      309109201
2023,3091,116,1,1,4,6,1,1,6,      309111601
2023,3091,116,1,1,2,6,1,2,7,      309111601
2023,3091,116,1,1,1,6,2,3,8,      309111601
2023,3093,20,1,1,6,9,1,1,3,      309302001
2023,3093,20,1,1,1,9,2,2,4,      309302001
2023,3093,27,1,1,0,6,2,1,3,      309302701
2023,3093,55,1,2, , ,2,1,4,      309305501
2023,3093,70,1,1,1,6,2,1,3,      309307001
2023,3093,90,1,1,3,6,2,1,2,      309309001
2023,3093,119,1,1,5,8,2,1,7,      309311901
2023,3094,13,1,1,3,9,1,1,4,      309401301
2023,3094,13,1,1,6,7,2,2,5,      309401301
2023,3094,16,1,1,2,9,2,1,3,      309401601
2023,3094,48,1,1,2,9,2,1,3,      309404801
2023,3094,49,1,2, , ,2,1,4,      309404901
2023,3094,85,1,1,0,9,2,1,6,      309408501
2023,3094,94,1,2, , ,2,1,4,      309409401
2023,3094,109,1,1,1,9,2,1,6,      309410901
2023,3095,6,1,1,1,8,2,1,2,      309500601
2023,3095,23,1,1,6,7,2,1,4,      309502301
2023,3095,33,1,1,5,7,1,1,4,      309503301
2023,3095,33,1,1,3,7,2,2,5,      309503301
2023,3095,52,1,1,5,7,1,1,3,      309505201
2023,3095,52,1,1,0,7,2,2,4,      309505201
2023,3095,67,1,1,0,7,2,1,5,      309506701
2023,3095,72,1,2, , ,1,1,3,      309507201
2023,3095,72,1,2, , ,1,2,4,      309507201
2023,3095,72,1,1,0,7,2,3,5,      309507201
2023,3095,78,1,1,3,7,1,1,3,      309507801
2023,3095,78,1,1,0,7,2,2,4,      309507801
2023,3097,15,1,1,1,7,1,1,5,      309701501
2023,3097,15,1,1,0,7,2,2,6,      309701501
2023,3099,5,1,1,0,9,2,1,2,      309900501
2023,3099,39,1,1,3,9,2,1,4,      309903901
2023,3099,106,1,2, , ,2,1,3,      309910601
2023,3099,111,1,1,2,8,1,1,3,      309911101
2023,3099,111,1,1,1,8,2,2,4,      309911101
2023,3099,115,1,1,5,9,1,1,3,      309911501
2023,3099,115,1,1,2,9,2,2,4,      309911501
2023,3102,32,1,1,0,4,2,1,6,      310203201
2023,3102,73,1,1,1,4,2,1,5,      310207301
2023,3102,74,1,1,0,7,2,1,4,      310207401
2023,3102,133,1,1,1,7,1,1,3,      310213301
2023,3102,133,1,1,2,7,1,2,4,      310213301
2023,3102,133,1,1,0,7,2,3,5,      310213301
2023,3105,5,1,1,5,9,1,1,2,      310500501
2023,3105,5,1,1,4,9,1,2,3,      310500501
2023,3105,5,1,1,0,9,2,3,4,      310500501
2023,3105,61,1,1,1,1,1,1,12,      310506101
2023,3105,61,1,1,1,1,2,2,13,      310506101
2023,3110,35,1,1,5,4,2,1,4,      311003501
2023,3110,75,1,1,5,5,1,1,4,      311007501
2023,3110,75,1,1,4,5,2,2,6,      311007501
2023,3110,92,1,1,8,5,2,1,3,      311009201
2023,3110,117,1,1,3,6,2,1,4,      311011701
2023,3110,133,1,1,5,4,1,1,5,      311013301
2023,3110,133,1,1,0,4,2,2,6,      311013301
2023,3112,56,1,1,1,5,2,1,3,      311205601
2023,3112,60,1,1,6,4,2,1,4,      311206001
2023,3112,83,1,1,3,5,1,1,4,      311208301
2023,3112,83,1,1,0,5,2,2,5,      311208301
2023,3112,87,1,1,0,4,2,1,2,      311208701
2023,3116,17,1,1,6,4,1,1,2,      311601701
2023,3116,17,1,1,3,4,2,2,3,      311601701
2023,3116,25,1,2, , ,1,1,3,      311602501
2023,3116,25,1,2, , ,2,2,4,      311602501
2023,3116,80,1,1,2,6,2,1,3,      311608001
2023,3116,87,1,1,5,6,2,1,5,      311608701
2023,3119,25,1,1,0,4,2,1,3,      311902501
2023,3119,30,1,1,7,3,2,1,2,      311903001
2023,3119,50,1,1,5,4,1,1,4,      311905001
2023,3119,50,1,1,5,4,2,2,5,      311905001
2023,3127,32,1,1,6,7,2,1,3,      312703201
2023,3127,52,1,1,7,7,2,1,3,      312705201
2023,3127,89,1,1,5,4,1,1,4,      312708901
2023,3127,89,1,1,0,4,2,2,5,      312708901
2023,3127,136,1,1,7,7,2,1,3,      312713601
2023,3131,9,1,1,7,11,2,1,3,      313100901
2023,3131,27,1,1,5,6,2,1,3,      313102701
2023,3131,34,1,1,5,9,1,1,3,      313103401
2023,3131,34,1,1,0,9,2,2,4,      313103401
2023,3131,43,1,1,0,9,2,1,3,      313104301
2023,3131,76,1,1,1,6,2,1,4,      313107601
2023,3131,78,1,1,2,9,2,1,3,      313107801
2023,3131,90,1,1,4,9,2,1,3,      313109001
2023,3139,1,1,1,4,4,1,1,3,      313900101
2023,3139,1,1,1,2,4,2,2,4,      313900101
2023,3139,16,1,1,0,1,2,1,7,      313901601
2023,3139,18,1,1,0,4,2,1,4,      313901801
2023,3139,71,1,1,0,3,2,1,6,      313907101
2023,3144,4,1,1,1,7,2,1,3,      314400401
2023,3144,9,1,1,5,7,1,1,4,      314400901
2023,3144,9,1,1,0,7,2,2,5,      314400901
2023,3144,41,1,1,2,7,2,1,6,      314404101
2023,3144,57,1,1,8,2,2,1,3,      314405701
2023,3145,21,1,1,0,7,2,1,3,      314502101
2023,3145,33,1,1,4,8,2,1,5,      314503301
2023,3145,103,1,1,0,8,2,1,5,      314510301
2023,3145,155,1,1,1,8,2,1,4,      314515501
2023,3146,2,1,1,0,4,1,1,3,      314600201
2023,3146,2,1,1,2,4,2,2,5,      314600201
2023,3146,21,1,1,7,4,1,1,4,      314602101
2023,3146,21,1,1,4,4,1,2,5,      314602101
2023,3146,21,1,1,1,4,2,3,6,      314602101
2023,3146,83,1,1,9,3,1,1,3,      314608301
2023,3146,83,1,1,6,3,2,2,4,      314608301
2023,3146,102,1,1,1,4,2,1,3,      314610201
2023,3146,108,1,1,4,4,2,1,4,      314610801
2023,3146,144,1,1,3,3,1,1,3,      314614401
2023,3146,144,1,1,8,3,2,2,5,      314614401
2023,3146,168,1,1,4,4,1,1,7,      314616801
2023,3146,168,1,1,6,4,2,2,11,      314616801
2023,3147,95,1,1,5,8,2,1,3,      314709501
2023,3147,210,1,1,0,8,1,1,4,      314721001
2023,3147,210,1,1,7,8,1,2,6,      314721001
2023,3147,210,1,1,5,8,2,3,7,      314721001
2023,3147,214,1,1,4,8,2,1,5,      314721401
2023,3147,222,1,1,0,8,2,1,3,      314722201
2023,3148,63,1,1,3,7,2,1,3,      314806301
2023,3148,76,1,1,5,7,1,1,4,      314807601
2023,3148,76,1,1,4,7,2,2,5,      314807601
2023,3148,94,1,2, , ,2,1,3,      314809401
2023,3148,116,1,1,2,6,2,1,3,      314811601
2023,3148,133,1,1,0,6,2,1,8,      314813301
2023,3152,137,1,1,5,6,2,1,3,      315213701
2023,3163,29,1,1,3,3,1,1,2,      316302901
2023,3163,29,1,1,0,3,2,2,3,      316302901
2023,3163,94,1,1,2,6,2,1,4,      316309401
2023,3163,130,1,1,7,7,2,1,4,      316313001
2023,3163,157,1,1,3,7,2,1,3,      316315701
2023,3164,23,1,1,4,9,2,1,4,      316402301
2023,3164,50,1,1,2,7,2,1,3,      316405001
2023,3164,83,1,1,0,7,2,1,6,      316408301
2023,3164,87,1,1,8,9,1,1,4,      316408701
2023,3164,87,1,1,3,9,2,2,5,      316408701
2023,3164,103,1,1,0,9,2,1,5,      316410301
2023,3164,133,1,1,3,7,2,1,4,      316413301
2023,3164,135,1,8, , ,1,1,5,      316413501
2023,3164,135,1,8, , ,2,2,6,      316413501
2023,3167,61,1,1,0,8,2,1,3,      316706101
2023,3167,62,1,1,1,8,1,1,3,      316706201
2023,3167,62,1,1,0,8,2,2,4,      316706201
2023,3167,92,1,1,4,8,2,1,3,      316709201
2023,3167,97,1,1,1,8,2,1,6,      316709701
2023,3167,125,1,1,2,5,1,1,3,      316712501
2023,3167,125,1,1,0,5,2,2,4,      316712501
2023,3167,132,1,1,0,8,2,1,7,      316713201
2023,3174,4,1,1,5,9,2,1,2,      317400401
2023,3174,6,1,1,6,9,2,1,4,      317400601
2023,3174,32,1,1,4,5,1,1,4,      317403201
2023,3174,32,1,1,0,5,2,2,5,      317403201
2023,3174,53,1,1,7,8,1,1,4,      317405301
2023,3174,53,1,1,0,8,2,2,5,      317405301
2023,3174,61,1,1,6,9,2,1,3,      317406101
2023,3174,80,1,1,7,8,1,1,2,      317408001
2023,3174,80,1,1,7,8,2,2,3,      317408001
2023,3174,90,1,1,0,9,2,1,3,      317409001
2023,3174,91,1,1,5,9,1,1,3,      317409101
2023,3174,91,1,1,5,9,1,2,4,      317409101
2023,3174,91,1,1,7,9,2,3,6,      317409101
2023,3175,10,1,1,1,6,2,1,5,      317501001
2023,3175,22,1,1,3,6,2,1,4,      317502201
2023,3175,65,1,1,1,8,2,1,4,      317506501
2023,3175,71,1,1,5,6,2,1,3,      317507101
2023,3175,77,1,1,1,6,1,1,7,      317507701
2023,3175,77,1,1,0,6,2,2,8,      317507701
2023,3177,19,1,1,0,4,2,1,4,      317701901
2023,3177,27,1,1,0,8,2,1,3,      317702701
2023,3177,64,1,1,6,8,2,1,5,      317706401
2023,3177,89,1,1,7,8,2,1,4,      317708901
2023,3179,31,1,1,2,7,1,1,5,      317903101
2023,3179,31,1,1,1,7,2,2,7,      317903101
2023,3179,37,1,1,0,4,2,1,3,      317903701
2023,3179,65,1,1,8,7,2,1,2,      317906501
2023,3183,3,1,1,2,5,2,1,3,      318300301
2023,3183,11,1,1,3,6,2,1,3,      318301101
2023,3183,30,1,1,5,5,2,1,3,      318303001
2023,3183,36,1,2, , ,1,1,5,      318303601
2023,3183,36,1,1,0,1,2,2,6,      318303601
2023,3183,71,1,1,0,5,2,1,6,      318307101
2023,3183,133,1,1,2,5,2,1,3,      318313301
2023,3184,7,1,1,4,4,1,1,3,      318400701
2023,3184,7,1,1,0,4,2,2,5,      318400701
2023,3184,8,1,1,5,4,1,1,3,      318400801
2023,3184,8,1,1,3,4,2,2,4,      318400801
2023,3184,9,1,1,9,4,1,1,2,      318400901
2023,3184,9,1,1,5,4,1,2,3,      318400901
2023,3184,9,1,1,5,4,2,3,6,      318400901
2023,3184,30,1,1,5,4,1,1,2,      318403001
2023,3184,30,1,1,3,4,2,2,3,      318403001
2023,3184,48,1,1,1,4,2,1,5,      318404801
2023,3190,24,1,1,2,5,2,1,3,      319002401
2023,3190,26,1,1,4,5,2,1,3,      319002601
2023,3190,30,1,1,3,0,1,1,3,      319003001
2023,3190,30,1,1,3,0,1,2,4,      319003001
2023,3190,30,1,1,0,5,2,3,5,      319003001
2023,3190,86,1,1,7,5,2,1,3,      319008601
2023,3190,115,1,1,5,5,2,1,3,      319011501
2023,3190,126,1,1,0,2,2,1,3,      319012601
2023,3190,128,1,1,3,2,2,1,3,      319012801
2023,3190,129,1,1,0,4,2,1,3,      319012901
2023,3190,143,1,1,1,5,1,1,3,      319014301
2023,3190,143,1,1,0,5,2,2,4,      319014301
2023,3192,16,1,1,1,6,2,1,3,      319201601
2023,3192,23,1,1,1,6,2,1,3,      319202301
2023,3192,25,1,1,8,6,1,1,3,      319202501
2023,3192,25,1,1,0,6,2,2,4,      319202501
2023,3192,51,1,1,8,6,2,1,3,      319205101
2023,3192,54,1,1,1,6,1,1,3,      319205401
2023,3192,54,1,1,5,6,2,2,4,      319205401
2023,3192,82,1,1,0,6,2,1,4,      319208201
2023,3192,84,1,1,0,2,2,1,3,      319208401
2023,3192,85,1,1,8,6,2,1,3,      319208501
2023,3192,89,1,1,4,5,1,1,4,      319208901
2023,3192,89,1,1,0,5,2,2,5,      319208901
2023,3198,72,1,1,7,7,1,1,4,      319807201
2023,3198,72,1,1,1,7,2,2,5,      319807201
2023,3198,76,1,1,0,5,2,1,5,      319807601
2023,3198,96,1,1,6,7,1,1,3,      319809601
2023,3198,96,1,1,1,7,2,2,4,      319809601
2023,3198,106,1,1,0,5,2,1,3,      319810601
2023,3198,110,1,1,6,7,2,1,5,      319811001
2023,3198,114,1,1,1,7,2,1,3,      319811401
2023,3198,128,2,1,1,5,2,1,3,      319812802
2023,3198,141,1,1,3,7,2,1,4,      319814101
2023,3200,1,1,1,5,7,2,1,5,      320000101
2023,3200,7,1,1,8,8,2,1,3,      320000701
2023,3200,28,1,1,0,9,1,1,3,      320002801
2023,3200,28,1,1,4,9,2,2,4,      320002801
2023,3200,40,1,1,1,8,1,1,3,      320004001
2023,3200,40,1,1,5,8,2,2,5,      320004001
2023,3200,102,1,1,6,8,2,1,5,      320010201
2023,3200,106,1,1,1,7,2,1,3,      320010601
2023,3203,38,1,1,6,8,2,1,3,      320303801
2023,3203,82,1,1,1,7,2,1,5,      320308201
2023,3203,161,1,1,4,8,2,1,2,      320316101
2023,3203,169,1,1,0,8,2,1,3,      320316901
2023,3211,12,1,1,5,3,2,1,2,      321101201
2023,3211,38,1,1,5,4,1,1,3,      321103801
2023,3211,38,1,1,0,4,2,2,4,      321103801
2023,3211,101,1,1,3,3,1,1,3,      321110101
2023,3211,101,1,1,2,3,1,2,4,      321110101
2023,3211,101,1,1,6,3,2,3,8,      321110101
2023,3212,27,1,1,1,5,2,1,5,      321202701
2023,3212,48,1,1,5,7,2,1,5,      321204801
2023,3212,76,1,1,6,5,2,1,3,      321207601
2023,3212,118,1,1,5,6,2,1,3,      321211801
2023,3214,24,1,1,5,3,2,1,3,      321402401
2023,3214,92,1,1,1,3,2,1,5,      321409201
2023,3214,113,1,1,6,3,1,1,2,      321411301
2023,3214,113,1,1,3,3,1,2,3,      321411301
2023,3214,113,1,1,0,3,2,3,4,      321411301
2023,3214,119,1,1,5,5,1,1,3,      321411901
2023,3214,119,1,1,4,5,2,2,4,      321411901
2023,3214,168,1,1,7,5,1,1,4,      321416801
2023,3214,168,1,1,0,5,2,2,5,      321416801
2023,3215,2,1,1,4,7,2,1,3,      321500201
2023,3215,37,1,1,8,7,1,1,2,      321503701
2023,3215,37,1,1,6,7,2,2,3,      321503701
2023,3215,79,1,1,0,6,2,1,4,      321507901
2023,3215,85,1,1,7,7,2,1,3,      321508501
2023,3215,124,1,1,2,7,1,1,3,      321512401
2023,3215,124,1,1,2,7,2,2,4,      321512401
2023,3215,146,1,1,4,6,1,1,5,      321514601
2023,3215,146,1,1,1,6,2,2,6,      321514601
2023,3215,147,1,1,4,7,2,1,3,      321514701
2023,3215,165,1,1,0,5,2,1,3,      321516501
2023,3223,4,1,1,8,9,2,1,3,      322300401
2023,3223,21,1,1,7,9,1,1,4,      322302101
2023,3223,21,1,1,0,9,2,2,5,      322302101
2023,3223,58,2,1,5,9,1,1,3,      322305802
2023,3223,58,2,1,4,9,2,2,4,      322305802
2023,3223,74,1,1,2,9,2,1,2,      322307401
2023,3223,81,1,1,1,9,2,1,3,      322308101
2023,3223,82,1,1,7,9,1,1,3,      322308201
2023,3223,82,1,1,6,9,2,2,4,      322308201
2023,3224,30,1,1,6,7,1,1,5,      322403001
2023,3224,30,1,1,4,7,1,2,6,      322403001
2023,3224,30,1,1,3,7,2,3,7,      322403001
2023,3224,34,1,1,8,8,1,1,3,      322403401
2023,3224,34,1,1,6,8,1,2,4,      322403401
2023,3224,34,1,1,1,8,2,3,5,      322403401
2023,3224,57,1,1,6,8,2,1,4,      322405701
2023,3225,2,1,2, , ,2,1,3,      322500201
2023,3225,9,1,1,4,5,1,1,3,      322500901
2023,3225,9,1,1,0,5,2,2,4,      322500901
2023,3225,32,1,1,5,5,2,1,5,      322503201
2023,3225,90,1,1,5,4,2,1,2,      322509001
2023,3225,102,1,1,5,5,2,1,4,      322510201
2023,3225,102,2,1,6,5,2,1,4,      322510202
2023,3225,120,1,1,6,5,2,1,4,      322512001
2023,3226,20,1,1,6,8,2,1,2,      322602001
2023,3226,32,1,1,0,7,2,1,4,      322603201
2023,3226,67,1,1,6,6,1,1,2,      322606701
2023,3226,67,1,1,5,6,1,2,3,      322606701
2023,3226,67,1,1,2,6,2,3,4,      322606701
2023,3226,127,1,1,0,8,2,1,3,      322612701
2023,3226,169,1,1,1,9,2,1,5,      322616901
2023,3227,74,1,1,0,4,2,1,5,      322707401
2023,3227,130,1,1,2,4,1,1,3,      322713001
2023,3227,130,1,1,2,4,2,2,4,      322713001
2023,3227,138,1,1,2,4,1,1,5,      322713801
2023,3227,138,1,1,1,4,2,2,6,      322713801
2023,3227,146,1,1,4,4,2,1,8,      322714601
2023,3227,153,1,1,1,4,2,1,3,      322715301
2023,3227,170,1,1,5,4,1,1,6,      322717001
2023,3227,170,1,1,3,4,2,2,7,      322717001
2023,3229,34,1,1,0,5,2,1,5,      322903401
2023,3229,73,1,1,8,5,1,1,4,      322907301
2023,3229,73,1,1,3,5,2,2,5,      322907301
2023,3229,77,1,1,7,5,2,1,3,      322907701
2023,3229,85,1,1,0,5,2,1,4,      322908501
2023,3229,103,1,1,4,5,1,1,3,      322910301
2023,3229,103,1,1,0,5,2,2,4,      322910301
2023,3229,129,1,1,3,5,2,1,3,      322912901
2023,3230,19,1,1,2,5,1,1,3,      323001901
2023,3230,19,1,1,1,5,2,2,4,      323001901
2023,3230,31,1,1,6,7,1,1,5,      323003101
2023,3230,31,1,1,1,7,2,2,6,      323003101
2023,3230,69,1,1,6,5,1,1,4,      323006901
2023,3230,69,1,1,3,5,1,2,5,      323006901
2023,3230,69,1,1,1,5,2,3,6,      323006901
2023,3230,94,1,1,1,5,2,1,5,      323009401
2023,3230,96,1,1,8,7,1,1,5,      323009601
2023,3230,96,1,1,5,7,1,2,6,      323009601
2023,3230,96,1,1,2,7,2,3,7,      323009601
2023,3234,19,1,1,3,8,1,1,4,      323401901
2023,3234,19,1,1,6,8,2,2,8,      323401901
2023,3234,27,1,1,6,8,2,1,3,      323402701
2023,3234,47,1,1,2,8,1,1,3,      323404701
2023,3234,47,1,1,3,8,2,2,4,      323404701
2023,3234,70,1,1,9,8,1,1,7,      323407001
2023,3234,70,1,1,4,8,2,2,8,      323407001
2023,3234,84,1,1,2,9,2,1,2,      323408401
2023,3242,25,1,1,4,7,1,1,4,      324202501
2023,3242,25,1,1,1,7,2,2,5,      324202501
2023,3242,72,1,1,4,7,1,1,3,      324207201
2023,3242,72,1,1,4,7,2,2,4,      324207201
2023,3242,103,1,1,0,8,1,1,3,      324210301
2023,3242,103,1,1,4,8,2,2,4,      324210301
2023,3242,111,1,1,4,7,1,1,3,      324211101
2023,3242,111,1,1,1,7,2,2,4,      324211101
2023,3242,127,1,1,4,7,2,1,4,      324212701
2023,3243,36,1,1,0,9,2,1,3,      324303601
2023,3243,40,1,1,3,9,2,1,6,      324304001
2023,3243,44,1,1,0,9,2,1,3,      324304401
2023,3243,45,1,1,5,9,1,1,3,      324304501
2023,3243,45,1,1,1,9,2,2,4,      324304501
2023,3243,50,1,1,3,9,2,1,3,      324305001
2023,3243,52,1,1,7,9,1,1,3,      324305201
2023,3243,52,1,1,6,9,1,2,4,      324305201
2023,3243,52,1,1,4,9,1,3,5,      324305201
2023,3243,52,1,1,0,9,2,4,6,      324305201
2023,3243,83,1,1,7,9,2,1,3,      324308301
2023,3243,91,1,1,5,9,1,1,3,      324309101
2023,3243,91,1,1,3,9,1,2,4,      324309101
2023,3243,91,1,1,0,9,2,3,5,      324309101
2023,3243,93,1,1,6,9,1,1,3,      324309301
2023,3243,93,1,1,2,9,2,2,4,      324309301
2023,3245,3,1,1,8,6,1,1,3,      324500301
2023,3245,3,1,1,3,6,2,2,4,      324500301
2023,3245,14,1,1,6,4,1,1,3,      324501401
2023,3245,14,1,1,3,4,1,2,4,      324501401
2023,3245,14,1,1,2,4,2,3,5,      324501401
2023,3245,36,1,1,3,4,2,1,2,      324503601
2023,3245,39,1,1,9,6,2,1,5,      324503901
2023,3245,57,1,1,5,4,1,1,3,      324505701
2023,3245,57,1,1,3,4,1,2,4,      324505701
2023,3245,57,1,1,0,4,2,3,5,      324505701
2023,3245,58,1,1,6,6,1,1,3,      324505801
2023,3245,58,1,1,5,6,2,2,4,      324505801
2023,3245,82,1,1,6,6,1,1,2,      324508201
2023,3245,82,1,1,0,6,2,2,3,      324508201
2023,3249,62,1,1,4,7,1,1,3,      324906201
2023,3249,62,1,1,2,7,1,2,4,      324906201
2023,3249,62,1,1,5,7,2,3,7,      324906201
2023,3249,64,1,1,5,7,1,1,5,      324906401
2023,3249,64,1,1,3,7,1,2,6,      324906401
2023,3249,64,1,1,2,7,1,3,7,      324906401
2023,3249,64,1,1,1,7,2,4,8,      324906401
2023,3249,65,1,1,5,7,1,1,4,      324906501
2023,3249,65,1,1,3,7,1,2,5,      324906501
2023,3249,65,1,1,1,7,2,3,6,      324906501
2023,3249,66,1,1,10,7,1,1,4,      324906601
2023,3249,66,1,1,5,7,1,2,5,      324906601
2023,3249,66,1,1,2,7,2,3,6,      324906601
2023,3249,73,1,1,3,7,2,1,3,      324907301
2023,3249,74,1,1,0,4,2,1,6,      324907401
2023,3249,77,1,1,2,7,1,1,4,      324907701
2023,3249,77,1,1,6,7,1,2,6,      324907701
2023,3249,77,1,1,1,7,2,3,7,      324907701
2023,3249,78,1,1,3,7,2,1,3,      324907801
2023,3249,113,1,1,3,7,2,1,3,      324911301
2023,3249,116,1,1,3,7,2,1,5,      324911601
2023,3249,117,1,1,6,7,1,1,3,      324911701
2023,3249,117,1,1,4,7,2,2,4,      324911701
2023,3251,4,1,1,7,5,1,1,3,      325100401
2023,3251,4,1,1,7,5,1,2,4,      325100401
2023,3251,4,1,1,6,5,1,3,5,      325100401
2023,3251,4,1,1,0,5,2,4,7,      325100401
2023,3251,5,1,2, , ,2,1,3,      325100501
2023,3251,6,1,1,4,3,1,1,3,      325100601
2023,3251,6,1,1,3,3,2,2,4,      325100601
2023,3251,34,1,1,3,3,2,1,3,      325103401
2023,3251,49,1,1,3,3,2,1,3,      325104901
2023,3251,50,1,1,3,4,1,1,3,      325105001
2023,3251,50,1,1,3,4,1,2,4,      325105001
2023,3251,50,1,1,1,4,1,3,5,      325105001
2023,3251,50,1,1,0,4,2,4,6,      325105001
2023,3255,16,1,1,1,1,2,1,3,      325501601
2023,3255,43,1,1,8,2,2,1,5,      325504301
2023,3255,81,1,1,4,2,2,1,3,      325508101
2023,3255,98,1,1,3,1,2,1,3,      325509801
2023,3256,17,1,1,0,3,2,1,4,      325601701
2023,3256,106,1,1,1,3,2,1,3,      325610601
2023,3258,23,1,1,5,1,2,1,2,      325802301
2023,3258,26,1,1,5,1,2,1,3,      325802601
2023,3258,46,1,1,8,1,2,1,3,      325804601
2023,3258,68,1,1,4,1,2,1,3,      325806801
2023,3258,85,1,1,6,1,2,1,2,      325808501
2023,3258,121,1,1,4,1,2,1,4,      325812101
2023,3258,130,1,1,7,1,2,1,3,      325813001
2023,3259,20,1,1,4,2,2,1,5,      325902001
2023,3259,37,1,1,1,3,2,1,6,      325903701
2023,3259,45,1,1,0,11,2,1,2,      325904501
2023,3259,92,1,1,1,3,2,1,4,      325909201
2023,3259,99,1,1,1,3,2,1,5,      325909901
2023,3260,23,1,1,6,1,2,1,3,      326002301
2023,3260,65,1,1,3,1,2,1,2,      326006501
2023,3260,68,1,1,7,1,2,1,4,      326006801
2023,3260,114,1,1,8,1,2,1,5,      326011401
2023,3260,145,1,1,2,1,2,1,7,      326014501
2023,3263,6,1,1,1,2,2,1,3,      326300601
2023,3263,6,2,1,1,1,2,1,3,      326300602
2023,3263,13,1,1,4,2,2,1,2,      326301301
2023,3263,27,1,1,0,2,2,1,5,      326302701
2023,3263,58,1,1,2,2,1,1,3,      326305801
2023,3263,58,1,1,1,2,1,2,4,      326305801
2023,3263,58,1,1,2,2,2,3,6,      326305801
2023,3263,71,1,1,2,2,2,1,3,      326307101
2023,3263,80,1,1,1,2,2,1,3,      326308001
2023,3264,8,1,1,7,1,2,1,2,      326400801
2023,3264,10,1,1,8,1,1,1,4,      326401001
2023,3264,10,1,1,0,1,2,2,5,      326401001
2023,3264,37,1,1,3,1,1,1,5,      326403701
2023,3264,37,1,1,3,1,2,2,6,      326403701
2023,3264,40,1,1,0,1,2,1,2,      326404001
2023,3264,41,1,1,3,1,2,1,3,      326404101
2023,3264,122,1,1,5,1,1,1,3,      326412201
2023,3264,122,1,1,3,1,1,2,4,      326412201
2023,3264,122,1,1,3,1,1,3,5,      326412201
2023,3264,122,1,1,0,1,2,4,6,      326412201
2023,3264,124,1,1,3,1,1,1,3,      326412401
2023,3264,124,1,1,0,1,2,2,4,      326412401
2023,3264,125,1,1,5,1,1,1,4,      326412501
2023,3264,125,1,1,2,1,1,2,5,      326412501
2023,3264,125,1,1,4,1,2,3,6,      326412501
2023,3264,126,1,1,5,1,1,1,5,      326412601
2023,3264,126,1,1,3,1,2,2,6,      326412601
2023,3265,84,1,1,7,0,1,1,6,      326508401
2023,3265,84,1,1,5,0,2,2,7,      326508401
2023,3265,85,1,1,8,0,2,1,4,      326508501
2023,3265,86,1,1,4,0,2,1,6,      326508601
2023,3265,87,1,1,2,0,2,1,3,      326508701
2023,3265,156,1,1,1,0,2,1,3,      326515601
2023,3267,1,1,1,4,2,2,1,4,      326700101
2023,3267,2,1,1,8,2,1,1,2,      326700201
2023,3267,2,1,1,3,2,1,2,3,      326700201
2023,3267,2,1,1,1,2,2,3,4,      326700201
2023,3267,3,1,1,8,2,1,1,3,      326700301
2023,3267,3,1,1,7,2,2,2,4,      326700301
2023,3267,6,1,1,0,2,1,1,4,      326700601
2023,3267,6,1,1,3,2,2,2,6,      326700601
2023,3267,7,1,1,5,2,1,1,2,      326700701
2023,3267,7,1,1,2,2,2,2,3,      326700701
2023,3267,20,1,1,8,2,2,1,5,      326702001
2023,3267,23,1,1,1,2,2,1,3,      326702301
2023,3267,62,1,1,6,2,1,1,4,      326706201
2023,3267,62,1,1,3,2,2,2,5,      326706201
2023,3267,63,1,1,7,2,2,1,5,      326706301
2023,3267,65,1,1,1,2,2,1,3,      326706501
2023,3267,66,1,1,5,2,2,1,3,      326706601
2023,3269,15,1,1,1,3,2,1,4,      326901501
2023,3269,23,1,1,4,3,2,1,4,      326902301
2023,3269,29,1,1,5,3,2,1,3,      326902901
2023,3269,33,1,1,0,3,1,1,4,      326903301
2023,3269,33,1,1,0,3,2,2,5,      326903301
2023,3269,53,1,1,8,3,1,1,3,      326905301
2023,3269,53,1,1,5,3,2,2,4,      326905301
2023,3269,56,1,1,4,3,2,1,4,      326905601
2023,3269,64,1,1,7,5,2,1,3,      326906401
2023,3269,67,1,1,8,3,2,1,3,      326906701
2023,3270,24,1,1,6,1,1,1,5,      327002401
2023,3270,24,1,1,4,1,2,2,6,      327002401
2023,3270,26,1,1,7,1,1,1,3,      327002601
2023,3270,26,1,1,0,1,2,2,4,      327002601
2023,3270,58,1,1,7,1,2,1,3,      327005801
2023,3270,63,1,1,1,1,2,1,4,      327006301
2023,3271,7,1,1,8,3,1,1,2,      327100701
2023,3271,7,1,1,7,3,2,2,3,      327100701
2023,3271,24,1,1,8,3,2,1,4,      327102401
2023,3271,68,1,1,8,3,1,1,3,      327106801
2023,3271,68,1,1,6,3,2,2,4,      327106801
2023,3271,73,1,1,1,4,2,1,3,      327107301
2023,3271,82,1,1,8,3,2,1,3,      327108201
2023,3273,16,1,1,2,2,1,1,3,      327301601
2023,3273,16,1,1,0,2,1,2,4,      327301601
2023,3273,16,1,1,5,2,2,3,6,      327301601
2023,3273,17,1,1,7,1,1,1,3,      327301701
2023,3273,17,1,1,1,1,2,2,5,      327301701
2023,3273,19,1,1,2,1,1,1,3,      327301901
2023,3273,19,1,1,6,1,1,2,4,      327301901
2023,3273,19,1,1,2,1,2,3,5,      327301901
2023,3273,20,1,1,1,2,2,1,5,      327302001
2023,3273,67,1,1,5,2,2,1,3,      327306701
2023,3273,69,1,1,8,2,1,1,3,      327306901
2023,3273,69,1,1,1,2,2,2,4,      327306901
2023,3273,70,1,1,7,1,2,1,4,      327307001
2023,3273,72,1,1,8,1,1,1,4,      327307201
2023,3273,72,1,1,4,1,1,2,5,      327307201
2023,3273,72,1,1,2,1,1,3,6,      327307201
2023,3273,72,1,1,0,1,2,4,7,      327307201
2023,3273,73,1,1,1,2,2,1,3,      327307301
2023,3273,74,1,1,1,1,2,1,5,      327307401
2023,3274,4,1,1,2,3,1,1,3,      327400401
2023,3274,4,1,1,3,3,2,2,4,      327400401
2023,3274,5,1,1,9,3,1,1,3,      327400501
2023,3274,5,1,1,7,3,2,2,4,      327400501
2023,3274,54,1,1,0,3,2,1,4,      327405401
2023,3274,56,1,1,8,4,1,1,4,      327405601
2023,3274,56,1,1,3,4,2,2,5,      327405601
2023,3274,57,1,1,4,3,1,1,3,      327405701
2023,3274,57,1,1,0,3,2,2,4,      327405701
2023,3274,58,1,1,8,3,1,1,3,      327405801
2023,3274,58,1,1,6,3,2,2,4,      327405801
2023,3274,79,1,1,5,3,2,1,4,      327407901
2023,3274,80,1,1,6,3,2,1,3,      327408001
2023,3274,82,1,1,2,4,2,1,4,      327408201
2023,3274,83,1,1,7,3,1,1,5,      327408301
2023,3274,83,1,1,5,3,2,2,6,      327408301
2023,3275,5,1,8, , ,1,1,3,      327500501
2023,3275,5,1,8, , ,2,2,4,      327500501
2023,3275,27,1,1,4,4,2,1,4,      327502701
2023,3275,31,1,1,2,4,2,1,4,      327503101
2023,3275,60,1,1,6,4,1,1,2,      327506001
2023,3275,60,1,1,5,4,1,2,3,      327506001
2023,3275,60,1,1,1,4,2,3,4,      327506001
2023,3275,69,1,1,1,4,2,1,3,      327506901
2023,3276,29,1,1,6,0,1,1,2,      327602901
2023,3276,29,1,1,1,0,2,2,3,      327602901
2023,3276,88,1,1,2,0,2,1,4,      327608801
2023,3276,107,1,2, , ,2,1,8,      327610701
2023,3277,2,1,1,3,4,2,1,6,      327700201
2023,3277,24,1,1,1,4,2,1,4,      327702401
2023,3277,39,1,1,0,4,1,1,3,      327703901
2023,3277,39,1,1,1,4,2,2,6,      327703901
2023,3277,65,1,1,4,4,1,1,3,      327706501
2023,3277,65,1,1,2,4,2,2,4,      327706501
2023,3277,104,1,1,4,4,2,1,3,      327710401
2023,3278,15,1,1,2,0,2,1,4,      327801501
2023,3278,56,1,1,5,5,1,1,2,      327805601
2023,3278,56,1,1,2,5,2,2,3,      327805601
2023,3278,90,1,1,1,5,1,1,3,      327809001
2023,3278,90,1,1,0,5,2,2,4,      327809001
2023,3278,123,1,2, , ,2,1,5,      327812301
2023,3279,13,1,1,3,6,2,1,3,      327901301
2023,3279,123,1,1,1,5,2,1,5,      327912301
2023,3279,139,1,1,1,5,2,1,4,      327913901
2023,3280,9,1,1,6,3,1,1,2,      328000901
2023,3280,9,1,1,0,3,2,2,3,      328000901
2023,3280,13,1,1,4,2,1,1,3,      328001301
2023,3280,13,1,1,1,2,2,2,4,      328001301
2023,3280,14,1,1,0,2,2,1,4,      328001401
2023,3280,22,1,1,3,2,2,1,4,      328002201
2023,3280,73,1,1,5,2,1,1,3,      328007301
2023,3280,73,1,1,2,2,2,2,4,      328007301
2023,3280,91,1,1,4,4,1,1,3,      328009101
2023,3280,91,1,1,0,2,2,2,4,      328009101
2023,3282,58,1,1,8,5,2,1,3,      328205801
2023,3283,30,1,1,1,0,2,1,3,      328303001
2023,3283,34,1,2, , ,2,1,3,      328303401
2023,3283,42,1,1,6,0,1,1,3,      328304201
2023,3283,42,1,1,1,0,2,2,4,      328304201
2023,3283,52,1,1,1,0,2,1,4,      328305201
2023,3283,77,1,1,7,0,1,1,3,      328307701
2023,3283,77,1,1,1,0,2,2,4,      328307701
2023,3284,20,1,1,1,0,2,1,4,      328402001
2023,3284,43,1,1,0,1,2,1,3,      328404301
2023,3284,64,2,1,4,1,2,1,3,      328406402
2023,3287,61,1,1,8,0,2,1,5,      328706101
2023,3287,93,1,1,4,0,2,1,4,      328709301
2023,3287,94,1,1,1,0,2,1,5,      328709401
2023,3287,121,1,1,3,0,2,1,3,      328712101
2023,3288,26,1,1,6,0,1,1,3,      328802601
2023,3288,26,1,1,0,10,2,2,4,      328802601
2023,3288,28,2,1,1,0,2,1,4,      328802802
2023,3288,31,1,1,8,0,2,1,3,      328803101
2023,3288,43,1,1,6,0,1,1,3,      328804301
2023,3288,43,1,1,1,0,2,2,4,      328804301
2023,3288,70,1,1,1,0,2,1,5,      328807001
2023,3288,81,1,2, , ,1,1,3,      328808101
2023,3288,81,1,2, , ,2,2,4,      328808101
2023,3289,1,1,1,6,2,1,1,3,      328900101
2023,3289,1,1,1,0,2,2,2,4,      328900101
2023,3289,3,1,1,8,6,1,1,5,      328900301
2023,3289,3,1,1,6,6,1,2,6,      328900301
2023,3289,3,1,1,5,6,2,3,7,      328900301
2023,3289,19,1,1,8,5,2,1,4,      328901901
2023,3289,46,1,1,4,3,2,1,6,      328904601
2023,3289,47,1,1,4,5,1,1,3,      328904701
2023,3289,47,1,1,0,5,2,2,4,      328904701
2023,3289,48,1,1,2,3,2,1,3,      328904801
2023,3289,49,1,1,2,3,2,1,4,      328904901
2023,3290,14,1,1,7,1,1,1,4,      329001401
2023,3290,14,1,1,5,1,1,2,5,      329001401
2023,3290,14,1,1,0,1,2,3,6,      329001401
2023,3290,15,1,1,8,0,1,1,4,      329001501
2023,3290,15,1,1,0,1,1,2,5,      329001501
2023,3290,15,1,1,0,1,2,3,6,      329001501
2023,3290,16,1,1,6,1,1,1,3,      329001601
2023,3290,16,1,1,0,1,1,2,4,      329001601
2023,3290,16,1,1,6,1,2,3,7,      329001601
2023,3290,18,1,1,1,1,2,1,4,      329001801
2023,3290,20,1,1,0,1,2,1,5,      329002001
2023,3290,21,1,1,6,1,2,1,5,      329002101
2023,3290,22,1,1,6,1,1,1,4,      329002201
2023,3290,22,1,1,1,1,2,2,5,      329002201
2023,3290,23,1,1,1,1,2,1,3,      329002301
2023,3290,51,1,1,5,1,2,1,7,      329005101
2023,3290,52,1,1,6,1,2,1,6,      329005201
2023,3290,53,1,1,8,1,1,1,3,      329005301
2023,3290,53,1,1,5,1,2,2,4,      329005301
2023,3291,16,1,1,1,2,2,1,4,      329101601
2023,3291,17,1,1,7,2,2,1,4,      329101701
2023,3291,18,1,1,6,3,2,1,5,      329101801
2023,3291,20,1,1,2,1,2,1,5,      329102001
2023,3291,33,1,1,6,3,2,1,4,      329103301
2023,3291,36,1,1,1,3,2,1,4,      329103601
2023,3291,90,1,1,5,3,2,1,3,      329109001
2023,3292,11,1,1,7,3,1,1,4,      329201101
2023,3292,11,1,1,0,3,2,2,5,      329201101
2023,3292,18,1,1,6,4,2,1,4,      329201801
2023,3292,38,1,1,4,3,2,1,4,      329203801
2023,3292,47,1,1,6,3,2,1,4,      329204701
2023,3292,68,1,1,3,2,2,1,5,      329206801
2023,3293,55,1,1,0,3,2,1,3,      329305501
2023,3293,64,1,1,3,2,1,1,3,      329306401
2023,3293,64,1,1,1,2,2,2,4,      329306401
2023,3293,125,1,1,8,2,2,1,3,      329312501
2023,3293,166,1,1,4,2,2,1,4,      329316601
2023,3294,36,1,1,0,3,2,1,4,      329403601
2023,3294,39,1,2, , ,2,1,2,      329403901
2023,3294,81,1,1,3,3,1,1,3,      329408101
2023,3294,81,1,1,1,3,2,2,4,      329408101
2023,3294,89,1,1,1,3,2,1,2,      329408901
2023,3294,97,1,1,7,3,2,1,5,      329409701
2023,3294,119,1,1,4,1,1,1,3,      329411901
2023,3294,119,1,1,0,1,2,2,4,      329411901
2023,3296,25,1,1,0,1,2,1,4,      329602501
2023,3296,57,1,1,1,0,2,1,4,      329605701
2023,3296,76,1,1,0,1,2,1,4,      329607601
2023,3297,1,1,1,0,1,2,1,3,      329700101
2023,3297,5,1,2, , ,2,1,2,      329700501
2023,3297,15,1,2, , ,1,1,5,      329701501
2023,3297,15,1,2, , ,1,2,6,      329701501
2023,3297,15,1,2, , ,2,3,7,      329701501
2023,3297,27,1,1,5,1,1,1,4,      329702701
2023,3297,27,1,1,2,1,2,2,5,      329702701
2023,3297,29,1,2, , ,2,1,3,      329702901
2023,3297,47,1,1,2,1,1,1,3,      329704701
2023,3297,47,1,1,1,1,2,2,4,      329704701
2023,3297,79,1,2, , ,2,1,3,      329707901
2023,3297,80,1,1,8,1,1,1,3,      329708001
2023,3297,80,1,1,1,1,2,2,4,      329708001
2023,3297,87,1,1,7,1,2,1,4,      329708701
2023,3298,29,1,1,1,1,2,1,3,      329802901
2023,3298,85,1,1,4,1,1,1,4,      329808501
2023,3298,85,1,1,4,1,2,2,5,      329808501
2023,3298,103,1,1,0,1,2,1,5,      329810301
2023,3298,119,1,1,1,1,2,1,3,      329811901
2023,3299,26,1,1,1,3,2,1,4,      329902601
2023,3299,92,1,1,3,3,2,1,2,      329909201
2023,3299,121,1,1,6,3,1,1,5,      329912101
2023,3299,121,1,1,3,3,2,2,6,      329912101
2023,3299,161,1,1,4,3,2,1,3,      329916101
2023,3300,33,1,1,5,2,2,1,2,      330003301
2023,3300,46,1,1,4,2,2,1,3,      330004601
2023,3300,55,1,1,0,2,2,1,2,      330005501
2023,3300,56,1,1,1,2,2,1,2,      330005601
2023,3300,66,1,1,6,2,2,1,4,      330006601
2023,3300,68,1,1,3,2,2,1,5,      330006801
2023,3300,69,1,1,3,2,1,1,3,      330006901
2023,3300,69,1,1,1,2,2,2,4,      330006901
2023,3300,78,1,1,6,2,1,1,3,      330007801
2023,3300,78,1,1,4,2,2,2,4,      330007801
2023,3300,80,1,1,2,2,2,1,4,      330008001
2023,3301,16,1,1,1,1,2,1,4,      330101601
2023,3301,17,1,1,5,1,1,1,3,      330101701
2023,3301,17,1,1,0,1,2,2,4,      330101701
2023,3301,18,1,1,4,1,1,1,5,      330101801
2023,3301,18,1,1,2,1,1,2,6,      330101801
2023,3301,18,1,1,1,1,2,3,7,      330101801
2023,3301,20,1,1,3,1,2,1,4,      330102001
2023,3301,33,1,1,3,1,1,1,4,      330103301
2023,3301,33,1,1,1,1,2,2,5,      330103301
2023,3301,35,1,1,5,1,1,1,6,      330103501
2023,3301,35,1,1,1,1,2,2,7,      330103501
2023,3301,154,1,1,0,1,1,1,3,      330115401
2023,3301,154,1,1,6,1,2,2,4,      330115401
2023,3301,155,1,1,7,1,1,1,4,      330115501
2023,3301,155,1,1,4,1,1,2,5,      330115501
2023,3301,155,1,1,0,1,1,3,6,      330115501
2023,3301,155,1,1,9,1,2,4,7,      330115501
2023,3301,159,1,1,5,1,1,1,5,      330115901
2023,3301,159,1,1,3,1,1,2,6,      330115901
2023,3301,159,1,1,0,1,2,3,7,      330115901
2023,3302,18,1,1,5,3,2,1,3,      330201801
2023,3302,25,1,1,8,3,1,1,3,      330202501
2023,3302,25,1,1,1,3,2,2,4,      330202501
2023,3302,52,1,1,2,3,1,1,2,      330205201
2023,3302,52,1,1,1,3,2,2,3,      330205201
2023,3302,59,1,1,1,3,2,1,3,      330205901
2023,3302,92,1,1,1,3,2,1,4,      330209201
2023,3302,98,1,1,6,3,1,1,3,      330209801
2023,3302,98,1,1,4,3,2,2,4,      330209801
2023,3302,118,1,1,0,3,2,1,5,      330211801
2023,3303,14,1,1,3,2,2,1,3,      330301401
2023,3303,15,1,1,6,2,1,1,4,      330301501
2023,3303,15,1,1,4,2,2,2,5,      330301501
2023,3303,16,1,1,0,1,2,1,3,      330301601
2023,3303,17,1,1,3,2,1,1,4,      330301701
2023,3303,17,1,1,0,2,2,2,6,      330301701
2023,3303,18,1,1,5,2,2,1,3,      330301801
2023,3303,68,1,1,2,2,2,1,4,      330306801
2023,3303,69,1,1,3,2,2,1,4,      330306901
2023,3303,71,1,1,3,2,1,1,4,      330307101
2023,3303,71,1,1,0,2,2,2,7,      330307101
2023,3303,136,1,1,0,2,2,1,4,      330313601
2023,3303,137,1,1,3,2,2,1,5,      330313701
2023,3303,140,1,1,5,2,2,1,2,      330314001
2023,3304,17,1,1,7,2,2,1,5,      330401701
2023,3304,28,1,1,5,2,2,1,5,      330402801
2023,3304,56,1,1,1,2,1,1,3,      330405601
2023,3304,56,1,1,1,2,2,2,4,      330405601
2023,3304,57,1,1,1,2,2,1,4,      330405701
2023,3304,58,1,1,3,2,2,1,3,      330405801
2023,3304,60,1,1,7,2,1,1,4,      330406001
2023,3304,60,1,1,1,2,2,2,5,      330406001
2023,3305,38,1,1,1,2,2,1,3,      330503801
2023,3305,44,1,1,7,1,2,1,3,      330504401
2023,3305,133,1,1,3,2,2,1,3,      330513301
2023,3305,137,1,1,0,2,2,1,6,      330513701
2023,3305,188,1,1,2,2,2,1,3,      330518801
2023,3305,189,1,1,4,4,2,1,4,      330518901
2023,3305,190,1,1,6,2,2,1,3,      330519001
2023,3310,23,1,1,7,4,1,1,3,      331002301
2023,3310,23,1,1,6,4,1,2,4,      331002301
2023,3310,23,1,1,0,4,2,3,5,      331002301
2023,3310,25,1,1,7,3,2,1,4,      331002501
2023,3310,42,1,1,2,4,2,1,3,      331004201
2023,3310,50,1,1,5,4,2,1,3,      331005001
2023,3311,15,1,2, , ,2,1,3,      331101501
2023,3311,19,1,2, , ,2,1,3,      331101901
2023,3311,20,1,2, , ,2,1,3,      331102001
2023,3311,44,1,1,3,1,2,1,3,      331104401
2023,3311,47,1,1,1,1,1,1,3,      331104701
2023,3311,47,1,1,1,1,2,2,4,      331104701
2023,3312,85,1,1,2,1,1,1,6,      331208501
2023,3312,85,1,1,0,1,2,2,7,      331208501
2023,3317,30,1,1,3,0,2,1,5,      331703001
2023,3317,53,1,1,2,0,2,1,3,      331705301
2023,3318,128,1,1,3,3,2,1,4,      331812801
2023,3319,21,1,2, , ,2,1,3,      331902101
2023,3319,58,1,1,1,1,1,1,4,      331905801
2023,3319,58,1,1,2,1,2,2,5,      331905801
2023,3319,79,1,1,3,1,2,1,3,      331907901
2023,3319,130,1,1,0,1,1,1,3,      331913001
2023,3319,130,1,2, , ,2,2,4,      331913001
2023,3320,26,1,1,1,2,2,1,3,      332002601
2023,3320,45,1,1,0,2,2,1,2,      332004501
2023,3321,31,1,1,1,1,2,1,3,      332103101
2023,3322,26,1,1,1,0,1,1,3,      332202601
2023,3322,26,1,1,1,0,2,2,4,      332202601
2023,3323,117,1,1,2,2,2,1,4,      332311701
2023,3323,131,1,1,0,2,2,1,4,      332313101
2023,3324,19,2,1,7,3,2,1,2,      332401902
2023,3324,30,1,1,2,2,1,1,4,      332403001
2023,3324,30,1,2, , ,2,2,5,      332403001
2023,3324,35,1,1,7,2,2,1,5,      332403501
2023,3324,38,1,1,2,3,1,1,4,      332403801
2023,3324,38,1,1,0,3,2,2,5,      332403801
2023,3324,60,1,1,3,3,2,1,3,      332406001
2023,3325,6,1,1,8,0,2,1,3,      332500601
2023,3325,43,1,1,0,9,2,1,5,      332504301
2023,3325,64,1,1,2,0,2,1,3,      332506401
2023,3325,94,1,2, , ,2,1,3,      332509401
2023,3327,57,1,1,5,2,1,1,2,      332705701
2023,3327,57,1,1,1,2,2,2,3,      332705701
2023,3327,83,1,1,0,2,2,1,3,      332708301
2023,3328,11,1,1,5,1,2,1,3,      332801101
2023,3328,15,1,1,0,1,2,1,4,      332801501
2023,3328,29,1,1,3,1,1,1,4,      332802901
2023,3328,29,1,1,3,1,2,2,5,      332802901
2023,3328,34,1,1,1,1,2,1,3,      332803401
2023,3328,61,1,1,1,1,2,1,4,      332806101
2023,3328,78,1,1,5,1,1,1,4,      332807801
2023,3328,78,1,1,4,1,1,2,5,      332807801
2023,3328,78,1,1,1,1,1,3,6,      332807801
2023,3328,78,1,1,1,1,1,4,7,      332807801
2023,3328,78,1,1,1,1,1,5,10,      332807801
2023,3328,78,1,1,1,1,2,6,11,      332807801
2023,3329,25,1,1,2,3,1,1,3,      332902501
2023,3329,25,1,1,0,3,2,2,4,      332902501
2023,3329,37,1,1,1,3,1,1,6,      332903701
2023,3329,37,1,2, , ,2,2,7,      332903701
2023,3329,61,1,1,2,3,2,1,4,      332906101
2023,3329,82,1,1,1,3,2,1,4,      332908201
2023,3330,3,1,1,1,2,1,1,3,      333000301
2023,3330,3,1,1,0,2,2,2,4,      333000301
2023,3330,41,1,1,1,2,1,1,3,      333004101
2023,3330,41,1,1,6,2,2,2,6,      333004101
2023,3330,49,1,1,0,1,2,1,6,      333004901
2023,3330,53,1,1,2,2,1,1,3,      333005301
2023,3330,53,1,1,1,2,2,2,4,      333005301
2023,3330,56,1,1,8,2,2,1,3,      333005601
2023,3330,102,1,1,2,1,2,1,4,      333010201
2023,3331,2,1,1,3,1,1,1,3,      333100201
2023,3331,2,1,1,1,1,2,2,4,      333100201
2023,3331,72,1,1,7,1,2,1,4,      333107201
2023,3331,74,1,1,3,1,2,1,5,      333107401
2023,3331,77,1,1,1,2,2,1,3,      333107701
2023,3331,78,1,1,0,1,2,1,3,      333107801
2023,3331,79,1,1,2,1,2,1,2,      333107901
2023,3334,32,1,2, , ,1,1,6,      333403201
2023,3334,32,1,2, , ,2,2,7,      333403201
2023,3334,50,1,2, , ,2,1,3,      333405001
2023,3334,66,1,2, , ,2,1,3,      333406601
2023,3334,75,1,2, , ,1,1,3,      333407501
2023,3334,75,1,2, , ,2,2,4,      333407501
2023,3334,84,1,1,4,0,1,1,4,      333408401
2023,3334,84,1,1,1,0,2,2,5,      333408401
2023,3336,43,1,1,4,3,2,1,5,      333604301
2023,3336,57,1,1,6,3,2,1,4,      333605701
2023,3336,97,1,1,6,3,2,1,3,      333609701
2023,3336,109,1,1,8,3,2,1,4,      333610901
2023,3337,36,1,1,6,0,2,1,6,      333703601
2023,3337,63,1,1,3,0,1,1,7,      333706301
2023,3337,63,1,1,2,0,2,2,8,      333706301
2023,3337,81,1,1,3,0,1,1,3,      333708101
2023,3337,81,1,1,3,0,1,2,4,      333708101
2023,3337,81,1,1,0,1,2,3,5,      333708101
2023,3337,95,1,1,6,0,2,1,5,      333709501
2023,3338,38,1,2, , ,2,1,3,      333803801
2023,3338,52,1,2, , ,2,1,3,      333805201
2023,3338,66,1,2, , ,2,1,2,      333806601
2023,3338,75,1,1,2,0,2,1,3,      333807501
2023,3340,18,1,1,6,1,1,1,4,      334001801
2023,3340,18,1,1,2,1,2,2,5,      334001801
2023,3340,48,1,1,1,1,2,1,4,      334004801
2023,3340,58,1,1,5,1,2,1,4,      334005801
2023,3340,83,1,1,1,1,2,1,3,      334008301
2023,3341,15,1,1,2,1,2,1,4,      334101501
2023,3341,20,1,1,98,98,1,1,5,      334102001
2023,3341,20,1,1,98,98,2,2,6,      334102001
2023,3341,44,1,1,2,1,2,1,4,      334104401
2023,3341,61,1,1,3,1,2,1,4,      334106101
2023,3342,2,1,1,7,2,1,1,3,      334200201
2023,3342,2,1,1,1,2,2,2,4,      334200201
2023,3342,4,1,1,8,2,2,1,2,      334200401
2023,3342,16,1,1,4,2,2,1,5,      334201601
2023,3342,40,1,1,3,2,2,1,3,      334204001
2023,3342,53,1,1,5,2,1,1,2,      334205301
2023,3342,53,1,1,0,2,2,2,4,      334205301
2023,3342,58,1,1,6,2,1,1,2,      334205801
2023,3342,58,1,1,2,2,2,2,3,      334205801
2023,3342,68,1,1,6,2,2,1,3,      334206801
2023,3342,75,1,1,1,2,2,1,2,      334207501
2023,3343,1,1,1,4,3,2,1,6,      334300101
2023,3343,10,1,1,3,3,2,1,3,      334301001
2023,3343,26,1,1,1,3,2,1,5,      334302601
2023,3343,50,1,1,3,3,1,1,4,      334305001
2023,3343,50,1,1,1,3,2,2,5,      334305001
2023,3343,54,1,1,6,3,1,1,6,      334305401
2023,3343,54,1,1,1,3,2,2,7,      334305401
2023,3343,73,1,1,4,3,1,1,3,      334307301
2023,3343,73,1,1,1,3,2,2,4,      334307301
2023,3343,76,1,1,0,2,2,1,7,      334307601
2023,3344,9,1,1,5,1,1,1,3,      334400901
2023,3344,9,1,1,8,1,2,2,5,      334400901
2023,3344,28,1,1,1,1,2,1,3,      334402801
2023,3344,50,1,1,5,1,2,1,4,      334405001
2023,3344,59,1,1,5,1,1,1,3,      334405901
2023,3344,59,1,1,0,1,2,2,4,      334405901
2023,3344,72,1,1,0,1,2,1,3,      334407201
2023,3346,34,1,1,6,3,1,1,3,      334603401
2023,3346,34,1,1,4,3,2,2,4,      334603401
2023,3346,35,1,1,6,3,1,1,3,      334603501
2023,3346,35,1,1,0,3,2,2,4,      334603501
2023,3346,36,1,1,8,3,1,1,3,      334603601
2023,3346,36,1,1,2,3,2,2,4,      334603601
2023,3346,42,1,1,0,4,2,1,4,      334604201
2023,3346,53,1,1,1,3,2,1,3,      334605301
2023,3347,9,1,1,0,3,2,1,3,      334700901
2023,3347,10,1,1,5,2,1,1,3,      334701001
2023,3347,10,1,1,0,2,2,2,4,      334701001
2023,3347,43,1,1,8,3,1,1,3,      334704301
2023,3347,43,1,1,3,3,2,2,4,      334704301
2023,3347,44,1,1,8,3,1,1,3,      334704401
2023,3347,44,1,1,5,3,2,2,4,      334704401
2023,3347,45,1,1,4,3,2,1,4,      334704501
2023,3347,110,1,1,3,3,1,1,4,      334711001
2023,3347,110,1,1,1,3,2,2,5,      334711001
2023,3347,111,1,1,7,3,2,1,3,      334711101
2023,3347,113,1,1,4,3,2,1,3,      334711301
2023,3348,7,1,1,6,2,1,1,4,      334800701
2023,3348,7,1,1,3,2,2,2,5,      334800701
2023,3348,10,1,1,3,2,2,1,3,      334801001
2023,3348,16,1,1,6,2,2,1,3,      334801601
2023,3348,30,1,1,5,2,2,1,3,      334803001
2023,3349,37,1,1,7,4,2,1,4,      334903701
2023,3349,40,1,1,8,4,1,1,2,      334904001
2023,3349,40,1,1,5,4,2,2,3,      334904001
2023,3349,41,1,1,5,4,1,1,5,      334904101
2023,3349,41,1,1,7,4,2,2,6,      334904101
2023,3349,65,1,1,0,4,2,1,3,      334906501
2023,3349,68,1,1,3,4,2,1,3,      334906801
2023,3350,1,1,1,1,0,2,1,2,      335000101
2023,3350,23,1,1,3,0,2,1,3,      335002301
2023,3350,32,1,1,3,0,2,1,3,      335003201
2023,3350,43,1,1,3,0,1,1,3,      335004301
2023,3350,43,1,1,1,0,2,2,4,      335004301
2023,3350,60,1,1,3,0,2,1,6,      335006001
2023,3352,65,1,1,2,0,2,1,3,      335206501
2023,3352,66,1,1,6,0,2,1,4,      335206601
2023,3352,69,1,1,2,0,2,1,3,      335206901
2023,3352,73,1,1,2,0,2,1,3,      335207301
2023,3352,110,1,1,5,0,1,1,2,      335211001
2023,3352,110,1,1,3,0,2,2,3,      335211001
2023,3352,114,1,1,1,0,1,1,3,      335211401
2023,3352,114,1,1,4,0,2,2,4,      335211401
2023,3353,9,1,1,7,1,1,1,4,      335300901
2023,3353,9,1,1,5,1,2,2,5,      335300901
2023,3353,13,1,1,3,1,1,1,4,      335301301
2023,3353,13,1,1,0,1,2,2,5,      335301301
2023,3353,25,1,1,0,1,2,1,3,      335302501
2023,3353,26,1,1,5,1,2,1,3,      335302601
2023,3353,49,1,1,4,1,2,1,3,      335304901
2023,3353,60,1,2, , ,2,1,5,      335306001
2023,3353,61,1,1,8,1,1,1,3,      335306101
2023,3353,61,1,1,1,1,2,2,4,      335306101
2023,3354,17,1,1,3,1,2,1,3,      335401701
2023,3354,42,1,2, , ,2,1,3,      335404201
2023,3354,112,1,1,4,1,2,1,6,      335411201
2023,3355,15,1,1,7,2,1,1,2,      335501501
2023,3355,15,1,1,4,2,1,2,3,      335501501
2023,3355,15,1,1,1,2,2,3,4,      335501501
2023,3355,76,1,1,6,2,2,1,4,      335507601
2023,3355,100,1,2, , ,2,1,3,      335510001
2023,3355,118,1,2, , ,1,1,3,      335511801
2023,3355,118,1,2, , ,2,2,4,      335511801
2023,3356,33,1,1,4,1,2,1,3,      335603301
2023,3356,42,1,1,0,1,2,1,3,      335604201
2023,3356,53,1,1,1,1,2,1,3,      335605301
2023,3356,76,1,1,7,2,1,1,4,      335607601
2023,3356,76,1,1,3,2,2,2,5,      335607601
2023,3356,110,1,1,0,1,2,1,4,      335611001
2023,3357,142,1,2, , ,2,1,4,      335714201
2023,3357,161,1,1,2,0,2,1,3,      335716101
2023,3358,174,1,1,3,10,2,1,5,      335817401
2023,3359,33,1,1,4,2,2,1,2,      335903301
2023,3359,49,1,1,1,2,2,1,3,      335904901
2023,3359,61,1,1,3,2,2,1,4,      335906101
2023,3359,84,1,1,7,2,2,1,4,      335908401
2023,3359,93,1,1,7,3,2,1,2,      335909301
2023,3359,132,1,1,0,8,2,1,3,      335913201
2023,3360,21,1,1,8,0,1,1,4,      336002101
2023,3360,21,1,1,4,0,2,2,5,      336002101
2023,3360,115,1,1,3,0,2,1,3,      336011501
2023,3361,6,1,1,8,1,2,1,3,      336100601
2023,3361,10,1,1,6,1,2,1,4,      336101001
2023,3361,89,1,1,6,1,2,1,4,      336108901
2023,3361,93,1,1,7,1,2,1,2,      336109301
2023,3361,94,1,1,3,1,1,1,3,      336109401
2023,3361,94,1,1,1,1,2,2,5,      336109401
2023,3361,95,1,1,6,1,2,1,3,      336109501
2023,3361,129,1,1,7,1,2,1,3,      336112901
2023,3362,18,1,1,4,3,1,1,3,      336201801
2023,3362,18,1,1,0,3,2,2,4,      336201801
2023,3362,19,1,1,4,4,2,1,4,      336201901
2023,3362,20,1,1,1,3,2,1,2,      336202001
2023,3362,22,1,1,3,4,1,1,5,      336202201
2023,3362,22,1,1,2,4,2,2,6,      336202201
2023,3362,51,1,1,4,3,1,1,4,      336205101
2023,3362,51,1,1,1,3,2,2,6,      336205101
2023,3362,53,1,1,5,3,1,1,4,      336205301
2023,3362,53,1,1,3,3,2,2,5,      336205301
2023,3362,54,1,1,0,4,2,1,3,      336205401
2023,3363,1,1,1,2,2,2,1,2,      336300101
2023,3363,72,1,1,3,3,2,1,4,      336307201
2023,3363,75,1,1,8,2,2,1,4,      336307501
2023,3363,76,1,1,5,2,2,1,3,      336307601
2023,3363,79,1,1,7,2,2,1,3,      336307901
2023,3363,81,1,1,8,2,2,1,3,      336308101
2023,3364,2,1,1,1,2,2,1,5,      336400201
2023,3364,3,1,1,4,3,2,1,3,      336400301
2023,3364,27,1,1,6,2,1,1,3,      336402701
2023,3364,27,1,1,4,2,1,2,4,      336402701
2023,3364,27,1,1,1,2,2,3,5,      336402701
2023,3364,29,1,1,2,2,2,1,4,      336402901
2023,3364,85,1,1,5,2,2,1,3,      336408501
2023,3364,87,1,1,6,3,1,1,3,      336408701
2023,3364,87,1,1,4,3,2,2,4,      336408701
2023,3364,91,1,1,5,2,2,1,4,      336409101
2023,3364,121,1,1,5,2,1,1,3,      336412101
2023,3364,121,1,1,0,2,2,2,4,      336412101
2023,3364,125,1,1,5,3,2,1,3,      336412501
2023,3364,127,1,1,4,3,2,1,3,      336412701
2023,3364,128,1,1,3,2,2,1,4,      336412801
2023,3365,4,1,1,7,3,2,1,3,      336500401
2023,3365,11,1,1,5,3,2,1,2,      336501101
2023,3365,13,1,1,8,3,1,1,3,      336501301
2023,3365,13,1,1,7,3,2,2,4,      336501301
2023,3365,15,1,1,6,3,2,1,2,      336501501
2023,3365,102,1,1,1,4,2,1,3,      336510201
2023,3365,105,1,1,5,3,2,1,4,      336510501
2023,3365,106,1,1,7,4,2,1,3,      336510601
2023,3366,2,1,1,0,1,2,1,3,      336600201
2023,3366,6,1,1,0,10,2,1,5,      336600601
2023,3366,7,1,1,0,1,2,1,3,      336600701
2023,3366,21,1,1,0,10,2,1,5,      336602101
2023,3366,24,1,1,0,1,1,1,5,      336602401
2023,3366,24,1,1,0,1,2,2,6,      336602401
2023,3366,118,1,2, , ,2,1,3,      336611801
2023,3366,128,1,2, , ,2,1,3,      336612801
2023,3367,36,1,1,1,1,2,1,3,      336703601
2023,3367,41,1,1,7,2,1,1,5,      336704101
2023,3367,41,1,1,2,2,2,2,6,      336704101
2023,3367,79,1,1,4,1,2,1,3,      336707901
2023,3368,102,1,1,1,0,2,1,3,      336810201
2023,3369,46,1,1,1,4,2,1,3,      336904601
2023,3369,47,1,1,7,3,2,1,3,      336904701
2023,3369,49,1,1,7,3,1,1,3,      336904901
2023,3369,49,1,1,6,3,1,2,4,      336904901
2023,3369,49,1,1,4,3,2,3,5,      336904901
2023,3369,50,1,1,6,3,1,1,4,      336905001
2023,3369,50,1,1,4,3,1,2,5,      336905001
2023,3369,50,1,1,4,3,2,3,6,      336905001
2023,3369,116,1,1,4,3,2,1,3,      336911601
2023,3369,118,1,1,0,3,2,1,4,      336911801
2023,3369,156,1,1,6,4,1,1,3,      336915601
2023,3369,156,1,1,0,4,2,2,4,      336915601
2023,3369,158,1,1,3,4,1,1,4,      336915801
2023,3369,158,1,1,0,4,1,2,5,      336915801
2023,3369,158,1,1,2,4,2,3,6,      336915801
2023,3371,24,1,2, , ,2,1,3,      337102401
2023,3372,6,1,1,0,1,2,1,3,      337200601
2023,3372,79,1,1,3,2,1,1,3,      337207901
2023,3372,79,1,1,2,2,1,2,4,      337207901
2023,3372,79,1,1,1,2,2,3,5,      337207901
2023,3372,113,2,1,4,3,1,1,3,      337211302
2023,3372,113,2,1,1,3,2,2,4,      337211302
2023,3372,138,1,1,0,2,2,1,3,      337213801
2023,3372,175,1,1,1,2,2,1,5,      337217501
2023,3373,24,1,1,0,1,2,1,4,      337302401
2023,3373,24,2,1,1,1,1,1,3,      337302402
2023,3373,24,2,1,1,1,2,2,5,      337302402
2023,3373,38,2,1,0,1,1,1,3,      337303802
2023,3373,38,2,1,1,1,2,2,4,      337303802
2023,3373,40,1,1,0,2,2,1,3,      337304001
2023,3373,62,1,1,1,1,1,1,6,      337306201
2023,3373,62,1,1,1,1,2,2,7,      337306201
2023,3373,66,1,1,2,2,2,1,3,      337306601
2023,3374,80,2,1,5,0,1,1,2,      337408002
2023,3374,80,2,1,3,0,1,2,3,      337408002
2023,3374,80,2,1,1,0,2,3,4,      337408002
2023,3374,173,1,1,2,0,2,1,3,      337417301
2023,3375,36,1,1,1,1,1,1,4,      337503601
2023,3375,36,1,1,0,1,2,2,5,      337503601
2023,3375,37,2,1,1,1,2,1,5,      337503702
2023,3375,73,1,1,0,1,2,1,4,      337507301
2023,3375,89,1,1,0,1,2,1,3,      337508901
2023,3375,90,1,1,1,1,1,1,4,      337509001
2023,3375,90,1,1,1,1,2,2,5,      337509001
2023,3376,5,1,1,1,2,2,1,3,      337600501
2023,3376,11,1,1,1,2,2,1,3,      337601101
2023,3376,14,1,1,5,2,1,1,4,      337601401
2023,3376,14,1,1,0,2,2,2,5,      337601401
2023,3376,21,1,1,0,2,2,1,4,      337602101
2023,3376,65,1,1,5,2,2,1,3,      337606501
2023,3376,66,1,2, , ,2,1,5,      337606601
2023,3376,76,1,2, , ,2,1,3,      337607601
2023,3377,14,2,1,4,4,1,1,2,      337701402
2023,3377,14,2,1,1,4,1,2,3,      337701402
2023,3377,14,2,1,0,4,2,3,4,      337701402
2023,3377,16,1,1,0,3,1,1,5,      337701601
2023,3377,16,1,2, , ,2,2,6,      337701601
2023,3377,27,1,1,1,2,2,1,2,      337702701
2023,3377,95,1,1,1,2,2,1,7,      337709501
2023,3378,37,1,1,1,1,2,1,4,      337803701
2023,3378,38,1,1,1,1,2,1,3,      337803801
2023,3378,51,1,1,1,2,2,1,3,      337805101
2023,3378,81,1,1,0,1,2,1,8,      337808101
2023,3378,94,1,1,1,1,2,1,4,      337809401
2023,3378,97,1,1,0,2,2,1,3,      337809701
2023,3379,15,1,1,0,2,1,1,3,      337901501
2023,3379,15,1,1,1,2,2,2,5,      337901501
2023,3379,57,1,1,1,1,1,1,3,      337905701
2023,3379,57,1,1,0,1,2,2,4,      337905701
2023,3379,75,1,1,1,0,1,1,3,      337907501
2023,3379,75,1,1,1,0,1,2,4,      337907501
2023,3379,75,1,1,0,2,2,3,5,      337907501
2023,3379,86,1,1,0,2,1,1,4,      337908601
2023,3379,86,1,1,0,2,2,2,5,      337908601
2023,3380,45,1,1,3,2,2,1,4,      338004501
2023,3380,171,1,1,2,2,2,1,5,      338017101
2023,3381,31,1,1,0,2,2,1,4,      338103101
2023,3381,66,1,1,1,2,2,1,8,      338106601
2023,3381,79,1,1,1,2,2,1,4,      338107901
2023,3384,20,2,1,0,1,2,1,2,      338402002
2023,3384,20,3,1,0,2,2,1,3,      338402003
2023,3384,43,1,1,1,2,1,1,4,      338404301
2023,3384,43,1,1,0,2,2,2,5,      338404301
2023,3384,71,1,1,1,1,2,1,6,      338407101
2023,3384,94,2,1,0,2,2,1,3,      338409402
2023,3385,16,1,1,1,5,1,1,3,      338501601
2023,3385,16,1,1,0,5,2,2,4,      338501601
2023,3385,128,1,1,6,3,1,1,6,      338512801
2023,3385,128,1,1,2,3,1,2,9,      338512801
2023,3385,128,1,1,2,3,2,3,10,      338512801
2023,3388,64,1,1,1,3,2,1,3,      338806401
2023,3388,95,1,1,5,3,1,1,3,      338809501
2023,3388,95,1,1,1,3,2,2,4,      338809501
2023,3388,127,1,1,0,3,2,1,3,      338812701
2023,3392,35,1,1,2,0,1,1,3,      339203501
2023,3392,35,1,1,0,11,2,2,4,      339203501
2023,3392,93,1,1,6,0,2,1,3,      339209301
2023,3393,13,1,1,1,3,2,1,3,      339301301
2023,3393,34,1,1,2,3,1,1,3,      339303401
2023,3393,34,1,1,1,3,2,2,4,      339303401
2023,3393,51,1,1,1,3,2,1,2,      339305101
2023,3393,57,1,1,2,2,2,1,4,      339305701
2023,3395,62,1,1,1,3,2,1,5,      339506201
2023,3395,101,1,1,5,0,2,1,2,      339510101
2023,3396,6,1,1,1,0,2,1,2,      339600601
2023,3396,67,1,2, , ,2,1,2,      339606701
2023,3396,79,1,1,8,0,1,1,3,      339607901
2023,3396,79,1,1,0,1,2,2,4,      339607901
2023,3397,50,1,1,0,1,2,1,6,      339705001
2023,3397,64,1,1,1,2,2,1,3,      339706401
2023,3397,98,1,1,8,1,2,1,6,      339709801
2023,3398,110,1,1,2,0,2,1,7,      339811001
2023,3399,52,1,1,2,1,1,1,3,      339905201
2023,3399,52,1,1,0,1,2,2,4,      339905201
2023,3399,82,1,1,2,2,2,1,4,      339908201
2023,3399,96,1,1,2,2,1,1,4,      339909601
2023,3399,96,1,1,1,2,2,2,5,      339909601
2023,3399,103,1,1,1,1,2,1,3,      339910301
2023,3400,13,1,1,3,3,2,1,3,      340001301
2023,3400,22,1,1,2,3,2,1,4,      340002201
2023,3400,29,1,1,2,3,2,1,3,      340002901
2023,3400,45,1,1,4,3,2,1,3,      340004501
2023,3400,69,1,1,3,3,2,1,3,      340006901
2023,3400,77,1,1,0,3,2,1,6,      340007701
2023,3401,10,1,1,8,2,1,1,3,      340101001
2023,3401,10,1,1,7,2,1,2,4,      340101001
2023,3401,10,1,1,2,2,2,3,5,      340101001
2023,3401,16,1,1,1,1,1,1,3,      340101601
2023,3401,16,1,1,8,1,2,2,5,      340101601
2023,3401,130,1,1,0,1,2,1,3,      340113001
2023,3401,131,1,1,2,2,2,1,3,      340113101
2023,3401,162,1,1,5,1,2,1,3,      340116201
2023,3401,177,1,1,0,1,1,1,3,      340117701
2023,3401,177,1,1,0,1,2,2,4,      340117701
2023,3402,14,1,1,1,3,2,1,3,      340201401
2023,3402,43,1,1,4,3,1,1,3,      340204301
2023,3402,43,1,1,1,3,2,2,4,      340204301
2023,3402,65,1,2, , ,2,1,2,      340206501
2023,3402,114,1,1,8,1,2,1,5,      340211401
2023,3402,116,1,1,3,3,2,1,3,      340211601
2023,3402,124,1,1,2,0,2,1,3,      340212401
2023,3403,18,1,1,6,1,1,1,4,      340301801
2023,3403,18,1,1,1,1,2,2,5,      340301801
2023,3403,27,1,1,0,2,2,1,3,      340302701
2023,3403,60,1,1,3,2,1,1,3,      340306001
2023,3403,60,1,1,1,2,2,2,4,      340306001
2023,3403,77,1,1,0,2,2,1,3,      340307701
2023,3403,83,1,1,2,1,2,1,3,      340308301
2023,3403,97,1,1,6,2,1,1,2,      340309701
2023,3403,97,1,1,0,2,2,2,3,      340309701
2023,3404,65,1,1,1,1,1,1,3,      340406501
2023,3404,65,1,1,5,1,2,2,5,      340406501
2023,3404,81,1,1,5,1,1,1,3,      340408101
2023,3404,81,1,1,1,0,2,2,4,      340408101
2023,3404,83,1,1,1,1,2,1,4,      340408301
2023,3405,32,1,1,0,1,2,1,4,      340503201
2023,3405,103,1,1,1,1,2,1,4,      340510301
2023,3405,105,1,1,1,1,1,1,4,      340510501
2023,3405,105,1,1,4,1,2,2,5,      340510501
2023,3405,108,1,1,0,1,2,1,3,      340510801
2023,3405,130,1,1,3,1,2,1,3,      340513001
2023,3405,139,1,1,1,3,2,1,4,      340513901
2023,3405,142,1,1,2,1,2,1,4,      340514201
2023,3405,144,1,1,1,1,2,1,6,      340514401
2023,3406,10,1,1,5,3,2,1,5,      340601001
2023,3406,70,1,1,6,2,2,1,3,      340607001
2023,3407,26,1,1,1,1,2,1,4,      340702601
2023,3407,37,1,1,2,1,2,1,3,      340703701
2023,3407,40,1,1,5,1,1,1,3,      340704001
2023,3407,40,1,1,2,1,1,2,4,      340704001
2023,3407,40,1,1,0,1,2,3,5,      340704001
2023,3407,44,1,1,1,1,2,1,4,      340704401
2023,3407,67,1,1,3,1,2,1,3,      340706701
2023,3407,83,1,1,4,2,2,1,2,      340708301
2023,3407,94,1,1,4,1,2,1,2,      340709401
2023,3407,97,1,1,3,1,2,1,4,      340709701
2023,3407,104,1,1,2,1,1,1,3,      340710401
2023,3407,104,1,1,2,1,2,2,4,      340710401
2023,3408,8,1,1,6,1,1,1,5,      340800801
2023,3408,8,1,1,4,1,1,2,6,      340800801
2023,3408,8,1,1,1,1,2,3,7,      340800801
2023,3408,9,1,1,6,1,2,1,4,      340800901
2023,3408,11,1,1,1,1,2,1,3,      340801101
2023,3408,12,1,1,5,1,2,1,3,      340801201
2023,3408,13,1,1,8,1,1,1,5,      340801301
2023,3408,13,1,1,5,1,2,2,6,      340801301
2023,3408,14,1,1,5,1,2,1,2,      340801401
2023,3408,15,1,1,9,1,1,1,3,      340801501
2023,3408,15,1,1,7,1,1,2,4,      340801501
2023,3408,15,1,1,3,1,2,3,5,      340801501
2023,3408,85,1,1,5,1,1,1,4,      340808501
2023,3408,85,1,1,4,1,1,2,5,      340808501
2023,3408,85,1,1,2,1,1,3,6,      340808501
2023,3408,85,1,1,0,1,2,4,7,      340808501
2023,3408,86,1,1,0,1,2,1,4,      340808601
2023,3408,87,1,1,6,1,1,1,4,      340808701
2023,3408,87,1,1,4,1,2,2,5,      340808701
2023,3408,88,1,1,10,1,1,1,5,      340808801
2023,3408,88,1,1,5,1,1,2,6,      340808801
2023,3408,88,1,1,4,1,2,3,7,      340808801
2023,3409,2,1,1,6,3,2,1,2,      340900201
2023,3409,8,1,1,0,2,2,1,4,      340900801
2023,3409,16,1,1,1,2,2,1,2,      340901601
2023,3409,38,1,1,6,3,1,1,5,      340903801
2023,3409,38,1,1,2,3,2,2,6,      340903801
2023,3409,42,1,1,1,2,2,1,3,      340904201
2023,3410,13,1,1,4,2,2,1,2,      341001301
2023,3410,55,1,1,8,2,1,1,3,      341005501
2023,3410,55,1,1,6,2,2,2,4,      341005501
2023,3410,57,1,1,4,2,2,1,2,      341005701
2023,3410,58,1,1,3,2,2,1,3,      341005801
2023,3411,37,1,1,6,1,2,1,3,      341103701
2023,3411,38,1,1,7,1,2,1,3,      341103801
2023,3411,39,1,1,6,1,1,1,2,      341103901
2023,3411,39,1,1,5,1,2,2,3,      341103901
2023,3411,40,1,1,6,1,1,1,4,      341104001
2023,3411,40,1,1,4,1,1,2,5,      341104001
2023,3411,40,1,1,1,1,2,3,6,      341104001
2023,3411,46,1,1,7,1,1,1,3,      341104601
2023,3411,46,1,1,0,1,2,2,4,      341104601
2023,3411,59,1,1,7,1,1,1,3,      341105901
2023,3411,59,1,1,5,1,2,2,4,      341105901
2023,3411,60,1,1,3,1,2,1,3,      341106001
2023,3411,61,1,1,0,1,2,1,2,      341106101
2023,3411,67,1,1,8,1,1,1,3,      341106701
2023,3411,67,1,1,7,1,1,2,4,      341106701
2023,3411,67,1,1,2,1,2,3,5,      341106701
2023,3412,10,1,1,0,1,2,1,3,      341201001
2023,3412,44,1,1,1,1,2,1,4,      341204401
2023,3412,49,1,1,8,1,1,1,4,      341204901
2023,3412,49,1,1,2,1,2,2,7,      341204901
2023,3412,104,1,1,8,1,1,1,3,      341210401
2023,3412,104,1,1,4,1,2,2,4,      341210401
2023,3412,118,1,1,0,1,2,1,3,      341211801
2023,3413,21,1,1,0,2,2,1,4,      341302101
2023,3413,42,1,1,0,2,2,1,4,      341304201
2023,3413,71,1,1,4,2,2,1,6,      341307101
2023,3413,90,1,1,6,2,1,1,3,      341309001
2023,3413,90,1,1,1,2,2,2,4,      341309001
2023,3415,68,1,2, , ,2,1,3,      341506801
2023,3416,15,1,1,7,3,1,1,2,      341601501
2023,3416,15,1,1,0,3,1,2,4,      341601501
2023,3416,15,1,1,0,3,2,3,5,      341601501
2023,3416,26,1,1,5,3,2,1,4,      341602601
2023,3416,35,1,1,5,3,1,1,5,      341603501
2023,3416,35,1,1,2,3,2,2,6,      341603501
2023,3416,44,1,1,2,3,2,1,3,      341604401
2023,3416,59,1,1,0,3,1,1,3,      341605901
2023,3416,59,1,1,2,3,2,2,5,      341605901
2023,3416,86,1,1,3,3,1,1,3,      341608601
2023,3416,86,1,1,0,3,2,2,4,      341608601
2023,3416,112,1,1,2,3,2,1,4,      341611201
2023,3417,11,1,1,6,1,2,1,3,      341701101
2023,3417,31,1,1,4,1,1,1,3,      341703101
2023,3417,31,1,1,1,1,2,2,4,      341703101
2023,3417,34,1,1,4,1,2,1,4,      341703401
2023,3417,75,1,1,4,1,2,1,3,      341707501
2023,3417,76,1,1,5,1,2,1,3,      341707601
2023,3417,77,1,1,1,1,2,1,3,      341707701
2023,3417,78,1,1,6,1,2,1,4,      341707801
2023,3417,79,1,1,7,1,2,1,4,      341707901
2023,3418,17,1,1,2,4,1,1,3,      341801701
2023,3418,17,1,1,1,4,2,2,4,      341801701
2023,3418,24,1,1,1,4,2,1,5,      341802401
2023,3418,37,1,1,7,4,2,1,6,      341803701
2023,3418,51,1,1,6,4,1,1,4,      341805101
2023,3418,51,1,1,1,4,2,2,5,      341805101
2023,3418,59,1,1,0,4,2,1,2,      341805901
2023,3418,64,1,1,1,4,1,1,3,      341806401
2023,3418,64,1,1,6,4,2,2,4,      341806401
2023,3418,73,1,1,7,4,2,1,3,      341807301
2023,3419,42,1,1,5,2,1,1,3,      341904201
2023,3419,42,1,1,3,2,2,2,4,      341904201
2023,3419,43,1,1,8,2,1,1,4,      341904301
2023,3419,43,1,1,2,2,2,2,5,      341904301
2023,3419,44,1,1,6,2,1,1,3,      341904401
2023,3419,44,1,1,2,2,2,2,4,      341904401
2023,3419,45,1,1,6,2,1,1,3,      341904501
2023,3419,45,1,1,0,2,2,2,4,      341904501
2023,3419,46,1,1,1,2,2,1,3,      341904601
2023,3419,81,1,1,8,2,1,1,4,      341908101
2023,3419,81,1,1,6,2,2,2,5,      341908101
2023,3419,83,1,1,3,2,2,1,4,      341908301
2023,3419,85,1,1,4,2,2,1,3,      341908501
2023,3419,121,1,1,8,2,2,1,4,      341912101
2023,3419,122,1,1,6,2,2,1,3,      341912201
2023,3419,123,1,1,6,2,1,1,4,      341912301
2023,3419,123,1,1,2,2,2,2,5,      341912301
2023,3420,36,1,1,2,3,1,1,4,      342003601
2023,3420,36,1,1,0,3,2,2,5,      342003601
2023,3420,37,1,1,5,3,2,1,4,      342003701
2023,3420,39,1,1,5,3,2,1,3,      342003901
2023,3420,41,1,1,1,3,2,1,3,      342004101
2023,3420,56,1,1,1,3,2,1,3,      342005601
2023,3422,93,1,1,3,1,1,1,7,      342209301
2023,3422,93,1,1,0,1,2,2,8,      342209301
2023,3422,94,1,1,3,1,2,1,4,      342209401
2023,3422,95,1,1,6,1,2,1,5,      342209501
2023,3422,129,1,1,1,1,2,1,4,      342212901
2023,3425,178,1,1,0,1,2,1,3,      342517801
2023,3426,24,1,1,7,1,1,1,3,      342602401
2023,3426,24,1,1,6,1,1,2,4,      342602401
2023,3426,24,1,1,4,1,2,3,5,      342602401
2023,3426,31,1,1,7,1,1,1,3,      342603101
2023,3426,31,1,1,3,1,2,2,4,      342603101
2023,3426,43,1,1,6,1,1,1,3,      342604301
2023,3426,43,1,1,6,1,1,2,4,      342604301
2023,3426,43,1,1,4,1,2,3,5,      342604301
2023,3426,62,1,1,10,1,2,1,4,      342606201
2023,3426,63,1,1,1,1,2,1,3,      342606301
2023,3426,64,1,1,3,1,1,1,3,      342606401
2023,3426,64,1,1,1,1,2,2,4,      342606401
2023,3427,1,1,1,7,2,1,1,3,      342700101
2023,3427,1,1,1,0,2,2,2,4,      342700101
2023,3427,2,1,1,7,2,1,1,3,      342700201
2023,3427,2,1,1,0,2,2,2,4,      342700201
2023,3427,26,1,1,4,2,1,1,3,      342702601
2023,3427,26,1,1,2,2,1,2,4,      342702601
2023,3427,26,1,1,0,2,2,3,5,      342702601
2023,3427,32,1,1,4,2,1,1,2,      342703201
2023,3427,32,1,1,2,2,2,2,3,      342703201
2023,3428,27,1,1,4,3,1,1,3,      342802701
2023,3428,27,1,1,0,3,2,2,4,      342802701
2023,3428,45,1,1,5,3,2,1,3,      342804501
2023,3428,47,1,1,2,3,2,1,2,      342804701
2023,3429,17,1,1,1,1,2,1,3,      342901701
2023,3429,22,1,1,4,1,2,1,6,      342902201
2023,3429,24,1,1,1,1,2,1,3,      342902401
2023,3429,44,1,1,3,1,1,1,3,      342904401
2023,3429,44,1,1,0,1,2,2,4,      342904401
2023,3429,53,1,1,0,1,2,1,5,      342905301
2023,3429,59,1,1,0,1,2,1,3,      342905901
2023,3429,62,1,1,1,1,2,1,2,      342906201
2023,3430,53,1,8, , ,2,1,4,      343005301
2023,3430,64,1,1,6,2,1,1,3,      343006401
2023,3430,64,1,1,2,2,1,2,4,      343006401
2023,3430,64,1,1,1,2,2,3,5,      343006401
2023,3430,81,1,1,1,3,1,1,2,      343008101
2023,3430,81,1,1,0,3,2,2,3,      343008101
2023,3432,27,1,1,6,1,2,1,2,      343202701
2023,3432,40,1,1,7,3,2,1,3,      343204001
2023,3432,52,1,1,4,1,2,1,5,      343205201
2023,3432,73,1,1,1,1,1,1,3,      343207301
2023,3432,73,1,1,4,1,2,2,4,      343207301
2023,3432,82,1,1,2,3,2,1,7,      343208201
2023,3432,131,1,1,1,3,2,1,3,      343213101
2023,3432,137,1,1,6,1,2,1,4,      343213701
2023,3432,146,1,1,0,3,2,1,4,      343214601
2023,3435,51,1,1,1,0,2,1,3,      343505101
2023,3435,173,1,1,4,1,1,1,5,      343517301
2023,3435,173,1,1,1,1,1,2,6,      343517301
2023,3435,173,1,1,4,1,1,3,8,      343517301
2023,3435,173,1,1,2,1,1,4,9,      343517301
2023,3435,173,1,1,0,1,2,5,10,      343517301
2023,3436,14,1,1,5,4,1,1,5,      343601401
2023,3436,14,1,1,1,4,2,2,6,      343601401
2023,3436,36,1,1,5,4,2,1,4,      343603601
2023,3436,61,1,1,2,4,2,1,4,      343606101
2023,3437,56,1,1,7,3,2,1,4,      343705601
2023,3437,87,1,1,3,5,2,1,3,      343708701
2023,3437,117,1,1,2,3,2,1,2,      343711701
2023,3437,120,1,1,6,3,1,1,4,      343712001
2023,3437,120,1,1,2,3,2,2,6,      343712001
2023,3437,142,1,1,3,3,2,1,3,      343714201
2023,3438,16,1,1,8,3,2,1,4,      343801601
2023,3438,17,1,1,0,6,2,1,3,      343801701
2023,3438,18,1,1,7,3,2,1,4,      343801801
2023,3438,19,1,1,0,4,2,1,3,      343801901
2023,3438,75,1,1,2,3,1,1,4,      343807501
2023,3438,75,1,1,1,3,2,2,5,      343807501
2023,3438,77,1,1,3,3,2,1,3,      343807701
2023,3438,168,1,1,5,2,1,1,3,      343816801
2023,3438,168,1,1,2,3,1,2,4,      343816801
2023,3438,168,1,1,0,3,2,3,5,      343816801
2023,3438,169,1,1,5,3,1,1,5,      343816901
2023,3438,169,1,1,2,3,2,2,6,      343816901
2023,3438,170,1,1,1,3,2,1,5,      343817001
2023,3438,172,1,1,2,3,1,1,3,      343817201
2023,3438,172,1,1,3,3,2,2,5,      343817201
2023,3439,34,1,1,1,3,2,1,4,      343903401
2023,3439,35,1,1,4,3,2,1,4,      343903501
2023,3439,37,1,1,4,3,2,1,4,      343903701
2023,3439,38,1,1,2,3,2,1,5,      343903801
2023,3439,76,1,1,2,3,1,1,3,      343907601
2023,3439,76,1,1,5,3,2,2,5,      343907601
2023,3439,88,1,1,5,3,2,1,3,      343908801
2023,3439,96,1,1,5,3,2,1,3,      343909601
2023,3439,101,1,1,2,3,2,1,3,      343910101
2023,3440,10,1,1,5,2,1,1,3,      344001001
2023,3440,10,1,1,1,2,2,2,4,      344001001
2023,3440,12,1,1,7,1,1,1,3,      344001201
2023,3440,12,1,1,3,2,2,2,4,      344001201
2023,3440,16,1,1,8,2,1,1,3,      344001601
2023,3440,16,1,1,3,2,2,2,4,      344001601
2023,3440,41,1,1,1,2,2,1,3,      344004101
2023,3440,42,1,1,5,2,1,1,3,      344004201
2023,3440,42,1,1,0,2,2,2,4,      344004201
2023,3440,43,1,1,4,2,1,1,4,      344004301
2023,3440,43,1,1,2,2,2,2,5,      344004301
2023,3440,52,1,1,8,2,2,1,4,      344005201
2023,3440,54,1,1,2,2,1,1,3,      344005401
2023,3440,54,1,1,8,2,1,2,4,      344005401
2023,3440,54,1,1,5,2,2,3,5,      344005401
2023,3440,59,1,1,4,2,1,1,3,      344005901
2023,3440,59,1,1,2,2,2,2,4,      344005901
2023,3444,14,1,1,7,2,1,1,4,      344401401
2023,3444,14,1,1,2,2,2,2,5,      344401401
2023,3444,15,1,1,4,2,1,1,3,      344401501
2023,3444,15,1,1,1,2,2,2,4,      344401501
2023,3444,16,1,1,8,2,2,1,4,      344401601
2023,3444,24,1,1,0,2,1,1,3,      344402401
2023,3444,24,1,1,1,2,2,2,5,      344402401
2023,3444,59,1,1,7,2,2,1,3,      344405901
2023,3444,61,1,1,7,2,1,1,5,      344406101
2023,3444,61,1,1,4,2,1,2,6,      344406101
2023,3444,61,1,1,1,2,2,3,7,      344406101
2023,3444,62,1,1,8,2,2,1,2,      344406201
2023,3444,63,1,1,6,2,2,1,5,      344406301
2023,3444,64,1,1,1,2,2,1,3,      344406401
2023,3444,101,1,1,0,2,2,1,5,      344410101
2023,3444,107,1,1,4,2,2,1,4,      344410701
2023,3444,109,1,1,1,2,2,1,5,      344410901
2023,3444,110,1,1,1,2,1,1,2,      344411001
2023,3444,110,1,1,1,2,2,2,3,      344411001
2023,3446,18,1,1,1,3,1,1,3,      344601801
2023,3446,18,1,1,6,3,2,2,6,      344601801
2023,3446,20,1,1,2,5,2,1,3,      344602001
2023,3446,23,1,1,8,3,1,1,4,      344602301
2023,3446,23,1,1,3,3,2,2,5,      344602301
2023,3446,38,1,1,1,3,1,1,5,      344603801
2023,3446,38,1,1,6,3,2,2,6,      344603801
2023,3447,2,1,1,3,1,1,1,3,      344700201
2023,3447,2,1,1,1,1,2,2,4,      344700201
2023,3447,4,1,1,4,1,1,1,3,      344700401
2023,3447,4,1,1,2,1,2,2,4,      344700401
2023,3447,5,1,1,4,1,2,1,4,      344700501
2023,3447,11,1,1,5,1,2,1,3,      344701101
2023,3447,41,1,1,1,1,2,1,4,      344704101
2023,3447,44,1,1,0,1,2,1,3,      344704401
2023,3447,61,1,1,4,1,1,1,4,      344706101
2023,3447,61,1,1,2,1,2,2,5,      344706101
2023,3447,63,1,1,4,1,2,1,4,      344706301
2023,3448,7,1,1,0,2,2,1,3,      344800701
2023,3448,20,1,1,2,2,1,1,3,      344802001
2023,3448,20,1,1,1,2,2,2,4,      344802001
2023,3448,24,1,1,4,2,2,1,5,      344802401
2023,3448,29,1,1,5,2,1,1,2,      344802901
2023,3448,29,1,1,3,2,2,2,3,      344802901
2023,3448,50,1,1,7,2,1,1,5,      344805001
2023,3448,50,1,1,1,2,2,2,6,      344805001
2023,3448,57,1,1,2,2,2,1,2,      344805701
2023,3448,72,1,1,2,2,2,1,3,      344807201
2023,3449,14,1,1,0,1,2,1,7,      344901401
2023,3449,51,1,1,3,1,2,1,2,      344905101
2023,3449,58,1,1,3,1,2,1,5,      344905801
2023,3449,64,1,1,0,1,1,1,6,      344906401
2023,3449,64,1,1,1,1,2,2,9,      344906401
2023,3449,67,1,1,6,1,2,1,3,      344906701
2023,3449,115,1,1,0,1,2,1,2,      344911501
2023,3452,58,1,1,2,1,2,1,3,      345205801
2023,3453,30,1,1,1,2,2,1,5,      345303001
2023,3453,91,1,1,7,2,2,1,6,      345309101
2023,3453,103,1,1,3,2,2,1,5,      345310301
2023,3453,104,1,1,1,2,2,1,7,      345310401
2023,3454,1,1,1,0,3,2,1,5,      345400101
2023,3454,27,2,1,3,3,2,1,2,      345402702
2023,3454,38,1,1,2,3,1,1,3,      345403801
2023,3454,38,1,1,1,3,2,2,4,      345403801
2023,3454,58,1,1,2,3,2,1,5,      345405801
2023,3454,85,1,1,1,3,2,1,4,      345408501
2023,3454,118,1,1,5,3,1,1,5,      345411801
2023,3454,118,1,1,3,3,1,2,6,      345411801
2023,3454,118,1,1,3,3,1,3,7,      345411801
2023,3454,118,1,1,1,3,2,4,8,      345411801
2023,3455,4,1,1,1,1,1,1,3,      345500401
2023,3455,4,1,1,5,1,1,2,5,      345500401
2023,3455,4,1,1,3,1,2,3,6,      345500401
2023,3455,37,1,1,6,2,1,1,3,      345503701
2023,3455,37,1,1,1,2,2,2,4,      345503701
2023,3455,38,1,1,0,1,2,1,4,      345503801
2023,3457,54,1,1,5,1,1,1,2,      345705401
2023,3457,54,1,1,2,1,2,2,3,      345705401
2023,3457,61,1,1,0,1,2,1,3,      345706101
2023,3459,21,2,1,6,1,1,1,2,      345902102
2023,3459,21,2,1,0,1,2,2,3,      345902102
2023,3459,57,1,1,1,1,1,1,5,      345905701
2023,3459,57,1,1,0,1,2,2,6,      345905701
2023,3459,61,1,1,2,1,1,1,6,      345906101
2023,3459,61,1,1,0,1,2,2,9,      345906101
2023,3460,37,1,1,1,2,2,1,4,      346003701
2023,3460,41,1,1,3,1,2,1,3,      346004101
2023,3460,53,1,1,1,2,2,1,5,      346005301
2023,3460,97,1,1,0,3,1,1,3,      346009701
2023,3460,97,1,1,0,3,2,2,4,      346009701
2023,3460,103,1,1,1,2,2,1,3,      346010301
2023,3460,123,1,1,1,2,2,1,3,      346012301
2023,3460,139,1,1,1,3,2,1,4,      346013901
2023,3462,6,1,1,4,3,2,1,3,      346200601
2023,3462,16,1,1,7,2,2,1,3,      346201601
2023,3462,24,1,1,3,1,2,1,4,      346202401
2023,3462,29,1,1,0,3,1,1,5,      346202901
2023,3462,29,1,2, , ,2,2,6,      346202901
2023,3462,37,1,1,3,1,2,1,4,      346203701
2023,3462,40,1,1,5,3,1,1,5,      346204001
2023,3462,40,1,1,1,3,2,2,6,      346204001
2023,3462,44,1,1,7,1,2,1,3,      346204401
2023,3462,47,1,1,4,3,1,1,4,      346204701
2023,3462,47,1,1,1,2,2,2,5,      346204701
2023,3463,1,1,1,0,1,1,1,3,      346300101
2023,3463,1,1,1,5,1,2,2,4,      346300101
2023,3463,23,1,1,4,2,1,1,3,      346302301
2023,3463,23,1,1,0,2,2,2,4,      346302301
2023,3463,30,1,1,1,2,2,1,4,      346303001
2023,3463,39,1,1,7,2,1,1,3,      346303901
2023,3463,39,1,1,4,2,2,2,4,      346303901
2023,3464,10,1,1,4,3,2,1,4,      346401001
2023,3464,18,1,1,7,3,1,1,4,      346401801
2023,3464,18,1,1,1,3,2,2,5,      346401801
2023,3464,44,1,1,5,3,2,1,4,      346404401
2023,3465,4,1,1,3,2,2,1,3,      346500401
2023,3465,48,1,1,6,2,1,1,3,      346504801
2023,3465,48,1,1,3,2,2,2,4,      346504801
2023,3465,66,1,1,2,2,2,1,3,      346506601
2023,3465,95,1,1,0,2,2,1,3,      346509501
2023,3465,96,1,1,5,2,1,1,4,      346509601
2023,3465,96,1,1,0,2,2,2,5,      346509601
2023,3466,32,1,1,1,2,2,1,3,      346603201
2023,3466,120,1,1,2,2,2,1,4,      346612001
2023,3468,19,1,1,7,3,1,1,5,      346801901
2023,3468,19,1,1,5,2,1,2,6,      346801901
2023,3468,19,1,1,2,2,2,3,7,      346801901
2023,3468,20,1,1,7,3,2,1,2,      346802001
2023,3468,41,1,1,4,3,1,1,3,      346804101
2023,3468,41,1,1,2,3,2,2,4,      346804101
2023,3468,44,1,1,6,3,1,1,4,      346804401
2023,3468,44,1,1,4,3,1,2,5,      346804401
2023,3468,44,1,1,0,2,2,3,6,      346804401
2023,3468,45,1,1,8,2,2,1,4,      346804501
2023,3468,51,1,1,8,2,2,1,3,      346805101
2023,3468,53,1,1,2,2,2,1,3,      346805301
2023,3469,66,1,1,3,2,2,1,3,      346906601
2023,3469,86,1,1,3,2,2,1,3,      346908601
2023,3471,19,1,1,4,1,2,1,4,      347101901
2023,3471,45,1,2, , ,2,1,2,      347104501
2023,3471,56,1,1,0,1,2,1,3,      347105601
2023,3471,132,1,1,8,1,2,1,2,      347113201
2023,3471,145,1,1,0,1,2,1,2,      347114501
2023,3472,82,1,1,8,1,2,1,3,      347208201
2023,3472,94,1,1,0,1,2,1,2,      347209401
2023,3472,95,1,1,5,1,2,1,3,      347209501
2023,3472,103,1,1,5,1,2,1,6,      347210301
2023,3473,33,1,1,0,1,1,1,3,      347303301
2023,3473,33,1,1,0,1,2,2,5,      347303301
2023,3473,72,1,1,0,1,2,1,4,      347307201
2023,3473,122,1,1,5,6,1,1,3,      347312201
2023,3473,122,1,1,4,1,1,2,4,      347312201
2023,3473,122,1,1,4,1,1,3,5,      347312201
2023,3473,122,1,1,0,1,1,4,6,      347312201
2023,3473,122,1,1,1,1,2,5,7,      347312201
2023,3476,12,1,1,6,2,2,1,3,      347601201
2023,3476,40,1,1,3,2,2,1,3,      347604001
2023,3476,43,1,1,1,2,2,1,4,      347604301
2023,3476,46,1,1,3,2,1,1,3,      347604601
2023,3476,46,1,1,1,2,2,2,4,      347604601
2023,3476,124,1,1,8,2,1,1,2,      347612401
2023,3476,124,1,1,2,2,2,2,3,      347612401
2023,3477,65,1,1,4,3,1,1,3,      347706501
2023,3477,65,1,1,1,3,2,2,5,      347706501
2023,3477,110,1,1,5,3,1,1,3,      347711001
2023,3477,110,1,1,4,3,2,2,4,      347711001
2023,3477,117,1,1,0,3,2,1,4,      347711701
2023,3478,10,1,1,7,2,2,1,3,      347801001
2023,3478,28,1,1,0,2,2,1,3,      347802801
2023,3478,89,1,1,2,2,2,1,4,      347808901
2023,3478,124,1,1,1,2,2,1,4,      347812401
2023,3478,125,1,1,1,2,2,1,3,      347812501
2023,3479,64,1,1,7,3,1,1,2,      347906401
2023,3479,64,1,1,3,3,2,2,3,      347906401
2023,3479,98,1,1,1,3,2,1,8,      347909801
2023,3479,147,1,1,3,3,1,1,4,      347914701
2023,3479,147,1,1,1,3,2,2,7,      347914701
2023,3480,54,1,1,1,0,2,1,6,      348005401
2023,3481,28,1,1,7,3,2,1,6,      348102801
2023,3481,29,1,1,5,3,2,1,3,      348102901
2023,3481,35,1,1,0,3,2,1,3,      348103501
2023,3481,60,1,1,1,3,2,1,3,      348106001
2023,3481,90,1,1,1,3,2,1,4,      348109001
2023,3483,41,1,1,5,1,2,1,3,      348304101
2023,3483,173,1,1,1,1,2,1,3,      348317301
2023,3484,4,1,2, , ,2,1,3,      348400401
2023,3484,5,1,1,3,2,1,1,3,      348400501
2023,3484,5,1,1,4,2,2,2,5,      348400501
2023,3484,26,1,1,1,2,2,1,3,      348402601
2023,3484,29,1,1,5,2,2,1,2,      348402901
2023,3484,41,1,1,4,2,1,1,3,      348404101
2023,3484,41,1,1,2,2,2,2,4,      348404101
2023,3484,52,1,1,5,2,1,1,3,      348405201
2023,3484,52,1,1,2,2,2,2,4,      348405201
2023,3486,17,1,1,5,1,1,1,4,      348601701
2023,3486,17,1,1,1,1,2,2,5,      348601701
2023,3486,43,1,1,4,1,2,1,5,      348604301
2023,3486,44,1,1,5,2,1,1,3,      348604401
2023,3486,44,1,1,3,2,2,2,4,      348604401
2023,3486,46,1,1,1,2,2,1,2,      348604601
2023,3486,49,1,1,0,1,2,1,3,      348604901
2023,3486,57,1,1,4,1,2,1,3,      348605701
2023,3486,60,1,1,4,1,2,1,3,      348606001
2023,3488,142,1,1,0,3,2,1,4,      348814201
2023,3488,173,1,2, , ,2,1,4,      348817301
2023,3488,176,1,2, , ,2,1,4,      348817601
2023,3488,177,1,1,3,3,2,1,5,      348817701
2023,3488,185,1,1,8,3,2,1,4,      348818501
2023,3488,186,1,1,5,3,2,1,6,      348818601
2023,3490,144,1,1,2,1,1,1,8,      349014401
2023,3490,144,1,1,1,1,2,2,9,      349014401
2023,3491,21,1,1,0,1,2,1,4,      349102101
2023,3491,36,1,1,1,1,2,1,3,      349103601
2023,3491,74,1,1,4,1,1,1,8,      349107401
2023,3491,74,1,1,4,1,1,2,11,      349107401
2023,3491,74,1,1,7,1,1,3,13,      349107401
2023,3491,74,1,1,0,1,2,4,14,      349107401
2023,3491,79,1,1,7,1,1,1,3,      349107901
2023,3491,79,1,1,3,1,2,2,4,      349107901
2023,3491,105,1,1,0,1,1,1,5,      349110501
2023,3491,105,1,1,0,1,2,2,6,      349110501
2023,3493,82,1,1,2,3,1,1,3,      349308201
2023,3493,82,1,1,0,3,2,2,4,      349308201
2023,3493,90,2,1,7,3,1,1,2,      349309002
2023,3493,90,2,1,4,3,1,2,3,      349309002
2023,3493,90,2,1,0,4,2,3,4,      349309002
2023,3494,45,1,1,0,1,2,1,4,      349404501
2023,3494,64,1,1,2,1,1,1,5,      349406401
2023,3494,64,1,1,1,1,2,2,6,      349406401
2023,3494,106,1,1,1,2,2,1,3,      349410601
2023,3495,12,1,1,4,1,1,1,4,      349501201
2023,3495,12,1,1,0,1,2,2,5,      349501201
2023,3495,40,1,1,4,1,2,1,3,      349504001
2023,3495,69,1,1,5,1,1,1,6,      349506901
2023,3495,69,1,1,6,1,2,2,7,      349506901
2023,3495,107,1,1,2,0,2,1,4,      349510701
2023,3495,115,1,1,5,1,2,1,3,      349511501
2023,3496,13,1,1,0,3,2,1,7,      349601301
2023,3496,31,1,1,6,3,2,1,3,      349603101
2023,3496,60,1,1,7,2,2,1,4,      349606001
2023,3496,89,1,1,4,3,2,1,3,      349608901
2023,3497,44,1,1,0,1,1,1,5,      349704401
2023,3497,44,1,1,0,1,2,2,6,      349704401
2023,3499,13,2,1,1,1,2,1,3,      349901302
2023,3499,20,1,1,1,1,2,1,5,      349902001
2023,3499,42,1,1,1,1,2,1,3,      349904201
2023,3499,68,1,1,0,1,2,1,6,      349906801
2023,3499,77,1,1,1,2,2,1,8,      349907701
2023,3500,8,2,1,8,2,1,1,3,      350000802
2023,3500,8,2,1,1,2,2,2,4,      350000802
2023,3500,8,3,1,5,2,2,1,3,      350000803
2023,3500,12,1,1,4,4,2,1,4,      350001201
2023,3500,40,1,1,0,2,2,1,3,      350004001
2023,3500,72,1,1,3,3,2,1,4,      350007201
2023,3500,91,1,1,2,2,2,1,4,      350009101
2023,3500,92,1,1,2,4,2,1,3,      350009201
2023,3502,11,1,1,0,3,2,1,3,      350201101
2023,3502,26,1,1,7,3,2,1,5,      350202601
2023,3502,62,1,1,4,2,2,1,3,      350206201
2023,3504,6,1,1,7,3,1,1,3,      350400601
2023,3504,6,1,1,1,3,2,2,4,      350400601
2023,3504,10,1,1,1,3,2,1,6,      350401001
2023,3504,22,1,1,0,3,2,1,3,      350402201
2023,3504,37,1,1,1,3,2,1,4,      350403701
2023,3504,64,1,1,4,3,1,1,4,      350406401
2023,3504,64,1,1,2,3,1,2,5,      350406401
2023,3504,64,1,1,1,3,2,3,6,      350406401
2023,3504,65,1,1,2,3,2,1,3,      350406501
2023,3504,66,1,1,0,3,2,1,2,      350406601
2023,3506,6,1,1,4,3,1,1,3,      350600601
2023,3506,6,1,1,1,3,2,2,4,      350600601
2023,3506,7,1,1,6,3,2,1,3,      350600701
2023,3506,44,1,1,3,3,1,1,3,      350604401
2023,3506,44,1,1,4,3,2,2,5,      350604401
2023,3506,46,1,1,8,3,1,1,5,      350604601
2023,3506,46,1,1,5,3,1,2,8,      350604601
2023,3506,46,1,1,0,3,2,3,9,      350604601
2023,3506,54,1,1,7,3,1,1,3,      350605401
2023,3506,54,1,1,0,3,2,2,4,      350605401
2023,3506,58,1,1,4,3,2,1,4,      350605801
2023,3507,31,1,1,7,2,2,1,4,      350703101
2023,3507,32,1,1,6,2,1,1,8,      350703201
2023,3507,32,1,1,1,2,1,2,9,      350703201
2023,3507,32,1,1,1,2,2,3,10,      350703201
2023,3507,34,1,1,3,2,1,1,3,      350703401
2023,3507,34,1,1,2,2,2,2,4,      350703401
2023,3507,88,1,1,3,2,2,1,3,      350708801
2023,3507,89,1,1,6,2,1,1,5,      350708901
2023,3507,89,1,1,4,2,1,2,6,      350708901
2023,3507,89,1,1,1,2,2,3,7,      350708901
2023,3507,90,1,1,5,2,2,1,3,      350709001
2023,3507,91,1,1,2,2,2,1,3,      350709101
2023,3507,95,1,1,4,2,1,1,3,      350709501
2023,3507,95,1,1,3,2,1,2,4,      350709501
2023,3507,95,1,1,1,2,2,3,5,      350709501
2023,3507,108,1,1,5,2,1,1,3,      350710801
2023,3507,108,1,1,1,2,2,2,4,      350710801
2023,3507,109,1,1,8,2,2,1,4,      350710901
2023,3507,110,1,1,8,2,1,1,5,      350711001
2023,3507,110,1,1,2,2,2,2,6,      350711001
2023,3507,112,1,1,5,2,2,1,4,      350711201
2023,3511,67,1,1,2,2,2,1,3,      351106701
2023,3511,71,1,1,1,1,2,1,4,      351107101
2023,3511,76,1,1,1,2,1,1,5,      351107601
2023,3511,76,1,2, , ,2,2,6,      351107601
2023,3511,134,1,2, , ,2,1,4,      351113401
2023,3511,144,1,1,5,2,2,1,5,      351114401
2023,3511,160,1,1,0,1,1,1,8,      351116001
2023,3511,160,1,2, , ,2,2,10,      351116001
2023,3514,53,3,1,0,4,1,1,3,      351405303
2023,3514,53,3,2, , ,2,2,4,      351405303
2023,3514,53,4,1,2,5,1,1,4,      351405304
2023,3514,53,4,1,0,5,2,2,5,      351405304
2023,3514,99,1,1,2,2,1,1,3,      351409901
2023,3514,99,1,1,2,2,1,2,4,      351409901
2023,3514,99,1,2, , ,2,3,5,      351409901
2023,3515,74,1,1,0,2,2,1,5,      351507401
2023,3515,100,1,2, , ,1,1,3,      351510001
2023,3515,100,1,2, , ,2,2,4,      351510001
2023,3517,49,1,2, , ,1,1,4,      351704901
2023,3517,49,1,2, , ,2,2,5,      351704901
2023,3517,74,1,2, , ,2,1,3,      351707401
2023,3517,162,2,2, , ,2,1,3,      351716202
2023,3519,90,1,1,1,3,1,1,3,      351909001
2023,3519,90,1,1,1,3,1,2,4,      351909001
2023,3519,90,1,1,1,3,2,3,5,      351909001
2023,3519,118,1,1,2,3,1,1,2,      351911801
2023,3519,118,1,1,3,3,2,2,5,      351911801
2023,3521,48,1,1,0,2,2,1,4,      352104801
2023,3521,119,1,1,6,3,2,1,3,      352111901
2023,3521,119,2,1,2,3,1,1,4,      352111902
2023,3521,119,2,1,1,3,2,2,5,      352111902
2023,3521,184,1,1,6,3,1,1,5,      352118401
2023,3521,184,1,1,4,3,1,2,6,      352118401
2023,3521,184,1,1,0,3,2,3,7,      352118401
2023,3521,195,1,1,2,3,1,1,3,      352119501
2023,3521,195,1,1,1,3,1,2,4,      352119501
2023,3521,195,1,1,5,3,2,3,5,      352119501
2023,3522,23,1,1,1,3,1,1,3,      352202301
2023,3522,23,1,1,1,3,2,2,4,      352202301
2023,3522,24,1,1,2,4,1,1,3,      352202401
2023,3522,24,1,1,1,4,2,2,4,      352202401
2023,3522,57,1,2, , ,2,1,3,      352205701
2023,3522,58,1,1,5,4,2,1,4,      352205801
2023,3522,120,1,1,2,3,2,1,3,      352212001
2023,3522,123,1,1,2,3,1,1,5,      352212301
2023,3522,123,1,1,0,3,2,2,6,      352212301
2023,3523,6,1,1,1,1,1,1,4,      352300601
2023,3523,6,1,1,3,1,2,2,6,      352300601
2023,3523,18,1,1,4,2,2,1,5,      352301801
2023,3523,29,1,1,1,1,2,1,6,      352302901
2023,3523,39,1,1,7,2,2,1,4,      352303901
2023,3523,104,1,1,8,2,1,1,5,      352310401
2023,3523,104,1,1,6,2,2,2,6,      352310401
2023,3523,111,1,1,3,1,1,1,3,      352311101
2023,3523,111,1,1,2,1,2,2,4,      352311101
2023,3524,26,1,1,1,5,2,1,5,      352402601
2023,3524,29,1,1,0,5,2,1,3,      352402901
2023,3524,47,1,2, , ,2,1,3,      352404701
2023,3524,60,1,1,8,3,2,1,4,      352406001
2023,3524,74,1,1,5,5,1,1,3,      352407401
2023,3524,74,1,1,2,5,2,2,4,      352407401
2023,3524,106,1,1,0,5,2,1,4,      352410601
2023,3525,3,1,1,0,3,2,1,4,      352500301
2023,3525,67,1,1,1,3,2,1,3,      352506701
2023,3525,105,1,1,8,3,2,1,4,      352510501
2023,3525,127,1,1,3,3,1,1,3,      352512701
2023,3525,127,1,1,3,3,2,2,4,      352512701
2023,3527,18,1,1,1,4,2,1,2,      352701801
2023,3527,19,1,1,0,3,2,1,3,      352701901
2023,3527,148,1,1,7,3,1,1,3,      352714801
2023,3527,148,1,1,4,3,1,2,4,      352714801
2023,3527,148,1,1,1,3,2,3,5,      352714801
2023,3527,150,1,1,2,3,2,1,4,      352715001
2023,3527,177,1,1,6,3,1,1,3,      352717701
2023,3527,177,1,1,2,3,2,2,4,      352717701
2023,3527,179,1,1,0,4,2,1,3,      352717901
2023,3527,181,1,1,7,3,2,1,5,      352718101
2023,3528,2,1,1,7,3,1,1,3,      352800201
2023,3528,2,1,1,5,3,1,2,4,      352800201
2023,3528,2,1,1,1,3,2,3,5,      352800201
2023,3528,29,1,1,4,3,1,1,4,      352802901
2023,3528,29,1,1,2,3,1,2,5,      352802901
2023,3528,29,1,1,0,3,2,3,6,      352802901
2023,3528,35,1,1,3,4,1,1,4,      352803501
2023,3528,35,1,1,2,4,1,2,5,      352803501
2023,3528,35,1,1,0,4,2,3,6,      352803501
2023,3528,36,1,1,3,3,2,1,5,      352803601
2023,3528,38,1,1,7,4,1,1,6,      352803801
2023,3528,38,1,1,0,4,2,2,7,      352803801
2023,3528,48,1,1,8,3,1,1,2,      352804801
2023,3528,48,1,1,6,3,1,2,3,      352804801
2023,3528,48,1,1,2,3,2,3,4,      352804801
2023,3528,53,1,1,4,3,1,1,3,      352805301
2023,3528,53,1,1,3,3,1,2,4,      352805301
2023,3528,53,1,1,1,3,1,3,5,      352805301
2023,3528,53,1,1,2,3,2,4,6,      352805301
2023,3528,67,1,1,7,4,2,1,3,      352806701
2023,3528,72,1,1,7,3,1,1,5,      352807201
2023,3528,72,1,1,2,3,1,2,6,      352807201
2023,3528,72,1,1,0,3,2,3,7,      352807201
2023,3528,81,1,1,3,4,2,1,3,      352808101
2023,3528,92,1,1,7,3,1,1,5,      352809201
2023,3528,92,1,1,5,3,1,2,6,      352809201
2023,3528,92,1,1,2,3,2,3,7,      352809201
2023,3529,25,1,1,5,3,2,1,4,      352902501
2023,3529,27,1,1,1,1,2,1,3,      352902701
2023,3529,28,1,1,1,3,1,1,3,      352902801
2023,3529,28,1,1,1,3,2,2,4,      352902801
2023,3529,92,1,1,2,2,2,1,3,      352909201
2023,3529,130,1,1,8,4,1,1,3,      352913001
2023,3529,130,1,1,6,4,1,2,4,      352913001
2023,3529,130,1,1,4,4,1,3,5,      352913001
2023,3529,130,1,1,2,4,2,4,6,      352913001
2023,3529,133,1,1,6,3,1,1,3,      352913301
2023,3529,133,1,1,5,3,1,2,4,      352913301
2023,3529,133,1,1,3,3,2,3,5,      352913301
2023,3529,134,1,1,2,4,2,1,5,      352913401
2023,3529,135,1,1,2,3,1,1,3,      352913501
2023,3529,135,1,1,1,3,2,2,4,      352913501
2023,3529,136,1,1,2,4,2,1,3,      352913601
2023,3530,41,1,2, , ,2,1,3,      353004101
2023,3530,87,1,1,2,3,2,1,3,      353008701
2023,3530,130,1,1,0,3,1,1,2,      353013001
2023,3530,130,1,1,0,3,2,2,3,      353013001
2023,3531,16,1,1,0,1,2,1,4,      353101601
2023,3531,25,1,1,1,2,2,1,3,      353102501
2023,3531,111,1,1,0,2,2,1,3,      353111101
2023,3534,44,1,1,1,2,2,1,3,      353404401
2023,3534,70,2,1,0,2,2,1,4,      353407002
2023,3537,12,1,2, , ,1,1,4,      353701201
2023,3537,12,1,1,1,1,2,2,5,      353701201
2023,3537,167,1,1,1,1,1,1,3,      353716701
2023,3537,167,1,1,0,1,2,2,4,      353716701
2023,3537,200,1,1,0,1,2,1,4,      353720001
2023,3538,66,1,1,0,4,2,1,3,      353806601
2023,3539,41,1,1,0,3,2,1,5,      353904101
2023,3539,113,1,1,1,1,1,1,5,      353911301
2023,3539,113,1,1,1,1,2,2,7,      353911301
2023,3541,69,1,1,4,2,2,1,5,      354106901
2023,3541,95,1,1,1,1,1,1,7,      354109501
2023,3541,95,1,1,1,1,2,2,8,      354109501
2023,3541,136,1,1,0,4,2,1,4,      354113601
2023,3542,60,1,1,1,1,2,1,4,      354206001
2023,3542,62,1,1,1,1,2,1,3,      354206201
2023,3542,72,1,1,1,1,2,1,4,      354207201
2023,3542,115,1,1,1,1,2,1,3,      354211501
2023,3543,2,1,1,1,0,1,1,3,      354300201
2023,3543,2,1,1,1,0,2,2,4,      354300201
2023,3543,9,1,1,0,1,2,1,3,      354300901
2023,3543,30,1,1,3,1,2,1,5,      354303001
2023,3543,30,2,1,3,1,1,1,4,      354303002
2023,3543,30,2,1,0,1,2,2,5,      354303002
2023,3543,45,1,1,1,1,1,1,3,      354304501
2023,3543,45,1,1,2,1,2,2,4,      354304501
2023,3543,52,1,1,2,1,2,1,3,      354305201
2023,3545,26,1,1,1,0,2,1,5,      354502601
2023,3545,46,1,1,2,2,2,1,3,      354504601
2023,3545,133,1,1,4,2,1,1,4,      354513301
2023,3545,133,1,1,0,2,2,2,5,      354513301
2023,3546,38,1,8, , ,2,1,4,      354603801
2023,3546,75,1,2, , ,1,1,4,      354607501
2023,3546,75,1,2, , ,2,2,5,      354607501
2023,3546,90,1,1,1,0,2,1,3,      354609001
2023,3546,95,1,1,1,0,2,1,4,      354609501
2023,3546,115,1,1,1,1,1,1,3,      354611501
2023,3546,115,1,1,2,0,1,2,4,      354611501
2023,3546,115,1,1,1,0,1,3,5,      354611501
2023,3546,115,1,1,0,1,2,4,6,      354611501
2023,3546,160,1,1,4,0,2,1,4,      354616001
2023,3547,88,2,2, , ,2,1,4,      354708802
2023,3547,94,1,1,5,3,1,1,4,      354709401
2023,3547,94,1,1,2,3,2,2,5,      354709401
2023,3547,120,1,1,4,4,2,1,4,      354712001
2023,3547,169,1,1,3,4,2,1,4,      354716901
2023,3548,71,1,1,3,3,2,1,2,      354807101
2023,3548,132,1,1,3,2,2,1,3,      354813201
2023,3549,5,1,1,1,1,1,1,4,      354900501
2023,3549,5,1,1,1,0,1,2,5,      354900501
2023,3549,5,1,1,1,0,2,3,8,      354900501
2023,3549,21,1,1,0,1,2,1,3,      354902101
2023,3549,86,1,1,4,0,1,1,6,      354908601
2023,3549,86,1,1,0,1,2,2,7,      354908601
2023,3549,102,1,1,0,1,2,1,4,      354910201
2023,3549,115,1,1,2,0,1,1,3,      354911501
2023,3549,115,1,1,1,0,2,2,4,      354911501
2023,3554,54,1,2, , ,2,1,6,      355405401
2023,3554,69,1,2, , ,2,1,3,      355406901
2023,3555,170,1,1,1,0,2,1,4,      355517001
2023,3556,28,1,1,0,1,2,1,2,      355602801
2023,3556,99,1,1,1,1,2,1,3,      355609901
2023,3556,151,1,1,1,1,1,1,4,      355615101
2023,3556,151,1,1,1,1,2,2,5,      355615101
2023,3557,9,1,1,2,1,2,1,6,      355700901
2023,3557,48,1,1,1,3,1,1,3,      355704801
2023,3557,48,1,2, , ,2,2,4,      355704801
2023,3557,83,1,1,5,2,1,1,5,      355708301
2023,3557,83,1,1,0,2,1,2,6,      355708301
2023,3557,83,1,1,3,0,2,3,8,      355708301
2023,3557,120,1,2, , ,2,1,4,      355712001
2023,3559,18,1,2, , ,2,1,3,      355901801
2023,3559,138,1,2, , ,2,1,3,      355913801
2023,3563,153,1,1,2,3,2,1,3,      356315301
2023,3564,100,1,2, , ,2,1,3,      356410001
2023,3564,123,1,1,1,0,2,1,4,      356412301
2023,3565,101,1,2, , ,2,1,4,      356510101
2023,3569,14,1,1,1,3,2,1,3,      356901401
2023,3569,18,1,1,1,0,2,1,2,      356901801
2023,3569,20,1,1,5,3,2,1,6,      356902001
2023,3569,44,1,1,0,2,2,1,6,      356904401
2023,3569,46,1,1,1,0,1,1,3,      356904601
2023,3569,46,1,2, , ,2,2,4,      356904601
2023,3569,67,1,1,0,2,2,1,4,      356906701
2023,3569,73,1,1,2,3,2,1,4,      356907301
2023,3570,25,1,1,1,1,1,1,4,      357002501
2023,3570,25,1,1,0,1,2,2,5,      357002501
2023,3570,47,1,8, , ,2,1,6,      357004701
2023,3570,79,1,1,0,2,2,1,6,      357007901
2023,3570,80,1,1,3,1,1,1,3,      357008001
2023,3570,80,1,1,0,1,2,2,4,      357008001
2023,3571,7,1,1,0,3,1,1,3,      357100701
2023,3571,7,1,1,0,3,2,2,4,      357100701
2023,3571,24,1,1,1,4,1,1,3,      357102401
2023,3571,24,1,1,1,4,2,2,6,      357102401
2023,3573,25,1,2, , ,1,1,3,      357302501
2023,3573,25,1,2, , ,2,2,4,      357302501
2023,3573,88,1,1,1,1,1,1,4,      357308801
2023,3573,88,1,1,1,1,1,2,5,      357308801
2023,3573,88,1,2, , ,2,3,6,      357308801
2023,3573,139,1,1,1,2,1,1,3,      357313901
2023,3573,139,1,1,0,1,2,2,4,      357313901
2023,3574,77,1,2, , ,2,1,4,      357407701
2023,3574,80,1,1,4,2,2,1,4,      357408001
2023,3575,47,1,1,3,3,1,1,3,      357504701
2023,3575,47,1,1,1,3,2,2,4,      357504701
2023,3576,67,1,1,1,1,1,1,8,      357606701
2023,3576,67,1,1,1,1,2,2,9,      357606701
2023,3576,120,1,1,3,0,1,1,11,      357612001
2023,3576,120,1,1,3,0,2,2,12,      357612001
2023,3577,34,1,1,2,4,2,1,7,      357703401
2023,3577,34,2,2, , ,2,1,3,      357703402
2023,3577,55,1,2, , ,2,1,5,      357705501
2023,3577,62,1,2, , ,1,1,4,      357706201
2023,3577,62,1,2, , ,1,2,5,      357706201
2023,3577,62,1,1,1,3,2,3,6,      357706201
2023,3577,79,1,2, , ,2,1,4,      357707901
2023,3578,6,1,2, , ,2,1,3,      357800601
2023,3578,81,1,1,0,2,2,1,4,      357808101
2023,3579,9,1,1,0,2,2,1,3,      357900901
2023,3579,64,1,1,1,0,1,1,3,      357906401
2023,3579,64,1,2, , ,2,2,4,      357906401
2023,3579,73,1,1,0,2,2,1,3,      357907301
2023,3579,108,1,1,2,0,1,1,3,      357910801
2023,3579,108,1,1,0,2,2,2,4,      357910801
2023,3579,114,1,1,6,2,2,1,3,      357911401
2023,3580,39,1,1,4,3,2,1,4,      358003901
2023,3580,56,1,1,4,0,1,1,4,      358005601
2023,3580,56,1,1,3,0,2,2,5,      358005601
2023,3581,40,1,1,0,1,1,1,3,      358104001
2023,3581,40,1,1,0,1,2,2,4,      358104001
2023,3581,47,1,1,1,2,1,1,5,      358104701
2023,3581,47,1,2, , ,2,2,6,      358104701
2023,3582,11,1,1,1,0,2,1,5,      358201101
2023,3582,33,1,1,1,1,2,1,3,      358203301
2023,3582,77,1,1,1,1,2,1,4,      358207701
2023,3583,18,1,2, , ,2,1,10,      358301801
2023,3583,19,1,2, , ,2,1,3,      358301901
2023,3583,51,1,1,5,2,1,1,3,      358305101
2023,3583,51,1,1,1,2,2,2,4,      358305101
2023,3583,52,1,1,0,2,1,1,4,      358305201
2023,3583,52,1,1,0,2,2,2,5,      358305201
2023,3583,63,1,1,0,1,2,1,4,      358306301
2023,3585,49,1,1,0,1,2,1,4,      358504901
2023,3585,122,1,1,1,1,2,1,6,      358512201
2023,3585,136,1,1,1,2,2,1,3,      358513601
2023,3587,17,1,1,1,1,2,1,3,      358701701
2023,3587,51,1,2, , ,2,1,3,      358705101
2023,3587,86,1,1,0,1,2,1,6,      358708601
2023,3588,155,1,1,2,2,2,1,4,      358815501
2023,3588,201,2,1,1,2,2,1,3,      358820102
2023,3588,201,3,1,0,2,1,1,3,      358820103
2023,3588,201,3,2, , ,1,2,4,      358820103
2023,3588,201,3,2, , ,2,3,5,      358820103
2023,3589,103,1,1,0,1,1,1,3,      358910301
2023,3589,103,1,1,0,1,2,2,4,      358910301
2023,3589,106,1,1,1,1,2,1,3,      358910601
2023,3590,62,1,2, , ,1,1,3,      359006201
2023,3590,62,1,1,0,1,2,2,4,      359006201
2023,3590,95,1,1,3,1,1,1,3,      359009501
2023,3590,95,1,1,0,1,2,2,4,      359009501
2023,3590,97,1,1,0,7,1,1,3,      359009701
2023,3590,97,1,1,1,3,2,2,4,      359009701
2023,3591,30,2,2, , ,2,1,4,      359103002
2023,3592,103,1,2, , ,2,1,6,      359210301
2023,3594,15,1,1,3,0,2,1,2,      359401501
2023,3594,24,1,1,3,2,1,1,3,      359402401
2023,3594,24,1,1,0,2,2,2,4,      359402401
2023,3595,67,1,1,1,2,2,1,6,      359506701
2023,3595,69,1,1,1,2,1,1,5,      359506901
2023,3595,69,1,1,1,2,2,2,6,      359506901
2023,3595,90,1,1,1,0,2,1,3,      359509001
2023,3595,143,1,1,5,2,1,1,4,      359514301
2023,3595,143,1,1,2,2,2,2,5,      359514301
2023,3595,148,1,1,0,1,2,1,3,      359514801
2023,3597,17,1,8, , ,2,1,3,      359701701
2023,3597,52,2,1,2,3,2,1,4,      359705202
2023,3597,64,1,2, , ,2,1,3,      359706401
2023,3597,70,1,1,0,1,2,1,6,      359707001
2023,3599,43,1,2, , ,2,1,2,      359904301
2023,3599,69,1,1,2,1,2,1,7,      359906901
2023,3602,40,1,1,1,2,2,1,5,      360204001
2023,3602,45,1,1,1,2,2,1,3,      360204501
2023,3602,49,1,1,4,1,2,1,4,      360204901
2023,3602,50,1,1,1,3,1,1,3,      360205001
2023,3602,50,1,1,0,3,2,2,4,      360205001
2023,3602,74,1,1,2,2,2,1,5,      360207401
2023,3602,76,1,1,6,2,2,1,3,      360207601
2023,3602,77,1,1,0,5,2,1,4,      360207701
2023,3602,78,1,1,4,2,2,1,3,      360207801
2023,3602,100,1,1,0,2,1,1,3,      360210001
2023,3602,100,1,1,0,2,2,2,4,      360210001
2023,3602,101,1,1,6,3,2,1,4,      360210101
2023,3603,27,1,1,1,0,2,1,3,      360302701
2023,3603,38,1,1,2,1,1,1,3,      360303801
2023,3603,38,1,2, , ,2,2,4,      360303801
2023,3604,20,1,1,1,1,2,1,5,      360402001
2023,3604,28,1,1,1,1,2,1,3,      360402801
2023,3604,39,1,1,2,2,2,1,2,      360403901
2023,3604,71,1,1,5,2,2,1,3,      360407101
2023,3606,27,1,1,6,2,2,1,3,      360602701
2023,3606,28,1,1,3,2,1,1,5,      360602801
2023,3606,28,1,1,1,2,2,2,6,      360602801
2023,3606,29,1,1,8,4,2,1,6,      360602901
2023,3606,31,1,1,5,3,1,1,6,      360603101
2023,3606,31,1,1,1,5,2,2,7,      360603101
2023,3606,108,1,1,3,3,1,1,5,      360610801
2023,3606,108,1,2, , ,2,2,6,      360610801
2023,3606,109,1,1,2,3,2,1,3,      360610901
2023,3606,110,1,1,1,3,2,1,3,      360611001
2023,3606,112,1,1,5,2,2,1,3,      360611201
2023,3606,113,1,1,4,2,1,1,3,      360611301
2023,3606,113,1,1,2,2,2,2,4,      360611301
2023,3606,114,1,1,3,3,2,1,6,      360611401
2023,3606,118,1,1,5,3,2,1,4,      360611801
2023,3606,119,1,1,3,3,1,1,3,      360611901
2023,3606,119,1,1,1,3,2,2,4,      360611901
2023,3606,120,1,1,5,3,2,1,3,      360612001
2023,3607,62,1,1,8,3,2,1,3,      360706201
2023,3607,86,1,1,5,3,1,1,2,      360708601
2023,3607,86,1,1,4,3,1,2,3,      360708601
2023,3607,86,1,1,1,3,2,3,4,      360708601
2023,3607,95,1,1,0,2,2,1,5,      360709501
2023,3607,107,1,1,3,3,1,1,5,      360710701
2023,3607,107,1,1,1,3,2,2,9,      360710701
2023,3607,148,1,1,5,2,1,1,9,      360714801
2023,3607,148,1,1,2,1,2,2,10,      360714801
2023,3607,188,1,1,0,2,2,1,4,      360718801
2023,3609,51,1,1,1,2,2,1,6,      360905101
2023,3609,100,1,1,1,2,2,1,5,      360910001
2023,3609,195,1,1,0,2,2,1,3,      360919501
2023,3609,202,1,1,6,2,1,1,2,      360920201
2023,3609,202,1,1,5,2,1,2,3,      360920201
2023,3609,202,1,1,1,2,2,3,4,      360920201
2023,3609,217,1,1,2,3,2,1,3,      360921701
2023,3610,4,1,1,0,3,1,1,4,      361000401
2023,3610,4,1,1,0,3,2,2,5,      361000401
2023,3610,9,1,1,3,2,1,1,4,      361000901
2023,3610,9,1,1,7,2,2,2,8,      361000901
2023,3610,34,1,1,0,2,1,1,6,      361003401
2023,3610,34,1,1,0,2,2,2,7,      361003401
2023,3610,62,1,1,3,4,1,1,8,      361006201
2023,3610,62,1,1,4,4,2,2,9,      361006201
2023,3610,89,2,1,2,2,2,1,4,      361008902
2023,3611,2,1,1,3,1,2,1,4,      361100201
2023,3611,63,1,1,3,0,1,1,3,      361106301
2023,3611,63,1,1,1,0,1,2,4,      361106301
2023,3611,63,1,2, , ,2,3,5,      361106301
2023,3612,70,1,1,0,2,1,1,3,      361207001
2023,3612,70,1,1,0,3,2,2,4,      361207001
2023,3612,72,1,1,1,2,1,1,3,      361207201
2023,3612,72,1,1,6,2,2,2,6,      361207201
2023,3612,89,1,1,2,3,2,1,4,      361208901
2023,3612,125,1,1,1,3,2,1,3,      361212501
2023,3612,129,1,1,2,3,1,1,3,      361212901
2023,3612,129,1,1,1,3,2,2,4,      361212901
2023,3612,194,1,1,2,2,2,1,4,      361219401
2023,3613,8,1,1,5,3,1,1,6,      361300801
2023,3613,8,1,1,1,3,2,2,7,      361300801
2023,3613,46,1,1,0,2,1,1,6,      361304601
2023,3613,46,1,1,5,2,2,2,7,      361304601
2023,3613,70,1,1,5,4,1,1,3,      361307001
2023,3613,70,1,1,0,4,2,2,4,      361307001
2023,3613,84,1,1,5,3,2,1,3,      361308401
2023,3613,101,1,1,3,4,1,1,5,      361310101
2023,3613,101,1,1,1,4,2,2,6,      361310101
2023,3613,108,1,1,1,3,2,1,5,      361310801
2023,3613,123,1,1,3,4,2,1,4,      361312301
2023,3614,5,1,1,7,1,1,1,3,      361400501
2023,3614,5,1,1,5,1,1,2,4,      361400501
2023,3614,5,1,1,0,1,2,3,5,      361400501
2023,3614,33,1,2, , ,2,1,5,      361403301
2023,3614,38,1,1,2,1,1,1,5,      361403801
2023,3614,38,1,1,6,1,2,2,10,      361403801
2023,3614,44,1,1,7,1,1,1,4,      361404401
2023,3614,44,1,1,2,1,1,2,5,      361404401
2023,3614,44,1,1,0,1,2,3,6,      361404401
2023,3614,68,1,2, , ,2,1,4,      361406801
2023,3614,123,1,1,1,1,1,1,3,      361412301
2023,3614,123,1,1,0,1,2,2,4,      361412301
2023,3614,127,1,2, , ,2,1,5,      361412701
2023,3616,2,1,1,4,1,1,1,4,      361600201
2023,3616,2,1,1,5,1,1,2,5,      361600201
2023,3616,2,1,1,2,1,2,3,6,      361600201
2023,3616,7,1,1,1,1,2,1,3,      361600701
2023,3616,44,1,2, , ,1,1,5,      361604401
2023,3616,44,1,2, , ,1,2,7,      361604401
2023,3616,44,1,2, , ,2,3,8,      361604401
2023,3616,48,1,1,1,0,1,1,5,      361604801
2023,3616,48,1,1,4,1,1,2,9,      361604801
2023,3616,48,1,1,4,1,2,3,10,      361604801
2023,3616,92,1,1,4,1,2,1,4,      361609201
2023,3616,96,1,1,5,1,1,1,3,      361609601
2023,3616,96,1,1,0,1,2,2,4,      361609601
2023,3616,114,1,1,1,1,1,1,5,      361611401
2023,3616,114,1,1,2,1,1,2,6,      361611401
2023,3616,114,1,1,0,1,2,3,11,      361611401
2023,3617,22,1,1,5,7,1,1,5,      361702201
2023,3617,22,1,1,2,7,1,2,6,      361702201
2023,3617,22,1,1,1,7,1,3,7,      361702201
2023,3617,22,1,1,1,7,2,4,8,      361702201
2023,3617,31,1,1,8,4,1,1,4,      361703101
2023,3617,31,1,1,6,4,1,2,5,      361703101
2023,3617,31,1,1,5,4,2,3,6,      361703101
2023,3617,71,1,1,1,7,2,1,3,      361707101
2023,3617,77,1,1,7,2,1,1,3,      361707701
2023,3617,77,1,1,2,2,2,2,4,      361707701
2023,3617,110,1,1,8,2,1,1,3,      361711001
2023,3617,110,1,1,7,2,2,2,4,      361711001
2023,3617,154,1,1,5,7,1,1,3,      361715401
2023,3617,154,1,1,1,7,1,2,4,      361715401
2023,3617,154,1,1,1,7,1,3,6,      361715401
2023,3617,154,1,1,5,7,2,4,8,      361715401
2023,3617,181,1,1,5,3,1,1,4,      361718101
2023,3617,181,1,1,2,3,2,2,5,      361718101
2023,3618,14,1,1,4,0,2,1,3,      361801401
2023,3618,42,1,2, , ,2,1,4,      361804201
2023,3618,62,1,2, , ,1,1,3,      361806201
2023,3618,62,1,2, , ,2,2,4,      361806201
2023,3618,112,1,2, , ,2,1,3,      361811201
2023,3618,115,1,1,4,0,1,1,3,      361811501
2023,3618,115,1,1,1,0,2,2,4,      361811501
2023,3619,3,1,1,0,3,2,1,3,      361900301
2023,3619,26,1,1,9,3,1,1,2,      361902601
2023,3619,26,1,1,0,3,2,2,5,      361902601
2023,3619,37,1,1,0,3,2,1,3,      361903701
2023,3619,43,1,1,1,3,2,1,3,      361904301
2023,3619,72,1,1,3,3,2,1,3,      361907201
2023,3619,151,1,1,2,3,2,1,4,      361915101
2023,3619,174,1,1,3,0,2,1,3,      361917401
2023,3620,51,1,1,7,1,1,1,3,      362005101
2023,3620,51,1,1,3,1,1,2,4,      362005101
2023,3620,51,1,1,0,1,2,3,5,      362005101
2023,3620,52,1,1,7,2,1,1,3,      362005201
2023,3620,52,1,1,6,2,1,2,4,      362005201
2023,3620,52,1,1,4,2,1,3,5,      362005201
2023,3620,52,1,1,1,2,1,4,6,      362005201
2023,3620,52,1,1,0,2,2,5,7,      362005201
2023,3620,53,1,1,5,1,1,1,6,      362005301
2023,3620,53,1,1,4,1,1,2,7,      362005301
2023,3620,53,1,1,1,1,2,3,13,      362005301
2023,3620,59,1,1,0,2,2,1,3,      362005901
2023,3620,61,1,1,7,2,1,1,3,      362006101
2023,3620,61,1,1,5,2,1,2,4,      362006101
2023,3620,61,1,1,2,2,1,3,5,      362006101
2023,3620,61,1,1,0,2,1,4,6,      362006101
2023,3620,61,1,1,4,2,2,5,9,      362006101
2023,3620,63,1,1,5,1,2,1,8,      362006301
2023,3620,74,1,1,4,1,2,1,5,      362007401
2023,3620,75,1,1,0,2,1,1,8,      362007501
2023,3620,75,1,1,8,2,2,2,9,      362007501
2023,3620,76,1,1,8,1,2,1,3,      362007601
2023,3620,78,1,1,3,1,1,1,3,      362007801
2023,3620,78,1,1,2,1,2,2,4,      362007801
2023,3621,10,1,1,8,1,1,1,5,      362101001
2023,3621,10,1,1,8,1,1,2,6,      362101001
2023,3621,10,1,1,6,1,1,3,7,      362101001
2023,3621,10,1,1,4,1,2,4,8,      362101001
2023,3621,12,1,1,98,1,1,1,3,      362101201
2023,3621,12,1,1,5,1,1,2,4,      362101201
2023,3621,12,1,1,2,1,1,3,5,      362101201
2023,3621,12,1,1,1,1,2,4,6,      362101201
2023,3621,14,1,1,1,1,2,1,3,      362101401
2023,3621,15,1,1,8,2,1,1,3,      362101501
2023,3621,15,1,1,4,2,1,2,4,      362101501
2023,3621,15,1,1,0,2,2,3,5,      362101501
2023,3621,18,1,1,2,2,2,1,5,      362101801
2023,3621,19,1,1,2,1,1,1,3,      362101901
2023,3621,19,1,1,5,1,2,2,4,      362101901
2023,3621,73,1,1,4,1,1,1,4,      362107301
2023,3621,73,1,1,2,1,1,2,5,      362107301
2023,3621,73,1,1,1,1,1,3,6,      362107301
2023,3621,73,1,1,0,1,2,4,7,      362107301
2023,3621,74,2,1,0,2,2,1,3,      362107402
2023,3621,76,1,1,5,1,1,1,4,      362107601
2023,3621,76,1,1,4,1,1,2,5,      362107601
2023,3621,76,1,1,2,1,2,3,6,      362107601
2023,3622,51,1,1,0,4,1,1,5,      362205101
2023,3622,51,1,2, , ,2,2,6,      362205101
2023,3622,52,1,1,3,4,2,1,5,      362205201
2023,3622,53,1,1,1,4,2,1,7,      362205301
2023,3622,54,1,1,3,4,2,1,4,      362205401
2023,3622,85,1,1,5,4,1,1,5,      362208501
2023,3622,85,1,1,1,4,2,2,8,      362208501
2023,3622,89,1,1,1,4,1,1,7,      362208901
2023,3622,89,1,1,2,4,2,2,8,      362208901
2023,3622,108,1,1,3,4,1,1,3,      362210801
2023,3622,108,1,1,3,4,2,2,4,      362210801
2023,3622,110,1,1,5,4,1,1,3,      362211001
2023,3622,110,1,1,3,4,2,2,4,      362211001
2023,3622,111,1,1,1,4,2,1,5,      362211101
2023,3622,116,1,1,3,4,2,1,5,      362211601
2023,3622,117,1,1,3,4,2,1,3,      362211701
2023,3623,109,1,1,5,0,1,1,4,      362310901
2023,3623,109,1,1,3,0,2,2,5,      362310901
2023,3623,110,1,1,1,0,2,1,5,      362311001
2023,3624,14,1,1,4,6,2,1,4,      362401401
2023,3624,16,1,1,2,3,1,1,4,      362401601
2023,3624,16,1,1,2,3,2,2,5,      362401601
2023,3624,39,1,1,2,7,1,1,3,      362403901
2023,3624,39,1,1,0,4,2,2,4,      362403901
2023,3624,40,1,1,7,4,1,1,3,      362404001
2023,3624,40,1,1,2,2,1,2,4,      362404001
2023,3624,40,1,1,1,2,2,3,5,      362404001
2023,3624,42,1,1,4,3,1,1,3,      362404201
2023,3624,42,1,1,3,3,1,2,4,      362404201
2023,3624,42,1,1,3,3,1,3,5,      362404201
2023,3624,42,1,1,1,3,2,4,6,      362404201
2023,3624,54,1,1,4,6,2,1,5,      362405401
2023,3624,56,1,1,3,6,1,1,3,      362405601
2023,3624,56,1,1,1,6,2,2,4,      362405601
2023,3624,57,1,1,5,5,1,1,3,      362405701
2023,3624,57,1,1,4,5,2,2,4,      362405701
2023,3624,58,1,1,5,4,1,1,3,      362405801
2023,3624,58,1,1,4,4,1,2,4,      362405801
2023,3624,58,1,1,0,4,2,3,5,      362405801
2023,3625,9,1,1,3,4,2,1,5,      362500901
2023,3625,15,1,1,4,1,1,1,5,      362501501
2023,3625,15,1,1,2,1,2,2,6,      362501501
2023,3625,20,1,1,4,2,1,1,4,      362502001
2023,3625,20,1,1,0,2,1,2,5,      362502001
2023,3625,20,1,1,6,2,2,3,7,      362502001
2023,3625,21,1,1,4,2,2,1,4,      362502101
2023,3625,30,1,1,0,3,2,1,3,      362503001
2023,3625,42,1,1,1,2,2,1,3,      362504201
2023,3625,60,1,1,0,2,2,1,4,      362506001
2023,3625,70,1,1,6,3,2,1,2,      362507001
2023,3626,1,1,1,3,3,2,1,3,      362600101
2023,3626,33,1,1,2,3,1,1,4,      362603301
2023,3626,33,1,1,1,3,2,2,5,      362603301
2023,3626,39,1,2, , ,2,1,5,      362603901
2023,3626,56,1,1,2,1,2,1,3,      362605601
2023,3626,60,1,1,3,3,1,1,3,      362606001
2023,3626,60,1,1,1,3,2,2,4,      362606001
2023,3626,64,1,1,4,4,2,1,4,      362606401
2023,3626,68,1,1,3,3,2,1,4,      362606801
2023,3627,3,1,1,6,0,2,1,3,      362700301
2023,3627,4,1,1,0,1,1,1,5,      362700401
2023,3627,4,1,1,0,1,1,2,6,      362700401
2023,3627,4,1,1,0,1,2,3,7,      362700401
2023,3627,5,1,1,2,3,2,1,5,      362700501
2023,3627,37,1,1,4,3,1,1,4,      362703701
2023,3627,37,1,1,0,3,2,2,5,      362703701
2023,3627,44,1,1,2,3,2,1,2,      362704401
2023,3627,101,1,1,4,2,2,1,3,      362710101
2023,3628,1,1,1,2,0,1,1,3,      362800101
2023,3628,1,1,2, , ,2,2,4,      362800101
2023,3628,22,1,1,3,1,1,1,4,      362802201
2023,3628,22,1,1,3,3,1,2,7,      362802201
2023,3628,22,1,1,2,2,2,3,8,      362802201
2023,3628,56,1,1,7,3,1,1,4,      362805601
2023,3628,56,1,1,3,3,1,2,5,      362805601
2023,3628,56,1,1,1,2,2,3,6,      362805601
2023,3628,68,1,1,1,5,2,1,4,      362806801
2023,3629,16,1,2, , ,2,1,2,      362901601
2023,3629,17,1,1,4,2,2,1,2,      362901701
2023,3629,62,1,1,1,1,2,1,4,      362906201
2023,3629,63,1,2, , ,1,1,3,      362906301
2023,3629,63,1,1,5,2,1,2,4,      362906301
2023,3629,63,1,1,3,2,2,3,5,      362906301
2023,3629,99,1,2, , ,2,1,4,      362909901
2023,3630,32,1,1,5,1,1,1,3,      363003201
2023,3630,32,1,1,2,1,2,2,4,      363003201
2023,3630,51,1,1,4,2,2,1,5,      363005101
2023,3630,60,1,1,7,0,1,1,4,      363006001
2023,3630,60,1,1,5,0,1,2,5,      363006001
2023,3630,60,1,1,2,2,2,3,6,      363006001
2023,3630,62,1,1,5,2,2,1,3,      363006201
2023,3630,73,1,1,1,2,2,1,4,      363007301
2023,3631,14,1,1,2,3,2,1,3,      363101401
2023,3631,35,1,1,3,1,1,1,2,      363103501
2023,3631,35,1,1,3,1,2,2,3,      363103501
2023,3631,47,1,1,3,3,1,1,2,      363104701
2023,3631,47,1,1,1,3,2,2,3,      363104701
2023,3631,48,1,1,1,3,2,1,3,      363104801
2023,3631,67,1,1,3,3,2,1,6,      363106701
2023,3631,74,1,1,1,2,2,1,3,      363107401
2023,3631,97,1,1,5,4,1,1,4,      363109701
2023,3631,97,1,1,2,3,2,2,5,      363109701
2023,3631,99,1,1,5,3,2,1,8,      363109901
2023,3632,14,1,1,1,4,2,1,2,      363201401
2023,3632,38,1,1,2,4,2,1,3,      363203801
2023,3632,67,1,1,1,6,1,1,3,      363206701
2023,3632,67,1,1,0,6,2,2,7,      363206701
2023,3634,16,1,1,1,0,2,1,4,      363401601
2023,3634,34,1,1,6,0,1,1,6,      363403401
2023,3634,34,1,1,4,0,1,2,7,      363403401
2023,3634,34,1,1,2,0,2,3,8,      363403401
2023,3634,50,1,1,0,1,1,1,3,      363405001
2023,3634,50,1,1,0,1,2,2,4,      363405001
2023,3634,65,1,1,2,0,1,1,3,      363406501
2023,3634,65,1,1,2,0,2,2,4,      363406501
2023,3634,66,1,2, , ,2,1,3,      363406601
2023,3635,4,1,1,0,4,2,1,5,      363500401
2023,3635,22,1,1,4,4,1,1,6,      363502201
2023,3635,22,1,1,0,4,2,2,7,      363502201
2023,3635,50,1,1,0,4,2,1,7,      363505001
2023,3635,60,2,1,1,4,1,1,3,      363506002
2023,3635,60,2,1,5,4,2,2,4,      363506002
2023,3635,63,1,1,1,4,2,1,3,      363506301
2023,3635,71,1,1,2,4,1,1,3,      363507101
2023,3635,71,1,1,1,4,2,2,4,      363507101
2023,3636,20,1,1,6,4,2,1,3,      363602001
2023,3636,56,1,1,2,2,2,1,3,      363605601
2023,3636,57,1,1,2,4,2,1,3,      363605701
2023,3636,88,1,1,5,1,1,1,5,      363608801
2023,3636,88,1,1,3,1,2,2,6,      363608801
2023,3636,116,1,1,2,4,2,1,3,      363611601
2023,3637,2,1,1,0,2,2,1,6,      363700201
2023,3637,11,1,1,4,2,1,1,3,      363701101
2023,3637,11,1,1,1,2,2,2,4,      363701101
2023,3637,33,1,1,3,2,2,1,4,      363703301
2023,3637,54,1,1,2,2,2,1,3,      363705401
2023,3637,58,1,1,4,2,2,1,2,      363705801
2023,3638,13,1,1,7,3,1,1,4,      363801301
2023,3638,13,1,1,5,3,2,2,5,      363801301
2023,3638,15,1,1,0,2,2,1,3,      363801501
2023,3638,37,1,1,1,2,2,1,2,      363803701
2023,3639,19,1,2, , ,2,1,2,      363901901
2023,3639,25,1,1,7,2,1,1,3,      363902501
2023,3639,25,1,1,3,2,2,2,4,      363902501
2023,3640,9,1,1,7,2,1,1,2,      364000901
2023,3640,9,1,1,5,3,1,2,3,      364000901
2023,3640,9,1,1,0,3,2,3,4,      364000901
2023,3640,22,1,1,0,3,2,1,4,      364002201
2023,3640,23,1,1,6,3,1,1,4,      364002301
2023,3640,23,1,1,6,3,1,2,5,      364002301
2023,3640,23,1,1,3,3,2,3,6,      364002301
2023,3640,28,1,1,5,1,2,1,2,      364002801
2023,3640,30,1,1,1,1,2,1,4,      364003001
2023,3640,56,1,1,4,3,2,1,5,      364005601
2023,3641,25,1,1,3,3,1,1,2,      364102501
2023,3641,25,1,1,1,3,2,2,3,      364102501
2023,3641,26,1,1,1,3,1,1,3,      364102601
2023,3641,26,1,1,5,3,2,2,5,      364102601
2023,3641,27,1,1,8,3,1,1,3,      364102701
2023,3641,27,1,1,5,3,2,2,4,      364102701
2023,3641,28,1,1,7,3,1,1,4,      364102801
2023,3641,28,1,1,5,3,2,2,5,      364102801
2023,3641,29,1,1,8,3,2,1,3,      364102901
2023,3641,30,1,1,3,3,1,1,2,      364103001
2023,3641,30,1,1,2,3,2,2,3,      364103001
2023,3641,57,1,1,7,3,1,1,5,      364105701
2023,3641,57,1,1,7,3,1,2,7,      364105701
2023,3641,57,1,1,2,3,2,3,8,      364105701
2023,3641,59,1,1,7,3,1,1,3,      364105901
2023,3641,59,1,1,5,3,2,2,4,      364105901
2023,3641,60,1,1,5,3,2,1,5,      364106001
2023,3641,62,1,1,3,3,2,1,2,      364106201
2023,3642,4,1,2, , ,1,1,4,      364200401
2023,3642,4,1,2, , ,1,2,5,      364200401
2023,3642,4,1,2, , ,2,3,6,      364200401
2023,3642,5,1,1,4,1,1,1,2,      364200501
2023,3642,5,1,1,6,1,2,2,3,      364200501
2023,3642,6,1,1,2,2,1,1,3,      364200601
2023,3642,6,1,1,2,2,2,2,4,      364200601
2023,3642,8,1,1,1,2,1,1,3,      364200801
2023,3642,8,1,1,5,2,2,2,5,      364200801
2023,3642,59,1,2, , ,2,1,3,      364205901
2023,3642,72,1,1,2,2,2,1,4,      364207201
2023,3642,73,1,1,0,3,2,1,3,      364207301
2023,3642,74,1,1,7,3,2,1,3,      364207401
2023,3642,77,1,1,5,2,1,1,5,      364207701
2023,3642,77,1,1,3,2,2,2,6,      364207701
2023,3643,14,1,1,1,2,2,1,2,      364301401
2023,3643,15,1,1,0,4,2,1,3,      364301501
2023,3643,17,1,1,1,4,2,1,2,      364301701
2023,3643,33,1,1,4,1,1,1,3,      364303301
2023,3643,33,1,1,3,1,2,2,4,      364303301
2023,3643,34,1,1,3,3,1,1,5,      364303401
2023,3643,34,1,1,1,3,2,2,6,      364303401
2023,3643,36,1,1,7,4,1,1,2,      364303601
2023,3643,36,1,1,2,4,2,2,3,      364303601
2023,3643,38,1,1,3,1,2,1,4,      364303801
2023,3643,62,1,1,3,4,2,1,3,      364306201
2023,3643,64,1,1,2,2,2,1,3,      364306401
2023,3643,65,1,1,5,2,1,1,3,      364306501
2023,3643,65,1,1,4,2,2,2,4,      364306501
2023,3644,7,1,1,7,4,1,1,3,      364400701
2023,3644,7,1,1,0,4,2,2,4,      364400701
2023,3644,23,1,1,2,3,2,1,4,      364402301
2023,3644,24,1,1,6,4,1,1,4,      364402401
2023,3644,24,1,1,3,4,2,2,5,      364402401
2023,3644,26,1,1,0,3,1,1,3,      364402601
2023,3644,26,1,1,3,3,2,2,5,      364402601
2023,3646,2,1,1,1,1,2,1,4,      364600201
2023,3646,9,1,1,1,3,2,1,2,      364600901
2023,3646,29,1,1,1,0,1,1,3,      364602901
2023,3646,29,1,1,1,0,2,2,4,      364602901
2023,3646,106,1,1,1,0,2,1,4,      364610601
2023,3648,9,1,1,1,1,2,1,3,      364800901
2023,3648,17,1,1,4,3,2,1,4,      364801701
2023,3648,30,1,1,1,1,2,1,3,      364803001
2023,3648,37,1,1,1,1,2,1,4,      364803701
2023,3648,66,1,1,6,0,1,1,4,      364806601
2023,3648,66,1,1,2,1,2,2,5,      364806601
2023,3649,4,1,1,1,2,2,1,3,      364900401
2023,3649,29,1,1,6,1,2,1,3,      364902901
2023,3649,50,1,1,1,1,2,1,3,      364905001
2023,3649,84,1,1,1,2,2,1,3,      364908401
2023,3650,9,1,1,1,0,2,1,6,      365000901
2023,3650,12,1,1,8,1,1,1,3,      365001201
2023,3650,12,1,1,4,1,1,2,4,      365001201
2023,3650,12,1,1,0,1,1,3,9,      365001201
2023,3650,12,1,1,7,1,2,4,11,      365001201
2023,3650,20,1,1,0,3,2,1,3,      365002001
2023,3650,82,1,1,0,1,2,1,6,      365008201
2023,3650,90,1,1,1,1,1,1,3,      365009001
2023,3650,90,1,1,0,1,2,2,4,      365009001
2023,3650,107,1,1,0,1,2,1,4,      365010701
2023,3651,12,1,1,1,1,2,1,3,      365101201
2023,3651,32,1,1,6,1,1,1,3,      365103201
2023,3651,32,1,1,3,1,2,2,4,      365103201
2023,3651,40,1,1,2,2,2,1,2,      365104001
2023,3651,50,1,1,6,2,2,1,3,      365105001
2023,3651,57,1,1,7,1,1,1,3,      365105701
2023,3651,57,1,1,1,1,2,2,4,      365105701
2023,3651,80,1,1,4,2,1,1,3,      365108001
2023,3651,80,1,1,0,2,2,2,4,      365108001
2023,3652,25,1,1,5,3,1,1,2,      365202501
2023,3652,25,1,1,1,3,2,2,3,      365202501
2023,3652,57,1,1,0,5,2,1,3,      365205701
2023,3652,71,1,1,3,3,2,1,3,      365207101
2023,3653,17,1,1,4,0,2,1,4,      365301701
2023,3653,82,1,1,5,1,1,1,2,      365308201
2023,3653,82,1,1,0,1,2,2,3,      365308201
2023,3654,70,1,1,3,0,1,1,6,      365407001
2023,3654,70,1,1,6,0,2,2,7,      365407001
2023,3654,72,1,1,6,0,2,1,5,      365407201
2023,3656,39,1,1,1,1,2,1,5,      365603901
2023,3656,45,1,1,0,1,2,1,6,      365604501
2023,3656,68,1,1,1,1,2,1,3,      365606801
2023,3656,106,1,1,6,1,1,1,3,      365610601
2023,3656,106,1,1,4,1,1,2,4,      365610601
2023,3656,106,1,1,2,1,1,3,5,      365610601
2023,3656,106,1,1,1,1,2,4,9,      365610601
2023,3657,64,1,1,0,3,2,1,6,      365706401
2023,3657,77,1,1,1,3,2,1,2,      365707701
2023,3657,92,1,1,2,3,2,1,4,      365709201
2023,3658,16,1,1,4,1,2,1,4,      365801601
2023,3658,40,1,1,0,1,2,1,6,      365804001
2023,3658,68,1,1,1,1,2,1,7,      365806801
2023,3659,48,1,1,1,1,2,1,3,      365904801
2023,3659,63,1,1,0,1,2,1,3,      365906301
2023,3659,68,1,1,0,1,2,1,6,      365906801
2023,3659,74,1,1,4,1,2,1,5,      365907401
2023,3659,97,1,1,6,1,1,1,3,      365909701
2023,3659,97,1,1,4,1,1,2,4,      365909701
2023,3659,97,1,1,0,1,2,3,5,      365909701
2023,3659,101,1,1,2,1,1,1,2,      365910101
2023,3659,101,1,1,1,1,2,2,3,      365910101
2023,3659,113,1,1,1,1,2,1,5,      365911301
2023,3660,1,1,1,6,6,2,1,2,      366000101
2023,3660,27,1,1,1,6,2,1,4,      366002701
2023,3660,37,1,1,3,2,1,1,3,      366003701
2023,3660,37,1,1,3,2,1,2,4,      366003701
2023,3660,37,1,1,2,2,2,3,5,      366003701
2023,3660,56,1,1,4,2,2,1,3,      366005601
2023,3660,71,1,1,4,3,1,1,4,      366007101
2023,3660,71,1,1,0,3,2,2,5,      366007101
2023,3660,89,1,2, , ,2,1,2,      366008901
2023,3661,10,1,1,6,1,2,1,3,      366101001
2023,3661,14,1,1,1,1,2,1,5,      366101401
2023,3661,17,1,1,8,1,2,1,5,      366101701
2023,3661,32,1,1,5,1,2,1,3,      366103201
2023,3661,46,1,1,1,1,2,1,4,      366104601
2023,3662,6,1,1,4,4,2,1,3,      366200601
2023,3662,62,1,1,3,2,1,1,4,      366206201
2023,3662,62,1,1,0,2,1,2,7,      366206201
2023,3662,62,1,1,5,2,2,3,8,      366206201
2023,3662,66,1,1,7,2,1,1,3,      366206601
2023,3662,66,1,1,1,2,2,2,4,      366206601
2023,3662,67,1,1,8,5,2,1,3,      366206701
2023,3662,76,1,1,3,2,2,1,3,      366207601
2023,3662,85,1,1,4,2,2,1,3,      366208501
2023,3662,88,1,1,8,2,2,1,3,      366208801
2023,3662,92,1,1,2,5,2,1,4,      366209201
2023,3663,17,1,1,2,3,2,1,8,      366301701
2023,3663,67,1,1,9,4,1,1,3,      366306701
2023,3663,67,1,1,5,4,1,2,4,      366306701
2023,3663,67,1,1,2,4,1,3,5,      366306701
2023,3663,67,1,1,0,4,2,4,6,      366306701
2023,3663,70,1,1,5,2,2,1,2,      366307001
2023,3663,93,1,1,5,2,2,1,5,      366309301
2023,3663,96,1,1,4,1,2,1,6,      366309601
2023,3664,24,1,2, , ,2,1,2,      366402401
2023,3665,60,1,1,8,1,1,1,3,      366506001
2023,3665,60,1,1,4,1,1,2,4,      366506001
2023,3665,60,1,1,2,1,2,3,5,      366506001
2023,3665,76,1,1,1,0,2,1,5,      366507601
2023,3665,77,1,1,6,0,2,1,4,      366507701
2023,3665,79,1,2, , ,2,1,8,      366507901
2023,3666,27,1,1,2,3,2,1,3,      366602701
2023,3666,40,1,1,4,4,2,1,3,      366604001
2023,3666,44,1,1,8,3,1,1,3,      366604401
2023,3666,44,1,1,6,3,2,2,4,      366604401
2023,3666,58,1,1,0,3,2,1,3,      366605801
2023,3666,83,1,1,1,3,2,1,3,      366608301
2023,3667,15,1,1,1,0,2,1,4,      366701501
2023,3668,13,1,1,0,1,2,1,3,      366801301
2023,3668,100,1,2, , ,2,1,4,      366810001
2023,3668,140,1,1,1,3,2,1,2,      366814001
2023,3669,2,1,1,0,2,2,1,4,      366900201
2023,3669,42,1,1,7,2,1,1,3,      366904201
2023,3669,42,1,1,3,2,2,2,4,      366904201
2023,3669,67,1,1,0,2,2,1,3,      366906701
2023,3669,73,1,1,0,2,2,1,5,      366907301
2023,3669,74,1,1,5,2,1,1,3,      366907401
2023,3669,74,1,1,5,2,2,2,4,      366907401
2023,3669,90,1,1,7,2,1,1,4,      366909001
2023,3669,90,1,1,0,2,2,2,5,      366909001
2023,3669,113,1,1,5,2,1,1,3,      366911301
2023,3669,113,1,1,0,2,2,2,4,      366911301
2023,3671,31,1,1,4,1,2,1,3,      367103101
2023,3671,44,1,1,1,1,2,1,8,      367104401
2023,3671,54,1,1,2,3,2,1,2,      367105401
2023,3671,72,1,1,2,3,2,1,5,      367107201
2023,3672,18,1,1,2,4,2,1,4,      367201801
2023,3672,43,1,1,1,4,2,1,2,      367204301
2023,3672,44,1,1,1,5,1,1,3,      367204401
2023,3672,44,1,1,4,5,2,2,5,      367204401
2023,3672,60,1,1,2,3,2,1,2,      367206001
2023,3672,81,1,1,8,4,1,1,3,      367208101
2023,3672,81,1,1,2,4,2,2,4,      367208101
2023,3672,83,1,2, , ,1,1,3,      367208301
2023,3672,83,1,2, , ,2,2,4,      367208301
2023,3672,104,1,1,3,4,2,1,3,      367210401
2023,3673,17,1,1,1,2,1,1,3,      367301701
2023,3673,17,1,1,0,2,2,2,5,      367301701
2023,3673,99,1,1,3,4,2,1,3,      367309901
2023,3673,149,1,1,4,2,1,1,3,      367314901
2023,3673,149,1,1,1,2,2,2,4,      367314901
2023,3673,150,1,1,6,4,1,1,3,      367315001
2023,3673,150,1,1,4,4,1,2,4,      367315001
2023,3673,150,1,1,2,4,2,3,5,      367315001
2023,3674,2,1,1,2,4,2,1,3,      367400201
2023,3674,6,1,1,0,5,2,1,4,      367400601
2023,3674,37,1,1,3,4,1,1,4,      367403701
2023,3674,37,1,1,2,4,2,2,5,      367403701
2023,3674,41,1,1,5,2,1,1,2,      367404101
2023,3674,41,1,1,0,2,2,2,3,      367404101
2023,3674,60,1,1,2,5,2,1,4,      367406001
2023,3675,14,1,1,2,4,1,1,2,      367501401
2023,3675,14,1,1,0,4,2,2,3,      367501401
2023,3675,42,1,1,7,4,2,1,5,      367504201
2023,3675,54,1,1,8,4,1,1,3,      367505401
2023,3675,54,1,1,6,4,2,2,4,      367505401
2023,3675,55,1,1,0,4,2,1,4,      367505501
2023,3675,56,1,1,5,4,1,1,4,      367505601
2023,3675,56,1,1,2,4,2,2,5,      367505601
2023,3675,59,1,1,2,3,1,1,3,      367505901
2023,3675,59,1,1,1,4,1,2,4,      367505901
2023,3675,59,1,1,0,4,2,3,5,      367505901
2023,3677,148,1,1,5,0,2,1,6,      367714801
2023,3677,157,1,2, , ,2,1,3,      367715701
2023,3678,2,1,1,7,2,2,1,3,      367800201
2023,3678,8,1,1,5,1,2,1,3,      367800801
2023,3678,27,1,1,1,2,2,1,3,      367802701
2023,3678,31,1,1,4,1,1,1,3,      367803101
2023,3678,31,1,1,1,1,1,2,4,      367803101
2023,3678,31,1,1,0,1,2,3,6,      367803101
2023,3678,163,1,1,6,2,1,1,4,      367816301
2023,3678,163,1,1,4,2,2,2,5,      367816301
2023,3680,12,1,2, , ,1,1,3,      368001201
2023,3680,12,1,2, , ,2,2,5,      368001201
2023,3680,23,1,1,4,7,2,1,3,      368002301
2023,3680,35,1,1,3,1,2,1,4,      368003501
2023,3682,11,1,1,5,0,1,1,3,      368201101
2023,3682,11,1,1,4,0,2,2,4,      368201101
2023,3682,33,1,1,0,1,2,1,2,      368203301
2023,3682,43,1,1,3,2,2,1,5,      368204301
2023,3682,79,1,1,0,1,2,1,3,      368207901
2023,3682,80,1,1,5,4,1,1,3,      368208001
2023,3682,80,1,1,0,1,2,2,4,      368208001
2023,3682,82,1,1,3,5,2,1,4,      368208201
2023,3683,18,1,1,3,3,2,1,3,      368301801
2023,3683,19,1,1,4,3,2,1,2,      368301901
2023,3683,21,1,1,3,3,1,1,3,      368302101
2023,3683,21,1,1,2,3,2,2,4,      368302101
2023,3683,28,1,1,4,3,1,1,3,      368302801
2023,3683,28,1,1,1,3,2,2,4,      368302801
2023,3683,29,1,1,2,3,2,1,3,      368302901
2023,3683,30,1,1,2,3,2,1,3,      368303001
2023,3683,31,1,1,0,4,2,1,3,      368303101
2023,3684,35,1,1,8,4,1,1,3,      368403501
2023,3684,35,1,1,4,4,1,2,4,      368403501
2023,3684,35,1,1,2,4,2,3,5,      368403501
2023,3684,38,1,1,4,4,2,1,3,      368403801
2023,3684,70,1,1,5,4,1,1,4,      368407001
2023,3684,70,1,1,3,4,2,2,5,      368407001
2023,3684,72,1,1,7,4,1,1,5,      368407201
2023,3684,72,1,1,2,4,1,2,6,      368407201
2023,3684,72,1,1,4,4,2,3,7,      368407201
2023,3684,74,1,1,4,4,2,1,5,      368407401
2023,3684,137,1,1,5,4,2,1,5,      368413701
2023,3684,138,1,1,2,4,2,1,3,      368413801
2023,3685,3,1,1,0,2,2,1,3,      368500301
2023,3685,9,1,1,7,2,1,1,4,      368500901
2023,3685,9,1,1,4,2,2,2,7,      368500901
2023,3685,38,1,1,4,2,1,1,4,      368503801
2023,3685,38,1,1,2,2,2,2,5,      368503801
2023,3685,77,1,1,4,2,2,1,3,      368507701
2023,3685,83,1,1,4,2,1,1,4,      368508301
2023,3685,83,1,1,2,2,1,2,5,      368508301
2023,3685,83,1,1,1,2,2,3,6,      368508301
2023,3685,89,1,1,4,1,2,1,5,      368508901
2023,3685,100,1,1,3,2,1,1,2,      368510001
2023,3685,100,1,1,0,2,2,2,3,      368510001
2023,3687,10,1,1,4,3,1,1,3,      368701001
2023,3687,10,1,1,2,3,2,2,4,      368701001
2023,3687,30,1,1,8,3,1,1,4,      368703001
2023,3687,30,1,1,4,3,2,2,5,      368703001
2023,3688,18,1,1,1,1,2,1,7,      368801801
2023,3688,83,1,1,0,1,2,1,5,      368808301
2023,3690,27,1,1,3,3,1,1,3,      369002701
2023,3690,27,1,2, , ,2,2,4,      369002701
2023,3690,30,1,1,1,3,2,1,4,      369003001
2023,3690,60,1,1,5,3,2,1,3,      369006001
2023,3690,68,1,1,4,4,1,1,5,      369006801
2023,3690,68,1,1,1,4,1,2,6,      369006801
2023,3690,68,1,1,0,4,2,3,9,      369006801
2023,3690,76,1,1,6,3,2,1,3,      369007601
2023,3691,49,1,1,1,3,2,1,7,      369104901
2023,3691,140,1,1,0,1,2,1,4,      369114001
2023,3692,85,1,2, , ,2,1,4,      369208501
2023,3695,11,1,1,5,3,1,1,3,      369501101
2023,3695,11,1,1,2,3,1,2,4,      369501101
2023,3695,11,1,2, , ,2,3,5,      369501101
2023,3695,125,1,1,0,3,2,1,5,      369512501
2023,3696,10,1,1,2,2,1,1,5,      369601001
2023,3696,10,1,1,1,2,2,2,6,      369601001
2023,3696,29,1,1,3,2,2,1,3,      369602901
2023,3696,48,1,1,5,3,1,1,4,      369604801
2023,3696,48,1,1,0,3,2,2,7,      369604801
2023,3696,85,1,1,5,3,1,1,4,      369608501
2023,3696,85,1,1,5,3,2,2,5,      369608501
2023,3696,90,1,1,0,3,2,1,6,      369609001
2023,3696,91,1,1,5,3,2,1,2,      369609101
2023,3697,39,1,1,1,3,2,1,4,      369703901
2023,3697,71,1,1,2,3,1,1,3,      369707101
2023,3697,71,1,1,1,3,2,2,4,      369707101
2023,3697,74,1,1,6,3,2,1,4,      369707401
2023,3699,53,1,2, , ,2,1,4,      369905301
2023,3699,73,1,1,2,2,2,1,6,      369907301
2023,3700,7,1,1,1,1,1,1,3,      370000701
2023,3700,7,1,1,5,1,2,2,6,      370000701
2023,3700,15,1,1,1,1,1,1,3,      370001501
2023,3700,15,1,1,7,1,1,2,4,      370001501
2023,3700,15,1,1,5,1,2,3,5,      370001501
2023,3700,16,1,1,1,1,1,1,3,      370001601
2023,3700,16,1,1,8,2,2,2,5,      370001601
2023,3700,26,1,1,1,1,2,1,3,      370002601
2023,3700,27,1,1,3,2,1,1,4,      370002701
2023,3700,27,1,1,2,2,2,2,6,      370002701
2023,3700,39,1,1,5,2,1,1,3,      370003901
2023,3700,39,1,1,0,1,2,2,4,      370003901
2023,3701,27,1,2, , ,2,1,5,      370102701
2023,3701,34,2,1,5,1,1,1,3,      370103402
2023,3701,34,2,1,1,1,2,2,4,      370103402
2023,3701,42,1,1,4,1,1,1,4,      370104201
2023,3701,42,1,1,0,1,2,2,5,      370104201
2023,3701,46,1,1,5,2,1,1,3,      370104601
2023,3701,46,1,1,1,2,2,2,4,      370104601
2023,3701,58,1,1,5,1,1,1,2,      370105801
2023,3701,58,1,1,1,1,2,2,3,      370105801
2023,3701,62,1,1,1,1,2,1,3,      370106201
2023,3703,9,1,1,3,2,2,1,5,      370300901
2023,3703,10,1,1,8,2,1,1,5,      370301001
2023,3703,10,1,1,6,2,1,2,6,      370301001
2023,3703,10,1,1,2,2,2,3,7,      370301001
2023,3703,71,1,1,5,2,1,1,4,      370307101
2023,3703,71,1,1,3,2,1,2,5,      370307101
2023,3703,71,1,1,1,2,1,3,6,      370307101
2023,3703,71,1,1,2,2,1,4,7,      370307101
2023,3703,71,1,1,0,2,2,5,8,      370307101
2023,3703,72,1,1,5,2,1,1,4,      370307201
2023,3703,72,1,2, , ,2,2,5,      370307201
2023,3703,75,1,1,5,1,2,1,3,      370307501
2023,3703,115,1,1,6,3,2,1,4,      370311501
2023,3703,116,1,1,2,2,1,1,3,      370311601
2023,3703,116,1,1,1,0,1,2,4,      370311601
2023,3703,116,1,2, , ,2,3,5,      370311601
2023,3704,7,1,1,2,3,1,1,3,      370400701
2023,3704,7,1,1,0,3,2,2,4,      370400701
2023,3704,79,1,1,3,2,2,1,3,      370407901
2023,3704,94,1,1,0,2,2,1,3,      370409401
2023,3705,46,1,1,6,1,1,1,3,      370504601
2023,3705,46,1,1,0,1,2,2,4,      370504601
2023,3705,67,1,1,1,1,2,1,3,      370506701
2023,3705,69,1,1,4,1,2,1,4,      370506901
2023,3705,71,1,1,6,2,1,1,3,      370507101
2023,3705,71,1,1,3,1,1,2,4,      370507101
2023,3705,71,1,1,0,2,2,3,5,      370507101
2023,3705,101,1,1,3,2,1,1,4,      370510101
2023,3705,101,1,1,1,2,2,2,5,      370510101
2023,3706,20,1,1,3,3,2,1,3,      370602001
2023,3706,24,1,1,7,3,1,1,4,      370602401
2023,3706,24,1,1,6,3,1,2,5,      370602401
2023,3706,24,1,1,0,2,2,3,6,      370602401
2023,3706,29,1,1,1,3,2,1,3,      370602901
2023,3706,70,1,1,3,3,1,1,3,      370607001
2023,3706,70,1,1,2,3,2,2,4,      370607001
2023,3706,80,1,1,2,3,2,1,4,      370608001
2023,3706,87,1,1,2,3,1,1,3,      370608701
2023,3706,87,1,1,0,3,2,2,4,      370608701
2023,3707,4,1,1,6,2,1,1,4,      370700401
2023,3707,4,1,1,1,2,1,2,5,      370700401
2023,3707,4,1,1,2,2,2,3,6,      370700401
2023,3707,8,1,1,1,2,2,1,3,      370700801
2023,3707,11,1,1,6,2,1,1,4,      370701101
2023,3707,11,1,1,5,2,1,2,5,      370701101
2023,3707,11,1,1,1,2,2,3,6,      370701101
2023,3707,36,1,1,6,2,1,1,3,      370703601
2023,3707,36,1,1,3,2,2,2,4,      370703601
2023,3707,42,1,1,4,1,2,1,3,      370704201
2023,3707,53,1,1,6,1,2,1,2,      370705301
2023,3708,25,1,1,3,0,1,1,3,      370802501
2023,3708,25,1,1,1,0,2,2,4,      370802501
2023,3708,71,1,1,0,4,2,1,3,      370807101
2023,3709,49,1,1,6,3,1,1,4,      370904901
2023,3709,49,1,1,1,3,2,2,5,      370904901
2023,3709,63,1,1,7,2,2,1,4,      370906301
2023,3709,90,1,2, , ,2,1,4,      370909001
2023,3710,32,1,1,4,2,2,1,3,      371003201
2023,3710,36,1,1,4,2,2,1,5,      371003601
2023,3710,46,1,2, , ,1,1,3,      371004601
2023,3710,46,1,2, , ,2,2,4,      371004601
2023,3710,48,1,1,3,2,2,1,3,      371004801
2023,3710,126,1,1,3,2,2,1,3,      371012601
2023,3711,32,1,1,3,2,1,1,2,      371103201
2023,3711,32,1,1,2,2,2,2,3,      371103201
2023,3711,37,1,1,1,3,2,1,3,      371103701
2023,3712,11,1,1,2,1,2,1,5,      371201101
2023,3712,19,1,1,0,2,2,1,2,      371201901
2023,3712,78,1,1,1,2,2,1,3,      371207801
2023,3713,15,1,1,7,2,1,1,4,      371301501
2023,3713,15,1,1,4,2,2,2,5,      371301501
2023,3713,16,1,1,4,2,1,1,3,      371301601
2023,3713,16,1,1,1,2,2,2,4,      371301601
2023,3713,19,1,1,1,1,2,1,3,      371301901
2023,3713,20,1,1,5,2,2,1,4,      371302001
2023,3713,21,1,1,6,1,1,1,4,      371302101
2023,3713,21,1,1,3,1,2,2,5,      371302101
2023,3713,44,1,1,7,2,2,1,3,      371304401
2023,3714,33,1,1,1,4,2,1,3,      371403301
2023,3714,40,1,1,3,4,1,1,3,      371404001
2023,3714,40,1,1,0,4,2,2,4,      371404001
2023,3714,45,1,1,3,4,1,1,2,      371404501
2023,3714,45,1,1,0,2,2,2,3,      371404501
2023,3714,53,1,1,4,4,2,1,4,      371405301
2023,3715,18,1,1,5,3,2,1,5,      371501801
2023,3715,20,1,1,1,2,2,1,5,      371502001
2023,3715,24,1,1,1,4,1,1,3,      371502401
2023,3715,24,1,1,0,4,2,2,4,      371502401
2023,3715,30,1,1,5,3,2,1,3,      371503001
2023,3715,46,1,1,6,3,1,1,2,      371504601
2023,3715,46,1,1,1,3,2,2,3,      371504601
2023,3715,53,1,1,2,3,1,1,2,      371505301
2023,3715,53,1,1,4,3,2,2,3,      371505301
2023,3715,58,1,1,2,2,2,1,2,      371505801
2023,3715,64,1,1,3,3,1,1,3,      371506401
2023,3715,64,1,1,1,3,2,2,4,      371506401
2023,3716,23,1,1,4,4,2,1,4,      371602301
2023,3716,54,1,1,3,4,1,1,2,      371605401
2023,3716,54,1,1,0,4,2,2,3,      371605401
2023,3717,6,1,1,5,2,2,1,3,      371700601
2023,3717,13,1,1,8,2,1,1,3,      371701301
2023,3717,13,1,1,1,2,2,2,4,      371701301
2023,3717,15,1,1,4,2,2,1,4,      371701501
2023,3717,18,1,1,6,2,1,1,6,      371701801
2023,3717,18,1,1,4,2,1,2,7,      371701801
2023,3717,18,1,1,2,2,2,3,8,      371701801
2023,3717,27,1,1,0,1,2,1,2,      371702701
2023,3717,43,1,1,2,2,1,1,3,      371704301
2023,3717,43,1,1,0,2,2,2,4,      371704301
2023,3717,46,1,1,4,2,2,1,3,      371704601
2023,3717,48,1,1,1,2,2,1,3,      371704801
2023,3718,25,1,1,7,2,2,1,5,      371802501
2023,3718,27,1,1,5,2,2,1,2,      371802701
2023,3718,29,1,1,4,2,2,1,3,      371802901
2023,3718,37,1,1,0,2,2,1,2,      371803701
2023,3718,44,1,1,4,2,1,1,3,      371804401
2023,3718,44,1,1,2,2,2,2,4,      371804401
2023,3718,66,1,1,2,2,2,1,3,      371806601
2023,3718,75,1,1,7,2,1,1,3,      371807501
2023,3718,75,1,1,5,2,2,2,4,      371807501
2023,3719,13,1,1,4,3,2,1,3,      371901301
2023,3719,14,1,1,1,2,2,1,2,      371901401
2023,3719,27,1,1,0,3,2,1,5,      371902701
2023,3719,74,1,1,0,2,2,1,2,      371907401
2023,3719,75,1,1,4,3,2,1,2,      371907501
2023,3719,81,1,1,8,3,2,1,4,      371908101
2023,3719,86,1,1,5,3,1,1,3,      371908601
2023,3719,86,1,1,0,3,2,2,4,      371908601
2023,3720,24,1,1,0,3,2,1,2,      372002401
2023,3720,34,1,1,1,2,2,1,2,      372003401
2023,3720,63,1,1,1,3,2,1,2,      372006301
2023,3720,121,1,1,5,1,2,1,3,      372012101
2023,3720,122,1,1,3,3,2,1,3,      372012201
2023,3721,24,1,1,1,2,2,1,4,      372102401
2023,3721,60,1,1,1,3,2,1,3,      372106001
2023,3721,61,1,1,3,3,2,1,3,      372106101
2023,3721,76,1,2, , ,2,1,2,      372107601
2023,3721,80,1,1,3,3,1,1,3,      372108001
2023,3721,80,1,1,1,3,2,2,4,      372108001
2023,3722,94,1,1,7,3,2,1,6,      372209401
2023,3722,101,1,1,5,3,1,1,3,      372210101
2023,3722,101,1,1,2,3,2,2,4,      372210101
2023,3722,131,1,1,7,2,1,1,4,      372213101
2023,3722,131,1,1,2,3,2,2,5,      372213101
2023,3722,131,2,1,1,3,2,1,3,      372213102
2023,3724,47,1,1,7,3,2,1,2,      372404701
2023,3724,50,1,1,1,0,1,1,3,      372405001
2023,3724,50,1,2, , ,2,2,4,      372405001
2023,3724,96,1,2, , ,2,1,5,      372409601
2023,3724,130,1,1,3,0,2,1,3,      372413001
2023,3724,145,1,1,7,2,2,1,6,      372414501
2023,3724,161,1,1,3,2,2,1,3,      372416101
2023,3724,168,1,1,1,0,2,1,3,      372416801
2023,3726,29,1,1,7,4,2,1,3,      372602901
2023,3726,104,2,1,0,2,2,1,3,      372610402
2023,3727,37,1,1,6,0,2,1,3,      372703701
2023,3728,6,1,1,1,1,2,1,3,      372800601
2023,3728,35,1,1,2,2,2,1,3,      372803501
2023,3728,81,1,1,5,2,1,1,3,      372808101
2023,3728,81,1,1,1,1,2,2,4,      372808101
2023,3728,88,1,1,3,2,2,1,3,      372808801
2023,3728,95,1,1,4,2,2,1,3,      372809501
2023,3729,21,1,1,4,1,1,1,3,      372902101
2023,3729,21,1,1,0,1,2,2,4,      372902101
2023,3729,36,1,1,6,1,1,1,5,      372903601
2023,3729,36,1,1,3,1,2,2,6,      372903601
2023,3729,55,1,1,6,1,1,1,4,      372905501
2023,3729,55,1,1,2,1,2,2,6,      372905501
2023,3729,64,1,1,6,1,2,1,3,      372906401
2023,3729,67,1,1,4,1,2,1,5,      372906701
2023,3729,69,1,1,7,0,2,1,4,      372906901
2023,3729,96,1,1,4,1,2,1,5,      372909601
2023,3731,14,1,1,1,4,1,1,3,      373101401
2023,3731,14,1,1,5,4,2,2,4,      373101401
2023,3731,16,1,1,1,4,1,1,3,      373101601
2023,3731,16,1,1,7,4,2,2,6,      373101601
2023,3731,84,1,1,4,4,1,1,3,      373108401
2023,3731,84,1,1,1,4,2,2,4,      373108401
2023,3731,100,1,1,7,4,1,1,6,      373110001
2023,3731,100,1,1,6,4,1,2,7,      373110001
2023,3731,100,1,1,2,4,2,3,8,      373110001
2023,3731,108,1,1,1,4,1,1,3,      373110801
2023,3731,108,1,1,3,4,2,2,4,      373110801
2023,3732,16,1,1,5,2,1,1,4,      373201601
2023,3732,16,1,1,2,2,2,2,5,      373201601
2023,3732,29,1,1,8,2,2,1,4,      373202901
2023,3732,96,1,1,2,2,2,1,5,      373209601
2023,3733,6,1,1,4,3,1,1,3,      373300601
2023,3733,6,1,1,0,3,2,2,4,      373300601
2023,3733,61,1,1,3,3,2,1,3,      373306101
2023,3733,69,1,1,3,2,2,1,4,      373306901
2023,3733,76,1,1,3,2,1,1,3,      373307601
2023,3733,76,1,1,3,2,2,2,4,      373307601
2023,3733,111,1,1,0,3,2,1,3,      373311101
2023,3734,5,1,1,2,3,1,1,3,      373400501
2023,3734,5,1,1,5,3,2,2,5,      373400501
2023,3734,29,1,1,4,3,2,1,3,      373402901
2023,3734,48,1,1,3,2,2,1,4,      373404801
2023,3734,67,1,1,7,3,1,1,3,      373406701
2023,3734,67,1,1,6,3,1,2,4,      373406701
2023,3734,67,1,1,5,3,1,3,5,      373406701
2023,3734,67,1,1,1,3,2,4,6,      373406701
2023,3734,139,1,1,5,3,2,1,3,      373413901
2023,3734,146,1,1,7,3,2,1,2,      373414601
2023,3735,12,1,1,4,2,2,1,4,      373501201
2023,3735,14,1,1,4,3,2,1,3,      373501401
2023,3735,28,1,1,6,3,1,1,4,      373502801
2023,3735,28,1,1,2,3,2,2,5,      373502801
2023,3735,30,1,1,6,3,1,1,3,      373503001
2023,3735,30,1,1,0,3,2,2,4,      373503001
2023,3735,62,1,1,2,3,2,1,3,      373506201
2023,3735,64,1,1,2,2,1,1,3,      373506401
2023,3735,64,1,1,0,2,2,2,4,      373506401
2023,3736,56,1,2, , ,2,1,8,      373605601
2023,3737,60,1,1,5,2,2,1,4,      373706001
2023,3737,63,1,1,1,2,2,1,3,      373706301
2023,3737,64,1,1,5,2,1,1,2,      373706401
2023,3737,64,1,1,0,2,2,2,3,      373706401
2023,3737,66,1,1,7,2,1,1,4,      373706601
2023,3737,66,1,1,4,2,1,2,5,      373706601
2023,3737,66,1,1,0,2,2,3,6,      373706601
2023,3737,97,1,1,7,2,2,1,4,      373709701
2023,3737,102,1,1,5,2,1,1,3,      373710201
2023,3737,102,1,1,4,2,2,2,4,      373710201
2023,3737,103,1,1,5,2,1,1,3,      373710301
2023,3737,103,1,1,3,2,2,2,4,      373710301
2023,3737,146,1,1,4,2,2,1,3,      373714601
2023,3737,147,1,1,6,2,1,1,4,      373714701
2023,3737,147,1,1,3,2,1,2,5,      373714701
2023,3737,147,1,1,0,2,2,3,7,      373714701
2023,3737,149,1,1,1,2,2,1,3,      373714901
2023,3737,150,1,1,2,2,1,1,3,      373715001
2023,3737,150,1,1,1,2,2,2,4,      373715001
2023,3740,9,1,1,2,3,2,1,4,      374000901
2023,3740,77,1,1,0,3,2,1,2,      374007701
2023,3740,101,1,1,2,3,2,1,4,      374010101
2023,3742,36,1,1,5,2,2,1,4,      374203601
2023,3742,37,1,1,3,3,1,1,3,      374203701
2023,3742,37,1,1,2,3,2,2,4,      374203701
2023,3742,109,1,1,0,1,2,1,3,      374210901
2023,3742,118,1,1,1,1,2,1,2,      374211801
2023,3743,12,1,1,3,2,1,1,3,      374301201
2023,3743,12,1,1,1,2,2,2,4,      374301201
2023,3743,42,1,1,1,1,2,1,5,      374304201
2023,3743,111,1,1,2,0,1,1,3,      374311101
2023,3743,111,1,1,2,0,2,2,4,      374311101
2023,3743,118,1,1,2,1,2,1,6,      374311801
2023,3744,18,1,1,3,0,1,1,4,      374401801
2023,3744,18,1,2, , ,2,2,5,      374401801
2023,3744,58,1,1,0,1,2,1,3,      374405801
2023,3744,114,1,2, , ,2,1,3,      374411401
2023,3744,132,1,1,3,1,2,1,5,      374413201
2023,3746,13,1,1,1,1,2,1,4,      374601301
2023,3746,42,1,2, , ,1,1,3,      374604201
2023,3746,42,1,2, , ,2,2,4,      374604201
2023,3746,58,1,2, , ,2,1,3,      374605801
2023,3746,74,1,2, , ,2,1,4,      374607401
2023,3746,100,1,2, , ,2,1,5,      374610001
2023,3747,15,1,2, , ,2,1,3,      374701501
2023,3747,38,1,1,4,1,2,1,4,      374703801
2023,3747,57,1,1,0,1,2,1,5,      374705701
2023,3747,74,1,1,1,1,2,1,4,      374707401
2023,3747,108,1,1,2,1,2,1,3,      374710801
2023,3752,21,1,1,5,2,1,1,3,      375202101
2023,3752,21,1,1,0,2,2,2,4,      375202101
2023,3752,31,1,1,1,1,2,1,3,      375203101
2023,3752,44,1,1,5,2,2,1,3,      375204401
2023,3752,52,1,1,3,2,2,1,2,      375205201
2023,3752,55,1,1,1,2,2,1,3,      375205501
2023,3752,57,1,1,0,2,1,1,5,      375205701
2023,3752,57,1,1,3,2,2,2,7,      375205701
2023,3753,6,1,1,7,1,1,1,3,      375300601
2023,3753,6,1,1,2,1,2,2,4,      375300601
2023,3753,14,1,1,1,1,1,1,3,      375301401
2023,3753,14,1,1,1,1,2,2,4,      375301401
2023,3753,32,1,1,0,1,2,1,3,      375303201
2023,3753,39,1,1,3,0,1,1,5,      375303901
2023,3753,39,1,1,2,0,2,2,6,      375303901
2023,3753,42,1,1,2,0,2,1,3,      375304201
2023,3754,14,1,1,4,2,2,1,4,      375401401
2023,3754,15,1,1,1,3,2,1,3,      375401501
2023,3754,21,1,1,4,2,2,1,4,      375402101
2023,3754,34,1,1,1,3,1,1,3,      375403401
2023,3754,34,1,1,0,3,2,2,4,      375403401
2023,3754,51,1,1,1,2,2,1,3,      375405101
2023,3755,8,1,1,6,3,2,1,2,      375500801
2023,3755,15,1,1,1,3,2,1,3,      375501501
2023,3755,47,1,1,4,2,1,1,3,      375504701
2023,3755,47,1,1,2,2,2,2,4,      375504701
2023,3755,71,1,1,1,2,1,1,3,      375507101
2023,3755,71,1,1,6,2,2,2,4,      375507101
2023,3755,78,1,1,3,2,1,1,3,      375507801
2023,3755,78,1,1,0,2,2,2,4,      375507801
2023,3756,20,1,1,1,3,2,1,3,      375602001
2023,3756,35,1,1,1,3,2,1,4,      375603501
2023,3757,5,1,1,1,2,2,1,3,      375700501
2023,3757,26,1,1,3,2,1,1,3,      375702601
2023,3757,26,1,1,1,2,2,2,4,      375702601
2023,3757,46,1,1,3,2,2,1,3,      375704601
2023,3757,50,1,1,3,2,2,1,4,      375705001
2023,3757,59,1,1,3,2,2,1,4,      375705901
2023,3757,67,1,2, , ,2,1,4,      375706701
2023,3758,8,1,1,4,1,2,1,4,      375800801
2023,3758,9,1,1,4,2,2,1,3,      375800901
2023,3758,24,1,1,4,2,2,1,4,      375802401
2023,3758,26,1,1,1,2,2,1,3,      375802601
2023,3758,28,1,1,4,1,2,1,3,      375802801
2023,3758,29,1,1,3,2,2,1,3,      375802901
2023,3758,42,1,1,5,1,1,1,3,      375804201
2023,3758,42,1,1,0,1,2,2,4,      375804201
2023,3762,37,1,1,1,1,2,1,4,      376203701
2023,3762,78,1,1,8,1,1,1,3,      376207801
2023,3762,78,1,1,4,1,2,2,4,      376207801
2023,3762,107,1,1,8,1,2,1,3,      376210701
2023,3762,150,1,1,7,1,1,1,3,      376215001
2023,3762,150,1,1,4,1,2,2,4,      376215001
2023,3763,14,1,1,6,2,2,1,4,      376301401
2023,3763,32,1,1,1,2,2,1,5,      376303201
2023,3763,80,1,1,7,2,2,1,4,      376308001
2023,3763,96,1,1,8,2,1,1,4,      376309601
2023,3763,96,1,1,6,2,2,2,5,      376309601
2023,3764,28,1,1,1,1,2,1,4,      376402801
2023,3764,72,1,1,7,3,1,1,3,      376407201
2023,3764,72,1,1,2,3,2,2,5,      376407201
2023,3764,95,1,1,7,2,1,1,4,      376409501
2023,3764,95,1,1,3,2,1,2,5,      376409501
2023,3764,95,1,1,2,3,2,3,6,      376409501
2023,3764,115,1,1,3,3,1,1,4,      376411501
2023,3764,115,1,1,1,3,2,2,5,      376411501
2023,3766,46,1,1,8,2,2,1,4,      376604601
2023,3766,80,1,1,3,2,2,1,3,      376608001
2023,3766,89,1,1,8,2,1,1,7,      376608901
2023,3766,89,1,1,4,2,1,2,8,      376608901
2023,3766,89,1,1,2,2,1,3,9,      376608901
2023,3766,89,1,1,4,2,2,4,12,      376608901
2023,3766,119,1,1,3,2,2,1,4,      376611901
2023,3770,30,1,1,7,1,2,1,3,      377003001
2023,3770,39,2,1,6,1,1,1,3,      377003902
2023,3770,39,2,1,1,1,2,2,4,      377003902
2023,3770,62,1,1,6,1,1,1,5,      377006201
2023,3770,62,1,1,4,1,2,2,6,      377006201
2023,3770,70,1,1,6,1,2,1,4,      377007001
2023,3770,99,1,1,0,1,2,1,3,      377009901
2023,3772,16,1,1,7,3,1,1,4,      377201601
2023,3772,16,1,1,6,3,1,2,5,      377201601
2023,3772,16,1,1,3,3,2,3,6,      377201601
2023,3772,121,1,1,6,3,1,1,3,      377212101
2023,3772,121,1,1,7,3,2,2,6,      377212101
2023,3774,27,1,1,8,3,2,1,4,      377402701
2023,3774,28,1,1,5,3,1,1,3,      377402801
2023,3774,28,1,1,0,3,2,2,4,      377402801
2023,3774,76,1,1,4,3,2,1,4,      377407601
2023,3774,89,1,1,0,3,2,1,4,      377408901
2023,3774,115,1,1,1,3,2,1,3,      377411501
2023,3775,33,1,1,3,2,2,1,2,      377503301
2023,3775,56,1,1,8,2,1,1,3,      377505601
2023,3775,56,1,1,6,2,1,2,4,      377505601
2023,3775,56,1,1,3,2,2,3,5,      377505601
2023,3775,59,1,1,8,2,1,1,2,      377505901
2023,3775,59,1,1,5,2,2,2,3,      377505901
2023,3776,14,1,1,3,3,2,1,3,      377601401
2023,3776,59,1,1,7,3,1,1,4,      377605901
2023,3776,59,1,1,0,3,2,2,5,      377605901
2023,3776,66,1,1,8,1,1,1,2,      377606601
2023,3776,66,1,1,5,1,2,2,3,      377606601
2023,3776,89,1,1,1,3,2,1,4,      377608901
2023,3776,100,1,1,2,3,2,1,7,      377610001
2023,3777,37,1,1,3,1,1,1,4,      377703701
2023,3777,37,1,1,6,1,2,2,6,      377703701
2023,3777,110,1,1,3,1,2,1,2,      377711001
2023,3777,116,2,1,7,1,1,1,2,      377711602
2023,3777,116,2,1,1,1,2,2,3,      377711602
2023,3778,22,1,1,2,2,1,1,2,      377802201
2023,3778,22,1,1,1,3,1,2,3,      377802201
2023,3778,22,1,1,1,3,2,3,4,      377802201
2023,3778,38,1,1,3,2,1,1,4,      377803801
2023,3778,38,1,1,0,2,2,2,5,      377803801
2023,3778,46,1,1,1,2,2,1,3,      377804601
2023,3778,52,1,1,8,2,2,1,3,      377805201
2023,3778,91,1,1,1,2,2,1,5,      377809101
2023,3778,133,1,1,4,3,1,1,3,      377813301
2023,3778,133,1,1,1,3,2,2,4,      377813301
2023,3778,173,1,1,1,2,2,1,6,      377817301
2023,3778,176,1,1,3,3,1,1,3,      377817601
2023,3778,176,1,1,1,3,1,2,4,      377817601
2023,3778,176,1,1,6,3,2,3,6,      377817601
2023,3779,7,1,1,8,2,1,1,3,      377900701
2023,3779,7,1,2, , ,2,2,4,      377900701
2023,3779,8,1,1,6,2,2,1,3,      377900801
2023,3779,9,1,1,7,2,2,1,3,      377900901
2023,3779,21,1,1,0,1,2,1,2,      377902101
2023,3779,23,1,1,5,2,2,1,3,      377902301
2023,3779,31,1,2, , ,1,1,3,      377903101
2023,3779,31,1,2, , ,2,2,4,      377903101
2023,3779,35,1,1,1,2,2,1,3,      377903501
2023,3779,67,1,1,4,2,2,1,3,      377906701
2023,3779,70,1,1,8,2,1,1,3,      377907001
2023,3779,70,1,1,4,2,2,2,4,      377907001
2023,3779,72,1,1,7,1,2,1,7,      377907201
2023,3779,73,1,1,4,2,1,1,6,      377907301
2023,3779,73,1,1,1,2,2,2,7,      377907301
2023,3779,80,1,1,0,2,2,1,3,      377908001
2023,3781,16,1,1,7,3,1,1,3,      378101601
2023,3781,16,1,1,5,3,1,2,4,      378101601
2023,3781,16,1,1,2,3,2,3,5,      378101601
2023,3781,31,1,1,0,3,2,1,5,      378103101
2023,3781,41,1,1,4,3,1,1,5,      378104101
2023,3781,41,1,1,0,3,2,2,6,      378104101
2023,3781,56,1,1,3,3,1,1,4,      378105601
2023,3781,56,1,1,3,3,2,2,5,      378105601
2023,3781,70,1,1,2,3,1,1,3,      378107001
2023,3781,70,1,1,0,3,2,2,4,      378107001
2023,3782,7,1,1,3,2,2,1,3,      378200701
2023,3782,19,1,1,3,3,2,1,4,      378201901
2023,3782,27,1,1,1,2,2,1,3,      378202701
2023,3782,89,1,1,2,2,2,1,4,      378208901
2023,3782,94,1,1,0,2,2,1,4,      378209401
2023,3782,131,1,1,5,2,2,1,3,      378213101
2023,3782,137,1,1,4,2,2,1,4,      378213701
2023,3782,150,1,1,3,2,2,1,3,      378215001
2023,3783,1,1,2, , ,2,1,8,      378300101
2023,3783,17,1,1,7,1,1,1,3,      378301701
2023,3783,17,1,1,7,1,2,2,6,      378301701
2023,3783,141,1,1,4,2,1,1,3,      378314101
2023,3783,141,1,1,1,2,1,2,4,      378314101
2023,3783,141,1,1,7,2,2,3,5,      378314101
2023,3783,155,1,1,4,1,2,1,3,      378315501
2023,3783,176,1,1,1,2,2,1,3,      378317601
2023,3784,41,1,1,1,4,2,1,3,      378404101
2023,3784,50,1,1,6,4,1,1,3,      378405001
2023,3784,50,1,1,0,4,2,2,4,      378405001
2023,3784,113,1,1,7,4,2,1,5,      378411301
2023,3784,117,1,1,0,2,2,1,6,      378411701
2023,3784,129,1,1,8,4,2,1,3,      378412901
2023,3784,133,2,1,1,2,2,1,3,      378413302
2023,3785,21,1,1,8,1,2,1,3,      378502101
2023,3785,25,1,1,2,2,1,1,3,      378502501
2023,3785,25,1,1,0,2,1,2,4,      378502501
2023,3785,25,1,1,7,2,2,3,5,      378502501
2023,3785,41,1,1,3,2,1,1,5,      378504101
2023,3785,41,1,1,6,2,2,2,8,      378504101
2023,3785,52,1,1,1,2,2,1,4,      378505201
2023,3785,62,1,1,0,2,2,1,3,      378506201
2023,3786,21,1,1,8,2,1,1,3,      378602101
2023,3786,21,1,1,6,2,1,2,4,      378602101
2023,3786,21,1,1,1,2,2,3,5,      378602101
2023,3786,56,1,1,0,1,2,1,7,      378605601
2023,3786,69,1,1,2,1,2,1,5,      378606901
2023,3786,75,1,1,8,2,2,1,4,      378607501
2023,3786,80,1,1,1,2,2,1,3,      378608001
2023,3786,110,1,1,7,2,2,1,3,      378611001
2023,3786,113,1,1,5,1,1,1,4,      378611301
2023,3786,113,1,1,2,1,2,2,5,      378611301
2023,3788,20,1,1,3,3,2,1,4,      378802001
2023,3788,32,1,1,5,4,2,1,3,      378803201
2023,3788,44,1,1,3,3,1,1,6,      378804401
2023,3788,44,1,1,1,3,2,2,7,      378804401
2023,3788,46,1,1,8,4,2,1,4,      378804601
2023,3788,75,1,1,9,4,2,1,11,      378807501
2023,3788,90,1,1,3,3,2,1,4,      378809001
2023,3788,114,1,1,1,4,2,1,5,      378811401
2023,3788,118,1,1,3,3,1,1,6,      378811801
2023,3788,118,1,1,0,3,2,2,7,      378811801
2023,3788,129,1,1,9,4,1,1,4,      378812901
2023,3788,129,1,1,7,4,1,2,5,      378812901
2023,3788,129,1,1,0,4,2,3,6,      378812901
2023,3789,1,1,1,2,2,2,1,4,      378900101
2023,3789,13,1,2, , ,2,1,3,      378901301
2023,3789,35,1,1,2,2,1,1,3,      378903501
2023,3789,35,1,1,0,2,2,2,4,      378903501
2023,3789,57,1,1,8,2,2,1,4,      378905701
2023,3789,62,1,1,5,2,2,1,11,      378906201
2023,3789,78,1,1,8,2,1,1,4,      378907801
2023,3789,78,1,1,1,2,2,2,6,      378907801
2023,3790,11,1,1,0,3,2,1,3,      379001101
2023,3790,28,1,1,4,3,2,1,3,      379002801
2023,3790,34,1,1,1,3,1,1,5,      379003401
2023,3790,34,1,1,6,3,2,2,9,      379003401
2023,3790,51,1,1,3,3,1,1,5,      379005101
2023,3790,51,1,1,2,3,2,2,6,      379005101
2023,3790,100,1,1,2,3,2,1,3,      379010001
2023,3790,139,1,1,7,3,1,1,3,      379013901
2023,3790,139,1,1,3,3,2,2,4,      379013901
2023,3793,8,1,1,7,4,1,1,3,      379300801
2023,3793,8,1,1,4,4,2,2,4,      379300801
2023,3793,29,1,1,6,3,1,1,2,      379302901
2023,3793,29,1,1,3,3,1,2,3,      379302901
2023,3793,29,1,1,0,3,2,3,4,      379302901
2023,3793,34,1,1,4,4,2,1,5,      379303401
2023,3793,53,1,1,0,2,2,1,3,      379305301
2023,3794,24,1,1,0,4,2,1,4,      379402401
2023,3794,58,1,1,0,4,2,1,3,      379405801
2023,3794,68,1,1,0,4,2,1,3,      379406801
2023,3794,89,1,1,5,4,1,1,5,      379408901
2023,3794,89,1,1,2,4,1,2,6,      379408901
2023,3794,89,1,1,1,4,2,3,7,      379408901
2023,3795,37,1,1,5,1,2,1,4,      379503701
2023,3795,47,1,1,1,2,2,1,3,      379504701
2023,3795,64,1,1,6,1,1,1,4,      379506401
2023,3795,64,1,2, , ,2,2,5,      379506401
2023,3795,77,1,1,0,2,2,1,2,      379507701
2023,3795,82,1,2, , ,1,1,3,      379508201
2023,3795,82,1,1,1,1,2,2,4,      379508201
2023,3795,84,1,1,0,2,2,1,4,      379508401
2023,3796,7,1,1,6,1,1,1,3,      379600701
2023,3796,7,1,1,4,1,1,2,4,      379600701
2023,3796,7,1,1,3,1,1,3,5,      379600701
2023,3796,7,1,1,1,1,1,4,6,      379600701
2023,3796,7,1,1,0,1,2,5,7,      379600701
2023,3796,8,1,1,6,1,1,1,3,      379600801
2023,3796,8,1,1,4,1,1,2,4,      379600801
2023,3796,8,1,1,2,1,1,3,5,      379600801
2023,3796,8,1,1,0,1,2,4,6,      379600801
2023,3796,16,1,1,5,1,1,1,4,      379601601
2023,3796,16,1,1,2,1,2,2,5,      379601601
2023,3796,33,1,1,5,1,1,1,4,      379603301
2023,3796,33,1,1,2,1,2,2,5,      379603301
2023,3796,34,1,1,4,1,1,1,2,      379603401
2023,3796,34,1,1,1,1,2,2,3,      379603401
2023,3796,35,1,1,3,1,1,1,4,      379603501
2023,3796,35,1,1,2,1,2,2,5,      379603501
2023,3796,36,1,1,2,1,1,1,2,      379603601
2023,3796,36,1,1,0,1,2,2,3,      379603601
2023,3797,1,1,1,3,2,1,1,2,      379700101
2023,3797,1,1,1,1,2,2,2,3,      379700101
2023,3797,2,1,1,5,3,1,1,3,      379700201
2023,3797,2,1,2, , ,2,2,4,      379700201
2023,3797,3,1,1,1,2,2,1,6,      379700301
2023,3797,5,1,1,1,2,2,1,5,      379700501
2023,3797,86,1,1,6,3,1,1,3,      379708601
2023,3797,86,1,1,4,3,1,2,4,      379708601
2023,3797,86,1,2, , ,2,3,5,      379708601
2023,3797,126,1,1,3,2,1,1,3,      379712601
2023,3797,126,1,1,0,2,2,2,4,      379712601
2023,3797,129,1,1,8,3,1,1,4,      379712901
2023,3797,129,1,1,5,3,1,2,5,      379712901
2023,3797,129,1,1,3,3,2,3,6,      379712901
2023,3797,130,1,1,5,2,1,1,5,      379713001
2023,3797,130,1,1,1,2,1,2,6,      379713001
2023,3797,130,1,2, , ,2,3,7,      379713001
2023,3798,6,1,2, , ,2,1,2,      379800601
2023,3798,7,1,2, , ,2,1,7,      379800701
2023,3798,9,1,2, , ,2,1,5,      379800901
2023,3798,10,1,1,6,1,2,1,5,      379801001
2023,3798,90,1,1,1,1,2,1,3,      379809001
2023,3799,21,1,1,1,6,2,1,2,      379902101
2023,3799,38,1,1,6,3,1,1,4,      379903801
2023,3799,38,1,1,0,4,2,2,5,      379903801
2023,3799,47,1,1,1,6,2,1,4,      379904701
2023,3799,63,1,1,6,5,2,1,3,      379906301
2023,3799,71,1,1,0,6,2,1,3,      379907101
2023,3799,98,1,1,0,6,2,1,3,      379909801
2023,3799,110,1,1,3,2,2,1,4,      379911001
2023,3800,79,1,1,3,7,2,1,3,      380007901
2023,3800,101,1,1,6,7,2,1,3,      380010101
2023,3800,126,1,1,0,7,2,1,3,      380012601
2023,3801,71,1,1,0,4,2,1,6,      380107101
2023,3801,71,2,1,6,5,2,1,4,      380107102
2023,3801,91,1,1,7,4,1,1,2,      380109101
2023,3801,91,1,1,3,4,2,2,3,      380109101
2023,3801,101,1,1,3,5,1,1,4,      380110101
2023,3801,101,1,1,1,5,2,2,5,      380110101
2023,3801,113,1,1,8,5,1,1,4,      380111301
2023,3801,113,1,1,4,5,2,2,5,      380111301
2023,3801,126,1,1,8,4,2,1,3,      380112601
2023,3802,5,1,1,0,7,2,1,3,      380200501
2023,3802,22,1,2, , ,2,1,2,      380202201
2023,3802,44,1,1,1,8,1,1,3,      380204401
2023,3802,44,1,1,2,8,2,2,5,      380204401
2023,3802,47,1,1,6,8,2,1,2,      380204701
2023,3802,58,2,1,5,7,2,1,2,      380205802
2023,3802,79,1,1,7,8,2,1,4,      380207901
2023,3803,19,1,1,5,9,1,1,3,      380301901
2023,3803,19,1,1,6,9,1,2,4,      380301901
2023,3803,19,1,1,1,9,1,3,5,      380301901
2023,3803,19,1,1,2,9,1,4,6,      380301901
2023,3803,19,1,1,0,9,2,5,8,      380301901
2023,3803,43,1,1,5,9,2,1,3,      380304301
2023,3803,50,1,1,0,9,1,1,3,      380305001
2023,3803,50,1,1,0,9,2,2,4,      380305001
2023,3803,54,1,1,2,9,1,1,2,      380305401
2023,3803,54,1,1,0,9,2,2,3,      380305401
2023,3804,14,1,1,1,6,2,1,4,      380401401
2023,3804,23,1,1,8,6,1,1,3,      380402301
2023,3804,23,1,1,1,6,2,2,4,      380402301
2023,3804,25,1,1,1,7,1,1,3,      380402501
2023,3804,25,1,1,1,7,2,2,4,      380402501
2023,3804,45,1,1,2,7,2,1,3,      380404501
2023,3804,64,1,1,0,6,2,1,3,      380406401
2023,3804,134,1,1,0,7,2,1,4,      380413401
2023,3804,163,1,1,0,6,2,1,4,      380416301
2023,3805,47,1,1,0,7,2,1,3,      380504701
2023,3805,49,1,1,5,7,2,1,6,      380504901
2023,3805,57,1,1,5,8,2,1,5,      380505701
2023,3805,71,1,1,5,7,1,1,3,      380507101
2023,3805,71,1,1,1,7,2,2,4,      380507101
2023,3805,72,1,1,4,8,2,1,3,      380507201
2023,3805,79,1,1,0,7,2,1,3,      380507901
2023,3805,128,1,1,4,8,2,1,4,      380512801
2023,3805,170,1,1,1,7,2,1,3,      380517001
2023,3806,5,1,1,8,9,2,1,5,      380600501
2023,3806,14,1,1,1,8,2,1,4,      380601401
2023,3806,50,1,1,6,8,2,1,3,      380605001
2023,3806,56,1,1,1,9,2,1,3,      380605601
2023,3806,75,1,1,7,9,1,1,3,      380607501
2023,3806,75,1,1,0,9,2,2,4,      380607501
2023,3807,20,1,1,2,5,2,1,5,      380702001
2023,3807,85,1,1,0,6,2,1,3,      380708501
2023,3807,112,1,1,6,5,1,1,3,      380711201
2023,3807,112,1,1,2,5,2,2,4,      380711201
2023,3807,118,1,1,8,6,2,1,4,      380711801
2023,3808,68,1,1,1,9,2,1,6,      380806801
2023,3808,130,1,1,8,9,1,1,3,      380813001
2023,3808,130,1,1,3,9,2,2,4,      380813001
2023,3808,132,1,1,3,9,1,1,3,      380813201
2023,3808,132,1,1,1,9,2,2,4,      380813201
2023,3808,133,1,1,1,9,1,1,3,      380813301
2023,3808,133,1,1,8,9,2,2,6,      380813301
2023,3808,134,1,1,4,9,1,1,2,      380813401
2023,3808,134,1,1,3,9,2,2,3,      380813401
2023,3808,210,1,1,4,9,2,1,4,      380821001
2023,3808,214,1,1,8,9,1,1,6,      380821401
2023,3808,214,1,1,5,9,1,2,7,      380821401
2023,3808,214,1,1,2,9,2,3,8,      380821401
2023,3809,3,1,1,2,4,1,1,3,      380900301
2023,3809,3,1,1,0,4,2,2,4,      380900301
2023,3809,28,1,1,6,4,2,1,5,      380902801
2023,3809,117,1,1,5,6,1,1,4,      380911701
2023,3809,117,1,1,0,6,2,2,5,      380911701
2023,3809,121,1,1,6,4,1,1,5,      380912101
2023,3809,121,1,1,0,4,2,2,6,      380912101
2023,3810,6,1,1,8,8,1,1,5,      381000601
2023,3810,6,1,1,3,8,1,2,6,      381000601
2023,3810,6,1,1,1,8,2,3,7,      381000601
2023,3810,10,1,1,8,9,1,1,6,      381001001
2023,3810,10,1,2, , ,1,2,7,      381001001
2023,3810,10,1,2, , ,2,3,8,      381001001
2023,3810,25,1,1,1,9,1,1,3,      381002501
2023,3810,25,1,1,4,9,2,2,6,      381002501
2023,3810,32,1,1,3,8,1,1,3,      381003201
2023,3810,32,1,1,1,8,2,2,4,      381003201
2023,3810,94,1,1,5,9,1,1,3,      381009401
2023,3810,94,1,1,3,9,2,2,4,      381009401
2023,3810,95,1,1,7,9,1,1,4,      381009501
2023,3810,95,1,1,6,9,2,2,6,      381009501
2023,3810,97,1,1,6,8,1,1,3,      381009701
2023,3810,97,1,1,5,8,1,2,4,      381009701
2023,3810,97,1,1,2,8,1,3,5,      381009701
2023,3810,97,1,1,0,8,2,4,6,      381009701
2023,3810,98,1,1,2,9,1,1,3,      381009801
2023,3810,98,1,1,0,9,2,2,4,      381009801
2023,3811,41,1,1,7,6,1,1,2,      381104101
2023,3811,41,1,1,8,6,2,2,3,      381104101
2023,3811,45,1,1,0,7,2,1,2,      381104501
2023,3811,64,1,1,0,7,2,1,3,      381106401
2023,3811,80,1,1,7,6,2,1,4,      381108001
2023,3811,81,1,1,3,7,2,1,3,      381108101
2023,3811,82,1,1,6,6,1,1,3,      381108201
2023,3811,82,1,1,4,6,2,2,4,      381108201
2023,3811,84,1,1,2,7,2,1,3,      381108401
2023,3811,87,1,1,8,6,1,1,3,      381108701
2023,3811,87,1,1,5,6,2,2,4,      381108701
2023,3811,124,1,1,0,7,2,1,3,      381112401
2023,3811,126,1,1,8,6,1,1,3,      381112601
2023,3811,126,1,1,4,6,2,2,4,      381112601
2023,3812,61,1,1,8,7,1,1,5,      381206101
2023,3812,61,1,1,4,7,2,2,6,      381206101
2023,3812,63,1,1,2,7,1,1,3,      381206301
2023,3812,63,1,1,0,7,2,2,4,      381206301
2023,3812,65,1,1,1,7,1,1,3,      381206501
2023,3812,65,1,1,7,7,1,2,7,      381206501
2023,3812,65,1,1,5,7,2,3,8,      381206501
2023,3812,148,1,1,1,7,2,1,3,      381214801
2023,3812,149,1,1,7,7,1,1,3,      381214901
2023,3812,149,1,1,5,7,1,2,4,      381214901
2023,3812,149,1,1,2,7,2,3,5,      381214901
2023,3812,150,1,1,3,7,1,1,4,      381215001
2023,3812,150,1,1,1,7,2,2,5,      381215001
2023,3812,205,1,1,2,7,2,1,3,      381220501
2023,3812,206,1,1,7,7,1,1,4,      381220601
2023,3812,206,1,1,4,7,2,2,5,      381220601
2023,3813,27,1,1,8,7,2,1,6,      381302701
2023,3813,31,1,1,0,7,2,1,4,      381303101
2023,3813,152,1,1,5,7,2,1,3,      381315201
2023,3813,153,1,1,6,7,1,1,3,      381315301
2023,3813,153,1,1,1,7,2,2,4,      381315301
2023,3813,154,1,1,8,7,2,1,4,      381315401
2023,3813,155,1,1,4,7,2,1,3,      381315501
2023,3813,157,1,1,0,7,2,1,7,      381315701
2023,3813,158,1,1,0,7,2,1,3,      381315801
2023,3813,161,1,1,0,7,2,1,3,      381316101
2023,3813,162,1,1,5,7,2,1,4,      381316201
2023,3814,24,1,1,1,5,2,1,4,      381402401
2023,3814,26,1,1,0,5,1,1,8,      381402601
2023,3814,26,1,1,0,5,2,2,9,      381402601
2023,3814,28,1,1,6,4,2,1,3,      381402801
2023,3814,85,1,1,6,5,1,1,3,      381408501
2023,3814,85,1,1,4,5,1,2,4,      381408501
2023,3814,85,1,1,0,5,2,3,5,      381408501
2023,3814,86,1,1,3,8,2,1,2,      381408601
2023,3814,87,1,1,0,4,2,1,4,      381408701
2023,3814,88,1,1,4,5,2,1,3,      381408801
2023,3814,90,1,1,5,4,2,1,5,      381409001
2023,3814,91,1,1,4,5,1,1,4,      381409101
2023,3814,91,1,1,3,5,1,2,5,      381409101
2023,3814,91,1,1,0,5,2,3,6,      381409101
2023,3814,92,1,1,1,5,1,1,5,      381409201
2023,3814,92,1,1,0,5,2,2,7,      381409201
2023,3815,13,1,1,5,7,2,1,4,      381501301
2023,3815,16,1,1,1,7,1,1,3,      381501601
2023,3815,16,1,1,1,7,2,2,4,      381501601
2023,3815,32,1,1,4,8,2,1,4,      381503201
2023,3816,27,1,1,2,5,2,1,4,      381602701
2023,3816,30,1,1,7,5,1,1,3,      381603001
2023,3816,30,1,1,6,5,1,2,4,      381603001
2023,3816,30,1,1,2,5,2,3,5,      381603001
2023,3816,31,1,1,5,5,2,1,3,      381603101
2023,3816,52,1,1,6,5,2,1,3,      381605201
2023,3816,53,1,1,5,5,2,1,4,      381605301
2023,3816,54,1,1,2,5,2,1,3,      381605401
2023,3816,92,1,1,8,5,2,1,4,      381609201
2023,3816,93,1,1,1,5,2,1,5,      381609301
2023,3816,94,1,1,7,5,2,1,3,      381609401
2023,3816,95,1,1,4,7,2,1,2,      381609501
2023,3816,96,1,1,0,5,2,1,3,      381609601
2023,3817,13,1,1,4,8,2,1,4,      381701301
2023,3817,14,1,1,0,8,2,1,3,      381701401
2023,3817,36,1,1,9,7,2,1,3,      381703601
2023,3817,38,1,1,0,8,2,1,3,      381703801
2023,3817,39,1,1,4,8,2,1,3,      381703901
2023,3817,71,1,1,5,8,1,1,3,      381707101
2023,3817,71,1,1,1,8,2,2,4,      381707101
2023,3817,72,1,1,3,8,1,1,3,      381707201
2023,3817,72,1,1,0,8,2,2,4,      381707201
2023,3818,77,1,1,8,5,1,1,4,      381807701
2023,3818,77,1,1,0,5,1,2,5,      381807701
2023,3818,77,1,1,7,5,2,3,7,      381807701
2023,3818,79,1,1,1,5,2,1,3,      381807901
2023,3818,80,1,1,5,5,2,1,3,      381808001
2023,3818,81,1,1,8,5,1,1,3,      381808101
2023,3818,81,1,1,7,5,1,2,4,      381808101
2023,3818,81,1,1,2,5,2,3,5,      381808101
2023,3818,98,1,1,1,5,2,1,3,      381809801
2023,3818,104,1,1,4,5,1,1,3,      381810401
2023,3818,104,1,1,1,5,1,2,4,      381810401
2023,3818,104,1,1,8,5,1,3,5,      381810401
2023,3818,104,1,1,6,5,2,4,6,      381810401
2023,3818,105,1,1,6,6,1,1,2,      381810501
2023,3818,105,1,1,0,6,1,2,3,      381810501
2023,3818,105,1,1,4,6,2,3,4,      381810501
2023,3818,129,1,1,5,6,2,1,3,      381812901
2023,3818,133,1,1,7,5,1,1,2,      381813301
2023,3818,133,1,1,6,5,2,2,3,      381813301
2023,3819,21,1,1,1,6,2,1,4,      381902101
2023,3819,38,1,1,2,8,2,1,4,      381903801
2023,3819,123,1,1,2,6,2,1,3,      381912301
2023,3820,98,1,1,3,6,1,1,3,      382009801
2023,3820,98,1,1,1,6,2,2,4,      382009801
2023,3820,112,1,1,3,6,1,1,4,      382011201
2023,3820,112,1,1,1,6,2,2,5,      382011201
2023,3820,134,1,1,4,6,1,1,3,      382013401
2023,3820,134,1,1,1,6,2,2,4,      382013401
2023,3821,80,1,1,3,10,2,1,3,      382108001
2023,3821,184,1,1,5,9,2,1,4,      382118401
2023,3822,15,1,1,5,7,2,1,4,      382201501
2023,3822,24,1,1,6,7,2,1,6,      382202401
2023,3822,57,1,2, , ,1,1,3,      382205701
2023,3822,57,1,1,2,7,2,2,4,      382205701
2023,3822,72,1,1,1,9,2,1,3,      382207201
2023,3822,87,1,1,1,7,2,1,5,      382208701
2023,3822,95,1,2, , ,2,1,3,      382209501
2023,3823,24,1,1,3,7,2,1,4,      382302401
2023,3823,109,1,1,2,6,2,1,2,      382310901
2023,3823,137,1,1,3,6,2,1,4,      382313701
2023,3824,43,1,2, , ,2,1,6,      382404301
2023,3824,63,1,2, , ,2,1,3,      382406301
2023,3824,106,1,1,5,7,2,1,4,      382410601
2023,3824,107,1,1,0,6,2,1,5,      382410701
2023,3824,126,1,2, , ,1,1,4,      382412601
2023,3824,126,1,1,0,7,2,2,5,      382412601
2023,3825,46,1,1,0,8,2,1,3,      382504601
2023,3825,74,1,2, , ,1,1,7,      382507401
2023,3825,74,1,1,0,7,1,2,8,      382507401
2023,3825,74,1,1,1,7,2,3,10,      382507401
2023,3826,47,1,1,6,6,2,1,4,      382604701
2023,3826,49,1,2, , ,1,1,3,      382604901
2023,3826,49,1,1,3,7,1,2,4,      382604901
2023,3826,49,1,1,1,7,2,3,5,      382604901
2023,3826,56,1,1,0,6,2,1,2,      382605601
2023,3826,67,1,1,1,6,2,1,3,      382606701
2023,3826,91,1,2, , ,2,1,4,      382609101
2023,3827,36,1,1,4,9,2,1,2,      382703601
2023,3827,54,1,1,2,10,2,1,4,      382705401
2023,3827,68,1,1,0,9,2,1,3,      382706801
2023,3827,83,1,1,4,9,1,1,3,      382708301
2023,3827,83,1,2, , ,1,2,4,      382708301
2023,3827,83,1,2, , ,2,3,5,      382708301
2023,3827,104,1,1,2,10,2,1,4,      382710401
2023,3827,105,1,1,1,9,2,1,3,      382710501
2023,3828,34,1,1,4,8,2,1,6,      382803401
2023,3828,38,1,1,1,9,2,1,3,      382803801
2023,3828,41,1,1,2,7,2,1,5,      382804101
2023,3828,68,1,1,4,8,1,1,3,      382806801
2023,3828,68,1,1,0,8,2,2,4,      382806801
2023,3828,95,1,1,5,8,2,1,2,      382809501
2023,3828,116,1,1,5,10,1,1,5,      382811601
2023,3828,116,1,1,3,9,2,2,6,      382811601
2023,3829,27,1,1,1,7,2,1,3,      382902701
2023,3829,32,1,1,8,7,1,1,2,      382903201
2023,3829,32,1,1,0,7,2,2,3,      382903201
2023,3829,51,1,1,0,7,1,1,5,      382905101
2023,3829,51,1,1,2,7,2,2,8,      382905101
2023,3829,111,1,1,4,7,2,1,3,      382911101
2023,3830,29,1,1,4,7,2,1,4,      383002901
2023,3830,53,1,1,0,8,2,1,4,      383005301
2023,3830,54,1,1,3,0,2,1,3,      383005401
2023,3831,19,1,1,5,8,2,1,5,      383101901
2023,3831,20,1,1,2,8,2,1,3,      383102001
2023,3831,21,1,1,7,8,1,1,3,      383102101
2023,3831,21,1,1,5,8,1,2,4,      383102101
2023,3831,21,1,1,2,8,2,3,5,      383102101
2023,3831,27,1,1,5,8,1,1,5,      383102701
2023,3831,27,1,1,3,8,2,2,6,      383102701
2023,3831,28,1,1,7,8,1,1,3,      383102801
2023,3831,28,1,1,6,8,2,2,4,      383102801
2023,3831,30,1,1,3,8,1,1,3,      383103001
2023,3831,30,1,1,2,8,2,2,4,      383103001
2023,3831,63,1,1,0,8,2,1,3,      383106301
2023,3831,64,1,1,8,7,1,1,4,      383106401
2023,3831,64,1,1,3,7,2,2,5,      383106401
2023,3831,65,1,1,6,8,1,1,3,      383106501
2023,3831,65,1,1,1,8,2,2,4,      383106501
2023,3831,66,1,1,8,7,2,1,2,      383106601
2023,3832,12,1,1,5,5,2,1,3,      383201201
2023,3832,14,1,1,1,7,1,1,3,      383201401
2023,3832,14,1,1,1,7,2,2,4,      383201401
2023,3833,18,1,1,6,10,2,1,5,      383301801
2023,3833,44,1,1,6,7,1,1,2,      383304401
2023,3833,44,1,1,3,7,1,2,3,      383304401
2023,3833,44,1,1,1,7,2,3,4,      383304401
2023,3833,78,1,1,4,8,2,1,3,      383307801
2023,3833,81,1,1,0,7,2,1,7,      383308101
2023,3833,97,1,1,4,8,2,1,2,      383309701
2023,3834,27,1,1,2,6,2,1,3,      383402701
2023,3834,30,1,1,6,5,1,1,5,      383403001
2023,3834,30,1,1,3,5,2,2,6,      383403001
2023,3834,141,1,1,0,8,2,1,2,      383414101
2023,3834,142,1,1,7,4,2,1,4,      383414201
2023,3834,146,1,1,3,5,2,1,3,      383414601
2023,3834,147,1,1,0,5,2,1,3,      383414701
2023,3834,186,1,1,8,5,1,1,5,      383418601
2023,3834,186,1,1,3,4,2,2,9,      383418601
2023,3834,189,1,1,1,6,2,1,3,      383418901
2023,3834,193,1,1,1,5,2,1,5,      383419301
2023,3834,195,1,1,8,6,1,1,4,      383419501
2023,3834,195,1,1,4,6,1,2,5,      383419501
2023,3834,195,1,1,0,6,2,3,6,      383419501
2023,3835,8,1,1,0,4,2,1,3,      383500801
2023,3835,13,1,1,1,4,2,1,5,      383501301
2023,3835,14,1,1,6,4,2,1,4,      383501401
2023,3835,16,1,1,6,4,2,1,5,      383501601
2023,3835,19,1,1,5,3,2,1,4,      383501901
2023,3835,28,1,1,8,4,2,1,3,      383502801
2023,3835,56,1,1,0,6,1,1,4,      383505601
2023,3835,56,1,1,5,6,2,2,5,      383505601
2023,3835,73,1,1,8,5,1,1,2,      383507301
2023,3835,73,1,1,8,5,2,2,3,      383507301
2023,3835,76,1,1,4,4,2,1,3,      383507601
2023,3836,2,1,1,1,10,1,1,3,      383600201
2023,3836,2,1,1,0,10,2,2,4,      383600201
2023,3836,4,1,1,6,10,2,1,3,      383600401
2023,3836,26,1,1,6,10,1,1,3,      383602601
2023,3836,26,1,1,4,10,1,2,4,      383602601
2023,3836,26,1,1,2,10,2,3,5,      383602601
2023,3837,8,1,1,7,5,2,1,3,      383700801
2023,3837,24,1,1,1,5,2,1,4,      383702401
2023,3837,53,1,1,1,5,1,1,3,      383705301
2023,3837,53,1,1,0,5,2,2,4,      383705301
2023,3837,60,1,1,3,5,2,1,3,      383706001
2023,3838,45,1,1,5,7,1,1,4,      383804501
2023,3838,45,1,1,0,7,2,2,5,      383804501
2023,3838,82,1,1,5,10,2,1,4,      383808201
2023,3838,101,1,1,1,7,1,1,3,      383810101
2023,3838,101,1,1,0,7,2,2,4,      383810101
2023,3839,16,1,1,0,9,2,1,4,      383901601
2023,3839,37,1,1,5,6,2,1,5,      383903701
2023,3839,43,1,1,0,7,1,1,3,      383904301
2023,3839,43,1,1,0,7,2,2,5,      383904301
2023,3839,53,1,1,0,7,2,1,3,      383905301
2023,3839,140,1,1,0,9,2,1,3,      383914001
2023,3840,3,1,1,1,8,2,1,3,      384000301
2023,3840,46,1,1,8,8,2,1,5,      384004601
2023,3841,26,1,1,4,6,2,1,4,      384102601
2023,3841,66,1,1,1,6,2,1,4,      384106601
2023,3841,69,1,1,7,6,2,1,2,      384106901
2023,3841,107,1,1,5,6,1,1,3,      384110701
2023,3841,107,1,1,1,6,2,2,4,      384110701
2023,3842,17,1,1,2,7,2,1,3,      384201701
2023,3842,19,1,1,1,7,2,1,3,      384201901
2023,3842,49,1,1,6,7,2,1,3,      384204901
2023,3842,86,1,1,8,7,2,1,3,      384208601
2023,3842,88,1,1,2,7,2,1,3,      384208801
2023,3843,6,1,1,8,9,1,1,3,      384300601
2023,3843,6,1,1,1,9,2,2,4,      384300601
2023,3843,53,1,1,1,9,2,1,3,      384305301
2023,3843,88,1,1,5,9,1,1,4,      384308801
2023,3843,88,1,1,3,9,1,2,5,      384308801
2023,3843,88,1,1,1,9,2,3,6,      384308801
2023,3843,106,1,1,0,9,1,1,3,      384310601
2023,3843,106,1,1,0,9,2,2,4,      384310601
2023,3843,127,1,1,2,9,1,1,2,      384312701
2023,3843,127,1,1,1,9,2,2,3,      384312701
2023,3844,6,1,1,3,5,1,1,3,      384400601
2023,3844,6,1,1,1,5,2,2,4,      384400601
2023,3844,11,1,1,4,5,1,1,4,      384401101
2023,3844,11,1,1,1,5,2,2,5,      384401101
2023,3844,14,1,1,1,5,2,1,3,      384401401
2023,3844,29,1,1,0,4,2,1,2,      384402901
2023,3844,30,1,1,0,5,2,1,4,      384403001
2023,3844,69,1,1,1,5,1,1,3,      384406901
2023,3844,69,1,1,0,5,2,2,4,      384406901
2023,3845,5,1,1,6,4,1,1,4,      384500501
2023,3845,5,1,1,4,4,1,2,5,      384500501
2023,3845,5,1,1,1,4,2,3,6,      384500501
2023,3845,7,1,1,4,4,1,1,3,      384500701
2023,3845,7,1,1,3,4,1,2,4,      384500701
2023,3845,7,1,1,0,4,2,3,5,      384500701
2023,3845,77,1,1,3,4,2,1,3,      384507701
2023,3845,79,1,1,4,4,2,1,3,      384507901
2023,3845,80,1,1,5,4,2,1,4,      384508001
2023,3845,82,1,1,1,4,2,1,4,      384508201
2023,3845,84,1,1,7,4,2,1,4,      384508401
2023,3846,17,1,1,3,9,2,1,2,      384601701
2023,3846,69,1,1,6,9,2,1,5,      384606901
2023,3846,71,1,1,8,9,1,1,3,      384607101
2023,3846,71,1,1,5,9,2,2,4,      384607101
2023,3846,72,1,1,2,9,2,1,3,      384607201
2023,3846,73,1,1,1,9,2,1,4,      384607301
2023,3846,124,1,1,2,9,1,1,3,      384612401
2023,3846,124,1,1,0,9,2,2,4,      384612401
2023,3846,125,1,1,2,8,2,1,4,      384612501
2023,3846,127,1,1,6,9,1,1,3,      384612701
2023,3846,127,1,1,4,9,1,2,4,      384612701
2023,3846,127,1,1,0,9,2,3,5,      384612701
2023,3846,128,1,1,6,9,2,1,4,      384612801
2023,3847,27,1,1,1,7,1,1,2,      384702701
2023,3847,27,1,1,1,7,2,2,3,      384702701
2023,3847,50,1,1,3,7,2,1,4,      384705001
2023,3847,51,1,1,3,7,1,1,3,      384705101
2023,3847,51,1,1,1,7,2,2,4,      384705101
2023,3847,54,1,1,4,7,2,1,5,      384705401
2023,3847,59,1,1,7,7,1,1,3,      384705901
2023,3847,59,1,1,5,7,2,2,4,      384705901
2023,3848,24,1,1,8,8,2,1,3,      384802401
2023,3848,30,1,1,0,8,2,1,3,      384803001
2023,3848,31,1,1,4,8,2,1,2,      384803101
2023,3848,99,1,1,3,8,2,1,3,      384809901
2023,3848,100,1,1,2,8,2,1,3,      384810001
2023,3848,102,1,1,2,8,2,1,3,      384810201
2023,3848,163,1,1,4,8,1,1,3,      384816301
2023,3848,163,1,1,2,8,2,2,4,      384816301
2023,3848,164,1,1,8,8,1,1,4,      384816401
2023,3848,164,1,1,0,8,2,2,5,      384816401
2023,3848,165,1,1,1,8,2,1,3,      384816501
2023,3849,2,1,1,8,7,2,1,3,      384900201
2023,3849,15,1,1,3,7,1,1,3,      384901501
2023,3849,15,1,1,0,7,2,2,4,      384901501
2023,3849,18,1,1,5,9,2,1,3,      384901801
2023,3850,25,1,1,4,5,2,1,3,      385002501
2023,3850,26,1,1,4,5,2,1,2,      385002601
2023,3850,44,1,1,4,5,2,1,3,      385004401
2023,3850,68,1,1,7,5,2,1,3,      385006801
2023,3850,70,1,1,6,4,2,1,3,      385007001
2023,3851,57,1,1,0,4,2,1,4,      385105701
2023,3851,61,1,1,7,3,2,1,3,      385106101
2023,3851,132,1,1,5,4,2,1,2,      385113201
2023,3851,138,1,1,8,4,1,1,2,      385113801
2023,3851,138,1,1,0,4,2,2,3,      385113801
2023,3851,140,1,1,5,4,1,1,5,      385114001
2023,3851,140,1,1,5,4,1,2,6,      385114001
2023,3851,140,1,1,2,4,1,3,7,      385114001
2023,3851,140,1,1,0,4,2,4,8,      385114001
2023,3852,8,1,1,8,6,2,1,4,      385200801
2023,3852,28,1,1,1,6,2,1,3,      385202801
2023,3852,52,1,1,8,6,1,1,4,      385205201
2023,3852,52,1,1,4,6,2,2,5,      385205201
2023,3852,78,1,1,6,6,1,1,4,      385207801
2023,3852,78,1,1,1,6,2,2,5,      385207801
2023,3852,82,1,1,1,6,2,1,2,      385208201
2023,3853,124,1,1,8,9,1,1,2,      385312401
2023,3853,124,1,1,1,9,2,2,3,      385312401
2023,3853,125,1,1,8,9,1,1,5,      385312501
2023,3853,125,1,1,6,9,2,2,6,      385312501
2023,3853,127,1,1,4,4,1,1,9,      385312701
2023,3853,127,1,1,5,9,1,2,12,      385312701
2023,3853,127,1,1,0,9,1,3,13,      385312701
2023,3853,127,1,1,2,9,2,4,15,      385312701
2023,3853,128,1,1,0,9,2,1,3,      385312801
2023,3853,129,1,1,7,9,2,1,5,      385312901
2023,3853,151,1,1,7,9,1,1,5,      385315101
2023,3853,151,1,1,1,9,2,2,6,      385315101
2023,3854,118,1,2, , ,2,1,4,      385411801
2023,3854,150,1,1,4,7,2,1,2,      385415001
2023,3855,7,1,1,8,9,1,1,4,      385500701
2023,3855,7,1,1,5,9,1,2,5,      385500701
2023,3855,7,1,1,5,9,1,3,6,      385500701
2023,3855,7,1,1,4,9,1,4,7,      385500701
2023,3855,7,1,1,1,9,2,5,9,      385500701
2023,3855,15,1,1,0,6,2,1,4,      385501501
2023,3855,48,1,1,7,10,2,1,3,      385504801
2023,3856,18,1,1,5,6,1,1,4,      385601801
2023,3856,18,1,1,3,6,2,2,5,      385601801
2023,3856,47,1,2, , ,2,1,5,      385604701
2023,3856,72,1,1,7,5,1,1,3,      385607201
2023,3856,72,1,1,5,5,1,2,4,      385607201
2023,3856,72,1,1,3,5,2,3,5,      385607201
2023,3856,74,1,2, , ,2,1,3,      385607401
2023,3858,76,1,1,3,7,2,1,3,      385807601
2023,3858,87,1,1,1,7,1,1,4,      385808701
2023,3858,87,1,1,1,7,1,2,5,      385808701
2023,3858,87,1,2, , ,2,3,6,      385808701
2023,3858,107,1,1,2,8,1,1,3,      385810701
2023,3858,107,1,1,1,8,1,2,4,      385810701
2023,3858,107,1,1,0,8,2,3,5,      385810701
2023,3858,113,1,1,1,8,1,1,6,      385811301
2023,3858,113,1,1,1,8,1,2,7,      385811301
2023,3858,113,1,1,0,8,2,3,14,      385811301
2023,3859,31,1,1,4,4,2,1,3,      385903101
2023,3859,57,1,1,0,4,2,1,2,      385905701
2023,3859,131,1,1,5,4,1,1,3,      385913101
2023,3859,131,1,1,6,4,1,2,4,      385913101
2023,3859,131,1,1,2,4,1,3,5,      385913101
2023,3859,131,1,1,0,4,1,4,6,      385913101
2023,3859,131,1,1,0,1,2,5,9,      385913101
2023,3859,132,1,1,5,4,1,1,3,      385913201
2023,3859,132,1,1,4,4,2,2,4,      385913201
2023,3861,52,1,1,0,4,2,1,3,      386105201
2023,3862,27,1,1,0,5,2,1,3,      386202701
2023,3862,136,1,2, , ,1,1,3,      386213601
2023,3862,136,1,1,1,5,2,2,4,      386213601
2023,3862,146,1,1,5,0,1,1,3,      386214601
2023,3862,146,1,1,3,0,2,2,4,      386214601
2023,3863,6,1,1,2,6,1,1,4,      386300601
2023,3863,6,1,1,2,6,2,2,5,      386300601
2023,3863,100,1,1,4,6,1,1,5,      386310001
2023,3863,100,1,1,0,6,2,2,6,      386310001
2023,3864,5,1,1,0,9,2,1,2,      386400501
2023,3864,26,1,1,0,9,2,1,3,      386402601
2023,3864,26,3,1,0,9,1,1,3,      386402603
2023,3864,26,3,1,0,9,2,2,4,      386402603
2023,3864,85,1,1,0,9,2,1,4,      386408501
2023,3864,119,1,2, , ,2,1,3,      386411901
2023,3865,18,1,1,2,7,2,1,5,      386501801
2023,3865,24,1,1,1,4,2,1,4,      386502401
2023,3865,67,1,8, , ,2,1,7,      386506701
2023,3865,79,1,1,0,5,2,1,3,      386507901
2023,3865,86,1,1,0,4,2,1,5,      386508601
2023,3865,108,1,1,0,5,2,1,5,      386510801
2023,3866,5,1,1,1,3,1,1,5,      386600501
2023,3866,5,1,1,1,3,1,2,6,      386600501
2023,3866,5,1,2, , ,2,3,7,      386600501
2023,3866,15,1,1,0,2,2,1,2,      386601501
2023,3866,53,1,2, , ,2,1,4,      386605301
2023,3866,63,1,1,5,3,1,1,2,      386606301
2023,3866,63,1,1,0,3,2,2,3,      386606301
2023,3866,70,1,2, , ,1,1,3,      386607001
2023,3866,70,1,2, , ,2,2,4,      386607001
2023,3867,5,1,1,0,3,2,1,3,      386700501
2023,3867,17,1,1,4,3,2,1,4,      386701701
2023,3867,27,1,1,1,6,1,1,3,      386702701
2023,3867,27,1,1,0,6,2,2,4,      386702701
2023,3867,39,1,1,7,4,2,1,3,      386703901
2023,3867,40,1,1,0,6,1,1,2,      386704001
2023,3867,40,1,1,0,6,2,2,3,      386704001
2023,3867,42,1,1,1,7,1,1,3,      386704201
2023,3867,42,1,1,0,7,1,2,4,      386704201
2023,3867,42,1,2, , ,2,3,5,      386704201
2023,3867,54,1,1,4,6,1,1,2,      386705401
2023,3867,54,1,1,0,6,2,2,3,      386705401
2023,3868,7,1,1,1,8,2,1,2,      386800701
2023,3868,56,1,1,1,6,2,1,4,      386805601
2023,3869,28,1,1,0,8,1,1,3,      386902801
2023,3869,28,1,1,2,8,2,2,4,      386902801
2023,3869,44,1,1,4,8,2,1,4,      386904401
2023,3869,48,1,1,1,8,2,1,3,      386904801
2023,3869,50,1,1,1,8,2,1,3,      386905001
2023,3869,66,1,1,4,8,1,1,4,      386906601
2023,3869,66,1,1,1,8,1,2,5,      386906601
2023,3869,66,1,1,1,8,2,3,6,      386906601
2023,3869,67,1,1,2,7,2,1,3,      386906701
2023,3869,72,1,1,5,7,1,1,2,      386907201
2023,3869,72,1,1,2,7,2,2,3,      386907201
2023,3870,11,1,1,1,7,1,1,3,      387001101
2023,3870,11,1,1,0,7,2,2,4,      387001101
2023,3870,24,1,1,0,7,1,1,5,      387002401
2023,3870,24,1,1,0,7,2,2,6,      387002401
2023,3870,31,1,1,0,7,2,1,3,      387003101
2023,3870,43,1,1,0,7,2,1,3,      387004301
2023,3871,23,1,1,6,3,2,1,4,      387102301
2023,3871,48,1,1,5,5,2,1,4,      387104801
2023,3871,51,1,1,3,4,2,1,5,      387105101
2023,3871,58,1,1,8,5,2,1,2,      387105801
2023,3872,16,1,1,0,5,2,1,3,      387201601
2023,3872,18,1,1,1,5,2,1,4,      387201801
2023,3872,23,1,1,0,5,2,1,3,      387202301
2023,3872,26,1,1,2,5,1,1,3,      387202601
2023,3872,26,1,1,2,5,2,2,4,      387202601
2023,3872,35,1,1,0,5,2,1,5,      387203501
2023,3873,5,1,1,2,5,2,1,4,      387300501
2023,3873,19,1,1,2,2,1,1,5,      387301901
2023,3873,19,1,1,2,3,2,2,6,      387301901
2023,3873,27,1,1,1,5,2,1,11,      387302701
2023,3873,31,1,1,4,5,1,1,3,      387303101
2023,3873,31,1,1,3,4,2,2,4,      387303101
2023,3873,43,1,1,2,4,2,1,3,      387304301
2023,3873,53,1,1,4,5,2,1,3,      387305301
2023,3873,54,1,1,1,5,2,1,3,      387305401
2023,3873,74,1,1,8,4,2,1,4,      387307401
2023,3873,78,1,1,4,5,1,1,4,      387307801
2023,3873,78,1,1,1,5,1,2,5,      387307801
2023,3873,78,1,1,1,5,2,3,8,      387307801
2023,3873,91,1,1,3,4,1,1,5,      387309101
2023,3873,91,1,1,2,4,1,2,6,      387309101
2023,3873,91,1,1,0,4,2,3,7,      387309101
2023,3874,7,1,2, , ,2,1,2,      387400701
2023,3874,16,1,2, , ,1,1,3,      387401601
2023,3874,16,1,2, , ,2,2,4,      387401601
2023,3874,18,1,2, , ,2,1,3,      387401801
2023,3874,20,1,1,6,9,2,1,2,      387402001
2023,3875,13,1,1,5,6,1,1,3,      387501301
2023,3875,13,1,1,4,6,2,2,4,      387501301
2023,3875,44,1,1,7,6,1,1,4,      387504401
2023,3875,44,1,1,2,6,2,2,5,      387504401
2023,3875,56,1,1,7,6,1,1,6,      387505601
2023,3875,56,1,1,6,6,2,2,7,      387505601
2023,3875,58,1,1,1,6,1,1,3,      387505801
2023,3875,58,1,1,0,6,2,2,4,      387505801
2023,3876,47,1,1,1,6,2,1,4,      387604701
2023,3876,62,1,1,2,7,2,1,3,      387606201
2023,3877,51,1,1,2,6,2,1,5,      387705101
2023,3877,55,1,1,0,7,2,1,2,      387705501
2023,3877,66,1,1,1,7,2,1,3,      387706601
2023,3877,85,1,1,0,6,1,1,2,      387708501
2023,3877,85,1,1,0,6,2,2,4,      387708501
2023,3878,18,1,1,0,6,2,1,3,      387801801
2023,3878,57,1,1,4,6,1,1,3,      387805701
2023,3878,57,1,1,0,7,2,2,4,      387805701
2023,3878,65,1,1,5,7,2,1,3,      387806501
2023,3878,135,1,1,8,7,2,1,5,      387813501
2023,3879,6,1,1,0,9,2,1,5,      387900601
2023,3880,26,1,1,7,6,1,1,4,      388002601
2023,3880,26,1,1,1,6,2,2,5,      388002601
2023,3880,45,1,1,2,7,2,1,3,      388004501
2023,3880,46,1,1,0,6,2,1,3,      388004601
2023,3880,60,1,1,6,6,1,1,5,      388006001
2023,3880,60,1,1,6,6,2,2,6,      388006001
2023,3881,2,1,1,7,3,2,1,3,      388100201
2023,3881,20,1,1,2,4,2,1,2,      388102001
2023,3881,26,1,1,3,4,2,1,3,      388102601
2023,3881,37,1,1,0,4,2,1,3,      388103701
2023,3881,50,1,1,4,3,2,1,4,      388105001
2023,3881,62,1,1,8,4,1,1,4,      388106201
2023,3881,62,1,1,7,4,1,2,5,      388106201
2023,3881,62,1,1,3,4,1,3,6,      388106201
2023,3881,62,1,1,1,0,2,4,7,      388106201
2023,3882,3,1,1,8,5,2,1,3,      388200301
2023,3882,8,1,1,0,5,2,1,3,      388200801
2023,3882,23,1,1,5,5,1,1,2,      388202301
2023,3882,23,1,1,2,5,2,2,3,      388202301
2023,3882,27,1,1,7,5,2,1,3,      388202701
2023,3882,34,1,1,3,5,1,1,4,      388203401
2023,3882,34,1,1,0,5,2,2,5,      388203401
2023,3882,44,1,1,3,5,1,1,4,      388204401
2023,3882,44,1,1,1,5,2,2,5,      388204401
2023,3882,49,1,1,8,5,1,1,3,      388204901
2023,3882,49,1,1,2,5,2,2,4,      388204901
2023,3883,3,1,1,0,8,2,1,3,      388300301
2023,3883,10,1,1,3,10,2,1,3,      388301001
2023,3883,24,1,1,0,10,1,1,3,      388302401
2023,3883,24,1,1,1,10,2,2,4,      388302401
2023,3883,31,1,1,7,8,2,1,3,      388303101
2023,3883,62,1,1,8,10,1,1,2,      388306201
2023,3883,62,1,1,4,10,1,2,3,      388306201
2023,3883,62,1,1,0,10,1,3,4,      388306201
2023,3883,62,1,1,0,10,2,4,5,      388306201
2023,3883,75,1,1,1,10,2,1,3,      388307501
2023,3884,5,1,1,5,8,1,1,4,      388400501
2023,3884,5,1,1,1,8,2,2,5,      388400501
2023,3884,24,1,1,0,8,2,1,4,      388402401
2023,3884,42,1,1,5,8,2,1,4,      388404201
2023,3884,54,1,1,6,8,2,1,3,      388405401
2023,3884,85,1,1,3,10,2,1,3,      388408501
2023,3884,86,1,1,1,8,2,1,2,      388408601
2023,3884,95,1,1,0,9,2,1,3,      388409501
2023,3885,26,1,1,1,7,2,1,3,      388502601
2023,3885,29,1,1,5,7,2,1,3,      388502901
2023,3885,42,1,1,5,7,2,1,3,      388504201
2023,3885,50,1,1,2,7,2,1,3,      388505001
2023,3885,67,1,1,6,8,2,1,4,      388506701
2023,3885,68,1,1,8,8,2,1,3,      388506801
2023,3886,5,1,1,3,8,2,1,3,      388600501
2023,3886,20,1,1,2,8,2,1,4,      388602001
2023,3886,21,1,1,7,8,2,1,6,      388602101
2023,3886,22,1,1,6,8,2,1,4,      388602201
2023,3886,30,1,1,3,8,1,1,4,      388603001
2023,3886,30,1,1,0,8,2,2,5,      388603001
2023,3886,42,1,1,5,8,2,1,3,      388604201
2023,3886,47,1,1,8,8,1,1,4,      388604701
2023,3886,47,1,1,4,8,1,2,5,      388604701
2023,3886,47,1,1,2,8,2,3,6,      388604701
2023,3887,23,1,1,4,7,1,1,3,      388702301
2023,3887,23,1,1,0,7,2,2,4,      388702301
2023,3887,26,1,1,3,7,2,1,4,      388702601
2023,3887,30,1,1,7,7,2,1,4,      388703001
2023,3887,82,1,1,7,7,2,1,3,      388708201
2023,3887,84,1,1,0,7,2,1,3,      388708401
2023,3887,88,1,1,2,7,2,1,3,      388708801
2023,3887,109,1,1,7,7,2,1,4,      388710901
2023,3887,113,1,1,7,7,1,1,3,      388711301
2023,3887,113,1,1,4,7,2,2,4,      388711301
2023,3888,22,1,1,5,8,1,1,4,      388802201
2023,3888,22,1,1,5,8,1,2,5,      388802201
2023,3888,22,1,1,3,8,1,3,6,      388802201
2023,3888,22,1,1,3,8,2,4,8,      388802201
2023,3888,45,1,1,7,8,1,1,4,      388804501
2023,3888,45,1,1,2,8,2,2,5,      388804501
2023,3888,69,1,1,5,8,2,1,4,      388806901
2023,3888,70,1,1,0,10,2,1,6,      388807001
2023,3889,26,1,1,0,5,2,1,3,      388902601
2023,3889,27,1,1,0,6,2,1,2,      388902701
2023,3889,29,1,1,2,6,2,1,4,      388902901
2023,3889,30,1,1,6,5,2,1,4,      388903001
2023,3889,111,1,1,5,6,2,1,5,      388911101
2023,3889,143,1,1,7,6,2,1,3,      388914301
2023,3889,147,1,1,8,6,2,1,3,      388914701
2023,3890,52,1,1,1,4,2,1,4,      389005201
2023,3890,55,1,1,5,4,2,1,6,      389005501
2023,3890,82,1,1,1,4,1,1,3,      389008201
2023,3890,82,1,1,7,4,2,2,4,      389008201
2023,3890,84,1,1,0,4,2,1,3,      389008401
2023,3890,86,1,1,5,4,2,1,5,      389008601
2023,3890,118,1,1,1,4,2,1,2,      389011801
2023,3890,125,1,1,0,4,2,1,3,      389012501
2023,3890,126,1,1,1,4,2,1,5,      389012601
2023,3891,1,1,1,7,5,2,1,5,      389100101
2023,3891,4,1,1,1,5,2,1,3,      389100401
2023,3891,57,1,1,8,5,2,1,3,      389105701
2023,3891,58,1,1,7,5,1,1,4,      389105801
2023,3891,58,1,1,6,5,2,2,5,      389105801
2023,3891,62,1,1,4,5,1,1,3,      389106201
2023,3891,62,1,1,2,5,2,2,4,      389106201
2023,3891,118,1,1,5,5,2,1,3,      389111801
2023,3891,119,1,1,8,5,1,1,2,      389111901
2023,3891,119,1,1,2,5,2,2,3,      389111901
2023,3892,2,1,1,9,4,2,1,6,      389200201
2023,3892,3,1,1,4,4,2,1,4,      389200301
2023,3892,12,1,1,7,4,2,1,3,      389201201
2023,3892,18,1,1,0,4,2,1,4,      389201801
2023,3892,26,1,1,6,4,2,1,4,      389202601
2023,3892,36,1,1,8,4,1,1,4,      389203601
2023,3892,36,1,1,6,4,2,2,5,      389203601
2023,3892,44,1,1,4,4,2,1,3,      389204401
2023,3892,47,1,1,5,4,2,1,2,      389204701
2023,3893,27,1,1,8,6,1,1,4,      389302701
2023,3893,27,1,1,6,6,2,2,5,      389302701
2023,3893,30,1,1,1,6,2,1,5,      389303001
2023,3893,31,1,1,6,6,1,1,3,      389303101
2023,3893,31,1,1,1,6,2,2,5,      389303101
2023,3893,52,1,1,7,6,2,1,4,      389305201
2023,3893,60,1,1,5,6,2,1,4,      389306001
2023,3893,61,1,1,8,6,1,1,2,      389306101
2023,3893,61,1,1,1,6,2,2,3,      389306101
2023,3893,79,1,1,1,6,2,1,5,      389307901
2023,3893,80,1,1,5,6,1,1,5,      389308001
2023,3893,80,1,1,2,6,2,2,6,      389308001
2023,3894,3,1,1,8,10,1,1,6,      389400301
2023,3894,3,1,1,1,10,2,2,7,      389400301
2023,3894,27,1,1,1,10,1,1,3,      389402701
2023,3894,27,1,1,1,10,1,2,4,      389402701
2023,3894,27,1,1,0,10,2,3,5,      389402701
2023,3894,28,1,1,7,6,2,1,4,      389402801
2023,3894,66,1,1,6,10,1,1,4,      389406601
2023,3894,66,1,1,0,10,2,2,5,      389406601
2023,3894,67,1,1,4,9,1,1,3,      389406701
2023,3894,67,1,1,3,9,2,2,4,      389406701
2023,3894,68,1,1,0,10,2,1,5,      389406801
2023,3895,57,1,2, , ,1,1,7,      389505701
2023,3895,57,1,2, , ,2,2,10,      389505701
2023,3895,58,1,2, , ,2,1,4,      389505801
2023,3895,74,1,1,3,6,2,1,3,      389507401
2023,3895,79,1,2, , ,2,1,2,      389507901
2023,3895,91,1,2, , ,1,1,4,      389509101
2023,3895,91,1,2, , ,2,2,5,      389509101
2023,3896,17,1,2, , ,2,1,4,      389601701
2023,3897,31,1,1,1,9,2,1,3,      389703101
2023,3897,121,1,1,2,11,1,1,3,      389712101
2023,3897,121,1,1,1,11,2,2,4,      389712101
2023,3897,128,1,1,1,9,2,1,4,      389712801
2023,3897,183,1,1,1,10,2,1,5,      389718301
2023,3898,1,1,1,1,5,1,1,2,      389800101
2023,3898,1,1,1,0,5,2,2,4,      389800101
2023,3898,4,1,1,6,5,1,1,2,      389800401
2023,3898,4,1,1,2,5,2,2,3,      389800401
2023,3898,37,1,1,4,5,1,1,3,      389803701
2023,3898,37,1,1,2,5,2,2,4,      389803701
2023,3898,56,1,1,4,5,1,1,3,      389805601
2023,3898,56,1,1,8,5,2,2,5,      389805601
2023,3898,74,1,1,5,4,2,1,3,      389807401
2023,3898,103,1,1,8,5,2,1,4,      389810301
2023,3899,51,1,2, , ,1,1,5,      389905101
2023,3899,51,1,1,5,9,1,2,7,      389905101
2023,3899,51,1,1,1,9,1,3,8,      389905101
2023,3899,51,1,1,1,9,2,4,9,      389905101
2023,3899,93,1,1,1,10,1,1,4,      389909301
2023,3899,93,1,2, , ,2,2,5,      389909301
2023,3899,98,1,1,5,10,1,1,4,      389909801
2023,3899,98,1,1,4,10,1,2,5,      389909801
2023,3899,98,1,1,0,10,2,3,6,      389909801
2023,3899,143,1,1,8,10,2,1,4,      389914301
2023,3900,27,1,1,7,7,2,1,3,      390002701
2023,3900,29,1,2, , ,1,1,4,      390002901
2023,3900,29,1,2, , ,2,2,5,      390002901
2023,3900,32,1,1,0,7,1,1,4,      390003201
2023,3900,32,1,1,0,7,2,2,5,      390003201
2023,3900,50,1,1,2,7,2,1,3,      390005001
2023,3900,61,1,1,2,8,2,1,2,      390006101
2023,3901,26,1,1,0,7,2,1,3,      390102601
2023,3901,27,1,1,5,6,1,1,4,      390102701
2023,3901,27,1,1,3,6,1,2,5,      390102701
2023,3901,27,1,1,2,6,2,3,6,      390102701
2023,3901,82,1,2, , ,1,1,3,      390108201
2023,3901,82,1,2, , ,2,2,4,      390108201
2023,3901,84,1,2, , ,1,1,3,      390108401
2023,3901,84,1,2, , ,2,2,4,      390108401
2023,3901,85,1,2, , ,2,1,2,      390108501
2023,3901,122,1,1,1,6,2,1,3,      390112201
2023,3902,41,1,1,7,8,2,1,5,      390204101
2023,3902,42,1,1,1,9,2,1,4,      390204201
2023,3902,43,1,1,3,8,2,1,2,      390204301
2023,3902,44,1,1,5,9,1,1,5,      390204401
2023,3902,44,1,1,6,9,2,2,6,      390204401
2023,3902,45,1,1,7,8,2,1,3,      390204501
2023,3902,72,1,1,7,9,1,1,3,      390207201
2023,3902,72,1,1,3,9,1,2,4,      390207201
2023,3902,72,1,1,0,9,2,3,5,      390207201
2023,3902,74,1,1,8,9,1,1,6,      390207401
2023,3902,74,1,1,4,9,1,2,7,      390207401
2023,3902,74,1,1,2,9,2,3,8,      390207401
2023,3902,76,1,1,1,9,2,1,5,      390207601
2023,3902,99,1,1,4,8,2,1,4,      390209901
2023,3902,100,1,1,8,9,2,1,5,      390210001
2023,3902,101,1,1,2,8,2,1,3,      390210101
2023,3903,24,1,1,4,5,1,1,3,      390302401
2023,3903,24,1,1,2,5,2,2,4,      390302401
2023,3903,25,1,1,6,4,1,1,3,      390302501
2023,3903,25,1,1,4,4,2,2,4,      390302501
2023,3903,41,1,1,6,5,1,1,4,      390304101
2023,3903,41,1,1,4,5,2,2,5,      390304101
2023,3903,49,1,1,9,5,1,1,6,      390304901
2023,3903,49,1,1,1,5,2,2,7,      390304901
2023,3903,50,1,1,7,4,1,1,7,      390305001
2023,3903,50,1,1,5,4,1,2,8,      390305001
2023,3903,50,1,1,4,4,1,3,9,      390305001
2023,3903,50,1,1,2,4,2,4,10,      390305001
2023,3903,51,1,1,6,5,1,1,2,      390305101
2023,3903,51,1,1,3,5,2,2,3,      390305101
2023,3903,83,1,2, , ,2,1,3,      390308301
2023,3903,86,1,1,0,4,2,1,4,      390308601
2023,3904,31,1,1,7,8,1,1,3,      390403101
2023,3904,31,1,1,2,8,1,2,5,      390403101
2023,3904,31,1,1,0,8,2,3,6,      390403101
2023,3904,33,1,1,7,8,1,1,3,      390403301
2023,3904,33,1,1,5,8,2,2,4,      390403301
2023,3904,34,1,1,9,9,1,1,3,      390403401
2023,3904,34,1,1,7,9,1,2,4,      390403401
2023,3904,34,1,1,4,9,2,3,5,      390403401
2023,3904,118,1,1,6,9,2,1,4,      390411801
2023,3904,119,1,1,6,8,2,1,3,      390411901
2023,3904,120,1,1,3,9,2,1,4,      390412001
2023,3904,138,1,1,7,8,2,1,4,      390413801
2023,3904,139,1,1,3,9,1,1,3,      390413901
2023,3904,139,1,1,0,9,2,2,4,      390413901
2023,3904,140,1,1,2,8,2,1,3,      390414001
2023,3904,142,1,1,0,8,2,1,4,      390414201
2023,3905,22,1,1,2,5,2,1,2,      390502201
2023,3905,36,1,1,5,5,1,1,2,      390503601
2023,3905,36,1,1,3,5,2,2,3,      390503601
2023,3905,75,1,1,6,5,2,1,2,      390507501
2023,3905,76,1,1,3,5,1,1,4,      390507601
2023,3905,76,1,1,1,5,2,2,5,      390507601
2023,3905,78,1,1,6,5,1,1,3,      390507801
2023,3905,78,1,1,2,5,2,2,4,      390507801
2023,3905,79,1,1,4,5,2,1,3,      390507901
2023,3906,5,1,1,0,8,2,1,4,      390600501
2023,3906,15,1,1,7,9,1,1,3,      390601501
2023,3906,15,1,1,3,9,2,2,4,      390601501
2023,3906,33,1,1,7,10,1,1,4,      390603301
2023,3906,33,1,1,6,10,1,2,5,      390603301
2023,3906,33,1,1,4,10,1,3,6,      390603301
2023,3906,33,1,1,1,10,2,4,7,      390603301
2023,3906,138,1,1,5,6,1,1,3,      390613801
2023,3906,138,1,1,1,6,2,2,4,      390613801
2023,3906,140,1,1,9,8,1,1,2,      390614001
2023,3906,140,1,1,6,9,2,2,3,      390614001
2023,3906,148,1,1,6,6,2,1,6,      390614801
2023,3907,31,1,1,2,6,2,1,5,      390703101
2023,3907,32,1,1,2,6,1,1,5,      390703201
2023,3907,32,1,1,0,6,2,2,6,      390703201
2023,3907,67,1,1,7,6,2,1,3,      390706701
2023,3907,70,1,1,5,6,2,1,4,      390707001
2023,3907,116,1,1,2,6,2,1,3,      390711601
2023,3908,76,1,1,4,9,2,1,3,      390807601
2023,3908,85,1,1,3,9,2,1,3,      390808501
2023,3908,88,1,1,4,0,1,1,4,      390808801
2023,3908,88,1,1,0,9,2,2,5,      390808801
2023,3908,92,1,1,3,9,2,1,2,      390809201
2023,3908,93,1,1,5,9,1,1,3,      390809301
2023,3908,93,1,1,0,9,2,2,4,      390809301
2023,3909,25,1,1,2,8,2,1,6,      390902501
2023,3909,26,1,1,3,7,2,1,3,      390902601
2023,3909,28,1,1,4,8,1,1,3,      390902801
2023,3909,28,1,1,1,8,2,2,4,      390902801
2023,3909,80,1,1,3,8,2,1,6,      390908001
2023,3909,93,1,1,2,8,2,1,3,      390909301
2023,3909,94,1,1,7,7,1,1,2,      390909401
2023,3909,94,1,1,2,7,2,2,3,      390909401
2023,3910,1,1,1,1,5,2,1,4,      391000101
2023,3910,2,1,1,8,4,2,1,3,      391000201
2023,3910,3,1,1,5,5,2,1,3,      391000301
2023,3910,6,1,1,9,5,1,1,3,      391000601
2023,3910,6,1,1,0,5,2,2,4,      391000601
2023,3910,49,1,1,5,4,1,1,5,      391004901
2023,3910,49,1,1,2,4,2,2,6,      391004901
2023,3910,51,1,1,0,5,2,1,4,      391005101
2023,3910,52,1,1,2,5,2,1,3,      391005201
2023,3910,125,1,1,4,5,1,1,3,      391012501
2023,3910,125,1,1,1,5,2,2,4,      391012501
2023,3910,126,1,1,5,4,1,1,4,      391012601
2023,3910,126,1,1,1,4,2,2,5,      391012601
2023,3910,128,1,1,8,4,1,1,3,      391012801
2023,3910,128,1,1,6,4,1,2,4,      391012801
2023,3910,128,1,1,0,4,2,3,5,      391012801
2023,3910,129,1,1,7,5,1,1,2,      391012901
2023,3910,129,1,1,5,5,2,2,3,      391012901
2023,3911,3,1,1,4,9,2,1,4,      391100301
2023,3911,9,1,1,3,9,2,1,2,      391100901
2023,3911,43,1,1,0,9,2,1,3,      391104301
2023,3911,46,1,1,5,9,1,1,4,      391104601
2023,3911,46,1,1,4,9,2,2,5,      391104601
2023,3911,49,1,1,7,9,1,1,3,      391104901
2023,3911,49,1,1,2,9,2,2,4,      391104901
2023,3911,69,1,1,4,9,1,1,2,      391106901
2023,3911,69,1,1,1,9,2,2,3,      391106901
2023,3911,78,1,1,4,9,2,1,4,      391107801
2023,3911,88,1,1,1,9,2,1,3,      391108801
2023,3912,1,1,2, , ,1,1,3,      391200101
2023,3912,1,1,1,0,4,2,2,4,      391200101
2023,3912,17,1,1,3,3,1,1,3,      391201701
2023,3912,17,1,1,1,3,2,2,4,      391201701
2023,3912,65,1,1,3,3,2,1,3,      391206501
2023,3912,90,1,1,1,3,1,1,4,      391209001
2023,3912,90,1,1,1,3,2,2,5,      391209001
2023,3912,102,1,1,0,1,2,1,5,      391210201
2023,3913,1,1,1,2,4,1,1,4,      391300101
2023,3913,1,1,1,2,4,1,2,5,      391300101
2023,3913,1,1,1,1,4,2,3,7,      391300101
2023,3913,40,1,1,1,3,2,1,7,      391304001
2023,3913,42,1,1,2,5,2,1,4,      391304201
2023,3913,73,1,1,0,4,2,1,4,      391307301
2023,3913,109,1,1,0,4,2,1,4,      391310901
2023,3914,44,1,1,0,7,2,1,3,      391404401
2023,3914,69,1,1,1,9,2,1,7,      391406901
2023,3914,115,1,1,5,9,1,1,4,      391411501
2023,3914,115,1,1,5,9,1,2,5,      391411501
2023,3914,115,1,1,1,9,1,3,6,      391411501
2023,3914,115,1,1,1,9,2,4,9,      391411501
2023,3915,40,1,1,4,5,2,1,4,      391504001
2023,3915,98,1,1,0,5,2,1,6,      391509801
2023,3915,159,1,1,4,5,2,1,7,      391515901
2023,3915,160,1,1,2,4,1,1,3,      391516001
2023,3915,160,1,1,1,5,1,2,4,      391516001
2023,3915,160,1,1,1,5,2,3,6,      391516001
2023,3915,167,1,1,4,5,1,1,3,      391516701
2023,3915,167,1,1,1,5,1,2,4,      391516701
2023,3915,167,1,1,1,5,2,3,5,      391516701
2023,3916,6,1,1,5,8,1,1,3,      391600601
2023,3916,6,1,1,1,8,1,2,4,      391600601
2023,3916,6,1,1,0,8,2,3,5,      391600601
2023,3916,13,2,1,0,8,2,1,3,      391601302
2023,3916,27,1,1,0,10,2,1,3,      391602701
2023,3916,57,1,1,0,9,2,1,5,      391605701
2023,3916,89,1,1,4,7,2,1,6,      391608901
2023,3916,140,1,1,1,10,2,1,3,      391614001
2023,3917,8,1,1,3,6,1,1,4,      391700801
2023,3917,8,1,1,2,6,2,2,5,      391700801
2023,3917,33,1,1,1,6,2,1,4,      391703301
2023,3917,87,1,2, , ,2,1,7,      391708701
2023,3918,12,1,1,1,9,2,1,5,      391801201
2023,3918,61,1,1,5,9,1,1,3,      391806101
2023,3918,61,1,1,1,9,2,2,4,      391806101
2023,3918,71,1,1,1,9,1,1,7,      391807101
2023,3918,71,1,1,1,9,1,2,8,      391807101
2023,3918,71,1,2, , ,2,3,9,      391807101
2023,3918,71,2,1,0,8,2,1,4,      391807102
2023,3918,78,1,1,0,3,2,1,5,      391807801
2023,3919,53,1,1,4,5,2,1,5,      391905301
2023,3919,74,1,1,1,7,1,1,3,      391907401
2023,3919,74,1,1,0,7,2,2,4,      391907401
2023,3920,42,1,2, , ,2,1,3,      392004201
2023,3920,48,1,1,2,10,1,1,6,      392004801
2023,3920,48,1,1,1,10,1,2,7,      392004801
2023,3920,48,1,2, , ,2,3,8,      392004801
2023,3920,52,1,1,4,9,2,1,3,      392005201
2023,3921,16,1,1,2,6,2,1,4,      392101601
2023,3921,30,1,1,7,6,2,1,3,      392103001
2023,3921,52,1,1,5,6,1,1,2,      392105201
2023,3921,52,1,1,1,6,2,2,3,      392105201
2023,3921,55,1,1,3,6,2,1,4,      392105501
2023,3921,66,1,1,2,6,2,1,5,      392106601
2023,3921,86,1,1,0,5,2,1,7,      392108601
2023,3922,5,1,2, , ,2,1,5,      392200501
2023,3922,21,1,1,1,8,2,1,3,      392202101
2023,3922,23,1,1,3,10,2,1,4,      392202301
2023,3922,34,1,1,1,10,1,1,3,      392203401
2023,3922,34,1,1,0,10,2,2,4,      392203401
2023,3922,65,1,1,0,10,1,1,7,      392206501
2023,3922,65,1,1,0,10,2,2,8,      392206501
2023,3923,146,1,1,0,8,2,1,5,      392314601
2023,3924,33,1,1,1,10,2,1,8,      392403301
2023,3925,11,1,1,0,5,2,1,4,      392501101
2023,3925,34,1,1,3,5,1,1,5,      392503401
2023,3925,34,1,1,3,5,2,2,6,      392503401
2023,3925,53,1,1,4,6,2,1,6,      392505301
2023,3925,105,1,1,2,2,1,1,6,      392510501
2023,3925,105,1,1,1,3,2,2,7,      392510501
2023,3926,7,1,1,1,7,1,1,4,      392600701
2023,3926,7,1,1,1,8,2,2,5,      392600701
2023,3926,12,2,2, , ,2,1,5,      392601202
2023,3926,97,1,1,0,7,2,1,3,      392609701
2023,3926,161,1,1,0,7,2,1,2,      392616101
2023,3927,3,1,1,0,4,2,1,4,      392700301
2023,3927,33,1,1,1,4,1,1,4,      392703301
2023,3927,33,1,1,0,4,2,2,5,      392703301
2023,3927,129,1,1,0,3,2,1,4,      392712901
2023,3927,165,1,2, , ,2,1,5,      392716501
2023,3928,87,1,1,2,5,2,1,4,      392808701
2023,3928,99,1,1,1,5,2,1,4,      392809901
2023,3928,138,1,1,1,5,1,1,3,      392813801
2023,3928,138,1,1,1,5,2,2,4,      392813801
2023,3928,177,1,1,1,6,1,1,3,      392817701
2023,3928,177,1,1,0,6,2,2,4,      392817701
2023,3929,7,1,1,5,7,2,1,2,      392900701
2023,3929,17,1,1,0,8,1,1,4,      392901701
2023,3929,17,1,1,0,8,2,2,7,      392901701
2023,3929,19,1,1,1,7,2,1,2,      392901901
2023,3930,18,2,1,1,4,1,1,4,      393001802
2023,3930,18,2,1,1,4,2,2,5,      393001802
2023,3930,18,3,1,1,9,1,1,4,      393001803
2023,3930,18,3,1,1,9,2,2,5,      393001803
2023,3930,62,1,1,1,9,2,1,4,      393006201
2023,3930,118,1,1,4,8,1,1,4,      393011801
2023,3930,118,1,1,0,8,2,2,5,      393011801
2023,3931,6,1,1,0,2,2,1,3,      393100601
2023,3931,63,1,1,3,8,2,1,5,      393106301
2023,3931,97,1,1,6,10,2,1,3,      393109701
2023,3933,42,1,1,0,3,2,1,2,      393304201
2023,3933,46,1,1,0,4,2,1,2,      393304601
2023,3933,54,1,1,3,5,1,1,3,      393305401
2023,3933,54,1,1,0,5,2,2,4,      393305401
2023,3933,120,1,1,1,3,2,1,5,      393312001
2023,3934,1,1,1,1,6,2,1,4,      393400101
2023,3934,49,1,1,4,6,2,1,3,      393404901
2023,3934,54,1,1,2,6,1,1,4,      393405401
2023,3934,54,1,1,0,6,2,2,5,      393405401
2023,3934,99,1,1,2,6,2,1,3,      393409901
2023,3935,5,1,1,3,7,1,1,3,      393500501
2023,3935,5,1,1,1,7,2,2,4,      393500501
2023,3935,40,1,1,2,8,2,1,4,      393504001
2023,3936,14,1,1,1,9,2,1,3,      393601401
2023,3936,42,1,1,0,8,2,1,4,      393604201
2023,3936,51,1,1,1,9,2,1,3,      393605101
2023,3937,25,1,1,1,3,2,1,5,      393702501
2023,3938,52,1,1,2,8,2,1,4,      393805201
2023,3938,54,1,1,0,6,2,1,3,      393805401
2023,3938,83,1,1,0,8,2,1,3,      393808301
2023,3938,103,1,1,2,6,1,1,3,      393810301
2023,3938,103,1,1,0,6,2,2,4,      393810301
2023,3939,52,1,2, , ,2,1,4,      393905201
2023,3939,80,1,1,0,5,2,1,4,      393908001
2023,3939,97,1,1,5,5,1,1,3,      393909701
2023,3939,97,1,1,4,5,2,2,4,      393909701
2023,3940,12,1,1,7,8,2,1,3,      394001201
2023,3940,21,1,1,2,8,2,1,2,      394002101
2023,3940,40,1,1,0,8,2,1,3,      394004001
2023,3940,55,1,1,5,8,2,1,5,      394005501
2023,3940,80,1,1,7,8,2,1,4,      394008001
2023,3940,120,1,1,7,8,2,1,3,      394012001
2023,3940,123,1,1,0,7,2,1,3,      394012301
2023,3941,7,1,1,2,5,2,1,2,      394100701
2023,3941,14,1,1,0,5,2,1,5,      394101401
2023,3941,25,1,1,6,5,2,1,4,      394102501
2023,3941,27,1,2, , ,2,1,3,      394102701
2023,3941,76,1,1,7,5,1,1,3,      394107601
2023,3941,76,1,1,1,5,2,2,4,      394107601
2023,3942,16,1,1,2,4,2,1,3,      394201601
2023,3942,65,1,1,8,5,1,1,3,      394206501
2023,3942,65,1,1,3,5,2,2,4,      394206501
2023,3942,66,1,1,2,0,2,1,4,      394206601
2023,3942,112,1,1,4,4,2,1,3,      394211201
2023,3942,146,1,1,1,4,1,1,3,      394214601
2023,3942,146,1,1,5,4,2,2,6,      394214601
2023,3943,25,1,1,8,5,2,1,3,      394302501
2023,3943,28,1,1,5,5,1,1,3,      394302801
2023,3943,28,1,1,3,5,2,2,4,      394302801
2023,3943,36,1,1,1,5,2,1,3,      394303601
2023,3943,44,1,1,4,3,1,1,4,      394304401
2023,3943,44,1,1,0,2,2,2,6,      394304401
2023,3943,48,1,1,4,4,1,1,3,      394304801
2023,3943,48,1,1,3,4,2,2,4,      394304801
2023,3943,76,1,1,1,5,2,1,3,      394307601
2023,3944,5,1,1,6,4,2,1,5,      394400501
2023,3944,6,1,1,5,4,1,1,3,      394400601
2023,3944,6,1,1,0,4,2,2,4,      394400601
2023,3944,9,1,1,1,4,2,1,3,      394400901
2023,3944,21,1,1,2,5,2,1,4,      394402101
2023,3944,27,1,1,3,4,2,1,4,      394402701
2023,3944,41,1,1,2,3,1,1,3,      394404101
2023,3944,41,1,1,5,3,2,2,6,      394404101
2023,3944,43,1,1,7,5,1,1,3,      394404301
2023,3944,43,1,1,0,5,2,2,4,      394404301
2023,3944,82,1,1,2,4,2,1,3,      394408201
2023,3944,97,1,1,2,1,2,1,2,      394409701
2023,3945,66,1,1,0,8,2,1,3,      394506601
2023,3945,68,1,1,1,8,2,1,2,      394506801
2023,3945,137,1,1,5,8,2,1,3,      394513701
2023,3945,143,1,1,1,8,2,1,4,      394514301
2023,3945,144,1,1,2,8,2,1,4,      394514401
2023,3945,145,1,1,3,8,2,1,4,      394514501
2023,3945,146,1,1,4,8,2,1,5,      394514601
2023,3946,40,1,1,7,8,2,1,5,      394604001
2023,3946,41,1,1,8,7,1,1,5,      394604101
2023,3946,41,1,1,2,7,2,2,6,      394604101
2023,3946,42,1,1,6,8,1,1,5,      394604201
2023,3946,42,1,1,1,7,2,2,6,      394604201
2023,3946,89,1,1,3,7,2,1,5,      394608901
2023,3946,90,1,1,8,8,1,1,4,      394609001
2023,3946,90,1,1,5,8,1,2,5,      394609001
2023,3946,90,1,1,3,8,2,3,6,      394609001
2023,3946,91,1,1,6,7,1,1,4,      394609101
2023,3946,91,1,1,0,7,2,2,5,      394609101
2023,3946,92,1,1,4,8,2,1,5,      394609201
2023,3946,93,1,1,7,7,1,1,5,      394609301
2023,3946,93,1,1,6,7,2,2,6,      394609301
2023,3946,114,1,1,9,8,1,1,5,      394611401
2023,3946,114,1,1,2,8,2,2,6,      394611401
2023,3946,116,1,1,8,8,1,1,5,      394611601
2023,3946,116,1,1,2,8,2,2,6,      394611601
2023,3946,117,1,1,1,7,1,1,4,      394611701
2023,3946,117,1,1,1,7,2,2,5,      394611701
2023,3947,37,1,1,1,6,2,1,3,      394703701
2023,3947,38,1,1,0,6,2,1,3,      394703801
2023,3947,47,1,1,5,8,2,1,4,      394704701
2023,3947,48,1,1,6,6,2,1,4,      394704801
2023,3947,121,1,1,1,6,1,1,3,      394712101
2023,3947,121,1,1,1,6,2,2,4,      394712101
2023,3947,123,1,1,2,6,1,1,3,      394712301
2023,3947,123,1,1,1,6,2,2,4,      394712301
2023,3947,126,1,1,5,6,1,1,3,      394712601
2023,3947,126,1,1,6,6,1,2,4,      394712601
2023,3947,126,1,1,4,6,2,3,5,      394712601
2023,3947,127,1,1,4,6,2,1,8,      394712701
2023,3947,176,1,1,1,6,2,1,4,      394717601
2023,3947,177,1,1,5,6,2,1,3,      394717701
2023,3947,178,1,1,4,6,1,1,3,      394717801
2023,3947,178,1,1,1,6,2,2,4,      394717801
2023,3948,18,1,1,8,6,1,1,5,      394801801
2023,3948,18,1,1,5,6,1,2,6,      394801801
2023,3948,18,1,1,0,6,2,3,7,      394801801
2023,3948,53,1,1,5,6,2,1,3,      394805301
2023,3949,5,1,1,3,8,2,1,3,      394900501
2023,3949,7,1,1,6,8,2,1,2,      394900701
2023,3949,8,1,1,5,9,1,1,4,      394900801
2023,3949,8,1,1,1,9,2,2,5,      394900801
2023,3949,24,1,1,1,8,2,1,6,      394902401
2023,3950,16,1,1,9,4,2,1,4,      395001601
2023,3951,29,1,1,6,5,1,1,3,      395102901
2023,3951,29,1,1,1,5,2,2,4,      395102901
2023,3951,31,1,1,6,7,1,1,5,      395103101
2023,3951,31,1,1,2,7,2,2,6,      395103101
2023,3951,32,1,1,7,5,2,1,4,      395103201
2023,3951,33,1,1,2,5,2,1,3,      395103301
2023,3951,85,1,1,2,6,2,1,3,      395108501
2023,3951,86,1,1,2,5,1,1,3,      395108601
2023,3951,86,1,1,1,5,2,2,4,      395108601
2023,3951,87,1,1,3,5,2,1,4,      395108701
2023,3952,30,1,1,8,7,2,1,3,      395203001
2023,3952,32,1,1,4,7,2,1,6,      395203201
2023,3952,52,1,1,7,7,2,1,3,      395205201
2023,3952,91,1,1,8,7,2,1,2,      395209101
2023,3952,111,1,1,5,7,2,1,3,      395211101
2023,3952,141,1,1,5,7,2,1,6,      395214101
2023,3953,44,1,1,0,8,2,1,3,      395304401
2023,3953,90,1,1,0,8,2,1,3,      395309001
2023,3953,91,1,1,8,7,2,1,4,      395309101
2023,3953,124,1,1,3,8,1,1,3,      395312401
2023,3953,124,1,1,1,8,1,2,4,      395312401
2023,3953,124,1,1,0,8,2,3,5,      395312401
2023,3953,145,1,1,8,7,1,1,2,      395314501
2023,3953,145,1,1,6,7,2,2,3,      395314501
2023,3953,157,1,1,0,8,2,1,3,      395315701
2023,3954,23,1,1,3,5,1,1,3,      395402301
2023,3954,23,1,1,2,5,2,2,4,      395402301
2023,3954,42,1,1,2,7,2,1,3,      395404201
2023,3954,72,1,1,1,5,2,1,4,      395407201
2023,3954,135,1,1,0,5,2,1,5,      395413501
2023,3954,157,1,1,0,5,2,1,3,      395415701
2023,3955,9,1,1,8,4,1,1,5,      395500901
2023,3955,9,1,1,4,4,2,2,6,      395500901
2023,3955,16,1,1,0,4,2,1,3,      395501601
2023,3955,52,1,1,5,4,1,1,4,      395505201
2023,3955,52,1,1,0,4,2,2,5,      395505201
2023,3955,62,1,1,2,4,2,1,4,      395506201
2023,3955,72,1,1,4,4,2,1,4,      395507201
2023,3955,84,1,1,8,4,2,1,4,      395508401
2023,3956,1,1,1,7,9,1,1,3,      395600101
2023,3956,1,1,1,2,9,2,2,4,      395600101
2023,3956,6,1,1,8,9,1,1,3,      395600601
2023,3956,6,1,1,4,9,1,2,4,      395600601
2023,3956,6,1,1,0,9,2,3,5,      395600601
2023,3956,26,1,1,4,9,1,1,3,      395602601
2023,3956,26,1,1,1,9,2,2,4,      395602601
2023,3956,37,1,1,8,9,1,1,3,      395603701
2023,3956,37,1,1,6,9,1,2,4,      395603701
2023,3956,37,1,1,4,9,2,3,5,      395603701
2023,3957,2,1,1,3,7,1,1,3,      395700201
2023,3957,2,1,1,8,7,2,2,5,      395700201
2023,3957,7,1,1,6,8,2,1,4,      395700701
2023,3957,9,1,1,2,6,1,1,3,      395700901
2023,3957,9,1,1,2,6,2,2,4,      395700901
2023,3957,125,1,1,4,7,1,1,3,      395712501
2023,3957,125,1,1,0,7,2,2,4,      395712501
2023,3958,6,1,1,8,5,2,1,3,      395800601
2023,3958,7,1,1,3,5,2,1,4,      395800701
2023,3958,10,1,1,7,5,1,1,4,      395801001
2023,3958,10,1,1,3,5,2,2,5,      395801001
2023,3958,11,1,1,1,5,2,1,3,      395801101
2023,3958,14,1,1,8,5,1,1,3,      395801401
2023,3958,14,1,1,4,5,2,2,4,      395801401
2023,3958,15,1,1,1,5,2,1,3,      395801501
2023,3958,47,1,1,2,5,2,1,4,      395804701
2023,3958,55,1,1,7,5,2,1,3,      395805501
2023,3958,56,1,1,3,5,2,1,3,      395805601
2023,3959,28,1,1,7,4,1,1,4,      395902801
2023,3959,28,1,1,5,4,1,2,5,      395902801
2023,3959,28,1,1,0,4,2,3,6,      395902801
2023,3959,42,1,1,4,4,1,1,3,      395904201
2023,3959,42,1,1,1,4,2,2,4,      395904201
2023,3959,44,1,1,4,4,2,1,4,      395904401
2023,3959,55,1,1,3,4,1,1,2,      395905501
2023,3959,55,1,1,0,4,1,2,3,      395905501
2023,3959,55,1,1,0,4,2,3,4,      395905501
2023,3959,63,1,1,6,4,2,1,4,      395906301
2023,3959,70,1,1,1,4,2,1,3,      395907001
2023,3959,76,1,1,1,4,2,1,3,      395907601
2023,3960,3,1,1,5,8,2,1,4,      396000301
2023,3960,6,1,1,0,8,2,1,3,      396000601
2023,3960,7,1,1,5,8,1,1,5,      396000701
2023,3960,7,1,1,4,8,2,2,6,      396000701
2023,3960,29,1,1,3,8,2,1,4,      396002901
2023,3960,35,1,1,5,8,1,1,3,      396003501
2023,3960,35,1,1,1,8,2,2,4,      396003501
2023,3960,40,1,1,4,8,1,1,5,      396004001
2023,3960,40,1,1,1,0,2,2,6,      396004001
2023,3960,47,1,1,1,0,1,1,3,      396004701
2023,3960,47,1,1,1,0,2,2,4,      396004701
2023,3960,53,1,1,4,7,1,1,3,      396005301
2023,3960,53,1,1,1,7,2,2,4,      396005301
2023,3960,71,1,1,8,8,2,1,3,      396007101
2023,3960,81,1,1,7,8,1,1,4,      396008101
2023,3960,81,1,1,5,8,2,2,5,      396008101
2023,3961,1,1,1,5,7,2,1,2,      396100101
2023,3961,3,1,1,7,7,1,1,3,      396100301
2023,3961,3,1,1,3,7,1,2,4,      396100301
2023,3961,3,1,1,0,7,2,3,6,      396100301
2023,3961,4,1,1,5,7,1,1,3,      396100401
2023,3961,4,1,1,4,7,2,2,4,      396100401
2023,3961,68,1,1,0,7,1,1,3,      396106801
2023,3961,68,1,1,7,7,2,2,5,      396106801
2023,3961,70,1,1,8,7,2,1,3,      396107001
2023,3961,91,1,1,6,7,1,1,3,      396109101
2023,3961,91,1,1,5,7,1,2,4,      396109101
2023,3961,91,1,1,3,7,2,3,5,      396109101
2023,3961,92,1,1,5,7,2,1,3,      396109201
2023,3961,94,1,1,8,7,2,1,4,      396109401
2023,3962,6,1,1,5,5,1,1,3,      396200601
2023,3962,6,1,1,0,5,2,2,4,      396200601
2023,3962,7,1,1,6,5,1,1,5,      396200701
2023,3962,7,1,1,1,5,1,2,6,      396200701
2023,3962,7,1,1,0,5,2,3,8,      396200701
2023,3962,9,1,1,0,5,2,1,5,      396200901
2023,3962,135,1,1,5,5,2,1,6,      396213501
2023,3962,136,1,1,5,5,1,1,3,      396213601
2023,3962,136,1,1,3,5,2,2,4,      396213601
2023,3962,137,1,1,7,5,1,1,3,      396213701
2023,3962,137,1,1,0,5,2,2,5,      396213701
2023,3962,142,1,1,3,5,2,1,3,      396214201
2023,3963,13,1,1,2,6,2,1,3,      396301301
2023,3963,25,1,1,8,6,1,1,3,      396302501
2023,3963,25,1,1,4,6,1,2,4,      396302501
2023,3963,25,1,1,2,6,2,3,5,      396302501
2023,3963,26,1,1,0,6,2,1,3,      396302601
2023,3963,27,1,1,8,6,1,1,4,      396302701
2023,3963,27,1,1,5,6,1,2,5,      396302701
2023,3963,27,1,1,3,6,2,3,6,      396302701
2023,3963,31,1,1,8,6,1,1,5,      396303101
2023,3963,31,1,1,6,6,1,2,6,      396303101
2023,3963,31,1,1,3,6,1,3,7,      396303101
2023,3963,31,1,1,2,6,2,4,10,      396303101
2023,3963,35,1,1,3,6,2,1,7,      396303501
2023,3963,106,1,1,3,6,1,1,4,      396310601
2023,3963,106,1,1,2,6,2,2,5,      396310601
2023,3963,107,1,1,7,6,1,1,4,      396310701
2023,3963,107,1,1,5,6,1,2,5,      396310701
2023,3963,107,1,1,3,6,1,3,6,      396310701
2023,3963,107,1,1,0,6,2,4,7,      396310701
2023,3963,108,1,1,8,6,1,1,6,      396310801
2023,3963,108,1,1,5,6,1,2,7,      396310801
2023,3963,108,1,1,3,6,2,3,8,      396310801
2023,3963,109,1,1,5,6,1,1,4,      396310901
2023,3963,109,1,1,1,6,2,2,5,      396310901
2023,3964,2,1,1,8,4,1,1,5,      396400201
2023,3964,2,1,1,7,5,2,2,6,      396400201
2023,3964,24,1,1,7,6,2,1,4,      396402401
2023,3964,25,1,1,5,6,1,1,6,      396402501
2023,3964,25,1,1,2,6,2,2,7,      396402501
2023,3964,42,1,1,5,6,1,1,3,      396404201
2023,3964,42,1,1,1,6,2,2,4,      396404201
2023,3964,43,1,1,1,6,1,1,3,      396404301
2023,3964,43,1,1,5,6,2,2,4,      396404301
2023,3964,45,1,1,6,5,2,1,2,      396404501
2023,3965,40,1,1,6,9,1,1,4,      396504001
2023,3965,40,1,1,5,9,1,2,5,      396504001
2023,3965,40,1,1,1,9,2,3,6,      396504001
2023,3965,84,1,1,8,9,2,1,3,      396508401
2023,3965,87,1,1,0,9,2,1,2,      396508701
2023,3965,96,1,1,8,9,1,1,5,      396509601
2023,3965,96,1,1,6,9,2,2,6,      396509601
2023,3965,98,1,1,1,9,2,1,3,      396509801
2023,3965,100,1,1,4,9,1,1,3,      396510001
2023,3965,100,1,1,1,9,2,2,4,      396510001
2023,3966,3,1,1,6,8,2,1,4,      396600301
2023,3966,19,1,1,0,8,2,1,2,      396601901
2023,3966,50,1,1,5,8,2,1,3,      396605001
2023,3966,53,1,1,5,8,1,1,4,      396605301
2023,3966,53,1,1,4,8,2,2,5,      396605301
2023,3966,77,1,1,0,8,1,1,5,      396607701
2023,3966,77,1,1,0,8,2,2,6,      396607701
2023,3966,88,1,1,1,8,1,1,3,      396608801
2023,3966,88,1,1,3,8,2,2,4,      396608801
2023,3967,1,1,1,7,9,2,1,5,      396700101
2023,3967,3,1,1,8,9,1,1,4,      396700301
2023,3967,3,1,1,2,9,2,2,5,      396700301
2023,3967,6,1,1,5,9,2,1,4,      396700601
2023,3967,13,1,1,8,9,1,1,5,      396701301
2023,3967,13,1,1,4,9,1,2,6,      396701301
2023,3967,13,1,1,0,9,2,3,7,      396701301
2023,3967,15,1,1,7,9,1,1,3,      396701501
2023,3967,15,1,1,4,9,2,2,4,      396701501
2023,3967,16,1,1,6,9,1,1,3,      396701601
2023,3967,16,1,1,2,9,1,2,4,      396701601
2023,3967,16,1,1,0,9,2,3,5,      396701601
2023,3967,17,1,1,4,9,2,1,2,      396701701
2023,3967,20,1,1,8,8,1,1,2,      396702001
2023,3967,20,1,1,7,8,1,2,3,      396702001
2023,3967,20,1,1,5,8,1,3,4,      396702001
2023,3967,20,1,1,2,8,2,4,5,      396702001
2023,3967,29,1,1,7,8,1,1,3,      396702901
2023,3967,29,1,1,4,8,2,2,4,      396702901
2023,3967,62,1,1,1,9,1,1,2,      396706201
2023,3967,62,1,1,1,9,2,2,3,      396706201
2023,3968,29,1,1,4,7,2,1,3,      396802901
2023,3968,30,1,1,6,7,1,1,2,      396803001
2023,3968,30,1,1,2,7,2,2,3,      396803001
2023,3968,31,1,1,2,8,2,1,2,      396803101
2023,3968,44,1,1,7,8,1,1,2,      396804401
2023,3968,44,1,1,1,8,2,2,3,      396804401
2023,3968,45,1,1,4,8,1,1,4,      396804501
2023,3968,45,1,1,0,8,2,2,5,      396804501
2023,3968,48,1,1,5,8,2,1,3,      396804801
2023,3968,49,1,1,3,8,2,1,2,      396804901
2023,3968,50,1,1,1,7,2,1,3,      396805001
2023,3968,95,1,1,2,7,2,1,3,      396809501
2023,3968,96,1,1,1,8,1,1,3,      396809601
2023,3968,96,1,1,0,8,2,2,4,      396809601
2023,3968,97,1,1,8,8,1,1,3,      396809701
2023,3968,97,1,1,4,8,2,2,4,      396809701
2023,3969,10,1,1,1,4,1,1,4,      396901001
2023,3969,10,1,1,1,4,1,2,5,      396901001
2023,3969,10,1,1,0,4,2,3,6,      396901001
2023,3969,16,1,1,0,4,2,1,3,      396901601
2023,3970,13,1,1,1,7,2,1,7,      397001301
2023,3970,81,1,1,0,7,2,1,5,      397008101
2023,3971,85,1,1,6,9,1,1,4,      397108501
2023,3971,85,1,1,3,9,2,2,5,      397108501
2023,3971,91,1,1,0,9,2,1,4,      397109101
2023,3971,104,1,1,2,9,1,1,2,      397110401
2023,3971,104,1,1,1,9,2,2,3,      397110401
2023,3972,2,1,1,0,6,2,1,9,      397200201
2023,3972,22,1,1,7,6,1,1,3,      397202201
2023,3972,22,1,1,0,6,2,2,4,      397202201
2023,3972,37,1,1,6,6,2,1,4,      397203701
2023,3972,42,1,1,3,6,1,1,2,      397204201
2023,3972,42,1,1,0,6,2,2,8,      397204201
2023,3972,43,1,1,6,6,1,1,3,      397204301
2023,3972,43,1,1,5,6,2,2,4,      397204301
2023,3972,45,1,1,4,6,2,1,4,      397204501
2023,3972,51,1,1,7,6,1,1,2,      397205101
2023,3972,51,1,1,0,6,2,2,3,      397205101
2023,3972,52,1,1,4,6,2,1,3,      397205201
2023,3973,2,1,1,4,7,1,1,4,      397300201
2023,3973,2,1,1,0,7,2,2,5,      397300201
2023,3973,91,1,1,5,8,1,1,4,      397309101
2023,3973,91,1,1,3,8,2,2,5,      397309101
2023,3973,96,1,1,1,7,2,1,3,      397309601
2023,3973,109,1,1,3,7,2,1,4,      397310901
2023,3974,6,1,1,0,5,2,1,7,      397400601
2023,3974,28,1,1,3,5,1,1,3,      397402801
2023,3974,28,1,1,6,5,2,2,5,      397402801
2023,3974,37,1,1,8,5,1,1,5,      397403701
2023,3974,37,1,1,6,5,2,2,7,      397403701
2023,3974,43,1,1,7,5,1,1,3,      397404301
2023,3974,43,1,1,0,5,2,2,4,      397404301
2023,3974,63,1,1,5,5,1,1,4,      397406301
2023,3974,63,1,1,4,5,1,2,5,      397406301
2023,3974,63,1,1,0,5,2,3,6,      397406301
2023,3974,68,1,1,3,5,2,1,4,      397406801
2023,3974,78,1,1,8,5,1,1,2,      397407801
2023,3974,78,1,1,3,5,2,2,3,      397407801
2023,3974,91,1,1,1,5,2,1,4,      397409101
2023,3975,3,1,1,6,10,2,1,4,      397500301
2023,3975,23,1,1,5,9,1,1,3,      397502301
2023,3975,23,1,1,1,9,2,2,4,      397502301
2023,3975,59,1,1,3,9,1,1,3,      397505901
2023,3975,59,1,1,1,9,2,2,4,      397505901
2023,3976,83,1,1,3,5,2,1,2,      397608301
2023,3976,91,1,1,0,5,2,1,3,      397609101
2023,3976,111,1,1,1,5,2,1,4,      397611101
2023,3976,112,1,1,0,5,2,1,3,      397611201
2023,3976,114,1,1,7,5,1,1,2,      397611401
2023,3976,114,1,1,6,5,1,2,3,      397611401
2023,3976,114,1,1,0,11,2,3,4,      397611401
2023,3977,40,1,1,0,7,2,1,3,      397704001
2023,3978,1,1,1,0,7,2,1,3,      397800101
2023,3978,2,1,1,4,7,2,1,4,      397800201
2023,3978,3,1,1,5,7,2,1,8,      397800301
2023,3978,4,1,1,4,7,1,1,3,      397800401
2023,3978,4,1,1,4,7,2,2,5,      397800401
2023,3978,38,1,1,7,7,1,1,4,      397803801
2023,3978,38,1,1,6,7,2,2,5,      397803801
2023,3978,118,1,1,4,7,2,1,5,      397811801
2023,3978,119,1,1,1,7,2,1,2,      397811901
2023,3978,120,1,1,1,6,2,1,3,      397812001
2023,3978,121,1,1,2,7,2,1,3,      397812101
2023,3979,3,1,1,6,5,1,1,2,      397900301
2023,3979,3,1,1,2,5,2,2,3,      397900301
2023,3979,6,1,1,7,5,1,1,5,      397900601
2023,3979,6,1,1,5,5,2,2,7,      397900601
2023,3979,16,1,1,2,5,2,1,3,      397901601
2023,3979,149,1,1,3,5,2,1,3,      397914901
2023,3979,150,1,1,5,5,2,1,5,      397915001
2023,3979,151,1,1,8,5,2,1,4,      397915101
2023,3979,152,1,1,5,5,2,1,3,      397915201
2023,3980,32,1,1,0,5,2,1,3,      398003201
2023,3980,34,1,1,7,5,2,1,3,      398003401
2023,3980,37,1,1,8,6,2,1,6,      398003701
2023,3980,48,1,1,7,5,1,1,3,      398004801
2023,3980,48,1,1,6,5,2,2,4,      398004801
2023,3980,49,1,1,1,6,2,1,5,      398004901
2023,3980,51,1,1,6,6,1,1,3,      398005101
2023,3980,51,1,1,4,6,2,2,4,      398005101
2023,3980,58,1,1,2,6,2,1,3,      398005801
2023,3980,59,1,1,6,4,2,1,3,      398005901
2023,3980,60,1,1,8,6,2,1,2,      398006001
2023,3980,61,1,1,5,6,1,1,5,      398006101
2023,3980,61,1,1,1,6,2,2,6,      398006101
2023,3980,62,1,1,8,6,1,1,4,      398006201
2023,3980,62,1,1,6,6,2,2,5,      398006201
2023,3981,5,1,1,3,8,2,1,5,      398100501
2023,3981,6,1,1,5,8,1,1,3,      398100601
2023,3981,6,1,1,2,8,2,2,4,      398100601
2023,3981,7,1,1,5,8,2,1,4,      398100701
2023,3981,8,1,1,4,8,2,1,4,      398100801
2023,3981,29,1,1,4,8,2,1,4,      398102901
2023,3981,30,1,1,6,8,2,1,2,      398103001
2023,3981,31,1,1,3,8,2,1,6,      398103101
2023,3981,33,1,1,7,8,2,1,3,      398103301
2023,3981,63,1,1,2,8,2,1,2,      398106301
2023,3981,64,1,1,2,8,2,1,4,      398106401
2023,3981,65,1,1,0,8,2,1,4,      398106501
2023,3981,66,1,1,8,8,2,1,4,      398106601
2023,3982,15,1,1,5,4,2,1,3,      398201501
2023,3982,20,1,1,5,4,1,1,6,      398202001
2023,3982,20,1,1,3,4,1,2,7,      398202001
2023,3982,20,1,1,1,4,2,3,8,      398202001
2023,3982,29,1,1,1,4,2,1,3,      398202901
2023,3982,30,1,1,8,4,2,1,4,      398203001
2023,3982,33,1,1,0,5,2,1,5,      398203301
2023,3982,49,1,1,5,4,1,1,5,      398204901
2023,3982,49,1,1,3,4,2,2,6,      398204901
2023,3982,60,1,1,6,4,2,1,4,      398206001
2023,3982,82,1,1,5,4,2,1,4,      398208201
2023,3982,89,1,1,5,4,2,1,3,      398208901
2023,3982,90,1,1,8,4,1,1,8,      398209001
2023,3982,90,1,1,5,4,2,2,9,      398209001
2023,3983,20,1,1,4,6,1,1,4,      398302001
2023,3983,20,1,1,3,6,2,2,5,      398302001
2023,3983,43,1,1,5,6,2,1,3,      398304301
2023,3983,121,1,1,2,6,1,1,2,      398312101
2023,3983,121,1,1,0,6,2,2,3,      398312101
2023,3984,43,1,1,3,9,2,1,4,      398404301
2023,3984,44,1,1,3,9,2,1,4,      398404401
2023,3984,45,1,1,2,9,2,1,3,      398404501
2023,3984,46,1,1,0,3,2,1,3,      398404601
2023,3984,56,1,1,8,9,2,1,3,      398405601
2023,3984,59,1,1,7,9,2,1,2,      398405901
2023,3984,62,1,1,3,9,1,1,5,      398406201
2023,3984,62,1,1,0,9,2,2,6,      398406201
2023,3985,16,1,2, , ,2,1,3,      398501601
2023,3985,18,1,1,5,9,1,1,3,      398501801
2023,3985,18,1,1,3,9,2,2,4,      398501801
2023,3985,19,1,1,3,9,1,1,3,      398501901
2023,3985,19,1,1,4,9,2,2,4,      398501901
2023,3985,33,1,1,2,9,1,1,4,      398503301
2023,3985,33,1,1,1,9,2,2,5,      398503301
2023,3985,58,1,1,8,9,1,1,3,      398505801
2023,3985,58,1,1,6,9,2,2,4,      398505801
2023,3986,23,1,1,7,6,1,1,4,      398602301
2023,3986,23,1,1,1,6,2,2,5,      398602301
2023,3986,38,1,1,1,5,1,1,3,      398603801
2023,3986,38,1,1,4,5,1,2,5,      398603801
2023,3986,38,1,1,7,5,2,3,6,      398603801
2023,3986,81,1,1,7,6,1,1,3,      398608101
2023,3986,81,1,1,6,6,1,2,4,      398608101
2023,3986,81,1,1,2,6,2,3,5,      398608101
2023,3986,94,1,1,2,6,2,1,4,      398609401
2023,3986,97,1,1,3,6,1,1,3,      398609701
2023,3986,97,1,1,0,6,2,2,4,      398609701
2023,3986,100,1,1,0,6,1,1,3,      398610001
2023,3986,100,1,1,5,6,1,2,6,      398610001
2023,3986,100,1,1,2,6,2,3,7,      398610001
2023,3987,51,1,1,7,6,2,1,3,      398705101
2023,3987,123,1,1,6,6,2,1,4,      398712301
2023,3987,124,1,1,7,6,1,1,4,      398712401
2023,3987,124,1,1,2,6,2,2,5,      398712401
2023,3987,125,1,1,7,6,2,1,4,      398712501
2023,3987,126,1,1,7,6,1,1,6,      398712601
2023,3987,126,1,1,3,6,2,2,7,      398712601
2023,3987,137,1,1,5,6,2,1,3,      398713701
2023,3987,138,1,1,4,6,2,1,3,      398713801
2023,3987,139,1,1,4,6,1,1,3,      398713901
2023,3987,139,1,1,4,6,2,2,4,      398713901
2023,3988,43,1,1,7,5,1,1,5,      398804301
2023,3988,43,1,1,1,5,2,2,6,      398804301
2023,3988,48,1,1,8,6,1,1,5,      398804801
2023,3988,48,1,1,7,6,1,2,6,      398804801
2023,3988,48,1,1,7,6,2,3,8,      398804801
2023,3989,45,1,1,7,4,2,1,2,      398904501
2023,3989,70,1,1,8,4,2,1,3,      398907001
2023,3989,108,1,1,0,3,1,1,4,      398910801
2023,3989,108,1,1,5,3,2,2,6,      398910801
2023,3990,15,1,1,3,8,1,1,4,      399001501
2023,3990,15,1,1,2,8,2,2,7,      399001501
2023,3990,50,1,1,0,6,1,1,3,      399005001
2023,3990,50,1,1,5,7,2,2,4,      399005001
2023,3990,93,1,1,5,8,2,1,3,      399009301
2023,3990,109,1,1,0,8,2,1,5,      399010901
2023,3990,179,1,1,0,7,2,1,5,      399017901
2023,3991,16,1,1,7,4,1,1,5,      399101601
2023,3991,16,1,1,0,4,1,2,6,      399101601
2023,3991,16,1,2, , ,2,3,7,      399101601
2023,3991,58,1,1,6,5,2,1,3,      399105801
2023,3992,15,1,1,6,6,1,1,3,      399201501
2023,3992,15,1,1,4,6,1,2,4,      399201501
2023,3992,15,1,1,1,6,2,3,5,      399201501
2023,3992,39,1,1,1,6,2,1,4,      399203901
2023,3992,51,1,1,5,3,2,1,4,      399205101
2023,3992,60,1,1,6,6,1,1,4,      399206001
2023,3992,60,1,1,2,6,1,2,5,      399206001
2023,3992,60,1,1,5,6,1,3,8,      399206001
2023,3992,60,1,1,3,6,1,4,9,      399206001
2023,3992,60,1,2, , ,2,5,10,      399206001
2023,3992,66,1,1,1,6,1,1,2,      399206601
2023,3992,66,1,1,1,6,2,2,4,      399206601
2023,3993,19,1,1,1,3,1,1,6,      399301901
2023,3993,19,1,1,1,3,1,2,7,      399301901
2023,3993,19,1,1,0,3,2,3,9,      399301901
2023,3993,99,1,1,2,3,1,1,4,      399309901
2023,3993,99,1,1,0,3,2,2,5,      399309901
2023,3993,101,1,1,98,98,1,1,5,      399310101
2023,3993,101,1,1,98,98,1,2,7,      399310101
2023,3993,101,1,1,98,98,2,3,8,      399310101
2023,3993,124,2,1,3,3,2,1,5,      399312402
2023,3993,157,1,1,5,4,1,1,3,      399315701
2023,3993,157,1,1,3,3,1,2,4,      399315701
2023,3993,157,1,1,0,3,1,3,5,      399315701
2023,3993,157,1,1,2,3,2,4,9,      399315701
2023,3993,161,1,1,2,3,1,1,2,      399316101
2023,3993,161,1,1,2,3,2,2,3,      399316101
2023,3994,7,1,1,5,6,2,1,4,      399400701
2023,3994,29,1,1,0,6,2,1,4,      399402901
2023,3994,37,1,1,1,5,2,1,4,      399403701
2023,3994,68,1,1,1,6,2,1,5,      399406801
2023,3994,106,1,1,2,7,1,1,6,      399410601
2023,3994,106,1,1,4,7,1,2,8,      399410601
2023,3994,106,1,1,4,7,2,3,9,      399410601
2023,3995,14,1,1,0,8,2,1,2,      399501401
2023,3995,17,1,1,2,98,1,1,4,      399501701
2023,3995,17,1,1,2,98,1,2,5,      399501701
2023,3995,17,1,1,0,7,2,3,9,      399501701
2023,3995,32,1,1,7,9,2,1,4,      399503201
2023,3996,30,1,1,3,4,2,1,6,      399603001
2023,3996,37,1,1,3,4,1,1,3,      399603701
2023,3996,37,1,1,0,4,2,2,4,      399603701
2023,3996,49,1,1,1,4,2,1,4,      399604901
2023,3996,65,1,1,0,4,1,1,3,      399606501
2023,3996,65,1,1,2,4,2,2,4,      399606501
2023,3997,59,1,2, , ,1,1,4,      399705901
2023,3997,59,1,1,0,98,2,2,5,      399705901
2023,3997,65,1,1,5,3,2,1,3,      399706501
2023,3997,97,1,1,2,4,1,1,3,      399709701
2023,3997,97,1,1,8,5,2,2,4,      399709701
2023,3998,8,1,1,1,8,1,1,3,      399800801
2023,3998,8,1,1,1,8,2,2,4,      399800801
2023,3998,47,1,1,4,7,2,1,4,      399804701
2023,3998,64,1,1,8,8,2,1,6,      399806401
2023,3998,90,1,1,2,8,2,1,3,      399809001
2023,3998,105,1,1,3,8,1,1,6,      399810501
2023,3998,105,1,1,1,8,2,2,7,      399810501
2023,3999,18,1,1,3,5,1,1,2,      399901801
2023,3999,18,1,1,0,5,2,2,3,      399901801
2023,3999,20,1,1,5,7,2,1,4,      399902001
2023,3999,84,1,1,6,6,2,1,5,      399908401
2023,3999,114,1,1,2,6,1,1,5,      399911401
2023,3999,114,1,1,5,6,2,2,6,      399911401
2023,3999,131,1,1,0,5,2,1,3,      399913101
2023,3999,151,1,1,2,6,1,1,4,      399915101
2023,3999,151,1,1,0,6,2,2,5,      399915101
2023,4000,27,1,1,1,6,2,1,2,      400002701
2023,4000,136,1,1,1,6,1,1,4,      400013601
2023,4000,136,1,1,0,6,2,2,5,      400013601
2023,4001,30,1,1,8,7,1,1,3,      400103001
2023,4001,30,1,1,2,7,1,2,4,      400103001
2023,4001,30,1,1,0,7,2,3,5,      400103001
2023,4001,47,1,1,8,7,1,1,4,      400104701
2023,4001,47,1,1,0,7,2,2,5,      400104701
2023,4001,55,1,1,0,7,2,1,4,      400105501
2023,4001,63,1,1,6,7,1,1,4,      400106301
2023,4001,63,1,1,1,7,2,2,5,      400106301
2023,4001,102,1,1,1,7,2,1,4,      400110201
2023,4002,2,1,1,1,7,2,1,5,      400200201
2023,4002,9,1,8, , ,2,1,4,      400200901
2023,4002,21,1,1,2,5,1,1,5,      400202101
2023,4002,21,1,1,1,5,2,2,6,      400202101
2023,4002,28,1,1,2,8,1,1,3,      400202801
2023,4002,28,1,1,1,8,1,2,4,      400202801
2023,4002,28,1,1,0,8,2,3,5,      400202801
2023,4002,74,1,1,5,6,2,1,4,      400207401
2023,4002,136,1,1,2,9,1,1,3,      400213601
2023,4002,136,1,1,1,9,2,2,4,      400213601
2023,4003,3,1,1,4,9,2,1,3,      400300301
2023,4003,42,1,1,1,9,2,1,6,      400304201
2023,4003,43,1,1,3,9,2,1,4,      400304301
2023,4003,50,1,2, , ,2,1,3,      400305001
2023,4003,60,1,1,1,9,2,1,4,      400306001
2023,4003,108,1,1,4,9,2,1,6,      400310801
2023,4003,153,1,2, , ,2,1,3,      400315301
2023,4004,5,1,1,2,8,2,1,3,      400400501
2023,4004,31,1,1,5,6,1,1,3,      400403101
2023,4004,31,1,1,2,5,2,2,4,      400403101
2023,4004,46,1,1,4,8,1,1,3,      400404601
2023,4004,46,1,1,1,9,2,2,4,      400404601
2023,4004,52,1,1,1,8,2,1,3,      400405201
2023,4004,88,1,1,4,8,1,1,6,      400408801
2023,4004,88,1,1,2,8,2,2,7,      400408801
2023,4004,89,1,1,7,7,1,1,2,      400408901
2023,4004,89,1,1,0,7,2,2,3,      400408901
2023,4005,3,1,1,1,5,2,1,3,      400500301
2023,4005,4,1,1,1,5,2,1,3,      400500401
2023,4005,18,1,1,1,5,1,1,3,      400501801
2023,4005,18,1,1,0,5,2,2,4,      400501801
2023,4005,41,1,1,6,5,1,1,3,      400504101
2023,4005,41,1,1,6,5,1,2,4,      400504101
2023,4005,41,1,1,4,5,2,3,5,      400504101
2023,4005,51,1,1,1,5,1,1,3,      400505101
2023,4005,51,1,1,3,5,2,2,6,      400505101
2023,4005,52,1,1,6,5,1,1,5,      400505201
2023,4005,52,1,1,3,5,1,2,6,      400505201
2023,4005,52,1,1,0,5,2,3,7,      400505201
2023,4005,62,1,1,5,5,2,1,5,      400506201
2023,4005,71,1,1,1,6,1,1,3,      400507101
2023,4005,71,1,1,0,5,2,2,4,      400507101
2023,4006,22,1,1,5,5,2,1,4,      400602201
2023,4006,71,1,1,4,5,2,1,4,      400607101
2023,4007,36,1,1,1,9,2,1,3,      400703601
2023,4007,58,1,1,1,9,2,1,2,      400705801
2023,4007,64,1,1,6,9,1,1,3,      400706401
2023,4007,64,1,1,5,9,2,2,4,      400706401
2023,4007,70,1,1,4,9,2,1,4,      400707001
2023,4008,70,1,1,4,7,1,1,3,      400807001
2023,4008,70,1,1,3,7,2,2,4,      400807001
2023,4008,72,1,1,4,7,2,1,3,      400807201
2023,4008,75,1,1,1,6,2,1,3,      400807501
2023,4008,77,1,1,0,5,2,1,3,      400807701
2023,4008,79,1,1,7,6,1,1,4,      400807901
2023,4008,79,1,1,4,6,2,2,5,      400807901
2023,4008,150,1,1,5,6,2,1,3,      400815001
2023,4008,153,1,1,2,7,2,1,3,      400815301
2023,4009,63,1,1,3,5,2,1,3,      400906301
2023,4010,12,1,1,0,7,1,1,5,      401001201
2023,4010,12,1,1,0,7,2,2,6,      401001201
2023,4010,77,1,1,0,6,2,1,3,      401007701
2023,4011,34,1,2, , ,2,1,3,      401103401
2023,4011,98,1,2, , ,2,1,2,      401109801
2023,4011,129,1,1,0,9,2,1,2,      401112901
2023,4011,144,1,2, , ,2,1,3,      401114401
2023,4011,163,1,1,6,8,1,1,6,      401116301
2023,4011,163,1,1,0,8,2,2,7,      401116301
2023,4012,20,1,1,3,7,1,1,3,      401202001
2023,4012,20,1,1,0,7,2,2,4,      401202001
2023,4012,51,1,1,1,6,2,1,3,      401205101
2023,4012,56,1,1,3,7,1,1,3,      401205601
2023,4012,56,1,1,2,7,2,2,4,      401205601
2023,4012,75,1,1,2,7,2,1,3,      401207501
2023,4012,113,1,1,4,7,1,1,4,      401211301
2023,4012,113,1,1,1,7,2,2,5,      401211301
2023,4014,176,1,1,6,9,2,1,4,      401417601
2023,4015,1,1,1,4,7,2,1,2,      401500101
2023,4015,61,1,1,1,7,2,1,5,      401506101
2023,4015,107,1,1,0,7,2,1,3,      401510701
2023,4015,111,1,1,0,7,2,1,5,      401511101
2023,4015,114,1,1,1,7,2,1,7,      401511401
2023,4016,41,1,1,2,9,2,1,4,      401604101
2023,4016,63,1,1,1,9,1,1,2,      401606301
2023,4016,63,1,1,1,9,2,2,3,      401606301
2023,4016,71,1,1,2,9,1,1,3,      401607101
2023,4016,71,1,1,0,9,2,2,4,      401607101
2023,4017,31,1,1,1,6,2,1,4,      401703101
2023,4017,44,1,1,2,5,1,1,3,      401704401
2023,4017,44,1,1,1,5,1,2,5,      401704401
2023,4017,44,1,1,1,5,1,3,7,      401704401
2023,4017,44,1,2, , ,2,4,8,      401704401
2023,4017,51,1,1,3,6,2,1,3,      401705101
2023,4017,55,1,1,2,6,2,1,3,      401705501
2023,4017,77,1,1,0,6,2,1,3,      401707701
2023,4018,46,1,1,0,8,2,1,4,      401804601
2023,4018,84,1,2, , ,2,1,3,      401808401
2023,4018,128,1,1,1,9,2,1,2,      401812801
2023,4018,165,1,1,8,9,2,1,2,      401816501
2023,4018,216,1,1,7,8,2,1,2,      401821601
2023,4019,71,1,1,0,8,1,1,4,      401907101
2023,4019,71,1,1,0,8,2,2,5,      401907101
2023,4019,87,1,1,5,8,1,1,2,      401908701
2023,4019,87,1,1,0,8,2,2,3,      401908701
2023,4019,102,2,1,3,8,2,1,4,      401910202
2023,4019,102,3,1,0,8,2,1,3,      401910203
2023,4020,3,1,1,1,5,1,1,3,      402000301
2023,4020,3,1,1,5,5,2,2,5,      402000301
2023,4020,86,1,1,2,5,1,1,6,      402008601
2023,4020,86,1,1,0,5,2,2,7,      402008601
2023,4020,106,1,1,1,5,2,1,3,      402010601
2023,4021,5,1,1,0,5,1,1,4,      402100501
2023,4021,5,1,1,0,5,1,2,5,      402100501
2023,4021,5,1,1,0,6,2,3,6,      402100501
2023,4021,9,1,1,3,6,2,1,2,      402100901
2023,4021,28,1,1,1,6,2,1,3,      402102801
2023,4021,50,1,1,1,5,2,1,3,      402105001
2023,4022,36,1,1,7,9,1,1,4,      402203601
2023,4022,36,1,1,1,9,2,2,5,      402203601
2023,4022,64,1,1,1,9,2,1,2,      402206401
2023,4022,146,1,1,5,9,2,1,3,      402214601
2023,4023,3,1,1,5,7,1,1,5,      402300301
2023,4023,3,1,1,1,7,2,2,6,      402300301
2023,4023,4,1,1,8,7,1,1,2,      402300401
2023,4023,4,1,1,0,7,2,2,3,      402300401
2023,4023,6,1,1,1,7,2,1,5,      402300601
2023,4023,31,1,1,1,7,2,1,2,      402303101
2023,4023,33,1,1,1,7,2,1,2,      402303301
2023,4023,71,1,1,3,7,2,1,4,      402307101
2023,4023,96,1,1,1,7,2,1,4,      402309601
2023,4024,40,1,1,3,4,2,1,3,      402404001
2023,4024,62,1,1,5,4,1,1,3,      402406201
2023,4024,62,1,1,1,4,2,2,4,      402406201
2023,4024,96,1,1,5,4,2,1,6,      402409601
2023,4024,109,1,1,3,4,1,1,3,      402410901
2023,4024,109,1,1,3,4,2,2,5,      402410901
2023,4025,75,1,1,0,6,2,1,3,      402507501
2023,4025,76,1,1,3,6,2,1,3,      402507601
2023,4025,78,1,1,1,7,2,1,4,      402507801
2023,4025,115,1,1,1,6,2,1,5,      402511501
2023,4025,117,1,1,1,6,1,1,7,      402511701
2023,4025,117,1,1,0,6,2,2,9,      402511701
2023,4025,142,1,1,6,7,2,1,3,      402514201
2023,4025,144,1,1,5,6,1,1,3,      402514401
2023,4025,144,1,1,3,6,2,2,4,      402514401
2023,4025,149,1,1,5,6,1,1,5,      402514901
2023,4025,149,1,1,1,6,2,2,6,      402514901
2023,4025,150,1,1,6,6,1,1,6,      402515001
2023,4025,150,1,1,1,6,2,2,7,      402515001
2023,4026,79,1,1,2,5,1,1,3,      402607901
2023,4026,79,1,1,4,5,2,2,4,      402607901
2023,4026,97,1,1,4,5,2,1,3,      402609701
2023,4026,118,1,1,0,5,2,1,2,      402611801
2023,4026,120,1,1,2,6,2,1,3,      402612001
2023,4026,124,1,1,4,5,2,1,3,      402612401
2023,4027,32,1,1,1,8,1,1,4,      402703201
2023,4027,32,1,1,2,8,2,2,5,      402703201
2023,4027,33,1,1,4,8,2,1,4,      402703301
2023,4027,34,1,1,1,8,2,1,2,      402703401
2023,4027,48,1,1,0,8,2,1,4,      402704801
2023,4027,49,1,1,5,8,1,1,6,      402704901
2023,4027,49,1,1,3,8,1,2,7,      402704901
2023,4027,49,1,1,1,8,2,3,8,      402704901
2023,4027,151,1,1,3,8,2,1,4,      402715101
2023,4027,155,1,1,0,8,2,1,3,      402715501
2023,4028,131,1,1,2,8,2,1,6,      402813101
2023,4029,4,1,1,1,5,2,1,4,      402900401
2023,4029,47,1,1,2,5,2,1,5,      402904701
2023,4029,59,1,1,5,5,1,1,3,      402905901
2023,4029,59,1,1,1,5,2,2,4,      402905901
2023,4029,95,1,1,4,5,2,1,4,      402909501
2023,4029,98,1,1,0,5,1,1,6,      402909801
2023,4029,98,1,1,0,5,1,2,7,      402909801
2023,4029,98,1,1,1,4,2,3,10,      402909801
2023,4029,102,1,1,1,5,1,1,2,      402910201
2023,4029,102,1,1,1,5,2,2,4,      402910201
2023,4029,109,1,1,1,5,2,1,5,      402910901
2023,4030,167,1,1,1,6,2,1,9,      403016701
2023,4030,193,1,1,1,7,1,1,2,      403019301
2023,4030,193,1,1,2,7,2,2,3,      403019301
2023,4031,18,1,1,5,5,2,1,4,      403101801
2023,4031,45,1,1,2,5,2,1,4,      403104501
2023,4031,69,1,1,8,5,2,1,3,      403106901
2023,4031,94,1,1,1,5,1,1,3,      403109401
2023,4031,94,1,1,0,5,2,2,4,      403109401
2023,4031,112,1,1,6,5,2,1,5,      403111201
2023,4032,76,1,1,1,6,2,1,4,      403207601
2023,4032,112,1,1,6,4,1,1,4,      403211201
2023,4032,112,1,1,3,4,2,2,5,      403211201
2023,4033,53,1,1,1,5,2,1,7,      403305301
2023,4033,104,1,1,4,4,2,1,3,      403310401
2023,4033,176,1,1,1,4,2,1,3,      403317601
2023,4033,177,1,1,7,5,1,1,3,      403317701
2023,4033,177,1,1,4,5,1,2,7,      403317701
2023,4033,177,1,1,1,5,2,3,8,      403317701
2023,4034,22,1,1,2,4,2,1,2,      403402201
2023,4034,126,2,2, , ,2,1,3,      403412602
2023,4034,164,1,1,1,4,2,1,4,      403416401
2023,4035,174,1,1,2,8,1,1,4,      403517401
2023,4035,174,1,1,2,8,2,2,5,      403517401
2023,4037,5,1,1,3,6,1,1,2,      403700501
2023,4037,5,1,1,0,6,2,2,3,      403700501
2023,4037,7,1,1,7,7,1,1,2,      403700701
2023,4037,7,1,1,1,7,2,2,3,      403700701
2023,4037,18,1,1,6,6,1,1,3,      403701801
2023,4037,18,1,1,1,6,2,2,4,      403701801
2023,4037,55,1,1,1,7,2,1,3,      403705501
2023,4037,91,1,1,0,6,2,1,3,      403709101
2023,4038,23,2,1,4,6,2,1,3,      403802302
2023,4038,67,1,1,1,6,2,1,4,      403806701
2023,4038,72,1,1,0,7,2,1,2,      403807201
2023,4039,20,1,1,6,8,2,1,5,      403902001
2023,4039,27,1,1,0,9,2,1,4,      403902701
2023,4039,46,1,1,4,9,2,1,3,      403904601
2023,4039,73,1,1,1,8,2,1,3,      403907301
2023,4039,96,1,1,0,9,2,1,5,      403909601
2023,4039,102,1,1,3,8,2,1,4,      403910201
2023,4039,139,1,1,3,7,1,1,8,      403913901
2023,4039,139,1,1,2,7,1,2,12,      403913901
2023,4039,139,1,1,1,7,2,3,13,      403913901
2023,4040,48,1,1,1,7,2,1,3,      404004801
2023,4040,62,1,1,0,8,2,1,5,      404006201
2023,4040,67,1,1,5,98,2,1,3,      404006701
2023,4040,76,1,1,4,8,2,1,3,      404007601
2023,4040,82,1,1,7,7,1,1,3,      404008201
2023,4040,82,1,1,4,7,1,2,4,      404008201
2023,4040,82,1,1,2,7,1,3,5,      404008201
2023,4040,82,1,1,0,1,2,4,6,      404008201
2023,4040,86,1,1,1,7,2,1,3,      404008601
2023,4041,64,1,1,5,4,1,1,4,      404106401
2023,4041,64,1,1,5,4,1,2,5,      404106401
2023,4041,64,1,1,0,3,1,3,6,      404106401
2023,4041,64,1,1,0,3,1,4,11,      404106401
2023,4041,64,1,1,0,3,1,5,12,      404106401
2023,4041,64,1,1,0,3,2,6,13,      404106401
2023,4041,71,1,1,6,4,2,1,5,      404107101
2023,4042,12,1,1,0,5,2,1,3,      404201201
2023,4042,44,1,1,1,3,2,1,3,      404204401
2023,4042,56,1,1,7,5,1,1,2,      404205601
2023,4042,56,1,1,4,5,2,2,3,      404205601
2023,4042,66,1,1,1,4,2,1,4,      404206601
2023,4043,6,1,1,3,9,2,1,4,      404300601
2023,4043,7,1,1,7,8,1,1,5,      404300701
2023,4043,7,1,1,5,8,1,2,6,      404300701
2023,4043,7,1,1,1,8,2,3,7,      404300701
2023,4043,8,1,1,2,8,2,1,3,      404300801
2023,4043,18,1,1,8,8,2,1,5,      404301801
2023,4043,19,1,1,5,9,1,1,3,      404301901
2023,4043,19,1,1,4,9,1,2,4,      404301901
2023,4043,19,1,1,2,9,2,3,5,      404301901
2023,4043,21,1,1,7,9,1,1,4,      404302101
2023,4043,21,1,1,7,9,2,2,5,      404302101
2023,4043,22,1,1,1,8,2,1,3,      404302201
2023,4043,75,1,1,8,8,2,1,3,      404307501
2023,4043,76,1,1,5,9,2,1,2,      404307601
2023,4043,77,1,1,5,9,2,1,4,      404307701
2023,4043,79,1,1,1,8,1,1,6,      404307901
2023,4043,79,1,1,0,8,2,2,7,      404307901
2023,4044,35,1,1,2,7,2,1,3,      404403501
2023,4044,36,1,1,4,8,2,1,4,      404403601
2023,4044,37,1,1,0,7,2,1,3,      404403701
2023,4044,39,1,1,6,8,1,1,3,      404403901
2023,4044,39,1,1,2,8,1,2,4,      404403901
2023,4044,39,1,1,1,8,2,3,5,      404403901
2023,4044,75,1,1,3,7,2,1,3,      404407501
2023,4044,77,1,1,0,8,2,1,3,      404407701
2023,4044,84,1,1,6,7,2,1,2,      404408401
2023,4044,85,1,1,5,8,1,1,5,      404408501
2023,4044,85,1,1,3,8,1,2,6,      404408501
2023,4044,85,1,1,0,8,2,3,7,      404408501
2023,4044,170,1,1,7,8,1,1,3,      404417001
2023,4044,170,1,1,5,8,1,2,4,      404417001
2023,4044,170,1,1,0,8,2,3,5,      404417001
2023,4044,171,1,1,8,7,1,1,4,      404417101
2023,4044,171,1,1,4,7,2,2,5,      404417101
2023,4044,172,1,1,7,7,2,1,3,      404417201
2023,4044,173,1,1,5,8,1,1,3,      404417301
2023,4044,173,1,1,2,8,2,2,4,      404417301
2023,4044,174,1,1,4,7,1,1,3,      404417401
2023,4044,174,1,1,5,7,1,2,4,      404417401
2023,4044,174,1,1,2,7,2,3,5,      404417401
2023,4045,27,1,1,5,7,1,1,3,      404502701
2023,4045,27,1,1,3,7,2,2,4,      404502701
2023,4045,29,1,1,6,7,1,1,3,      404502901
2023,4045,29,1,1,3,7,2,2,4,      404502901
2023,4045,30,1,1,7,7,1,1,5,      404503001
2023,4045,30,1,1,5,7,1,2,6,      404503001
2023,4045,30,1,1,1,7,2,3,7,      404503001
2023,4045,39,1,1,4,7,1,1,4,      404503901
2023,4045,39,1,1,2,7,2,2,5,      404503901
2023,4045,40,1,1,4,7,1,1,2,      404504001
2023,4045,40,1,1,1,7,2,2,3,      404504001
2023,4045,41,1,1,5,7,2,1,3,      404504101
2023,4045,43,1,1,1,7,2,1,3,      404504301
2023,4045,73,1,1,8,6,1,1,3,      404507301
2023,4045,73,1,1,0,6,2,2,4,      404507301
2023,4045,74,1,1,5,7,1,1,5,      404507401
2023,4045,74,1,1,3,7,2,2,6,      404507401
2023,4045,75,1,1,5,7,2,1,4,      404507501
2023,4046,9,1,1,4,6,1,1,4,      404600901
2023,4046,9,1,1,0,6,2,2,5,      404600901
2023,4046,43,1,1,4,5,2,1,4,      404604301
2023,4046,86,1,1,5,5,2,1,3,      404608601
2023,4046,101,1,1,4,6,2,1,3,      404610101
2023,4047,36,1,1,0,4,2,1,3,      404703601
2023,4047,37,1,1,1,5,2,1,6,      404703701
2023,4047,38,1,1,1,4,1,1,3,      404703801
2023,4047,38,1,1,0,4,2,2,4,      404703801
2023,4047,39,1,1,1,5,2,1,6,      404703901
2023,4047,40,1,1,8,4,2,1,3,      404704001
2023,4047,64,1,1,4,5,1,1,3,      404706401
2023,4047,64,1,1,1,5,2,2,4,      404706401
2023,4047,71,1,1,1,4,1,1,3,      404707101
2023,4047,71,1,1,3,4,2,2,5,      404707101
2023,4047,112,1,1,3,5,2,1,4,      404711201
2023,4047,113,1,1,7,5,1,1,3,      404711301
2023,4047,113,1,1,3,5,1,2,4,      404711301
2023,4047,113,1,1,8,5,2,3,6,      404711301
2023,4047,114,1,1,0,3,1,1,4,      404711401
2023,4047,114,1,1,1,5,2,2,5,      404711401
2023,4047,116,1,1,8,5,2,1,5,      404711601
2023,4048,31,1,2, , ,2,1,6,      404803101
2023,4048,47,1,2, , ,1,1,3,      404804701
2023,4048,47,1,2, , ,2,2,4,      404804701
2023,4048,47,2,2, , ,1,1,4,      404804702
2023,4048,47,2,2, , ,2,2,5,      404804702
2023,4048,52,1,2, , ,2,1,3,      404805201
2023,4048,66,1,2, , ,1,1,2,      404806601
2023,4048,66,1,2, , ,2,2,3,      404806601
2023,4048,92,1,2, , ,2,1,3,      404809201
2023,4048,119,1,1,1,6,1,1,4,      404811901
2023,4048,119,1,2, , ,2,2,5,      404811901
2023,4049,61,1,2, , ,1,1,3,      404906101
2023,4049,61,1,2, , ,2,2,4,      404906101
2023,4050,13,1,1,1,8,2,1,5,      405001301
2023,4050,45,1,2, , ,2,1,3,      405004501
2023,4050,54,1,1,1,8,2,1,2,      405005401
2023,4050,54,2,1,0,8,2,1,3,      405005402
2023,4050,61,1,2, , ,2,1,3,      405006101
2023,4050,178,1,2, , ,2,1,3,      405017801
2023,4051,14,1,2, , ,2,1,4,      405101401
2023,4051,21,1,2, , ,1,1,4,      405102101
2023,4051,21,1,2, , ,1,2,5,      405102101
2023,4051,21,1,2, , ,1,3,7,      405102101
2023,4051,21,1,2, , ,2,4,8,      405102101
2023,4051,68,1,2, , ,2,1,3,      405106801
2023,4052,26,1,2, , ,2,1,3,      405202601
2023,4052,36,1,1,3,7,2,1,5,      405203601
2023,4052,47,1,2, , ,2,1,4,      405204701
2023,4053,20,1,2, , ,2,1,3,      405302001
2023,4053,40,1,2, , ,2,1,3,      405304001
2023,4053,71,1,2, , ,1,1,3,      405307101
2023,4053,71,1,2, , ,2,2,4,      405307101
2023,4053,110,1,2, , ,2,1,4,      405311001
2023,4054,3,1,2, , ,2,1,3,      405400301
2023,4054,37,1,2, , ,2,1,5,      405403701
2023,4054,66,1,2, , ,1,1,2,      405406601
2023,4054,66,1,2, , ,2,2,3,      405406601
2023,4054,76,1,2, , ,1,1,3,      405407601
2023,4054,76,1,2, , ,2,2,4,      405407601
2023,4054,83,1,1,1,9,1,1,3,      405408301
2023,4054,83,1,1,8,9,2,2,6,      405408301
2023,4054,118,1,2, , ,2,1,5,      405411801
2023,4055,21,3,1,2,5,1,1,3,      405502103
2023,4055,21,3,1,2,5,2,2,4,      405502103
2023,4055,49,1,2, , ,2,1,3,      405504901
2023,4055,60,1,1,0,5,2,1,3,      405506001
2023,4055,99,1,1,3,5,2,1,2,      405509901
2023,4055,133,1,1,0,5,2,1,3,      405513301
2023,4055,138,1,2, , ,2,1,3,      405513801
2023,4056,2,1,2, , ,2,1,3,      405600201
2023,4056,58,1,1,2,6,1,1,4,      405605801
2023,4056,58,1,1,1,6,2,2,8,      405605801
2023,4056,73,1,2, , ,1,1,6,      405607301
2023,4056,73,1,1,2,6,2,2,7,      405607301
2023,4056,119,1,2, , ,2,1,6,      405611901
2023,4056,162,1,2, , ,2,1,4,      405616201
2023,4056,171,1,1,3,7,1,1,6,      405617101
2023,4056,171,1,1,3,7,1,2,7,      405617101
2023,4056,171,1,1,3,7,1,3,10,      405617101
2023,4056,171,1,1,1,5,2,4,11,      405617101
2023,4057,46,1,1,1,4,2,1,3,      405704601
2023,4057,101,2,2, , ,2,1,3,      405710102
2023,4057,137,1,2, , ,1,1,3,      405713701
2023,4057,137,1,1,0,5,2,2,4,      405713701
2023,4057,141,1,2, , ,2,1,3,      405714101
2023,4058,8,1,1,1,6,2,1,5,      405800801
2023,4058,30,1,1,1,6,2,1,4,      405803001
2023,4058,42,1,1,4,6,2,1,5,      405804201
2023,4058,101,1,1,8,6,1,1,3,      405810101
2023,4058,101,1,1,6,6,1,2,4,      405810101
2023,4058,101,1,1,4,6,1,3,5,      405810101
2023,4058,101,1,1,2,6,2,4,6,      405810101
2023,4058,144,1,1,5,6,1,1,3,      405814401
2023,4058,144,1,1,2,6,1,2,4,      405814401
2023,4058,144,1,1,1,6,2,3,5,      405814401
2023,4059,23,1,2, , ,2,1,3,      405902301
2023,4059,39,1,2, , ,2,1,4,      405903901
2023,4060,13,1,1,0,7,1,1,3,      406001301
2023,4060,13,1,1,0,7,2,2,4,      406001301
2023,4060,59,1,1,0,6,2,1,2,      406005901
2023,4060,166,1,1,0,6,2,1,6,      406016601
2023,4061,31,1,1,0,2,2,1,8,      406103101
2023,4061,70,1,1,3,4,1,1,4,      406107001
2023,4061,70,1,1,3,4,2,2,5,      406107001
2023,4061,119,1,2, , ,2,1,4,      406111901
2023,4061,148,1,1,2,6,2,1,5,      406114801
2023,4062,26,1,1,3,4,2,1,3,      406202601
2023,4062,41,1,1,1,4,1,1,3,      406204101
2023,4062,41,1,1,1,4,2,2,4,      406204101
2023,4062,76,1,1,4,5,2,1,4,      406207601
2023,4062,87,1,1,6,5,1,1,3,      406208701
2023,4062,87,1,1,5,5,1,2,4,      406208701
2023,4062,87,1,1,3,5,2,3,5,      406208701
2023,4062,112,1,1,5,5,2,1,5,      406211201
2023,4062,137,1,1,1,4,1,1,3,      406213701
2023,4062,137,1,1,0,4,2,2,4,      406213701
2023,4063,6,1,1,0,9,2,1,4,      406300601
2023,4063,10,1,1,0,10,1,1,3,      406301001
2023,4063,10,1,1,0,10,2,2,4,      406301001
2023,4063,19,1,1,1,10,1,1,5,      406301901
2023,4063,19,1,1,1,10,2,2,6,      406301901
2023,4063,30,2,1,0,9,2,1,2,      406303002
2023,4063,30,3,1,1,8,2,1,3,      406303003
2023,4063,35,1,1,0,10,1,1,4,      406303501
2023,4063,35,1,1,0,10,2,2,5,      406303501
2023,4064,6,1,1,0,8,2,1,3,      406400601
2023,4064,26,1,1,3,7,2,1,3,      406402601
2023,4064,120,1,1,2,7,2,1,3,      406412001
2023,4064,138,1,1,1,8,2,1,4,      406413801
2023,4064,159,1,1,1,7,1,1,3,      406415901
2023,4064,159,1,1,3,7,2,2,5,      406415901
2023,4065,35,1,1,0,10,2,1,5,      406503501
2023,4065,63,1,1,1,10,2,1,2,      406506301
2023,4066,23,1,1,5,5,1,1,3,      406602301
2023,4066,23,1,1,5,7,1,2,4,      406602301
2023,4066,23,1,1,3,7,2,3,5,      406602301
2023,4066,25,1,1,1,6,2,1,3,      406602501
2023,4066,26,1,1,9,7,2,1,4,      406602601
2023,4066,27,1,1,3,6,1,1,4,      406602701
2023,4066,27,1,1,1,6,1,2,5,      406602701
2023,4066,27,1,1,1,6,2,3,6,      406602701
2023,4066,28,1,1,2,7,2,1,3,      406602801
2023,4066,29,1,1,2,6,1,1,3,      406602901
2023,4066,29,1,1,2,6,2,2,4,      406602901
2023,4066,32,1,1,6,6,1,1,4,      406603201
2023,4066,32,1,1,4,6,2,2,5,      406603201
2023,4066,33,1,1,0,7,2,1,3,      406603301
2023,4066,45,1,1,4,6,1,1,5,      406604501
2023,4066,45,1,1,3,6,2,2,6,      406604501
2023,4066,97,1,1,5,7,1,1,3,      406609701
2023,4066,97,1,1,0,7,2,2,4,      406609701
2023,4066,99,1,2, , ,2,1,3,      406609901
2023,4066,100,1,1,8,6,2,1,3,      406610001
2023,4066,101,1,1,7,7,2,1,4,      406610101
2023,4067,21,1,1,4,9,1,1,3,      406702101
2023,4067,21,1,1,4,9,1,2,4,      406702101
2023,4067,21,1,1,1,9,2,3,5,      406702101
2023,4067,22,1,1,6,9,1,1,4,      406702201
2023,4067,22,1,1,2,9,2,2,5,      406702201
2023,4067,25,1,1,3,9,2,1,3,      406702501
2023,4067,40,1,1,6,9,1,1,4,      406704001
2023,4067,40,1,2, , ,2,2,5,      406704001
2023,4067,113,1,1,4,9,2,1,5,      406711301
2023,4067,120,1,1,2,9,2,1,4,      406712001
2023,4067,121,1,1,8,9,1,1,3,      406712101
2023,4067,121,1,1,8,9,2,2,4,      406712101
2023,4067,122,1,1,4,9,1,1,3,      406712201
2023,4067,122,1,1,4,9,1,2,4,      406712201
2023,4067,122,1,1,4,9,2,3,5,      406712201
2023,4068,26,1,1,1,9,2,1,4,      406802601
2023,4068,60,1,1,1,9,1,1,6,      406806001
2023,4068,60,1,1,0,9,2,2,7,      406806001
2023,4068,64,1,2, , ,2,1,3,      406806401
2023,4069,25,1,1,1,5,2,1,3,      406902501
2023,4070,23,1,1,0,10,2,1,3,      407002301
2023,4070,92,1,1,1,9,2,1,5,      407009201
2023,4070,117,1,1,4,11,1,1,5,      407011701
2023,4070,117,1,1,4,11,2,2,6,      407011701
2023,4071,31,1,1,0,9,2,1,5,      407103101
2023,4071,126,1,1,0,5,1,1,3,      407112601
2023,4071,126,1,1,0,7,2,2,4,      407112601
2023,4072,2,1,2, , ,2,1,3,      407200201
2023,4072,32,1,1,4,5,1,1,5,      407203201
2023,4072,32,1,1,0,5,2,2,6,      407203201
2023,4072,41,1,8, , ,1,1,3,      407204101
2023,4072,41,1,8, , ,2,2,4,      407204101
2023,4073,111,1,1,2,10,1,1,4,      407311101
2023,4073,111,1,1,0,10,2,2,7,      407311101
2023,4074,90,1,1,7,5,1,1,4,      407409001
2023,4074,90,1,1,2,7,1,2,5,      407409001
2023,4074,90,1,1,0,7,2,3,6,      407409001
2023,4074,100,1,1,5,8,2,1,4,      407410001
2023,4074,108,1,1,0,8,2,1,3,      407410801
2023,4075,38,1,1,0,8,2,1,6,      407503801
2023,4075,54,1,1,0,4,2,1,3,      407505401
2023,4075,142,1,1,1,7,1,1,3,      407514201
2023,4075,142,1,1,0,7,2,2,4,      407514201
2023,4076,136,1,2, , ,1,1,5,      407613601
2023,4076,136,1,2, , ,1,2,6,      407613601
2023,4076,136,1,2, , ,2,3,7,      407613601
2023,4077,39,1,1,1,10,2,1,7,      407703901
2023,4077,47,1,1,2,6,2,1,4,      407704701
2023,4077,52,1,1,1,7,2,1,5,      407705201
2023,4077,62,1,1,6,6,2,1,4,      407706201
2023,4078,125,1,1,2,3,2,1,6,      407812501
2023,4078,153,1,1,1,2,2,1,3,      407815301
2023,4078,153,2,1,6,4,2,1,6,      407815302
2023,4079,63,1,1,1,6,2,1,5,      407906301
2023,4079,161,1,1,2,3,1,1,5,      407916101
2023,4079,161,1,1,5,3,2,2,7,      407916101
2023,4080,5,1,1,8,10,1,1,8,      408000501
2023,4080,5,1,1,5,10,1,2,9,      408000501
2023,4080,5,1,1,3,10,2,3,10,      408000501
2023,4080,57,1,2, , ,2,1,4,      408005701
2023,4080,59,1,1,8,10,1,1,3,      408005901
2023,4080,59,1,1,5,10,1,2,4,      408005901
2023,4080,59,1,1,5,10,2,3,5,      408005901
2023,4080,75,1,1,0,9,1,1,3,      408007501
2023,4080,75,1,1,0,9,2,2,6,      408007501
2023,4081,54,1,1,1,3,2,1,4,      408105401
2023,4081,95,1,1,1,3,1,1,3,      408109501
2023,4081,95,1,1,0,5,2,2,4,      408109501
2023,4082,13,1,1,0,6,2,1,4,      408201301
2023,4082,26,1,1,3,6,1,1,5,      408202601
2023,4082,26,1,1,0,6,2,2,6,      408202601
2023,4083,21,2,1,2,11,2,1,5,      408302102
2023,4083,39,1,1,1,11,1,1,5,      408303901
2023,4083,39,1,1,1,11,2,2,6,      408303901
2023,4083,67,2,1,5,10,1,1,4,      408306702
2023,4083,67,2,1,0,10,2,2,5,      408306702
2023,4083,93,1,1,4,8,2,1,5,      408309301
2023,4083,130,1,2, , ,2,1,4,      408313001
2023,4084,55,1,1,0,9,1,1,4,      408405501
2023,4084,55,1,1,1,9,2,2,5,      408405501
2023,4084,60,1,1,1,8,2,1,2,      408406001
2023,4085,32,1,1,1,8,1,1,3,      408503201
2023,4085,32,1,1,1,8,2,2,4,      408503201
2023,4085,122,1,1,1,8,2,1,6,      408512201
2023,4085,136,1,2, , ,2,1,10,      408513601
2023,4085,139,1,1,2,8,2,1,2,      408513901
2023,4086,22,1,1,1,7,2,1,3,      408602201
2023,4086,79,1,1,2,0,2,1,4,      408607901
2023,4086,123,1,1,1,7,2,1,4,      408612301
2023,4087,40,1,1,2,5,1,1,6,      408704001
2023,4087,40,1,1,2,5,2,2,9,      408704001
2023,4087,60,1,1,5,5,1,1,3,      408706001
2023,4087,60,1,1,5,5,1,2,6,      408706001
2023,4087,60,1,1,2,5,2,3,7,      408706001
2023,4088,30,1,1,3,8,1,1,3,      408803001
2023,4088,30,1,1,2,8,1,2,4,      408803001
2023,4088,30,1,1,0,8,2,3,5,      408803001
2023,4088,159,1,1,1,8,2,1,2,      408815901
2023,4089,2,1,1,0,8,2,1,3,      408900201
2023,4089,12,1,1,0,10,2,1,3,      408901201
2023,4089,76,1,1,1,8,2,1,2,      408907601
2023,4089,115,1,1,4,8,2,1,9,      408911501
2023,4090,27,1,1,4,6,2,1,4,      409002701
2023,4090,29,1,1,0,6,2,1,5,      409002901
2023,4090,68,1,1,1,6,2,1,5,      409006801
2023,4090,132,1,1,0,7,2,1,3,      409013201
2023,4091,11,1,2, , ,2,1,4,      409101101
2023,4091,15,1,1,5,7,2,1,6,      409101501
2023,4091,27,1,1,5,7,1,1,3,      409102701
2023,4091,27,1,1,4,6,1,2,4,      409102701
2023,4091,27,1,1,0,7,2,3,5,      409102701
2023,4091,33,1,1,8,7,2,1,3,      409103301
2023,4091,43,1,1,1,6,2,1,5,      409104301
2023,4091,62,1,1,0,6,2,1,3,      409106201
2023,4091,65,1,1,2,7,2,1,4,      409106501
2023,4091,86,1,1,2,3,1,1,4,      409108601
2023,4091,86,1,1,1,4,2,2,6,      409108601
2023,4092,25,1,1,1,5,2,1,3,      409202501
2023,4092,64,1,8, , ,2,1,4,      409206401
2023,4093,18,1,1,5,9,1,1,3,      409301801
2023,4093,18,1,1,0,9,2,2,4,      409301801
2023,4093,22,1,1,2,7,2,1,4,      409302201
2023,4093,34,1,1,1,3,1,1,6,      409303401
2023,4093,34,1,1,1,3,2,2,8,      409303401
2023,4093,35,1,1,5,7,1,1,4,      409303501
2023,4093,35,1,1,0,8,2,2,5,      409303501
2023,4093,44,1,1,2,8,1,1,3,      409304401
2023,4093,44,1,1,1,8,1,2,4,      409304401
2023,4093,44,1,1,2,8,2,3,7,      409304401
2023,4093,45,1,1,4,8,2,1,3,      409304501
2023,4093,49,1,1,8,7,1,1,4,      409304901
2023,4093,49,1,1,7,7,2,2,5,      409304901
2023,4094,54,1,1,4,3,1,1,3,      409405401
2023,4094,54,1,1,3,4,1,2,5,      409405401
2023,4094,54,1,1,2,4,2,3,6,      409405401
2023,4095,119,1,1,2,5,1,1,3,      409511901
2023,4095,119,1,1,2,5,2,2,4,      409511901
2023,4097,16,1,1,0,6,1,1,5,      409701601
2023,4097,16,1,1,1,6,2,2,7,      409701601
2023,4097,24,1,1,0,8,2,1,7,      409702401
2023,4098,75,1,1,3,0,1,1,3,      409807501
2023,4098,75,1,1,0,4,2,2,4,      409807501
2023,4098,99,1,1,0,4,1,1,6,      409809901
2023,4098,99,1,1,0,3,2,2,9,      409809901
2023,4098,104,1,1,1,2,2,1,3,      409810401
2023,4098,138,1,1,1,3,2,1,6,      409813801
2023,4098,140,1,1,0,2,2,1,7,      409814001
2023,4099,61,1,1,2,8,1,1,7,      409906101
2023,4099,61,1,1,1,8,2,2,8,      409906101
2023,4099,82,1,1,1,9,1,1,3,      409908201
2023,4099,82,1,1,0,9,2,2,4,      409908201
2023,4099,83,1,1,3,10,1,1,4,      409908301
2023,4099,83,1,1,0,10,2,2,5,      409908301
2023,4099,148,1,1,1,3,2,1,4,      409914801
2023,4100,65,1,1,0,8,1,1,2,      410006501
2023,4100,65,1,1,2,8,1,2,3,      410006501
2023,4100,65,1,1,0,8,2,3,4,      410006501
2023,4100,142,1,1,0,2,2,1,5,      410014201
2023,4101,27,1,1,0,7,2,1,7,      410102701
2023,4101,38,1,1,4,8,2,1,3,      410103801
2023,4101,44,1,1,6,6,2,1,3,      410104401
2023,4101,96,1,1,1,8,2,1,3,      410109601
2023,4102,67,1,1,0,11,2,1,3,      410206701
2023,4102,110,1,1,5,8,2,1,4,      410211001
2023,4102,125,1,1,3,8,2,1,2,      410212501
2023,4102,192,1,1,1,11,2,1,5,      410219201
2023,4103,15,1,1,0,6,2,1,3,      410301501
2023,4103,43,1,1,1,7,2,1,4,      410304301
2023,4103,60,1,1,3,7,2,1,3,      410306001
2023,4103,94,1,1,2,7,1,1,5,      410309401
2023,4103,94,1,1,3,7,1,2,6,      410309401
2023,4103,94,1,1,0,7,2,3,7,      410309401
2023,4103,97,1,1,1,6,2,1,4,      410309701
2023,4104,126,1,1,1,8,2,1,4,      410412601
2023,4104,136,1,1,1,8,2,1,3,      410413601
2023,4109,91,1,2, , ,1,1,7,      410909101
2023,4109,91,1,2, , ,1,2,8,      410909101
2023,4109,91,1,2, , ,2,3,9,      410909101
2023,4111,13,1,2, , ,1,1,3,      411101301
2023,4111,13,1,2, , ,2,2,4,      411101301
2023,4111,31,1,2, , ,1,1,5,      411103101
2023,4111,31,1,2, , ,1,2,8,      411103101
2023,4111,31,1,2, , ,2,3,9,      411103101
2023,4111,39,1,2, , ,2,1,3,      411103901
2023,4111,58,1,2, , ,2,1,6,      411105801
2023,4113,103,1,1,2,0,2,1,5,      411310301
2023,4113,112,1,1,0,4,1,1,3,      411311201
2023,4113,112,1,1,1,4,2,2,6,      411311201
2023,4114,19,1,1,4,8,1,1,2,      411401901
2023,4114,19,1,1,1,8,2,2,3,      411401901
2023,4114,52,1,2, , ,2,1,3,      411405201
2023,4114,71,1,1,2,8,1,1,3,      411407101
2023,4114,71,1,1,1,8,2,2,4,      411407101
2023,4114,86,1,1,1,8,1,1,5,      411408601
2023,4114,86,1,1,1,8,2,2,6,      411408601
2023,4114,99,1,1,98,98,2,1,7,      411409901
2023,4115,2,1,1,0,10,2,1,5,      411500201
2023,4115,10,1,1,3,8,2,1,3,      411501001
2023,4115,27,1,1,1,7,2,1,3,      411502701
2023,4115,37,1,1,5,7,2,1,4,      411503701
2023,4116,123,1,1,1,8,1,1,5,      411612301
2023,4116,123,1,1,1,8,1,2,7,      411612301
2023,4116,123,1,1,0,8,2,3,8,      411612301
2023,4117,42,1,1,1,11,2,1,5,      411704201
2023,4117,68,1,2, , ,2,1,4,      411706801
2023,4118,82,1,1,3,5,2,1,3,      411808201
2023,4118,87,1,1,1,3,2,1,3,      411808701
2023,4118,89,1,1,0,4,2,1,3,      411808901
2023,4118,97,1,1,1,4,2,1,3,      411809701
2023,4118,111,1,1,1,5,2,1,3,      411811101
2023,4118,112,1,2, , ,2,1,4,      411811201
2023,4119,24,1,1,1,7,2,1,2,      411902401
2023,4119,67,1,1,1,7,2,1,4,      411906701
2023,4119,102,1,1,1,7,1,1,3,      411910201
2023,4119,102,1,1,1,7,1,2,4,      411910201
2023,4119,102,1,1,1,7,2,3,5,      411910201
2023,4120,12,1,1,1,0,2,1,3,      412001201
2023,4120,45,1,1,8,7,2,1,4,      412004501
2023,4120,51,1,1,2,2,2,1,4,      412005101
2023,4120,133,1,1,0,7,1,1,6,      412013301
2023,4120,133,1,1,0,7,2,2,7,      412013301
2023,4121,3,1,1,6,5,1,1,4,      412100301
2023,4121,3,1,1,6,5,2,2,5,      412100301
2023,4121,16,1,1,5,5,2,1,3,      412101601
2023,4121,45,1,1,0,4,2,1,3,      412104501
2023,4121,60,1,1,0,6,2,1,3,      412106001
2023,4121,75,1,1,2,4,1,1,3,      412107501
2023,4121,75,1,1,2,4,1,2,4,      412107501
2023,4121,75,1,1,1,4,2,3,5,      412107501
2023,4121,83,1,1,3,4,1,1,8,      412108301
2023,4121,83,1,1,3,4,2,2,9,      412108301
2023,4122,25,1,1,1,6,1,1,3,      412202501
2023,4122,25,1,1,1,6,2,2,6,      412202501
2023,4122,37,1,1,0,6,2,1,3,      412203701
2023,4122,92,1,1,2,6,2,1,3,      412209201
2023,4122,97,1,1,3,5,2,1,3,      412209701
2023,4123,3,1,1,3,3,1,1,3,      412300301
2023,4123,3,1,1,1,3,2,2,4,      412300301
2023,4123,23,1,1,3,4,1,1,5,      412302301
2023,4123,23,1,1,1,4,2,2,6,      412302301
2023,4123,24,1,1,0,3,2,1,3,      412302401
2023,4123,26,1,1,2,4,2,1,6,      412302601
2023,4123,45,1,1,2,4,2,1,7,      412304501
2023,4123,60,1,1,2,3,2,1,3,      412306001
2023,4123,74,1,1,2,3,1,1,3,      412307401
2023,4123,74,1,1,1,3,2,2,4,      412307401
2023,4124,105,1,1,1,7,2,1,6,      412410501
2023,4124,166,1,1,2,5,2,1,2,      412416601
2023,4124,192,1,1,3,7,2,1,5,      412419201
2023,4125,23,1,1,5,10,1,1,4,      412502301
2023,4125,23,1,1,3,10,2,2,5,      412502301
2023,4125,32,1,1,3,8,2,1,6,      412503201
2023,4125,47,1,1,6,10,2,1,6,      412504701
2023,4125,89,1,1,7,8,1,1,3,      412508901
2023,4125,89,1,1,4,8,1,2,4,      412508901
2023,4125,89,1,1,7,8,1,3,7,      412508901
2023,4125,89,1,1,5,8,1,4,8,      412508901
2023,4125,89,1,1,2,8,2,5,9,      412508901
2023,4125,115,1,1,0,7,1,1,7,      412511501
2023,4125,115,1,1,1,7,2,2,10,      412511501
2023,4125,118,1,1,2,10,1,1,5,      412511801
2023,4125,118,1,1,0,10,2,2,11,      412511801
2023,4125,165,1,1,5,8,1,1,3,      412516501
2023,4125,165,1,1,4,8,1,2,4,      412516501
2023,4125,165,1,1,2,8,2,3,5,      412516501
2023,4125,195,1,2, , ,2,1,6,      412519501
2023,4126,85,1,1,5,6,1,1,3,      412608501
2023,4126,85,1,1,1,6,2,2,4,      412608501
2023,4126,133,1,1,6,6,1,1,4,      412613301
2023,4126,133,1,1,0,6,2,2,5,      412613301
2023,4126,184,1,1,0,6,2,1,4,      412618401
2023,4126,193,1,1,2,9,1,1,3,      412619301
2023,4126,193,1,1,1,9,2,2,4,      412619301
2023,4127,16,1,1,1,4,2,1,2,      412701601
2023,4127,24,1,2, , ,2,1,5,      412702401
2023,4128,7,1,1,3,8,1,1,3,      412800701
2023,4128,7,1,1,1,8,2,2,4,      412800701
2023,4128,7,2,1,6,4,2,1,3,      412800702
2023,4128,59,1,1,4,8,1,1,5,      412805901
2023,4128,59,1,1,1,8,2,2,6,      412805901
2023,4129,77,1,1,1,6,2,1,4,      412907701
2023,4129,114,1,2, , ,1,1,2,      412911401
2023,4129,114,1,1,0,5,1,2,3,      412911401
2023,4129,114,1,1,0,5,1,3,5,      412911401
2023,4129,114,1,1,0,5,2,4,6,      412911401
2023,4129,151,1,1,0,5,2,1,2,      412915101
2023,4130,14,1,1,0,2,2,1,3,      413001401
2023,4131,5,1,1,1,10,2,1,3,      413100501
2023,4131,8,1,1,1,11,1,1,4,      413100801
2023,4131,8,1,1,0,11,2,2,5,      413100801
2023,4131,38,1,1,1,10,1,1,3,      413103801
2023,4131,38,1,1,4,10,2,2,5,      413103801
2023,4131,72,1,1,5,11,1,1,3,      413107201
2023,4131,72,1,1,1,11,2,2,4,      413107201
2023,4132,83,1,1,1,6,2,1,3,      413208301
2023,4132,198,1,1,0,6,1,1,3,      413219801
2023,4132,198,1,1,0,6,2,2,4,      413219801
2023,4132,214,1,1,5,7,1,1,7,      413221401
2023,4132,214,1,1,4,7,2,2,8,      413221401
2023,4132,240,1,1,0,6,2,1,4,      413224001
2023,4133,26,1,1,0,8,2,1,4,      413302601
2023,4133,140,1,1,2,9,1,1,3,      413314001
2023,4133,140,1,1,1,9,2,2,4,      413314001
2023,4133,164,1,1,7,8,1,1,4,      413316401
2023,4133,164,1,1,3,8,2,2,5,      413316401
2023,4134,20,1,1,4,5,1,1,3,      413402001
2023,4134,20,1,1,1,5,2,2,4,      413402001
2023,4134,109,1,2, , ,1,1,4,      413410901
2023,4134,109,1,2, , ,2,2,5,      413410901
2023,4135,9,1,1,3,9,2,1,5,      413500901
2023,4135,15,1,1,3,8,1,1,4,      413501501
2023,4135,15,1,1,0,8,2,2,5,      413501501
2023,4136,4,1,1,1,4,1,1,5,      413600401
2023,4136,4,1,1,1,4,1,2,7,      413600401
2023,4136,4,1,1,1,4,1,3,8,      413600401
2023,4136,4,1,1,1,4,2,4,9,      413600401
2023,4136,41,1,1,4,4,1,1,3,      413604101
2023,4136,41,1,1,3,4,1,2,4,      413604101
2023,4136,41,1,1,2,4,1,3,5,      413604101
2023,4136,41,1,1,2,4,2,4,6,      413604101
2023,4136,43,1,1,1,4,1,1,4,      413604301
2023,4136,43,1,1,1,4,2,2,6,      413604301
2023,4136,86,1,1,0,4,2,1,7,      413608601
2023,4136,121,1,1,0,3,1,1,3,      413612101
2023,4136,121,1,1,1,3,2,2,4,      413612101
2023,4137,1,1,1,6,7,1,1,3,      413700101
2023,4137,1,1,1,6,7,1,2,4,      413700101
2023,4137,1,1,1,4,7,1,3,5,      413700101
2023,4137,1,1,1,2,6,2,4,6,      413700101
2023,4137,3,1,1,3,6,1,1,3,      413700301
2023,4137,3,1,1,3,6,2,2,7,      413700301
2023,4137,25,1,1,1,6,2,1,5,      413702501
2023,4137,37,1,1,2,6,1,1,4,      413703701
2023,4137,37,1,1,2,6,2,2,5,      413703701
2023,4137,48,1,1,1,7,2,1,3,      413704801
2023,4138,27,1,1,6,5,1,1,3,      413802701
2023,4138,27,1,1,1,5,2,2,4,      413802701
2023,4138,30,1,1,3,4,2,1,3,      413803001
2023,4138,32,1,1,5,5,2,1,3,      413803201
2023,4139,31,1,1,8,5,1,1,3,      413903101
2023,4139,31,1,1,1,5,2,2,4,      413903101
2023,4139,37,1,1,6,4,2,1,3,      413903701
2023,4139,58,1,1,6,4,1,1,4,      413905801
2023,4139,58,1,1,2,4,2,2,5,      413905801
2023,4139,81,1,1,4,4,1,1,3,      413908101
2023,4139,81,1,1,1,4,2,2,4,      413908101
2023,4139,99,1,1,6,5,2,1,3,      413909901
2023,4140,34,1,1,0,8,2,1,3,      414003401
2023,4140,35,1,1,1,7,2,1,3,      414003501
2023,4140,36,1,1,5,8,2,1,5,      414003601
2023,4140,39,1,1,0,8,2,1,4,      414003901
2023,4140,55,1,1,6,7,2,1,3,      414005501
2023,4140,56,1,1,3,8,2,1,5,      414005601
2023,4141,51,1,2, , ,2,1,4,      414105101
2023,4141,52,1,1,0,9,2,1,6,      414105201
2023,4141,76,1,1,1,10,2,1,4,      414107601
2023,4141,77,1,1,2,10,2,1,3,      414107701
2023,4142,1,1,1,3,4,2,1,5,      414200101
2023,4142,14,1,1,0,4,2,1,4,      414201401
2023,4142,15,1,1,4,4,2,1,4,      414201501
2023,4142,20,1,1,4,4,2,1,3,      414202001
2023,4142,25,1,1,2,4,2,1,3,      414202501
2023,4142,44,1,1,1,2,2,1,5,      414204401
2023,4142,50,1,1,6,4,2,1,5,      414205001
2023,4142,68,1,1,2,4,2,1,2,      414206801
2023,4142,75,1,1,0,4,1,1,3,      414207501
2023,4142,75,1,1,4,4,2,2,6,      414207501
2023,4143,39,1,1,1,5,1,1,6,      414303901
2023,4143,39,1,1,1,5,2,2,7,      414303901
2023,4143,52,1,1,0,1,2,1,3,      414305201
2023,4143,109,1,1,1,6,2,1,2,      414310901
2023,4143,159,1,1,4,5,2,1,4,      414315901
2023,4144,5,1,1,0,3,2,1,3,      414400501
2023,4144,21,1,1,0,6,1,1,4,      414402101
2023,4144,21,1,1,5,6,1,2,8,      414402101
2023,4144,21,1,1,2,6,2,3,9,      414402101
2023,4144,43,2,1,0,2,2,1,4,      414404302
2023,4144,43,3,1,7,6,2,1,3,      414404303
2023,4144,47,1,1,0,7,2,1,5,      414404701
2023,4144,89,1,1,2,7,1,1,3,      414408901
2023,4144,89,1,1,1,7,2,2,4,      414408901
2023,4144,106,1,1,2,4,2,1,3,      414410601
2023,4145,6,1,1,0,7,2,1,6,      414500601
2023,4145,11,1,1,3,7,1,1,3,      414501101
2023,4145,11,1,1,1,7,2,2,4,      414501101
2023,4145,54,2,1,6,7,2,1,3,      414505402
2023,4145,54,3,1,2,7,2,1,3,      414505403
2023,4145,67,1,1,0,7,2,1,3,      414506701
2023,4145,68,1,1,2,7,2,1,2,      414506801
2023,4145,91,1,1,5,4,1,1,4,      414509101
2023,4145,91,1,1,1,4,1,2,5,      414509101
2023,4145,91,1,1,2,6,2,3,6,      414509101
2023,4145,125,1,1,2,7,2,1,7,      414512501
2023,4146,28,2,1,8,2,2,1,2,      414602802
2023,4146,174,1,1,2,3,2,1,8,      414617401
2023,4147,83,2,1,0,7,1,1,2,      414708302
2023,4147,83,2,1,0,7,1,2,3,      414708302
2023,4147,83,2,1,0,7,2,3,4,      414708302
2023,4147,83,3,1,1,7,2,1,4,      414708303
2023,4147,121,2,1,3,3,1,1,2,      414712102
2023,4147,121,2,1,3,3,1,2,3,      414712102
2023,4147,121,2,1,3,3,1,3,4,      414712102
2023,4147,121,2,1,1,4,1,4,7,      414712102
2023,4147,121,2,1,2,4,2,5,10,      414712102
2023,4148,3,1,1,1,8,2,1,4,      414800301
2023,4148,13,1,1,5,8,1,1,5,      414801301
2023,4148,13,1,1,0,8,1,2,6,      414801301
2023,4148,13,1,2, , ,2,3,7,      414801301
2023,4148,14,1,1,7,8,2,1,5,      414801401
2023,4148,74,1,1,0,7,2,1,7,      414807401
2023,4148,127,1,1,5,8,2,1,3,      414812701
2023,4148,137,1,1,3,8,1,1,3,      414813701
2023,4148,137,1,1,2,8,1,2,4,      414813701
2023,4148,137,1,1,0,8,2,3,5,      414813701
2023,4148,165,1,1,3,7,1,1,7,      414816501
2023,4148,165,1,1,1,8,2,2,8,      414816501
2023,4149,44,1,1,8,3,1,1,3,      414904401
2023,4149,44,1,1,6,3,1,2,4,      414904401
2023,4149,44,1,1,1,3,2,3,5,      414904401
2023,4149,89,1,1,0,3,1,1,3,      414908901
2023,4149,89,1,1,0,3,2,2,4,      414908901
2023,4149,108,1,1,4,4,1,1,2,      414910801
2023,4149,108,1,1,1,4,2,2,3,      414910801
2023,4149,119,1,1,1,3,1,1,4,      414911901
2023,4149,119,1,1,8,3,2,2,10,      414911901
2023,4150,22,2,1,0,3,2,1,3,      415002202
2023,4150,41,2,1,1,7,2,1,3,      415004102
2023,4150,68,1,1,4,7,1,1,4,      415006801
2023,4150,68,1,1,2,7,2,2,5,      415006801
2023,4150,87,1,1,1,7,2,1,5,      415008701
2023,4150,149,1,1,0,4,2,1,3,      415014901
2023,4151,65,1,1,2,5,2,1,3,      415106501
2023,4151,87,1,1,6,9,1,1,3,      415108701
2023,4151,87,1,1,1,9,1,2,4,      415108701
2023,4151,87,1,1,1,9,2,3,5,      415108701
2023,4151,140,1,1,0,9,1,1,4,      415114001
2023,4151,140,1,1,0,9,1,2,5,      415114001
2023,4151,140,1,1,0,9,2,3,6,      415114001
2023,4151,199,1,1,7,6,1,1,3,      415119901
2023,4151,199,1,1,0,9,2,2,4,      415119901
2023,4151,234,1,1,3,9,1,1,3,      415123401
2023,4151,234,1,1,1,9,2,2,4,      415123401
2023,4152,21,1,1,7,6,1,1,6,      415202101
2023,4152,21,1,1,4,6,2,2,7,      415202101
2023,4152,23,1,1,4,5,2,1,2,      415202301
2023,4152,51,1,1,4,6,2,1,5,      415205101
2023,4152,75,1,1,1,6,2,1,3,      415207501
2023,4152,96,1,1,4,5,1,1,4,      415209601
2023,4152,96,1,1,2,5,2,2,5,      415209601
2023,4152,114,1,1,6,5,1,1,2,      415211401
2023,4152,114,1,1,4,5,2,2,3,      415211401
2023,4153,18,1,1,1,8,1,1,3,      415301801
2023,4153,18,1,1,1,8,1,2,5,      415301801
2023,4153,18,1,1,2,8,2,3,6,      415301801
2023,4153,24,1,1,5,7,1,1,6,      415302401
2023,4153,24,1,1,5,7,1,2,7,      415302401
2023,4153,24,1,1,1,7,2,3,8,      415302401
2023,4153,60,1,1,2,8,2,1,4,      415306001
2023,4153,95,1,1,3,7,1,1,3,      415309501
2023,4153,95,1,1,2,7,1,2,4,      415309501
2023,4153,95,1,1,1,7,1,3,5,      415309501
2023,4153,95,1,1,5,7,2,4,7,      415309501
2023,4153,101,1,1,4,7,2,1,2,      415310101
2023,4153,103,1,1,1,8,2,1,5,      415310301
2023,4153,164,1,1,4,8,1,1,3,      415316401
2023,4153,164,1,1,3,8,2,2,4,      415316401
2023,4154,3,1,1,1,4,2,1,3,      415400301
2023,4154,33,1,1,6,5,2,1,6,      415403301
2023,4154,35,1,1,7,3,2,1,3,      415403501
2023,4154,78,1,1,6,3,1,1,3,      415407801
2023,4154,78,1,1,0,3,2,2,4,      415407801
2023,4154,91,1,1,8,4,1,1,6,      415409101
2023,4154,91,1,1,4,4,1,2,7,      415409101
2023,4154,91,1,1,6,4,2,3,10,      415409101
2023,4155,11,1,1,4,5,1,1,5,      415501101
2023,4155,11,1,1,2,5,2,2,9,      415501101
2023,4155,44,1,1,2,5,2,1,5,      415504401
2023,4155,70,1,1,1,4,2,1,4,      415507001
2023,4155,90,1,1,3,5,1,1,3,      415509001
2023,4155,90,1,1,3,5,2,2,4,      415509001
2023,4155,92,1,2, , ,1,1,2,      415509201
2023,4155,92,1,2, , ,2,2,3,      415509201
2023,4156,35,1,1,1,6,1,1,5,      415603501
2023,4156,35,1,1,0,6,2,2,6,      415603501
2023,4156,36,1,1,0,6,2,1,5,      415603601
2023,4156,37,1,1,2,6,2,1,4,      415603701
2023,4156,38,1,1,2,5,1,1,4,      415603801
2023,4156,38,1,1,2,5,1,2,5,      415603801
2023,4156,38,1,1,1,5,2,3,6,      415603801
2023,4156,40,1,1,0,6,2,1,3,      415604001
2023,4156,43,1,1,1,5,1,1,3,      415604301
2023,4156,43,1,1,7,5,1,2,4,      415604301
2023,4156,43,1,1,4,5,2,3,5,      415604301
2023,4156,52,1,1,1,6,1,1,3,      415605201
2023,4156,52,1,1,2,6,2,2,5,      415605201
2023,4156,61,1,1,5,5,1,1,2,      415606101
2023,4156,61,1,1,2,6,2,2,3,      415606101
2023,4157,16,1,1,2,5,1,1,3,      415701601
2023,4157,16,1,1,0,6,2,2,4,      415701601
2023,4157,17,1,1,6,4,1,1,3,      415701701
2023,4157,17,1,1,6,4,1,2,4,      415701701
2023,4157,17,1,1,4,4,2,3,5,      415701701
2023,4157,19,1,1,4,6,1,1,5,      415701901
2023,4157,19,1,1,1,6,1,2,7,      415701901
2023,4157,19,1,1,1,6,2,3,8,      415701901
2023,4157,20,1,1,6,4,1,1,4,      415702001
2023,4157,20,1,1,5,4,1,2,5,      415702001
2023,4157,20,1,1,1,4,2,3,6,      415702001
2023,4157,76,1,1,4,7,1,1,4,      415707601
2023,4157,76,1,1,3,7,1,2,5,      415707601
2023,4157,76,1,1,2,7,1,3,6,      415707601
2023,4157,76,1,1,1,7,2,4,7,      415707601
2023,4157,77,1,1,7,5,2,1,4,      415707701
2023,4157,79,1,1,3,0,2,1,4,      415707901
2023,4157,121,1,1,3,4,1,1,9,      415712101
2023,4157,121,1,1,4,4,1,2,10,      415712101
2023,4157,121,1,1,4,4,2,3,11,      415712101
2023,4157,122,1,1,1,6,2,1,3,      415712201
2023,4157,124,1,1,4,7,1,1,3,      415712401
2023,4157,124,1,1,3,7,2,2,4,      415712401
2023,4158,8,1,1,4,8,1,1,4,      415800801
2023,4158,8,1,1,2,8,2,2,5,      415800801
2023,4158,10,1,1,2,8,2,1,5,      415801001
2023,4158,12,1,1,0,8,2,1,3,      415801201
2023,4158,18,1,1,1,6,2,1,3,      415801801
2023,4158,22,1,1,4,8,1,1,3,      415802201
2023,4158,22,1,1,1,9,2,2,4,      415802201
2023,4158,23,1,1,0,7,1,1,3,      415802301
2023,4158,23,1,1,5,7,1,2,4,      415802301
2023,4158,23,1,1,6,7,1,3,5,      415802301
2023,4158,23,1,1,4,7,2,4,6,      415802301
2023,4158,25,1,1,5,7,2,1,5,      415802501
2023,4158,108,1,1,5,8,1,1,5,      415810801
2023,4158,108,1,1,2,8,1,2,6,      415810801
2023,4158,108,1,1,2,8,2,3,7,      415810801
2023,4158,109,1,1,8,7,1,1,3,      415810901
2023,4158,109,1,1,7,7,1,2,4,      415810901
2023,4158,109,1,1,3,7,1,3,5,      415810901
2023,4158,109,1,1,1,7,2,4,6,      415810901
2023,4158,110,1,1,5,9,2,1,5,      415811001
2023,4158,111,1,1,7,7,1,1,3,      415811101
2023,4158,111,1,1,4,7,2,2,4,      415811101
2023,4158,112,1,1,3,8,1,1,4,      415811201
2023,4158,112,1,1,1,8,2,2,6,      415811201
2023,4159,1,1,1,6,4,1,1,5,      415900101
2023,4159,1,1,1,5,4,1,2,6,      415900101
2023,4159,1,1,1,2,4,1,3,7,      415900101
2023,4159,1,1,1,1,4,2,4,8,      415900101
2023,4159,2,1,1,2,8,2,1,7,      415900201
2023,4159,3,1,1,6,5,1,1,3,      415900301
2023,4159,3,1,1,6,5,1,2,4,      415900301
2023,4159,3,1,1,3,5,1,3,5,      415900301
2023,4159,3,1,1,2,5,2,4,6,      415900301
2023,4159,4,1,1,4,6,1,1,4,      415900401
2023,4159,4,1,1,1,6,2,2,5,      415900401
2023,4159,21,1,1,4,6,2,1,4,      415902101
2023,4159,23,1,1,1,6,2,1,3,      415902301
2023,4159,24,1,1,5,4,1,1,3,      415902401
2023,4159,24,1,1,3,4,1,2,4,      415902401
2023,4159,24,1,1,1,4,2,3,5,      415902401
2023,4159,25,1,1,2,6,1,1,3,      415902501
2023,4159,25,1,1,0,6,2,2,4,      415902501
2023,4159,152,1,1,7,4,1,1,4,      415915201
2023,4159,152,1,1,4,4,1,2,5,      415915201
2023,4159,152,1,1,0,5,2,3,6,      415915201
2023,4159,153,1,1,5,6,1,1,3,      415915301
2023,4159,153,1,1,3,6,1,2,4,      415915301
2023,4159,153,1,1,2,6,1,3,5,      415915301
2023,4159,153,1,1,1,6,2,4,6,      415915301
2023,4159,154,1,1,1,5,2,1,3,      415915401
2023,4160,66,1,1,7,4,1,1,4,      416006601
2023,4160,66,1,1,1,4,2,2,5,      416006601
2023,4160,69,1,1,5,6,1,1,4,      416006901
2023,4160,69,1,1,1,3,2,2,5,      416006901
2023,4160,70,1,1,1,3,1,1,3,      416007001
2023,4160,70,1,1,7,3,2,2,5,      416007001
2023,4160,99,1,1,6,3,1,1,3,      416009901
2023,4160,99,1,1,1,3,2,2,4,      416009901
2023,4160,101,1,1,5,3,2,1,3,      416010101
2023,4160,102,1,1,6,4,1,1,3,      416010201
2023,4160,102,1,1,4,4,1,2,4,      416010201
2023,4160,102,1,1,0,4,2,3,5,      416010201
2023,4160,103,1,1,9,3,1,1,3,      416010301
2023,4160,103,1,1,6,3,1,2,4,      416010301
2023,4160,103,1,1,3,3,1,3,5,      416010301
2023,4160,103,1,1,1,3,2,4,6,      416010301
2023,4160,155,1,2, , ,1,1,5,      416015501
2023,4160,155,1,2, , ,1,2,6,      416015501
2023,4160,155,1,2, , ,2,3,7,      416015501
2023,4161,2,1,1,1,8,1,1,3,      416100201
2023,4161,2,1,1,1,8,1,2,4,      416100201
2023,4161,2,1,1,0,8,2,3,5,      416100201
2023,4161,5,1,1,1,9,2,1,5,      416100501
2023,4161,217,1,1,6,8,1,1,5,      416121701
2023,4161,217,1,1,2,8,2,2,6,      416121701
2023,4161,218,1,1,1,9,1,1,3,      416121801
2023,4161,218,1,1,2,9,2,2,4,      416121801
2023,4161,219,1,1,5,8,1,1,4,      416121901
2023,4161,219,1,1,2,8,1,2,5,      416121901
2023,4161,219,1,1,1,8,2,3,6,      416121901
2023,4161,220,1,1,0,9,1,1,5,      416122001
2023,4161,220,1,1,0,9,2,2,9,      416122001
2023,4161,221,1,1,8,7,1,1,3,      416122101
2023,4161,221,1,1,4,7,1,2,4,      416122101
2023,4161,221,1,1,3,7,2,3,5,      416122101
2023,4161,308,1,1,0,9,1,1,3,      416130801
2023,4161,308,1,1,0,9,1,2,6,      416130801
2023,4161,308,1,1,1,9,2,3,7,      416130801
2023,4161,309,1,1,0,5,1,1,2,      416130901
2023,4161,309,1,1,0,5,1,2,3,      416130901
2023,4161,309,1,1,0,5,2,3,4,      416130901
2023,4161,310,1,1,3,9,1,1,3,      416131001
2023,4161,310,1,1,2,9,1,2,4,      416131001
2023,4161,310,1,1,0,9,1,3,5,      416131001
2023,4161,310,1,1,0,9,2,4,6,      416131001
2023,4161,311,1,1,4,8,1,1,4,      416131101
2023,4161,311,1,1,2,8,1,2,5,      416131101
2023,4161,311,1,1,0,8,2,3,6,      416131101
2023,4161,312,1,1,5,9,1,1,4,      416131201
2023,4161,312,1,1,4,9,2,2,8,      416131201
2023,4162,1,1,1,1,8,1,1,4,      416200101
2023,4162,1,1,1,0,8,1,2,5,      416200101
2023,4162,1,1,1,0,8,2,3,6,      416200101
2023,4162,2,1,1,4,8,1,1,4,      416200201
2023,4162,2,1,1,3,8,1,2,5,      416200201
2023,4162,2,1,1,1,8,2,3,6,      416200201
2023,4162,4,1,1,5,9,1,1,4,      416200401
2023,4162,4,1,1,5,9,1,2,5,      416200401
2023,4162,4,1,1,1,9,2,3,6,      416200401
2023,4162,5,1,1,3,8,1,1,3,      416200501
2023,4162,5,1,1,0,8,1,2,4,      416200501
2023,4162,5,1,1,1,8,2,3,5,      416200501
2023,4162,38,1,1,5,8,2,1,3,      416203801
2023,4162,39,1,1,7,8,2,1,3,      416203901
2023,4162,51,1,1,3,8,1,1,4,      416205101
2023,4162,51,1,1,2,8,1,2,5,      416205101
2023,4162,51,1,1,1,8,1,3,6,      416205101
2023,4162,51,1,1,1,8,2,4,7,      416205101
2023,4162,55,1,1,4,8,1,1,5,      416205501
2023,4162,55,1,1,3,8,1,2,6,      416205501
2023,4162,55,1,1,5,8,2,3,7,      416205501
2023,4163,30,1,1,3,8,1,1,3,      416303001
2023,4163,30,1,1,2,8,2,2,5,      416303001
2023,4163,78,1,1,0,8,2,1,3,      416307801
2023,4163,92,1,1,6,10,2,1,3,      416309201
2023,4164,15,1,1,2,4,1,1,3,      416401501
2023,4164,15,1,1,4,5,1,2,5,      416401501
2023,4164,15,1,1,2,6,2,3,6,      416401501
2023,4164,81,1,1,3,6,2,1,2,      416408101
2023,4164,83,1,1,4,6,2,1,2,      416408301
2023,4164,114,1,1,1,6,2,1,4,      416411401
2023,4165,18,1,1,98,98,2,1,5,      416501801
2023,4165,24,1,1,1,5,2,1,3,      416502401
2023,4165,47,1,1,5,8,2,1,3,      416504701
2023,4165,48,1,1,0,6,2,1,3,      416504801
2023,4166,3,1,1,6,9,2,1,3,      416600301
2023,4166,43,1,1,1,7,2,1,4,      416604301
2023,4166,90,1,1,3,9,1,1,2,      416609001
2023,4166,90,1,1,2,9,2,2,3,      416609001
2023,4167,19,1,1,6,4,2,1,2,      416701901
2023,4167,25,1,1,6,6,2,1,2,      416702501
2023,4167,55,1,1,2,5,2,1,3,      416705501
2023,4167,68,1,1,5,7,2,1,2,      416706801
2023,4167,75,1,1,0,7,2,1,4,      416707501
2023,4168,68,1,1,1,3,2,1,3,      416806801
2023,4168,79,1,1,6,4,1,1,4,      416807901
2023,4168,79,1,1,1,4,1,2,5,      416807901
2023,4168,79,1,1,0,4,2,3,6,      416807901
2023,4168,82,1,1,5,5,1,1,3,      416808201
2023,4168,82,1,1,2,5,2,2,4,      416808201
2023,4168,199,1,1,5,4,2,1,4,      416819901
2023,4169,27,1,1,3,3,2,1,4,      416902701
2023,4169,29,1,1,0,4,2,1,3,      416902901
2023,4169,75,1,1,1,4,2,1,3,      416907501
2023,4169,94,1,1,1,4,2,1,2,      416909401
2023,4169,119,1,1,1,3,1,1,4,      416911901
2023,4169,119,1,2, , ,2,2,5,      416911901
2023,4169,121,1,1,5,4,1,1,5,      416912101
2023,4169,121,1,1,0,4,2,2,6,      416912101
2023,4169,122,1,1,0,3,2,1,4,      416912201
2023,4170,15,1,1,7,5,1,1,2,      417001501
2023,4170,15,1,1,0,5,2,2,3,      417001501
2023,4170,39,1,1,7,5,1,1,4,      417003901
2023,4170,39,1,1,0,5,2,2,5,      417003901
2023,4170,46,1,1,6,5,2,1,3,      417004601
2023,4170,58,1,8, , ,2,1,5,      417005801
2023,4170,75,1,1,7,5,2,1,3,      417007501
2023,4171,1,1,1,0,7,2,1,3,      417100101
2023,4171,41,1,1,2,5,2,1,4,      417104101
2023,4171,42,1,1,98,98,1,1,4,      417104201
2023,4171,42,1,1,98,98,1,2,5,      417104201
2023,4171,42,1,1,98,98,2,3,6,      417104201
2023,4171,112,1,1,3,6,2,1,2,      417111201
2023,4172,17,1,1,5,0,2,1,4,      417201701
2023,4172,33,1,1,1,7,2,1,2,      417203301
2023,4172,44,1,1,5,7,1,1,4,      417204401
2023,4172,44,1,1,2,7,1,2,5,      417204401
2023,4172,44,1,1,1,7,2,3,6,      417204401
2023,4172,83,1,1,4,5,2,1,2,      417208301
2023,4173,23,1,1,0,8,2,1,3,      417302301
2023,4173,36,1,1,7,10,1,1,5,      417303601
2023,4173,36,1,1,3,10,2,2,6,      417303601
2023,4173,42,1,1,2,9,1,1,2,      417304201
2023,4173,42,1,1,1,9,2,2,3,      417304201
2023,4173,72,1,1,7,10,2,1,5,      417307201
2023,4174,13,1,1,4,9,2,1,3,      417401301
2023,4174,31,1,1,6,6,2,1,3,      417403101
2023,4174,47,1,1,2,9,2,1,3,      417404701
2023,4174,54,1,1,0,7,2,1,5,      417405401
2023,4174,81,1,1,5,9,2,1,4,      417408101
2023,4174,94,1,1,0,6,1,1,4,      417409401
2023,4174,94,1,1,0,6,2,2,5,      417409401
2023,4175,42,1,1,0,4,2,1,2,      417504201
2023,4175,46,1,1,4,4,2,1,3,      417504601
2023,4175,60,1,1,6,1,1,1,4,      417506001
2023,4175,60,1,1,1,1,2,2,5,      417506001
2023,4175,69,1,1,6,5,1,1,2,      417506901
2023,4175,69,1,1,2,5,2,2,3,      417506901
2023,4175,71,1,1,1,5,2,1,3,      417507101
2023,4175,76,1,1,8,4,1,1,4,      417507601
2023,4175,76,1,1,5,4,2,2,5,      417507601
2023,4175,87,1,1,6,3,2,1,5,      417508701
2023,4175,100,1,1,0,4,2,1,5,      417510001
2023,4176,4,1,1,4,5,1,1,2,      417600401
2023,4176,4,1,1,2,5,2,2,3,      417600401
2023,4176,6,1,1,0,1,2,1,5,      417600601
2023,4176,37,1,1,4,5,2,1,5,      417603701
2023,4176,64,1,2, , ,1,1,3,      417606401
2023,4176,64,1,2, , ,2,2,4,      417606401
2023,4176,87,1,1,2,5,2,1,3,      417608701
2023,4177,10,1,1,8,3,1,1,3,      417701001
2023,4177,10,1,1,6,3,1,2,4,      417701001
2023,4177,10,1,1,2,3,2,3,5,      417701001
2023,4177,25,1,1,6,6,2,1,5,      417702501
2023,4177,30,1,1,4,3,2,1,3,      417703001
2023,4177,45,1,1,1,5,2,1,3,      417704501
2023,4177,56,1,1,3,4,2,1,4,      417705601
2023,4177,93,1,1,7,3,1,1,5,      417709301
2023,4177,93,1,1,1,3,2,2,6,      417709301
2023,4178,37,1,1,7,8,1,1,5,      417803701
2023,4178,37,1,1,4,8,2,2,6,      417803701
2023,4178,128,1,1,8,10,1,1,2,      417812801
2023,4178,128,1,1,4,10,2,2,3,      417812801
2023,4178,132,1,1,5,8,2,1,3,      417813201
2023,4179,5,1,1,6,7,1,1,4,      417900501
2023,4179,5,1,1,4,7,2,2,5,      417900501
2023,4179,6,1,2, , ,1,1,3,      417900601
2023,4179,6,1,1,4,9,2,2,4,      417900601
2023,4179,17,1,1,6,10,1,1,4,      417901701
2023,4179,17,1,1,1,10,2,2,5,      417901701
2023,4179,20,1,1,0,9,2,1,4,      417902001
2023,4179,57,1,1,9,9,1,1,3,      417905701
2023,4179,57,1,1,1,9,2,2,4,      417905701
2023,4179,61,1,1,7,7,1,1,4,      417906101
2023,4179,61,1,1,2,7,2,2,5,      417906101
2023,4179,85,1,1,2,7,1,1,5,      417908501
2023,4179,85,1,1,1,7,2,2,6,      417908501
2023,4179,90,1,1,0,7,2,1,4,      417909001
2023,4180,1,1,1,1,7,2,1,8,      418000101
2023,4180,6,1,1,5,7,2,1,3,      418000601
2023,4180,21,1,1,5,8,1,1,3,      418002101
2023,4180,21,1,1,0,8,2,2,5,      418002101
2023,4180,36,1,1,0,9,1,1,4,      418003601
2023,4180,36,1,2, , ,2,2,5,      418003601
2023,4180,43,1,1,3,8,2,1,3,      418004301
2023,4180,48,1,1,3,7,2,1,3,      418004801
2023,4180,54,1,1,7,8,2,1,2,      418005401
2023,4180,58,1,1,5,6,1,1,2,      418005801
2023,4180,58,1,1,3,6,2,2,3,      418005801
2023,4180,69,1,1,4,8,2,1,4,      418006901
2023,4181,3,1,2, , ,1,1,3,      418100301
2023,4181,3,1,2, , ,1,2,4,      418100301
2023,4181,3,1,2, , ,2,3,6,      418100301
2023,4181,16,1,1,3,7,1,1,4,      418101601
2023,4181,16,1,1,2,7,2,2,5,      418101601
2023,4181,34,1,1,0,7,1,1,3,      418103401
2023,4181,34,1,1,0,7,1,2,4,      418103401
2023,4181,34,1,1,0,7,2,3,5,      418103401
2023,4181,35,1,1,1,6,2,1,4,      418103501
2023,4181,46,1,1,4,7,2,1,2,      418104601
2023,4181,72,1,1,0,7,2,1,3,      418107201
2023,4181,91,1,1,3,6,1,1,3,      418109101
2023,4181,91,1,1,3,6,1,2,4,      418109101
2023,4181,91,1,1,6,6,2,3,6,      418109101
2023,4181,99,1,1,2,7,2,1,4,      418109901
2023,4181,123,1,1,2,7,2,1,6,      418112301
2023,4181,124,1,1,3,6,1,1,2,      418112401
2023,4181,124,1,1,1,6,2,2,3,      418112401
2023,4182,4,1,1,2,8,2,1,4,      418200401
2023,4182,29,1,1,5,8,2,1,4,      418202901
2023,4182,41,1,1,0,8,2,1,6,      418204101
2023,4182,66,1,1,3,8,1,1,4,      418206601
2023,4182,66,1,1,1,8,2,2,5,      418206601
2023,4182,101,1,1,0,8,1,1,3,      418210101
2023,4182,101,1,1,4,8,2,2,5,      418210101
2023,4183,11,1,1,3,8,1,1,2,      418301101
2023,4183,11,1,1,1,8,2,2,3,      418301101
2023,4183,67,1,1,8,8,2,1,3,      418306701
2023,4183,72,1,1,0,8,2,1,3,      418307201
2023,4183,77,1,1,5,8,2,1,3,      418307701
2023,4183,129,1,1,1,8,2,1,3,      418312901
2023,4183,131,1,1,3,8,2,1,3,      418313101
2023,4184,49,1,1,4,5,2,1,4,      418404901
2023,4184,70,1,1,6,5,1,1,3,      418407001
2023,4184,70,1,1,0,5,2,2,4,      418407001
2023,4184,71,1,1,7,4,2,1,3,      418407101
2023,4185,8,1,1,1,4,2,1,4,      418500801
2023,4185,13,1,1,6,5,2,1,2,      418501301
2023,4185,26,1,1,7,5,1,1,7,      418502601
2023,4185,26,1,1,5,4,2,2,8,      418502601
2023,4185,32,1,1,3,5,2,1,3,      418503201
2023,4185,61,1,1,6,5,1,1,2,      418506101
2023,4185,61,1,1,6,5,1,2,3,      418506101
2023,4185,61,1,1,1,5,2,3,4,      418506101
2023,4185,115,1,1,0,5,2,1,4,      418511501
2023,4186,48,1,8, , ,2,1,4,      418604801
2023,4186,74,1,1,1,6,2,1,4,      418607401
2023,4186,117,1,1,2,6,2,1,5,      418611701
2023,4187,16,1,1,6,9,1,1,5,      418701601
2023,4187,16,1,1,2,9,2,2,6,      418701601
2023,4187,63,1,1,1,11,2,1,4,      418706301
2023,4187,86,1,1,4,9,1,1,4,      418708601
2023,4187,86,1,1,0,9,2,2,5,      418708601
2023,4187,93,1,1,6,9,2,1,3,      418709301
2023,4188,34,1,1,7,7,1,1,5,      418803401
2023,4188,34,1,1,6,7,1,2,6,      418803401
2023,4188,34,1,1,5,7,2,3,8,      418803401
2023,4188,47,1,1,1,8,2,1,2,      418804701
2023,4188,52,1,1,7,7,1,1,3,      418805201
2023,4188,52,1,1,6,7,2,2,4,      418805201
2023,4188,64,1,1,5,8,1,1,2,      418806401
2023,4188,64,1,1,1,8,2,2,3,      418806401
2023,4188,69,1,1,3,7,2,1,4,      418806901
2023,4189,45,1,8, , ,2,1,4,      418904501
2023,4189,46,1,1,8,9,2,1,4,      418904601
2023,4189,63,1,1,7,9,1,1,4,      418906301
2023,4189,63,1,1,0,9,2,2,5,      418906301
2023,4189,81,1,1,7,9,2,1,3,      418908101
2023,4189,82,1,1,0,9,2,1,3,      418908201
2023,4189,85,1,1,1,9,2,1,3,      418908501
2023,4189,97,1,1,2,9,2,1,4,      418909701
2023,4190,51,1,2, , ,2,1,3,      419005101
2023,4190,89,1,1,4,8,1,1,3,      419008901
2023,4190,89,1,1,0,8,2,2,4,      419008901
2023,4191,3,1,1,3,10,2,1,4,      419100301
2023,4191,54,1,1,8,10,1,1,5,      419105401
2023,4191,54,1,1,7,10,1,2,6,      419105401
2023,4191,54,1,1,5,10,2,3,7,      419105401
2023,4191,61,1,1,7,10,2,1,4,      419106101
2023,4191,68,1,1,5,10,2,1,5,      419106801
2023,4192,12,1,1,2,10,2,1,2,      419201201
2023,4192,43,1,1,3,7,2,1,4,      419204301
2023,4192,44,1,1,0,10,2,1,2,      419204401
2023,4192,48,1,1,1,7,2,1,2,      419204801
2023,4193,16,1,1,0,1,1,1,3,      419301601
2023,4193,16,1,1,1,1,2,2,4,      419301601
2023,4193,19,1,1,98,4,2,1,3,      419301901
2023,4194,6,1,1,1,5,2,1,5,      419400601
2023,4194,26,1,1,2,4,2,1,6,      419402601
2023,4194,84,1,1,0,4,2,1,5,      419408401
2023,4194,97,1,1,1,5,1,1,3,      419409701
2023,4194,97,1,1,1,5,2,2,5,      419409701
2023,4195,4,1,1,0,6,2,1,3,      419500401
2023,4195,47,1,1,1,6,2,1,4,      419504701
2023,4195,56,1,1,0,6,2,1,8,      419505601
2023,4195,62,1,1,2,6,2,1,3,      419506201
2023,4196,17,1,1,8,9,1,1,5,      419601701
2023,4196,17,1,1,2,9,2,2,6,      419601701
2023,4196,42,1,8, , ,2,1,4,      419604201
2023,4196,138,1,1,1,9,1,1,3,      419613801
2023,4196,138,1,1,1,9,2,2,4,      419613801
2023,4197,8,1,1,4,8,1,1,3,      419700801
2023,4197,8,1,1,0,8,2,2,4,      419700801
2023,4197,15,1,1,7,7,1,1,5,      419701501
2023,4197,15,1,1,4,7,1,2,6,      419701501
2023,4197,15,1,1,1,7,2,3,7,      419701501
2023,4197,30,1,1,3,5,2,1,5,      419703001
2023,4197,31,1,1,4,5,2,1,5,      419703101
2023,4197,52,1,1,3,5,1,1,4,      419705201
2023,4197,52,1,1,0,5,2,2,5,      419705201
2023,4197,72,1,1,1,6,2,1,5,      419707201
2023,4197,75,1,1,5,6,2,1,3,      419707501
2023,4198,9,1,1,3,5,2,1,3,      419800901
2023,4198,13,1,1,5,9,2,1,2,      419801301
2023,4198,51,1,1,3,9,1,1,3,      419805101
2023,4198,51,1,1,0,9,2,2,4,      419805101
2023,4198,66,1,1,7,9,1,1,4,      419806601
2023,4198,66,1,1,0,9,2,2,5,      419806601
2023,4198,93,1,1,1,9,2,1,4,      419809301
2023,4198,120,1,1,5,9,2,1,2,      419812001
2023,4198,122,1,1,1,9,2,1,2,      419812201
2023,4198,134,1,1,1,9,2,1,4,      419813401
2023,4199,3,1,1,8,9,2,1,5,      419900301
2023,4202,2,1,1,1,5,2,1,3,      420200201
2023,4202,64,1,1,6,5,2,1,3,      420206401
2023,4203,4,1,1,6,8,2,1,6,      420300401
2023,4203,7,1,1,8,7,1,1,5,      420300701
2023,4203,7,1,1,0,7,2,2,7,      420300701
2023,4203,21,1,1,2,8,1,1,3,      420302101
2023,4203,21,1,1,1,8,2,2,4,      420302101
2023,4203,22,1,1,2,8,2,1,5,      420302201
2023,4203,28,1,1,5,6,1,1,4,      420302801
2023,4203,28,1,1,0,8,2,2,5,      420302801
2023,4203,35,1,1,0,8,2,1,4,      420303501
2023,4203,45,1,1,2,9,2,1,2,      420304501
2023,4203,58,1,1,0,11,2,1,3,      420305801
2023,4204,8,1,1,1,10,2,1,3,      420400801
2023,4204,10,1,1,0,7,2,1,7,      420401001
2023,4204,43,1,1,2,7,2,1,3,      420404301
2023,4204,51,1,1,3,10,2,1,3,      420405101
2023,4204,55,1,1,8,7,1,1,3,      420405501
2023,4204,55,1,1,1,6,2,2,4,      420405501
2023,4204,65,1,1,1,10,2,1,4,      420406501
2023,4204,72,1,1,5,7,2,1,2,      420407201
2023,4204,91,1,1,0,7,2,1,5,      420409101
2023,4205,7,1,1,1,6,1,1,2,      420500701
2023,4205,7,1,1,1,6,1,2,3,      420500701
2023,4205,7,1,1,0,5,2,3,4,      420500701
2023,4205,10,1,1,6,5,1,1,4,      420501001
2023,4205,10,1,1,2,5,1,2,5,      420501001
2023,4205,10,1,1,0,5,2,3,6,      420501001
2023,4205,27,1,1,2,6,2,1,3,      420502701
2023,4205,59,1,1,0,4,2,1,2,      420505901
2023,4206,24,1,1,6,5,1,1,2,      420602401
2023,4206,24,1,1,0,5,2,2,3,      420602401
2023,4206,51,1,1,1,5,2,1,3,      420605101
2023,4206,79,1,1,5,5,1,1,4,      420607901
2023,4206,79,1,1,2,5,2,2,5,      420607901
2023,4206,96,1,1,6,4,1,1,5,      420609601
2023,4206,96,1,1,4,5,1,2,6,      420609601
2023,4206,96,1,1,0,5,2,3,7,      420609601
2023,4207,21,1,1,1,6,2,1,4,      420702101
2023,4207,34,1,1,6,6,2,1,3,      420703401
2023,4207,51,1,1,5,5,2,1,3,      420705101
2023,4207,63,1,1,6,6,2,1,4,      420706301
2023,4207,66,1,1,4,6,1,1,3,      420706601
2023,4207,66,1,1,2,6,2,2,4,      420706601
2023,4207,70,1,1,2,6,2,1,4,      420707001
2023,4207,91,1,1,0,6,2,1,3,      420709101
2023,4208,5,1,1,3,3,1,1,4,      420800501
2023,4208,5,1,1,1,5,2,2,5,      420800501
2023,4208,10,1,2, , ,1,1,2,      420801001
2023,4208,10,1,1,0,6,2,2,3,      420801001
2023,4208,28,1,2, , ,1,1,3,      420802801
2023,4208,28,1,2, , ,2,2,4,      420802801
2023,4208,30,1,1,1,6,2,1,3,      420803001
2023,4208,31,1,1,1,6,2,1,3,      420803101
2023,4209,7,1,1,0,5,2,1,4,      420900701
2023,4209,27,1,1,4,7,2,1,4,      420902701
2023,4209,40,1,1,5,7,1,1,4,      420904001
2023,4209,40,1,1,3,7,1,2,5,      420904001
2023,4209,40,1,1,0,7,2,3,6,      420904001
2023,4209,95,1,1,10,9,2,1,4,      420909501
2023,4210,73,1,1,0,3,2,1,4,      421007301
2023,4210,74,1,1,5,6,2,1,2,      421007401
2023,4210,75,1,1,1,6,1,1,3,      421007501
2023,4210,75,1,2, , ,2,2,4,      421007501
2023,4211,49,1,1,5,4,2,1,3,      421104901
2023,4211,52,1,1,5,5,2,1,3,      421105201
2023,4211,63,1,1,0,3,2,1,3,      421106301
2023,4211,89,1,1,0,5,2,1,3,      421108901
2023,4211,92,1,1,4,5,2,1,3,      421109201
2023,4211,113,1,1,5,7,1,1,3,      421111301
2023,4211,113,1,1,2,7,1,2,4,      421111301
2023,4211,113,1,1,2,7,2,3,5,      421111301
2023,4212,18,1,1,5,8,2,1,2,      421201801
2023,4212,27,1,1,6,9,1,1,2,      421202701
2023,4212,27,1,1,2,9,2,2,3,      421202701
2023,4212,44,1,1,4,8,2,1,3,      421204401
2023,4212,72,1,1,3,8,1,1,5,      421207201
2023,4212,72,1,1,1,8,2,2,6,      421207201
2023,4212,88,1,1,2,5,2,1,4,      421208801
2023,4212,102,1,1,1,8,2,1,2,      421210201
2023,4212,113,1,1,6,8,2,1,2,      421211301
2023,4213,1,1,1,4,5,2,1,3,      421300101
2023,4213,14,1,1,1,8,2,1,3,      421301401
2023,4213,36,1,1,7,8,1,1,7,      421303601
2023,4213,36,1,1,0,8,2,2,8,      421303601
2023,4213,37,1,1,4,7,2,1,3,      421303701
2023,4213,53,1,1,5,8,1,1,4,      421305301
2023,4213,53,1,1,1,8,1,2,5,      421305301
2023,4213,53,1,1,3,8,1,3,6,      421305301
2023,4213,53,1,1,1,8,2,4,7,      421305301
2023,4213,90,1,1,2,8,1,1,4,      421309001
2023,4213,90,1,1,0,8,2,2,6,      421309001
2023,4213,128,1,1,5,8,2,1,3,      421312801
2023,4214,6,1,1,3,5,2,1,2,      421400601
2023,4214,12,1,1,0,7,2,1,3,      421401201
2023,4214,51,1,1,8,5,1,1,3,      421405101
2023,4214,51,1,1,1,5,2,2,4,      421405101
2023,4214,64,1,1,8,5,1,1,4,      421406401
2023,4214,64,1,1,1,5,2,2,5,      421406401
2023,4214,68,1,1,7,5,2,1,5,      421406801
2023,4215,42,1,1,8,4,1,1,3,      421504201
2023,4215,42,1,1,6,4,1,2,4,      421504201
2023,4215,42,1,1,0,4,2,3,5,      421504201
2023,4215,47,1,1,2,6,1,1,3,      421504701
2023,4215,47,1,1,3,6,2,2,5,      421504701
2023,4215,75,1,1,1,5,1,1,3,      421507501
2023,4215,75,1,1,1,5,2,2,4,      421507501
2023,4215,82,1,1,2,6,2,1,3,      421508201
2023,4215,89,1,1,2,6,2,1,3,      421508901
2023,4215,116,1,1,1,6,2,1,2,      421511601
2023,4216,24,1,1,5,7,2,1,4,      421602401
2023,4216,34,1,1,4,10,2,1,3,      421603401
2023,4216,56,1,1,2,7,1,1,2,      421605601
2023,4216,56,1,1,0,7,2,2,3,      421605601
2023,4216,67,1,1,8,7,2,1,3,      421606701
2023,4216,75,1,1,7,7,2,1,4,      421607501
2023,4217,21,1,1,5,10,2,1,4,      421702101
2023,4217,36,1,1,2,7,1,1,2,      421703601
2023,4217,36,1,1,0,7,2,2,3,      421703601
2023,4217,40,1,1,3,10,2,1,2,      421704001
2023,4218,11,1,1,5,5,2,1,3,      421801101
2023,4218,12,1,1,2,4,1,1,4,      421801201
2023,4218,12,1,1,1,4,2,2,5,      421801201
2023,4218,14,1,1,5,4,2,1,2,      421801401
2023,4218,22,1,2, , ,2,1,2,      421802201
2023,4218,26,1,2, , ,2,1,4,      421802601
2023,4218,27,1,1,0,3,2,1,2,      421802701
2023,4218,30,1,1,5,5,1,1,4,      421803001
2023,4218,30,1,1,2,5,2,2,5,      421803001
2023,4219,14,1,1,2,6,2,1,3,      421901401
2023,4219,15,1,1,5,6,2,1,3,      421901501
2023,4219,23,1,1,4,2,2,1,3,      421902301
2023,4219,25,1,1,6,6,2,1,3,      421902501
2023,4219,123,1,1,4,6,2,1,2,      421912301
2023,4219,124,1,1,2,6,2,1,5,      421912401
2023,4219,141,1,1,7,8,2,1,3,      421914101
2023,4220,26,1,1,5,10,2,1,4,      422002601
2023,4220,27,1,1,3,9,2,1,3,      422002701
2023,4220,29,1,1,7,9,2,1,3,      422002901
2023,4220,30,1,1,2,10,2,1,3,      422003001
2023,4220,36,1,1,3,9,2,1,3,      422003601
2023,4220,64,1,1,1,8,2,1,3,      422006401
2023,4220,67,1,1,8,11,1,1,3,      422006701
2023,4220,67,1,1,3,11,2,2,4,      422006701
2023,4221,13,1,1,3,7,2,1,4,      422101301
2023,4221,18,1,1,5,7,2,1,4,      422101801
2023,4221,57,1,1,7,7,1,1,3,      422105701
2023,4221,57,1,1,6,7,2,2,4,      422105701
2023,4221,70,1,1,4,7,2,1,4,      422107001
2023,4221,71,1,1,6,7,2,1,5,      422107101
2023,4222,1,1,1,1,5,2,1,2,      422200101
2023,4222,11,1,1,1,4,2,1,3,      422201101
2023,4222,19,1,1,5,5,1,1,3,      422201901
2023,4222,19,1,1,3,5,2,2,4,      422201901
2023,4222,27,1,1,3,4,1,1,3,      422202701
2023,4222,27,1,1,3,4,2,2,4,      422202701
2023,4222,57,1,1,0,3,2,1,3,      422205701
2023,4222,59,2,1,3,4,2,1,3,      422205902
2023,4223,24,1,1,0,6,2,1,8,      422302401
2023,4223,99,1,1,3,6,1,1,7,      422309901
2023,4223,99,1,1,0,6,2,2,8,      422309901
2023,4223,103,1,1,0,6,2,1,4,      422310301
2023,4224,23,1,1,1,8,2,1,5,      422402301
2023,4224,53,1,1,5,8,1,1,4,      422405301
2023,4224,53,1,1,1,8,2,2,5,      422405301
2023,4224,103,1,1,1,8,2,1,4,      422410301
2023,4224,117,1,1,4,8,2,1,4,      422411701
2023,4225,24,1,1,0,7,2,1,6,      422502401
2023,4225,62,1,1,5,4,2,1,2,      422506201
2023,4225,91,1,2, , ,2,1,4,      422509101
2023,4225,99,1,1,2,5,2,1,3,      422509901
2023,4225,121,1,1,6,5,1,1,2,      422512101
2023,4225,121,1,1,3,5,2,2,3,      422512101
2023,4225,122,1,1,4,5,2,1,3,      422512201
2023,4226,15,1,1,0,6,2,1,5,      422601501
2023,4226,83,1,1,4,4,1,1,4,      422608301
2023,4226,83,1,1,1,4,2,2,5,      422608301
2023,4226,84,1,1,1,6,2,1,5,      422608401
2023,4226,114,1,1,1,7,1,1,7,      422611401
2023,4226,114,1,1,5,7,2,2,10,      422611401
2023,4226,119,1,1,6,4,1,1,3,      422611901
2023,4226,119,1,1,1,4,2,2,6,      422611901
2023,4227,14,1,1,3,5,1,1,3,      422701401
2023,4227,14,1,1,2,5,1,2,4,      422701401
2023,4227,14,1,1,0,5,2,3,5,      422701401
2023,4227,15,1,1,0,5,2,1,3,      422701501
2023,4227,18,1,1,6,6,1,1,3,      422701801
2023,4227,18,1,1,1,6,2,2,4,      422701801
2023,4227,41,1,1,0,6,2,1,2,      422704101
2023,4227,55,1,1,1,6,2,1,3,      422705501
2023,4227,77,1,1,0,4,2,1,3,      422707701
2023,4228,8,1,1,5,5,2,1,5,      422800801
2023,4228,102,1,1,7,5,2,1,4,      422810201
2023,4228,115,1,1,1,6,2,1,3,      422811501
2023,4228,125,1,1,4,5,1,1,3,      422812501
2023,4228,125,1,1,2,5,1,2,4,      422812501
2023,4228,125,1,1,2,5,2,3,5,      422812501
2023,4228,126,1,1,3,6,2,1,4,      422812601
2023,4229,8,1,1,0,2,2,1,3,      422900801
2023,4229,30,1,1,3,5,1,1,4,      422903001
2023,4229,30,1,2, , ,2,2,6,      422903001
2023,4229,39,1,2, , ,1,1,3,      422903901
2023,4229,39,1,1,1,5,2,2,4,      422903901
2023,4229,47,1,1,2,5,2,1,5,      422904701
2023,4230,66,1,1,0,5,2,1,7,      423006601
2023,4230,103,1,2, , ,2,1,6,      423010301
2023,4230,116,1,1,1,5,2,1,2,      423011601
2023,4231,37,1,1,1,10,2,1,3,      423103701
2023,4231,42,1,2, , ,1,1,7,      423104201
2023,4231,42,1,1,4,8,2,2,9,      423104201
2023,4231,71,1,1,1,10,2,1,3,      423107101
2023,4231,76,1,1,2,8,2,1,2,      423107601
2023,4231,121,1,1,1,7,1,1,3,      423112101
2023,4231,121,1,1,2,7,2,2,4,      423112101
2023,4232,24,1,1,2,5,2,1,4,      423202401
2023,4232,62,1,1,0,5,2,1,5,      423206201
2023,4232,87,1,1,1,5,2,1,5,      423208701
2023,4232,97,1,1,5,3,1,1,3,      423209701
2023,4232,97,1,1,3,3,1,2,4,      423209701
2023,4232,97,1,1,2,3,2,3,5,      423209701
2023,4232,136,1,1,8,3,2,1,4,      423213601
2023,4233,6,1,1,0,3,1,1,5,      423300601
2023,4233,6,1,1,98,98,2,2,6,      423300601
2023,4233,11,1,1,8,3,2,1,4,      423301101
2023,4233,14,1,1,8,3,2,1,3,      423301401
2023,4233,60,1,1,2,3,2,1,3,      423306001
2023,4233,63,1,1,4,4,1,1,2,      423306301
2023,4233,63,1,1,0,4,2,2,3,      423306301
2023,4233,73,1,1,3,3,2,1,5,      423307301
2023,4233,81,1,1,0,4,2,1,5,      423308101
2023,4234,31,1,1,4,4,1,1,8,      423403101
2023,4234,31,1,1,4,4,1,2,9,      423403101
2023,4234,31,1,1,1,4,2,3,10,      423403101
2023,4234,44,1,1,2,5,1,1,4,      423404401
2023,4234,44,1,1,0,3,2,2,5,      423404401
2023,4234,64,1,1,2,5,2,1,4,      423406401
2023,4234,159,1,2, , ,2,1,3,      423415901
2023,4234,169,1,1,3,5,2,1,4,      423416901
2023,4235,16,1,1,4,6,1,1,3,      423501601
2023,4235,16,1,1,5,6,1,2,4,      423501601
2023,4235,16,1,1,3,6,1,3,5,      423501601
2023,4235,16,1,1,0,6,2,4,6,      423501601
2023,4235,36,1,1,7,7,1,1,4,      423503601
2023,4235,36,1,1,6,7,1,2,5,      423503601
2023,4235,36,1,1,1,7,2,3,6,      423503601
2023,4235,50,1,1,0,5,2,1,4,      423505001
2023,4235,62,1,1,5,7,1,1,3,      423506201
2023,4235,62,1,1,3,7,2,2,4,      423506201
2023,4235,74,1,1,4,7,1,1,3,      423507401
2023,4235,74,1,1,2,7,2,2,4,      423507401
2023,4235,113,1,1,3,7,1,1,3,      423511301
2023,4235,113,1,1,2,7,1,2,4,      423511301
2023,4235,113,1,1,0,7,2,3,5,      423511301
2023,4235,116,1,1,5,6,1,1,4,      423511601
2023,4235,116,1,1,3,6,2,2,5,      423511601
2023,4235,117,1,1,1,2,2,1,3,      423511701
2023,4236,2,1,2, , ,1,1,4,      423600201
2023,4236,2,1,1,1,7,2,2,5,      423600201
2023,4236,3,1,1,1,7,1,1,3,      423600301
2023,4236,3,1,1,1,7,2,2,4,      423600301
2023,4236,18,1,1,7,7,1,1,4,      423601801
2023,4236,18,1,1,3,7,1,2,5,      423601801
2023,4236,18,1,1,0,7,2,3,6,      423601801
2023,4236,59,1,1,1,4,1,1,3,      423605901
2023,4236,59,1,1,0,6,1,2,4,      423605901
2023,4236,59,1,1,0,6,2,3,5,      423605901
2023,4236,90,1,1,1,7,1,1,5,      423609001
2023,4236,90,1,1,0,5,2,2,6,      423609001
2023,4236,122,1,1,1,7,2,1,4,      423612201
2023,4237,8,1,1,6,6,1,1,3,      423700801
2023,4237,8,1,1,2,4,2,2,4,      423700801
2023,4237,31,1,1,4,7,2,1,4,      423703101
2023,4237,78,2,1,7,7,2,1,3,      423707802
2023,4238,32,1,1,5,6,2,1,4,      423803201
2023,4238,33,1,1,2,6,2,1,4,      423803301
2023,4238,34,1,1,0,6,2,1,3,      423803401
2023,4238,35,1,1,8,6,1,1,4,      423803501
2023,4238,35,1,1,5,6,2,2,5,      423803501
2023,4238,84,1,1,0,5,2,1,2,      423808401
2023,4238,99,1,1,6,6,2,1,4,      423809901
2023,4238,101,1,1,2,5,2,1,2,      423810101
2023,4238,136,1,1,4,6,2,1,3,      423813601
2023,4238,138,1,1,2,6,1,1,2,      423813801
2023,4238,138,1,1,1,6,2,2,3,      423813801
2023,4238,139,1,1,4,5,2,1,4,      423813901
2023,4239,14,1,1,7,8,2,1,3,      423901401
2023,4239,15,1,1,6,8,1,1,4,      423901501
2023,4239,15,1,1,2,8,2,2,5,      423901501
2023,4239,21,1,1,0,6,2,1,3,      423902101
2023,4239,22,1,1,2,7,2,1,3,      423902201
2023,4239,24,1,1,2,8,2,1,4,      423902401
2023,4239,153,1,1,2,7,2,1,3,      423915301
2023,4239,156,1,1,4,8,2,1,4,      423915601
2023,4239,157,1,1,6,8,2,1,4,      423915701
2023,4240,8,1,1,2,8,1,1,3,      424000801
2023,4240,8,1,1,1,8,2,2,4,      424000801
2023,4240,24,1,1,1,8,1,1,4,      424002401
2023,4240,24,1,1,4,8,1,2,6,      424002401
2023,4240,24,1,1,2,8,1,3,7,      424002401
2023,4240,24,1,1,6,8,2,4,10,      424002401
2023,4240,31,1,1,4,8,1,1,3,      424003101
2023,4240,31,1,1,2,8,1,2,4,      424003101
2023,4240,31,1,1,3,8,1,3,5,      424003101
2023,4240,31,1,1,1,8,2,4,6,      424003101
2023,4240,46,1,1,8,9,2,1,3,      424004601
2023,4240,52,1,1,2,9,2,1,5,      424005201
2023,4240,97,1,1,1,9,2,1,3,      424009701
2023,4240,100,1,1,5,8,2,1,3,      424010001
2023,4241,9,1,1,4,5,1,1,3,      424100901
2023,4241,9,1,1,1,5,1,2,4,      424100901
2023,4241,9,1,1,6,5,2,3,6,      424100901
2023,4241,14,1,1,6,4,1,1,3,      424101401
2023,4241,14,1,1,0,4,2,2,4,      424101401
2023,4241,45,1,1,0,5,2,1,3,      424104501
2023,4241,52,1,1,5,5,2,1,7,      424105201
2023,4241,53,1,1,6,4,1,1,5,      424105301
2023,4241,53,1,1,5,4,1,2,6,      424105301
2023,4241,53,1,1,4,4,2,3,7,      424105301
2023,4241,54,1,1,7,4,1,1,3,      424105401
2023,4241,54,1,1,0,4,2,2,4,      424105401
2023,4242,63,1,1,0,4,2,1,2,      424206301
2023,4243,18,1,1,3,6,2,1,5,      424301801
2023,4243,36,1,1,1,7,2,1,4,      424303601
2023,4243,38,1,1,6,10,2,1,5,      424303801
2023,4244,14,1,1,3,5,1,1,3,      424401401
2023,4244,14,1,1,2,3,2,2,4,      424401401
2023,4244,31,1,2, , ,2,1,3,      424403101
2023,4245,9,1,1,0,8,2,1,3,      424500901
2023,4245,23,1,1,0,8,2,1,3,      424502301
2023,4245,27,1,1,4,8,2,1,3,      424502701
2023,4245,45,1,1,4,6,2,1,4,      424504501
2023,4245,49,1,1,5,8,2,1,3,      424504901
2023,4246,50,1,1,0,5,2,1,3,      424605001
2023,4246,60,1,1,5,10,2,1,2,      424606001
2023,4246,91,1,1,0,7,2,1,4,      424609101
2023,4247,71,1,1,7,9,1,1,2,      424707101
2023,4247,71,1,1,5,9,1,2,3,      424707101
2023,4247,71,1,1,0,9,2,3,4,      424707101
2023,4247,111,1,1,3,8,2,1,3,      424711101
2023,4247,124,1,1,3,9,2,1,3,      424712401
2023,4248,5,1,1,0,7,2,1,4,      424800501
2023,4248,8,1,1,4,7,2,1,2,      424800801
2023,4248,10,1,1,4,8,1,1,2,      424801001
2023,4248,10,1,1,0,8,2,2,3,      424801001
2023,4248,51,1,1,0,8,2,1,2,      424805101
2023,4248,66,1,1,2,7,2,1,3,      424806601
2023,4249,36,1,1,3,4,2,1,4,      424903601
2023,4249,42,1,1,0,6,2,1,3,      424904201
2023,4249,53,1,1,2,4,2,1,3,      424905301
2023,4250,5,1,1,6,9,2,1,4,      425000501
2023,4251,1,1,1,4,4,2,1,3,      425100101
2023,4251,15,1,1,0,5,2,1,2,      425101501
2023,4251,49,1,1,4,5,2,1,5,      425104901
2023,4251,65,1,1,6,7,2,1,2,      425106501
2023,4251,77,1,1,3,3,2,1,6,      425107701
2023,4251,83,1,1,1,3,2,1,3,      425108301
2023,4251,84,1,1,8,5,1,1,3,      425108401
2023,4251,84,1,1,6,5,1,2,4,      425108401
2023,4251,84,1,1,2,5,2,3,5,      425108401
2023,4251,104,1,1,6,5,2,1,5,      425110401
2023,4252,13,1,1,9,4,1,1,2,      425201301
2023,4252,13,1,1,5,4,2,2,3,      425201301
2023,4252,32,1,1,3,6,2,1,4,      425203201
2023,4253,93,1,1,5,8,1,1,3,      425309301
2023,4253,93,1,1,5,8,2,2,4,      425309301
2023,4254,13,1,1,5,7,2,1,4,      425401301
2023,4254,16,1,1,9,6,2,1,2,      425401601
2023,4254,61,1,1,5,6,1,1,2,      425406101
2023,4254,61,1,1,0,1,2,2,3,      425406101
2023,4254,63,1,1,7,7,2,1,4,      425406301
2023,4254,66,1,1,2,6,2,1,5,      425406601
2023,4254,86,1,1,5,6,1,1,5,      425408601
2023,4254,86,1,1,0,6,2,2,6,      425408601
2023,4254,88,1,1,8,8,1,1,4,      425408801
2023,4254,88,1,1,6,8,2,2,5,      425408801
2023,4254,89,1,1,5,8,1,1,3,      425408901
2023,4254,89,1,1,4,8,2,2,4,      425408901
2023,4254,93,1,1,8,8,2,1,2,      425409301
2023,4255,6,1,1,7,10,2,1,2,      425500601
2023,4255,14,1,1,8,9,2,1,2,      425501401
2023,4255,15,1,1,5,10,2,1,2,      425501501
2023,4255,17,1,1,5,10,1,1,2,      425501701
2023,4255,17,1,1,3,10,1,2,3,      425501701
2023,4255,17,1,1,2,10,2,3,4,      425501701
2023,4256,82,1,1,5,8,1,1,3,      425608201
2023,4256,82,1,1,2,8,1,2,4,      425608201
2023,4256,82,1,1,0,3,2,3,5,      425608201
2023,4256,127,1,1,7,5,1,1,4,      425612701
2023,4256,127,1,1,1,5,2,2,6,      425612701
2023,4257,6,1,1,2,8,1,1,5,      425700601
2023,4257,6,1,1,1,8,2,2,6,      425700601
2023,4257,7,1,1,5,7,2,1,4,      425700701
2023,4257,9,1,1,3,8,2,1,2,      425700901
2023,4257,11,1,1,1,7,2,1,3,      425701101
2023,4257,17,1,1,8,8,2,1,3,      425701701
2023,4257,18,1,1,7,8,2,1,5,      425701801
2023,4257,20,1,1,2,8,2,1,2,      425702001
2023,4257,62,1,1,7,8,1,1,6,      425706201
2023,4257,62,1,1,6,8,1,2,7,      425706201
2023,4257,62,1,1,4,8,2,3,8,      425706201
2023,4257,65,1,1,5,8,2,1,5,      425706501
2023,4257,73,1,1,8,8,1,1,3,      425707301
2023,4257,73,1,1,5,8,2,2,4,      425707301
2023,4258,72,1,1,7,4,1,1,3,      425807201
2023,4258,72,1,1,1,4,2,2,4,      425807201
2023,4258,74,1,1,8,5,1,1,5,      425807401
2023,4258,74,1,1,5,5,2,2,6,      425807401
2023,4258,76,1,1,7,5,1,1,3,      425807601
2023,4258,76,1,1,2,5,1,2,4,      425807601
2023,4258,76,1,1,1,5,2,3,5,      425807601
2023,4258,86,1,1,8,4,2,1,6,      425808601
2023,4258,88,1,1,0,5,1,1,3,      425808801
2023,4258,88,1,1,0,5,2,2,4,      425808801
2023,4258,120,1,1,5,4,1,1,4,      425812001
2023,4258,120,1,1,4,4,2,2,5,      425812001
2023,4258,123,1,1,5,6,2,1,2,      425812301
2023,4258,126,1,1,7,5,2,1,5,      425812601
2023,4259,19,1,1,4,3,2,1,5,      425901901
2023,4259,29,1,1,3,2,2,1,3,      425902901
2023,4259,38,1,1,7,3,1,1,3,      425903801
2023,4259,38,1,1,0,4,2,2,4,      425903801
2023,4259,52,1,1,1,4,1,1,5,      425905201
2023,4259,52,1,1,0,4,2,2,6,      425905201
2023,4259,73,1,1,1,6,2,1,3,      425907301
2023,4259,81,1,1,5,4,2,1,5,      425908101
2023,4260,31,1,1,1,6,2,1,3,      426003101
2023,4260,35,1,1,0,6,2,1,3,      426003501
2023,4260,36,1,1,7,6,2,1,5,      426003601
2023,4261,47,1,1,6,7,1,1,5,      426104701
2023,4261,47,1,1,0,7,2,2,6,      426104701
2023,4261,50,1,1,1,7,2,1,4,      426105001
2023,4261,52,1,1,0,6,2,1,2,      426105201
2023,4261,56,1,1,3,7,1,1,4,      426105601
2023,4261,56,1,1,0,7,1,2,5,      426105601
2023,4261,56,1,1,1,7,2,3,7,      426105601
2023,4261,63,1,1,2,7,1,1,3,      426106301
2023,4261,63,1,1,0,7,2,2,4,      426106301
2023,4261,97,2,1,6,7,1,1,3,      426109702
2023,4261,97,2,1,1,7,2,2,4,      426109702
2023,4262,48,1,1,4,5,1,1,3,      426204801
2023,4262,48,1,1,4,5,1,2,4,      426204801
2023,4262,48,1,1,0,5,2,3,5,      426204801
2023,4262,88,1,1,8,5,1,1,4,      426208801
2023,4262,88,1,1,6,5,1,2,5,      426208801
2023,4262,88,1,1,4,5,2,3,6,      426208801
2023,4262,97,1,1,6,5,1,1,3,      426209701
2023,4262,97,1,1,7,5,2,2,7,      426209701
2023,4263,27,1,2, , ,2,1,5,      426302701
2023,4263,50,1,1,1,3,2,1,3,      426305001
2023,4263,69,1,1,3,4,2,1,3,      426306901
2023,4263,88,1,1,5,4,1,1,3,      426308801
2023,4263,88,1,1,0,4,2,2,5,      426308801
2023,4263,106,1,1,3,3,2,1,3,      426310601
2023,4263,136,1,1,3,4,1,1,4,      426313601
2023,4263,136,1,1,7,4,2,2,5,      426313601
2023,4264,3,1,1,1,8,2,1,4,      426400301
2023,4264,4,1,1,1,7,2,1,4,      426400401
2023,4264,8,1,1,5,8,1,1,2,      426400801
2023,4264,8,1,1,3,8,1,2,3,      426400801
2023,4264,8,1,1,1,8,2,3,4,      426400801
2023,4264,16,1,1,4,8,2,1,2,      426401601
2023,4264,63,1,1,0,7,2,1,3,      426406301
2023,4264,86,1,1,7,8,2,1,3,      426408601
2023,4264,143,1,1,6,7,2,1,4,      426414301
2023,4265,26,1,1,8,9,1,1,3,      426502601
2023,4265,26,1,1,5,9,2,2,4,      426502601
2023,4265,27,1,1,3,9,1,1,2,      426502701
2023,4265,27,1,1,1,9,2,2,3,      426502701
2023,4265,31,1,1,0,9,2,1,3,      426503101
2023,4265,34,1,1,5,9,2,1,3,      426503401
2023,4265,37,1,1,7,9,2,1,3,      426503701
2023,4265,104,1,1,6,9,2,1,2,      426510401
2023,4265,140,1,1,7,9,1,1,3,      426514001
2023,4265,140,1,1,4,9,2,2,4,      426514001
2023,4266,16,1,1,2,7,2,1,3,      426601601
2023,4266,20,1,1,0,7,2,1,3,      426602001
2023,4266,91,1,1,4,6,2,1,4,      426609101
2023,4267,13,1,1,5,6,2,1,4,      426701301
2023,4267,25,1,1,1,6,2,1,3,      426702501
2023,4267,62,1,1,1,6,2,1,2,      426706201
2023,4267,70,1,1,3,6,2,1,3,      426707001
2023,4267,107,1,1,6,6,2,1,4,      426710701
2023,4267,122,1,1,5,6,2,1,3,      426712201
2023,4268,22,1,1,2,4,2,1,6,      426802201
2023,4268,23,1,1,1,4,2,1,5,      426802301
2023,4268,50,1,1,3,4,2,1,4,      426805001
2023,4268,98,1,1,8,4,1,1,3,      426809801
2023,4268,98,1,1,5,4,1,2,4,      426809801
2023,4268,98,1,1,0,4,2,3,5,      426809801
2023,4268,129,1,1,1,4,2,1,3,      426812901
2023,4269,1,1,1,6,6,1,1,4,      426900101
2023,4269,1,1,1,1,6,2,2,5,      426900101
2023,4269,3,1,1,1,6,2,1,3,      426900301
2023,4269,27,1,1,7,6,1,1,4,      426902701
2023,4269,27,1,1,0,6,2,2,5,      426902701
2023,4269,109,1,1,7,6,1,1,3,      426910901
2023,4269,109,1,1,5,6,1,2,4,      426910901
2023,4269,109,1,1,3,6,2,3,5,      426910901
2023,4269,109,2,1,6,6,2,1,3,      426910902
2023,4269,154,1,1,7,6,2,1,3,      426915401
2023,4269,156,1,1,2,6,2,1,4,      426915601
2023,4270,23,1,1,1,7,2,1,3,      427002301
2023,4270,55,1,1,7,7,1,1,3,      427005501
2023,4270,55,1,1,5,7,1,2,4,      427005501
2023,4270,55,1,1,2,7,2,3,5,      427005501
2023,4270,77,1,1,1,6,2,1,2,      427007701
2023,4270,82,1,1,2,7,2,1,4,      427008201
2023,4270,98,1,1,6,7,2,1,3,      427009801
2023,4270,103,1,1,6,7,1,1,3,      427010301
2023,4270,103,1,1,2,7,1,2,4,      427010301
2023,4270,103,1,1,6,7,2,3,8,      427010301
2023,4271,8,1,1,8,9,2,1,4,      427100801
2023,4271,11,1,1,6,9,1,1,2,      427101101
2023,4271,11,1,1,0,9,2,2,3,      427101101
2023,4271,28,1,1,6,9,2,1,3,      427102801
2023,4271,56,1,1,8,9,2,1,3,      427105601
2023,4271,59,1,1,4,9,2,1,2,      427105901
2023,4271,71,1,1,5,9,1,1,2,      427107101
2023,4271,71,1,1,0,9,1,2,4,      427107101
2023,4271,71,1,1,6,9,1,3,6,      427107101
2023,4271,71,1,1,4,9,1,4,7,      427107101
2023,4271,71,1,1,2,9,2,5,8,      427107101
2023,4272,21,1,1,7,8,1,1,3,      427202101
2023,4272,21,1,1,4,8,2,2,4,      427202101
2023,4272,44,1,1,4,8,2,1,4,      427204401
2023,4272,62,1,1,5,8,1,1,3,      427206201
2023,4272,62,1,1,2,8,1,2,4,      427206201
2023,4272,62,1,1,0,8,2,3,5,      427206201
2023,4272,64,1,1,0,8,2,1,3,      427206401
2023,4272,88,1,1,6,8,2,1,4,      427208801
2023,4273,2,1,1,3,5,1,1,3,      427300201
2023,4273,2,1,1,7,5,2,2,4,      427300201
2023,4273,3,1,1,0,5,2,1,4,      427300301
2023,4273,24,1,1,0,5,2,1,3,      427302401
2023,4273,26,1,1,4,5,2,1,4,      427302601
2023,4273,27,1,1,4,5,1,1,3,      427302701
2023,4273,27,1,1,1,5,1,2,4,      427302701
2023,4273,27,1,1,0,5,1,3,5,      427302701
2023,4273,27,1,1,2,5,2,4,7,      427302701
2023,4273,29,1,1,1,5,2,1,3,      427302901
2023,4273,42,1,1,5,5,2,1,3,      427304201
2023,4273,46,1,1,2,5,2,1,3,      427304601
2023,4274,8,1,1,4,8,2,1,3,      427400801
2023,4274,10,1,1,0,8,2,1,2,      427401001
2023,4274,44,1,1,3,8,1,1,4,      427404401
2023,4274,44,1,1,1,8,2,2,5,      427404401
2023,4274,46,1,1,2,7,2,1,3,      427404601
2023,4274,134,1,1,2,8,2,1,4,      427413401
2023,4274,135,1,1,8,8,1,1,3,      427413501
2023,4274,135,1,1,4,8,2,2,4,      427413501
2023,4274,136,1,1,1,8,2,1,3,      427413601
2023,4275,71,1,1,4,9,1,1,4,      427507101
2023,4275,71,1,1,1,9,2,2,5,      427507101
2023,4275,72,1,1,4,9,2,1,3,      427507201
2023,4275,74,1,1,1,9,2,1,2,      427507401
2023,4275,104,1,1,7,9,1,1,3,      427510401
2023,4275,104,1,1,2,9,2,2,4,      427510401
2023,4275,106,1,1,1,9,2,1,5,      427510601
2023,4275,107,1,1,6,9,2,1,3,      427510701
2023,4275,132,1,1,6,8,2,1,3,      427513201
2023,4275,133,1,1,2,9,2,1,3,      427513301
2023,4275,137,1,1,5,9,1,1,4,      427513701
2023,4275,137,1,1,1,9,2,2,7,      427513701
2023,4276,103,1,1,2,7,1,1,3,      427610301
2023,4276,103,1,1,2,7,2,2,4,      427610301
2023,4276,116,1,1,6,7,1,1,3,      427611601
2023,4276,116,1,1,1,7,2,2,4,      427611601
2023,4276,117,1,1,1,7,1,1,3,      427611701
2023,4276,117,1,1,4,7,2,2,6,      427611701
2023,4276,118,1,1,5,7,2,1,4,      427611801
2023,4276,130,1,1,5,7,2,1,5,      427613001
2023,4276,131,1,1,3,7,2,1,3,      427613101
2023,4277,23,1,1,7,6,1,1,4,      427702301
2023,4277,23,1,1,4,6,2,2,5,      427702301
2023,4277,24,1,1,3,6,2,1,4,      427702401
2023,4277,25,1,1,7,6,1,1,2,      427702501
2023,4277,25,1,1,2,6,2,2,3,      427702501
2023,4277,27,1,1,7,6,2,1,3,      427702701
2023,4277,83,1,1,7,6,2,1,4,      427708301
2023,4277,85,1,1,3,6,2,1,3,      427708501
2023,4277,135,1,1,1,6,2,1,4,      427713501
2023,4277,140,1,1,5,6,1,1,3,      427714001
2023,4277,140,1,1,3,6,2,2,4,      427714001
2023,4278,41,1,1,4,5,2,1,5,      427804101
2023,4278,43,1,1,3,5,2,1,4,      427804301
2023,4278,75,1,1,8,5,1,1,3,      427807501
2023,4278,75,1,1,8,5,1,2,4,      427807501
2023,4278,75,1,1,3,5,2,3,5,      427807501
2023,4278,154,1,1,7,5,1,1,4,      427815401
2023,4278,154,1,1,5,5,2,2,5,      427815401
2023,4278,155,1,1,0,5,2,1,3,      427815501
2023,4278,157,1,1,7,5,2,1,3,      427815701
2023,4279,15,2,1,7,8,1,1,5,      427901502
2023,4279,15,2,1,4,8,1,2,6,      427901502
2023,4279,15,2,1,1,8,2,3,7,      427901502
2023,4279,30,1,1,2,8,1,1,2,      427903001
2023,4279,30,1,1,0,8,2,2,3,      427903001
2023,4279,55,1,2, , ,1,1,4,      427905501
2023,4279,55,1,1,2,8,2,2,5,      427905501
2023,4279,70,1,1,0,8,2,1,4,      427907001
2023,4279,75,1,1,0,8,1,1,3,      427907501
2023,4279,75,1,2, , ,2,2,4,      427907501
2023,4280,13,1,1,5,5,1,1,5,      428001301
2023,4280,13,1,1,1,5,2,2,6,      428001301
2023,4280,66,1,2, , ,2,1,3,      428006601
2023,4280,67,1,1,0,5,2,1,2,      428006701
2023,4280,71,1,2, , ,2,1,3,      428007101
2023,4280,94,1,2, , ,1,1,5,      428009401
2023,4280,94,1,2, , ,2,2,6,      428009401
2023,4281,24,1,1,4,6,2,1,4,      428102401
2023,4281,43,1,1,0,9,1,1,3,      428104301
2023,4281,43,1,1,3,9,2,2,8,      428104301
2023,4281,46,1,1,0,9,2,1,3,      428104601
2023,4281,70,1,1,3,6,1,1,4,      428107001
2023,4281,70,1,1,2,6,2,2,5,      428107001
2023,4282,1,1,1,5,4,2,1,3,      428200101
2023,4282,3,1,1,1,4,2,1,3,      428200301
2023,4282,24,1,1,1,4,2,1,3,      428202401
2023,4283,2,1,1,1,8,2,1,3,      428300201
2023,4283,24,1,2, , ,1,1,3,      428302401
2023,4283,24,1,2, , ,2,2,4,      428302401
2023,4283,96,1,1,0,8,2,1,3,      428309601
2023,4284,15,1,1,1,7,2,1,4,      428401501
2023,4284,38,1,1,4,7,1,1,3,      428403801
2023,4284,38,1,1,1,7,2,2,4,      428403801
2023,4284,50,1,1,0,7,2,1,4,      428405001
2023,4284,56,1,1,6,7,2,1,4,      428405601
2023,4284,104,2,1,4,7,2,1,2,      428410402
2023,4285,19,1,1,1,4,2,1,3,      428501901
2023,4285,63,1,1,1,4,2,1,4,      428506301
2023,4285,136,1,1,5,4,1,1,3,      428513601
2023,4285,136,1,1,1,4,2,2,4,      428513601
2023,4286,7,2,1,2,7,2,1,3,      428600702
2023,4286,54,1,1,6,7,1,1,4,      428605401
2023,4286,54,1,1,3,7,2,2,5,      428605401
2023,4286,130,1,1,5,7,2,1,7,      428613001
2023,4287,17,1,1,7,6,1,1,3,      428701701
2023,4287,17,1,1,6,6,2,2,4,      428701701
2023,4287,29,1,1,2,6,1,1,2,      428702901
2023,4287,29,1,1,0,6,2,2,3,      428702901
2023,4287,37,1,1,5,4,2,1,4,      428703701
2023,4287,53,1,1,3,6,1,1,2,      428705301
2023,4287,53,1,1,1,6,2,2,3,      428705301
2023,4287,55,1,1,3,6,2,1,4,      428705501
2023,4287,57,1,1,1,4,1,1,3,      428705701
2023,4287,57,1,1,0,4,2,2,4,      428705701
2023,4288,8,1,1,0,6,2,1,5,      428800801
2023,4288,13,1,1,5,8,2,1,4,      428801301
2023,4288,17,1,1,5,6,1,1,3,      428801701
2023,4288,17,1,1,3,6,1,2,4,      428801701
2023,4288,17,1,1,0,6,2,3,5,      428801701
2023,4288,58,1,1,6,6,1,1,3,      428805801
2023,4288,58,1,1,3,6,1,2,4,      428805801
2023,4288,58,1,1,2,6,2,3,5,      428805801
2023,4289,16,1,1,5,5,2,1,6,      428901601
2023,4289,19,1,1,6,4,2,1,4,      428901901
2023,4289,41,1,1,5,5,1,1,3,      428904101
2023,4289,41,1,1,0,5,2,2,4,      428904101
2023,4289,53,1,2, , ,1,1,3,      428905301
2023,4289,53,1,2, , ,2,2,4,      428905301
2023,4289,77,1,1,4,5,1,1,4,      428907701
2023,4289,77,1,1,2,5,2,2,5,      428907701
2023,4289,105,1,1,1,4,2,1,3,      428910501
2023,4290,10,1,1,1,4,2,1,4,      429001001
2023,4290,43,1,1,3,4,1,1,4,      429004301
2023,4290,43,1,1,3,4,2,2,5,      429004301
2023,4290,52,1,1,7,3,1,1,3,      429005201
2023,4290,52,1,1,1,3,2,2,4,      429005201
2023,4290,56,1,1,6,4,1,1,4,      429005601
2023,4290,56,1,1,1,4,2,2,5,      429005601
2023,4290,70,1,1,4,4,2,1,3,      429007001
2023,4290,73,1,1,6,4,2,1,4,      429007301
2023,4291,17,1,1,5,4,2,1,3,      429101701
2023,4291,22,1,1,3,5,1,1,5,      429102201
2023,4291,22,1,1,2,5,2,2,6,      429102201
2023,4292,38,1,1,0,7,2,1,3,      429203801
2023,4292,52,1,1,1,4,2,1,4,      429205201
2023,4292,64,1,1,4,7,2,1,2,      429206401
2023,4292,75,1,1,7,4,1,1,3,      429207501
2023,4292,75,1,1,2,4,2,2,4,      429207501
2023,4292,80,1,1,4,7,1,1,3,      429208001
2023,4292,80,1,1,0,7,2,2,4,      429208001
2023,4293,26,1,1,1,5,2,1,2,      429302601
2023,4293,31,1,1,1,5,2,1,2,      429303101
2023,4293,74,1,1,0,5,2,1,5,      429307401
2023,4293,84,1,1,8,5,1,1,2,      429308401
2023,4293,84,1,1,1,5,2,2,3,      429308401
2023,4293,98,1,1,4,5,2,1,3,      429309801
2023,4295,33,1,1,6,4,1,1,4,      429503301
2023,4295,33,1,1,6,4,1,2,5,      429503301
2023,4295,33,1,1,0,4,2,3,6,      429503301
2023,4295,53,1,1,5,4,2,1,3,      429505301
2023,4295,91,1,1,0,4,2,1,5,      429509101
2023,4295,105,1,1,0,4,2,1,3,      429510501
2023,4296,9,1,2, , ,2,1,5,      429600901
2023,4296,21,1,1,1,4,2,1,3,      429602101
2023,4297,9,1,1,6,4,2,1,5,      429700901
2023,4297,23,1,1,5,4,1,1,2,      429702301
2023,4297,23,1,1,1,4,2,2,3,      429702301
2023,4297,37,1,1,6,6,1,1,3,      429703701
2023,4297,37,1,1,4,6,2,2,4,      429703701
2023,4297,58,1,1,7,6,1,1,2,      429705801
2023,4297,58,1,1,6,6,2,2,3,      429705801
2023,4297,74,1,1,7,6,2,1,2,      429707401
2023,4297,96,1,1,6,6,2,1,3,      429709601
2023,4298,45,1,1,4,7,1,1,3,      429804501
2023,4298,45,1,1,0,7,2,2,4,      429804501
2023,4298,63,1,1,3,7,2,1,3,      429806301
2023,4299,9,1,1,0,2,2,1,3,      429900901
2023,4299,11,1,1,3,4,2,1,4,      429901101
2023,4300,2,1,1,9,4,2,1,4,      430000201
2023,4300,3,1,1,1,4,2,1,5,      430000301
2023,4300,32,2,1,0,3,2,1,4,      430003202
2023,4300,121,1,1,8,4,1,1,5,      430012101
2023,4300,121,1,1,5,4,2,2,6,      430012101
2023,4301,89,1,1,7,9,1,1,4,      430108901
2023,4301,89,1,1,3,9,1,2,5,      430108901
2023,4301,89,1,1,0,9,2,3,6,      430108901
2023,4302,11,1,1,1,9,2,1,3,      430201101
2023,4302,25,1,1,1,8,2,1,5,      430202501
2023,4302,50,1,1,5,5,2,1,5,      430205001
2023,4302,61,1,1,4,8,2,1,3,      430206101
2023,4302,88,1,1,4,9,2,1,3,      430208801
2023,4303,13,1,1,1,9,2,1,3,      430301301
2023,4303,59,1,1,5,9,2,1,4,      430305901
2023,4303,127,1,1,7,8,2,1,2,      430312701
2023,4303,131,1,1,3,9,1,1,6,      430313101
2023,4303,131,1,1,1,9,2,2,7,      430313101
2023,4303,141,3,1,0,2,2,1,2,      430314103
2023,4303,164,1,1,1,7,2,1,5,      430316401
2023,4304,14,1,1,5,5,2,1,4,      430401401
2023,4304,175,1,1,4,5,1,1,6,      430417501
2023,4304,175,1,1,0,5,2,2,7,      430417501
2023,4305,12,1,1,0,7,1,1,3,      430501201
2023,4305,12,1,1,7,7,2,2,6,      430501201
2023,4305,14,1,1,7,7,2,1,4,      430501401
2023,4305,53,1,1,0,7,2,1,3,      430505301
2023,4305,59,1,1,1,7,1,1,3,      430505901
2023,4305,59,1,1,4,6,2,2,8,      430505901
2023,4305,94,1,1,7,7,1,1,3,      430509401
2023,4305,94,1,1,7,7,2,2,4,      430509401
2023,4305,138,1,1,7,7,1,1,2,      430513801
2023,4305,138,1,1,6,7,2,2,3,      430513801
2023,4305,143,1,1,3,7,2,1,3,      430514301
2023,4306,4,1,1,3,5,2,1,3,      430600401
2023,4306,51,1,1,7,5,2,1,6,      430605101
2023,4306,64,1,1,3,3,1,1,3,      430606401
2023,4306,64,1,1,2,3,2,2,4,      430606401
2023,4306,112,1,1,2,5,2,1,3,      430611201
2023,4307,35,1,1,1,9,2,1,3,      430703501
2023,4307,67,1,1,0,3,2,1,3,      430706701
2023,4307,86,1,1,4,9,2,1,4,      430708601
2023,4307,100,1,1,9,5,1,1,4,      430710001
2023,4307,100,1,1,4,5,1,2,5,      430710001
2023,4307,100,1,1,1,5,2,3,6,      430710001
2023,4307,145,1,1,3,9,2,1,2,      430714501
2023,4308,15,1,1,0,6,2,1,3,      430801501
2023,4308,44,1,1,7,6,1,1,6,      430804401
2023,4308,44,1,1,6,6,2,2,7,      430804401
2023,4308,48,1,1,0,6,1,1,5,      430804801
2023,4308,48,1,1,2,6,1,2,6,      430804801
2023,4308,48,1,1,1,6,2,3,7,      430804801
2023,4308,86,1,1,3,6,2,1,3,      430808601
2023,4308,92,1,1,2,6,2,1,4,      430809201
2023,4308,140,1,1,8,6,1,1,5,      430814001
2023,4308,140,1,1,5,6,2,2,6,      430814001
2023,4309,10,1,1,5,6,1,1,6,      430901001
2023,4309,10,1,1,3,6,1,2,8,      430901001
2023,4309,10,1,1,0,6,2,3,9,      430901001
2023,4309,30,1,1,7,6,1,1,4,      430903001
2023,4309,30,1,1,3,6,1,2,5,      430903001
2023,4309,30,1,1,0,6,2,3,6,      430903001
2023,4309,80,1,1,0,6,2,1,4,      430908001
2023,4309,109,1,1,1,6,2,1,3,      430910901
2023,4310,20,1,1,0,6,2,1,4,      431002001
2023,4310,60,1,1,6,6,1,1,2,      431006001
2023,4310,60,1,1,3,6,1,2,3,      431006001
2023,4310,60,1,1,5,0,2,3,6,      431006001
2023,4310,63,1,1,0,6,1,1,3,      431006301
2023,4310,63,1,1,4,2,2,2,4,      431006301
2023,4310,97,1,1,3,6,1,1,4,      431009701
2023,4310,97,1,1,0,6,2,2,5,      431009701
2023,4311,16,1,1,4,5,2,1,2,      431101601
2023,4311,27,1,2, , ,2,1,4,      431102701
2023,4311,60,1,2, , ,1,1,3,      431106001
2023,4311,60,1,2, , ,2,2,4,      431106001
2023,4311,76,1,1,6,3,1,1,2,      431107601
2023,4311,76,1,1,2,3,2,2,3,      431107601
2023,4311,109,1,1,5,5,2,1,2,      431110901
2023,4311,122,1,1,1,5,2,1,5,      431112201
2023,4311,166,1,1,2,5,2,1,3,      431116601
2023,4311,181,1,1,8,3,2,1,3,      431118101
2023,4312,41,1,1,7,8,1,1,3,      431204101
2023,4312,41,1,1,1,8,2,2,4,      431204101
2023,4312,46,1,2, , ,2,1,5,      431204601
2023,4312,61,1,1,0,8,1,1,5,      431206101
2023,4312,61,1,1,7,8,2,2,6,      431206101
2023,4312,75,1,1,2,8,2,1,8,      431207501
2023,4312,113,1,1,3,8,2,1,3,      431211301
2023,4313,4,1,1,5,4,2,1,5,      431300401
2023,4313,29,1,1,4,6,2,1,4,      431302901
2023,4313,47,1,1,2,6,2,1,2,      431304701
2023,4313,56,1,1,8,6,1,1,4,      431305601
2023,4313,56,1,1,5,6,2,2,5,      431305601
2023,4313,83,1,1,2,6,2,1,4,      431308301
2023,4313,86,1,1,4,6,1,1,4,      431308601
2023,4313,86,1,1,3,6,2,2,5,      431308601
2023,4313,92,1,1,0,6,2,1,3,      431309201
2023,4314,11,1,1,1,5,2,1,3,      431401101
2023,4314,53,1,1,3,5,1,1,3,      431405301
2023,4314,53,1,1,3,5,2,2,4,      431405301
2023,4314,58,1,1,1,5,2,1,4,      431405801
2023,4314,68,1,1,0,5,2,1,5,      431406801
2023,4314,77,1,1,2,4,1,1,3,      431407701
2023,4314,77,1,1,0,4,2,2,4,      431407701
2023,4315,1,1,1,4,8,1,1,2,      431500101
2023,4315,1,1,1,1,8,2,2,3,      431500101
2023,4315,3,1,1,1,6,2,1,2,      431500301
2023,4315,9,1,1,6,8,2,1,3,      431500901
2023,4315,11,1,1,2,8,2,1,3,      431501101
2023,4315,15,1,1,7,8,2,1,2,      431501501
2023,4315,29,1,1,5,8,2,1,3,      431502901
2023,4316,9,1,1,4,9,1,1,3,      431600901
2023,4316,9,1,1,1,9,2,2,4,      431600901
2023,4316,63,1,1,2,9,1,1,3,      431606301
2023,4316,63,1,1,1,9,2,2,4,      431606301
2023,4316,92,1,1,4,4,2,1,2,      431609201
2023,4316,102,1,1,2,8,1,1,4,      431610201
2023,4316,102,1,1,0,8,2,2,5,      431610201
2023,4316,105,1,1,1,8,2,1,4,      431610501
2023,4316,119,1,1,0,9,2,1,5,      431611901
2023,4317,6,1,1,3,5,1,1,2,      431700601
2023,4317,6,1,1,1,5,2,2,3,      431700601
2023,4317,45,1,1,3,5,1,1,2,      431704501
2023,4317,45,1,1,0,5,1,2,3,      431704501
2023,4317,45,1,1,5,5,2,3,4,      431704501
2023,4317,66,1,1,2,5,2,1,2,      431706601
2023,4317,73,1,1,4,5,2,1,3,      431707301
2023,4317,90,1,1,1,5,1,1,3,      431709001
2023,4317,90,1,1,3,5,2,2,4,      431709001
2023,4317,98,1,1,0,4,2,1,3,      431709801
2023,4318,16,1,1,2,7,2,1,4,      431801601
2023,4318,64,1,1,1,6,2,1,3,      431806401
2023,4318,76,1,1,8,7,1,1,3,      431807601
2023,4318,76,1,1,6,7,2,2,4,      431807601
2023,4318,86,1,1,0,7,2,1,2,      431808601
2023,4318,108,1,1,1,7,2,1,3,      431810801
2023,4318,129,1,1,0,7,1,1,4,      431812901
2023,4318,129,1,1,0,7,1,2,5,      431812901
2023,4318,129,1,1,0,7,2,3,6,      431812901
2023,4318,138,1,1,5,7,1,1,4,      431813801
2023,4318,138,1,1,4,7,2,2,8,      431813801
2023,4319,7,1,1,5,4,2,1,3,      431900701
2023,4319,8,1,1,1,4,2,1,3,      431900801
2023,4319,10,1,1,2,4,2,1,3,      431901001
2023,4319,19,1,1,5,4,1,1,3,      431901901
2023,4319,19,1,1,3,4,1,2,4,      431901901
2023,4319,19,1,1,0,4,2,3,5,      431901901
2023,4319,25,1,1,1,4,2,1,3,      431902501
2023,4319,26,1,2, , ,2,1,4,      431902601
2023,4319,29,1,1,5,4,1,1,2,      431902901
2023,4319,29,1,1,3,4,1,2,5,      431902901
2023,4319,29,1,1,1,4,1,3,6,      431902901
2023,4319,29,1,1,0,4,2,4,9,      431902901
2023,4319,50,1,1,0,4,1,1,4,      431905001
2023,4319,50,1,1,0,4,1,2,5,      431905001
2023,4319,50,1,1,0,4,1,3,6,      431905001
2023,4319,50,1,1,0,4,1,4,7,      431905001
2023,4319,50,1,1,0,4,2,5,8,      431905001
2023,4319,71,1,1,7,4,1,1,3,      431907101
2023,4319,71,1,1,0,4,2,2,4,      431907101
2023,4320,55,1,1,7,6,2,1,4,      432005501
2023,4320,57,1,1,0,8,2,1,3,      432005701
2023,4320,58,1,1,1,10,2,1,4,      432005801
2023,4320,66,1,1,5,8,2,1,5,      432006601
2023,4320,69,1,1,8,8,2,1,3,      432006901
2023,4320,72,1,1,5,4,2,1,4,      432007201
2023,4321,6,1,1,1,6,2,1,3,      432100601
2023,4321,48,1,1,4,7,2,1,3,      432104801
2023,4321,64,1,1,5,6,1,1,5,      432106401
2023,4321,64,1,1,2,6,1,2,6,      432106401
2023,4321,64,1,1,0,6,2,3,7,      432106401
2023,4321,83,1,1,6,7,2,1,3,      432108301
2023,4321,131,1,1,3,6,1,1,7,      432113101
2023,4321,131,1,1,3,6,2,2,8,      432113101
2023,4322,41,1,1,0,5,1,1,3,      432204101
2023,4322,41,1,1,0,5,2,2,4,      432204101
2023,4322,62,1,1,0,5,2,1,7,      432206201
2023,4322,69,1,1,8,5,2,1,4,      432206901
2023,4323,27,1,1,5,5,2,1,4,      432302701
2023,4323,71,1,1,6,5,2,1,5,      432307101
2023,4323,122,1,1,5,5,2,1,2,      432312201
2023,4324,35,1,1,1,9,2,1,4,      432403501
2023,4324,54,1,1,2,10,1,1,2,      432405401
2023,4324,54,1,1,1,10,2,2,3,      432405401
2023,4324,110,1,1,7,9,1,1,4,      432411001
2023,4324,110,1,1,2,9,2,2,5,      432411001
2023,4324,122,1,1,2,9,2,1,3,      432412201
2023,4324,123,1,1,4,10,2,1,10,      432412301
2023,4324,158,1,1,7,9,2,1,3,      432415801
2023,4324,174,1,1,4,9,1,1,2,      432417401
2023,4324,174,1,1,0,9,2,2,3,      432417401
2023,4324,184,1,1,8,9,1,1,4,      432418401
2023,4324,184,1,1,2,9,1,2,7,      432418401
2023,4324,184,1,1,6,9,1,3,10,      432418401
2023,4324,184,1,1,3,9,2,4,11,      432418401
2023,4324,196,1,1,1,9,2,1,3,      432419601
2023,4325,6,1,1,7,7,2,1,3,      432500601
2023,4325,76,1,1,5,6,2,1,4,      432507601
2023,4325,80,1,1,1,6,2,1,4,      432508001
2023,4325,89,1,1,2,7,2,1,4,      432508901
2023,4325,133,1,1,2,7,1,1,3,      432513301
2023,4325,133,1,1,8,7,2,2,5,      432513301
2023,4325,167,1,1,8,7,1,1,3,      432516701
2023,4325,167,1,1,1,7,2,2,4,      432516701
2023,4326,2,1,1,3,9,2,1,3,      432600201
2023,4326,2,2,1,6,9,1,1,3,      432600202
2023,4326,2,2,1,3,9,2,2,4,      432600202
2023,4326,20,1,1,0,8,2,1,3,      432602001
2023,4326,41,1,1,5,9,2,1,4,      432604101
2023,4326,62,1,1,7,9,1,1,5,      432606201
2023,4326,62,1,1,7,9,2,2,6,      432606201
2023,4326,73,1,1,1,9,2,1,4,      432607301
2023,4326,98,1,1,0,9,2,1,7,      432609801
2023,4327,39,1,1,0,8,1,1,3,      432703901
2023,4327,39,1,1,1,8,2,2,4,      432703901
2023,4327,52,1,1,2,7,2,1,4,      432705201
2023,4327,57,1,1,1,9,1,1,3,      432705701
2023,4327,57,1,1,0,9,2,2,4,      432705701
2023,4327,68,1,1,0,8,2,1,2,      432706801
2023,4327,78,1,1,1,8,2,1,4,      432707801
2023,4327,132,1,1,0,8,2,1,5,      432713201
2023,4327,143,1,1,0,3,2,1,3,      432714301
2023,4328,5,1,1,3,8,2,1,3,      432800501
2023,4328,8,1,1,2,7,2,1,2,      432800801
2023,4328,51,1,1,1,7,2,1,5,      432805101
2023,4328,104,1,1,0,7,2,1,3,      432810401
2023,4328,168,1,1,8,7,1,1,3,      432816801
2023,4328,168,1,1,2,7,2,2,4,      432816801
2023,4328,190,1,1,6,7,1,1,4,      432819001
2023,4328,190,1,1,0,7,2,2,5,      432819001
2023,4328,221,1,1,7,7,1,1,3,      432822101
2023,4328,221,1,1,5,7,2,2,4,      432822101
2023,4329,57,1,1,4,4,1,1,5,      432905701
2023,4329,57,1,1,0,4,2,2,6,      432905701
2023,4329,91,1,1,5,4,2,1,3,      432909101
2023,4329,103,1,1,5,5,2,1,2,      432910301
2023,4329,115,1,1,6,4,2,1,5,      432911501
2023,4330,2,1,1,7,5,1,1,3,      433000201
2023,4330,2,1,1,2,5,2,2,4,      433000201
2023,4330,14,1,1,4,3,2,1,4,      433001401
2023,4330,22,1,1,4,3,1,1,3,      433002201
2023,4330,22,1,1,0,3,1,2,5,      433002201
2023,4330,22,1,1,4,3,2,3,6,      433002201
2023,4330,41,1,1,2,5,2,1,3,      433004101
2023,4330,83,1,1,5,3,2,1,3,      433008301
2023,4330,120,1,1,4,3,1,1,6,      433012001
2023,4330,120,1,1,0,3,2,2,7,      433012001
2023,4331,23,1,1,5,7,1,1,5,      433102301
2023,4331,23,1,1,3,7,2,2,6,      433102301
2023,4331,30,1,1,1,8,2,1,3,      433103001
2023,4331,59,1,1,3,7,1,1,2,      433105901
2023,4331,59,1,1,0,7,2,2,3,      433105901
2023,4331,60,1,1,4,7,2,1,4,      433106001
2023,4331,67,1,1,4,7,2,1,5,      433106701
2023,4331,84,1,1,9,8,1,1,5,      433108401
2023,4331,84,1,1,6,8,1,2,6,      433108401
2023,4331,84,1,1,4,8,2,3,7,      433108401
2023,4331,86,1,1,5,7,1,1,3,      433108601
2023,4331,86,1,1,1,8,2,2,4,      433108601
2023,4332,30,1,1,9,7,1,1,3,      433203001
2023,4332,30,1,1,5,7,1,2,4,      433203001
2023,4332,30,1,1,5,7,2,3,5,      433203001
2023,4332,45,1,1,4,5,1,1,6,      433204501
2023,4332,45,1,1,4,5,2,2,7,      433204501
2023,4332,52,1,1,8,6,1,1,3,      433205201
2023,4332,52,1,1,6,6,1,2,4,      433205201
2023,4332,52,1,1,2,6,2,3,5,      433205201
2023,4332,74,1,1,3,5,1,1,3,      433207401
2023,4332,74,1,1,1,5,2,2,4,      433207401
2023,4332,89,1,1,3,5,1,1,3,      433208901
2023,4332,89,1,1,1,5,2,2,4,      433208901
2023,4332,103,1,1,8,6,2,1,4,      433210301
2023,4332,121,1,1,0,5,2,1,3,      433212101
2023,4332,130,1,1,5,6,2,1,6,      433213001
2023,4333,8,1,1,3,7,2,1,4,      433300801
2023,4333,16,1,1,2,8,2,1,6,      433301601
2023,4333,20,1,1,6,8,1,1,3,      433302001
2023,4333,20,1,1,2,8,2,2,4,      433302001
2023,4333,23,1,1,0,7,2,1,6,      433302301
2023,4333,33,1,1,0,9,2,1,2,      433303301
2023,4333,38,1,1,2,8,2,1,3,      433303801
2023,4333,57,1,1,0,7,1,1,7,      433305701
2023,4333,57,1,1,0,7,2,2,9,      433305701
2023,4333,62,1,1,1,7,2,1,3,      433306201
2023,4333,81,1,1,5,8,2,1,5,      433308101
2023,4333,82,1,1,5,7,2,1,3,      433308201
2023,4334,20,1,1,8,6,2,1,5,      433402001
2023,4334,49,1,1,4,6,2,1,2,      433404901
2023,4334,80,1,1,1,5,1,1,5,      433408001
2023,4334,80,1,1,6,5,1,2,6,      433408001
2023,4334,80,1,1,2,5,2,3,7,      433408001
2023,4334,91,1,1,3,6,2,1,4,      433409101
2023,4334,99,1,1,6,6,2,1,3,      433409901
2023,4335,42,1,1,4,6,2,1,5,      433504201
2023,4335,54,1,1,2,6,2,1,4,      433505401
2023,4335,93,1,1,6,6,1,1,3,      433509301
2023,4335,93,1,1,2,6,2,2,4,      433509301
2023,4335,97,1,1,5,6,2,1,4,      433509701
2023,4335,127,1,1,7,6,2,1,3,      433512701
2023,4336,17,1,1,2,4,2,1,4,      433601701
2023,4336,18,1,1,6,4,2,1,3,      433601801
2023,4336,34,1,1,0,4,2,1,4,      433603401
2023,4336,36,1,1,6,4,2,1,2,      433603601
2023,4336,54,1,1,3,4,1,1,4,      433605401
2023,4336,54,1,1,0,4,2,2,5,      433605401
2023,4336,83,1,1,8,4,2,1,6,      433608301
2023,4336,129,1,1,4,4,2,1,3,      433612901
2023,4336,150,1,1,2,4,1,1,6,      433615001
2023,4336,150,1,1,0,4,2,2,7,      433615001
2023,4337,14,1,1,6,5,2,1,3,      433701401
2023,4337,27,1,1,7,5,2,1,4,      433702701
2023,4337,30,1,1,0,5,2,1,3,      433703001
2023,4337,33,1,1,1,5,2,1,3,      433703301
2023,4337,34,1,1,3,5,1,1,3,      433703401
2023,4337,34,1,1,0,5,2,2,4,      433703401
2023,4337,51,1,1,5,5,1,1,4,      433705101
2023,4337,51,1,1,2,5,2,2,5,      433705101
2023,4338,27,1,1,8,8,2,1,4,      433802701
2023,4338,29,1,1,2,9,1,1,3,      433802901
2023,4338,29,1,1,0,9,2,2,4,      433802901
2023,4338,31,1,1,1,8,1,1,3,      433803101
2023,4338,31,1,1,9,8,2,2,5,      433803101
2023,4338,63,1,1,2,9,2,1,6,      433806301
2023,4338,65,1,1,3,8,2,1,3,      433806501
2023,4338,103,1,1,5,9,2,1,5,      433810301
2023,4338,104,1,1,4,8,2,1,4,      433810401
2023,4338,107,1,1,2,8,2,1,2,      433810701
2023,4339,20,1,1,1,5,2,1,3,      433902001
2023,4339,21,1,1,0,5,2,1,4,      433902101
2023,4339,22,1,1,1,5,2,1,3,      433902201
2023,4339,102,1,1,0,5,2,1,4,      433910201
2023,4339,103,1,1,1,5,2,1,3,      433910301
2023,4339,106,1,1,3,5,2,1,2,      433910601
2023,4339,176,1,1,3,5,1,1,4,      433917601
2023,4339,176,1,1,6,5,1,2,5,      433917601
2023,4339,176,1,1,2,5,1,3,6,      433917601
2023,4339,176,1,1,2,5,1,4,7,      433917601
2023,4339,176,1,1,1,5,2,5,8,      433917601
2023,4339,178,1,1,4,5,1,1,5,      433917801
2023,4339,178,1,1,2,5,2,2,6,      433917801
2023,4339,179,1,1,4,5,1,1,3,      433917901
2023,4339,179,1,1,2,5,2,2,4,      433917901
2023,4340,76,1,1,3,6,1,1,3,      434007601
2023,4340,76,1,1,0,6,2,2,4,      434007601
2023,4340,78,1,1,3,6,1,1,3,      434007801
2023,4340,78,1,1,1,6,2,2,4,      434007801
2023,4340,79,1,1,5,6,2,1,4,      434007901
2023,4340,80,1,1,2,6,2,1,6,      434008001
2023,4340,121,1,1,5,6,1,1,3,      434012101
2023,4340,121,1,1,3,6,2,2,4,      434012101
2023,4340,122,1,1,4,6,1,1,5,      434012201
2023,4340,122,1,1,1,6,1,2,6,      434012201
2023,4340,122,1,1,1,6,2,3,7,      434012201
2023,4340,124,1,1,1,6,2,1,3,      434012401
2023,4340,125,1,1,7,6,1,1,3,      434012501
2023,4340,125,1,1,2,6,1,2,5,      434012501
2023,4340,125,1,1,0,6,2,3,6,      434012501
2023,4340,126,1,1,6,6,1,1,4,      434012601
2023,4340,126,1,1,4,6,1,2,5,      434012601
2023,4340,126,1,1,1,6,2,3,6,      434012601
2023,4340,127,1,1,0,6,1,1,3,      434012701
2023,4340,127,1,1,0,6,2,2,4,      434012701
2023,4341,3,1,1,6,7,1,1,3,      434100301
2023,4341,3,1,1,4,7,2,2,4,      434100301
2023,4341,4,1,1,2,9,1,1,4,      434100401
2023,4341,4,1,1,1,9,2,2,5,      434100401
2023,4341,78,1,1,4,7,1,1,6,      434107801
2023,4341,78,1,1,0,7,1,2,7,      434107801
2023,4341,78,1,1,0,7,2,3,10,      434107801
2023,4341,80,1,1,5,10,2,1,3,      434108001
2023,4341,82,1,1,4,7,1,1,3,      434108201
2023,4341,82,1,1,2,8,1,2,4,      434108201
2023,4341,82,1,1,1,7,2,3,5,      434108201
2023,4341,88,1,1,1,8,2,1,3,      434108801
2023,4341,102,1,1,8,8,1,1,3,      434110201
2023,4341,102,1,1,7,8,1,2,4,      434110201
2023,4341,102,1,1,5,8,1,3,5,      434110201
2023,4341,102,1,1,4,8,1,4,6,      434110201
2023,4341,102,1,1,0,8,1,5,7,      434110201
2023,4341,102,1,1,0,8,2,6,8,      434110201
2023,4341,103,1,1,6,7,1,1,4,      434110301
2023,4341,103,1,1,4,7,1,2,5,      434110301
2023,4341,103,1,1,2,7,1,3,6,      434110301
2023,4341,103,1,1,1,7,2,4,8,      434110301
2023,4342,12,1,1,3,3,2,1,3,      434201201
2023,4342,14,1,2, , ,2,1,3,      434201401
2023,4342,68,1,1,2,3,2,1,3,      434206801
2023,4342,70,1,1,1,3,2,1,4,      434207001
2023,4342,71,1,1,4,3,2,1,4,      434207101
2023,4342,72,1,1,1,3,1,1,2,      434207201
2023,4342,72,1,1,1,3,1,2,3,      434207201
2023,4342,72,1,1,1,3,1,3,4,      434207201
2023,4342,72,1,1,0,3,1,4,7,      434207201
2023,4342,72,1,2, , ,2,5,8,      434207201
2023,4342,73,1,1,3,3,2,1,3,      434207301
2023,4342,123,1,1,5,3,2,1,4,      434212301
2023,4342,129,1,1,5,3,2,1,4,      434212901
2023,4342,137,1,1,4,3,2,1,5,      434213701
2023,4342,143,1,1,6,3,2,1,4,      434214301
2023,4344,33,1,1,0,2,2,1,5,      434403301
2023,4344,38,1,1,5,2,1,1,5,      434403801
2023,4344,38,1,1,1,2,2,2,6,      434403801
2023,4344,76,1,1,6,2,2,1,3,      434407601
2023,4344,106,1,1,8,3,1,1,2,      434410601
2023,4344,106,1,1,0,2,2,2,3,      434410601
2023,4344,127,1,1,8,2,2,1,2,      434412701
2023,4345,62,1,1,4,1,1,1,3,      434506201
2023,4345,62,1,1,1,1,1,2,4,      434506201
2023,4345,62,1,1,0,1,2,3,5,      434506201
2023,4345,81,1,1,4,1,2,1,3,      434508101
2023,4345,112,1,1,0,1,2,1,3,      434511201
2023,4345,122,1,1,5,1,1,1,4,      434512201
2023,4345,122,1,1,3,1,2,2,5,      434512201
2023,4347,22,1,1,6,1,2,1,3,      434702201
2023,4347,23,1,1,3,1,2,1,2,      434702301
2023,4347,34,2,1,3,1,1,1,3,      434703402
2023,4347,34,2,1,2,1,2,2,4,      434703402
2023,4347,116,1,1,4,1,2,1,3,      434711601
2023,4347,120,1,1,1,1,2,1,2,      434712001
2023,4348,16,1,1,7,3,2,1,4,      434801601
2023,4348,44,1,1,0,3,2,1,4,      434804401
2023,4348,52,1,1,7,3,2,1,4,      434805201
2023,4348,169,1,1,0,3,2,1,3,      434816901
2023,4348,172,1,1,7,3,2,1,3,      434817201
2023,4349,13,1,1,4,9,2,1,5,      434901301
2023,4349,137,1,1,0,8,2,1,5,      434913701
2023,4350,9,1,1,5,1,2,1,4,      435000901
2023,4350,13,1,1,0,1,2,1,3,      435001301
2023,4350,42,1,1,7,1,1,1,3,      435004201
2023,4350,42,1,1,0,1,2,2,4,      435004201
2023,4350,82,1,1,6,1,1,1,3,      435008201
2023,4350,82,1,1,4,1,1,2,4,      435008201
2023,4350,82,1,1,1,1,2,3,5,      435008201
2023,4350,84,1,1,6,1,1,1,3,      435008401
2023,4350,84,1,1,5,1,1,2,4,      435008401
2023,4350,84,1,1,3,1,1,3,5,      435008401
2023,4350,84,1,1,1,1,2,4,6,      435008401
2023,4350,94,1,1,8,1,1,1,2,      435009401
2023,4350,94,1,1,1,1,2,2,3,      435009401
2023,4350,105,1,1,7,1,2,1,3,      435010501
2023,4352,40,1,1,1,2,1,1,3,      435204001
2023,4352,40,1,1,8,2,2,2,4,      435204001
2023,4352,43,1,1,3,2,1,1,2,      435204301
2023,4352,43,1,1,0,2,2,2,3,      435204301
2023,4352,48,1,1,2,2,2,1,3,      435204801
2023,4352,49,1,1,1,2,2,1,3,      435204901
2023,4352,56,1,1,7,2,1,1,3,      435205601
2023,4352,56,1,1,0,2,2,2,4,      435205601
2023,4352,107,1,1,1,2,2,1,3,      435210701
2023,4352,118,1,1,1,2,2,1,3,      435211801
2023,4352,133,1,1,3,2,1,1,5,      435213301
2023,4352,133,1,1,1,2,2,2,6,      435213301
2023,4354,109,1,1,8,3,1,1,4,      435410901
2023,4354,109,1,1,6,3,1,2,5,      435410901
2023,4354,109,1,1,4,3,2,3,6,      435410901
2023,4354,110,1,1,4,3,1,1,4,      435411001
2023,4354,110,1,1,6,3,2,2,5,      435411001
2023,4354,113,1,2, , ,2,1,2,      435411301
2023,4354,123,1,1,8,3,1,1,4,      435412301
2023,4354,123,1,1,4,3,2,2,5,      435412301
2023,4354,127,1,1,1,3,1,1,3,      435412701
2023,4354,127,1,1,0,3,1,2,4,      435412701
2023,4354,127,1,1,6,3,2,3,6,      435412701
2023,4354,137,1,1,1,3,1,1,3,      435413701
2023,4354,137,1,1,5,3,2,2,5,      435413701
2023,4354,139,1,1,3,5,1,1,3,      435413901
2023,4354,139,1,1,1,5,2,2,4,      435413901
2023,4354,141,1,1,7,3,1,1,5,      435414101
2023,4354,141,1,1,5,3,2,2,6,      435414101
2023,4355,56,1,1,8,3,2,1,7,      435505601
2023,4355,57,1,1,6,4,1,1,3,      435505701
2023,4355,57,1,1,3,4,2,2,4,      435505701
2023,4355,104,1,1,3,3,1,1,3,      435510401
2023,4355,104,1,1,2,3,1,2,4,      435510401
2023,4355,104,1,1,3,3,1,3,5,      435510401
2023,4355,104,1,1,0,3,2,4,6,      435510401
2023,4355,106,1,1,3,3,1,1,3,      435510601
2023,4355,106,1,1,1,3,1,2,4,      435510601
2023,4355,106,1,1,8,3,1,3,5,      435510601
2023,4355,106,1,1,3,3,2,4,6,      435510601
2023,4355,114,1,1,1,3,2,1,4,      435511401
2023,4355,130,1,1,6,3,2,1,5,      435513001
2023,4357,2,1,1,1,3,2,1,4,      435700201
2023,4357,5,1,1,1,3,2,1,6,      435700501
2023,4357,28,1,1,3,3,2,1,6,      435702801
2023,4357,29,1,1,0,3,2,1,3,      435702901
2023,4357,42,1,1,1,3,1,1,4,      435704201
2023,4357,42,1,1,1,3,2,2,7,      435704201
2023,4357,43,1,1,8,3,2,1,5,      435704301
2023,4357,44,1,1,5,3,1,1,4,      435704401
2023,4357,44,1,1,4,3,1,2,5,      435704401
2023,4357,44,1,1,4,3,1,3,8,      435704401
2023,4357,44,1,1,2,3,2,4,9,      435704401
2023,4358,1,1,1,2,1,1,1,3,      435800101
2023,4358,1,1,1,0,1,2,2,4,      435800101
2023,4358,2,1,1,3,1,2,1,2,      435800201
2023,4358,3,1,1,6,1,2,1,5,      435800301
2023,4358,5,1,1,1,1,2,1,3,      435800501
2023,4358,66,1,1,0,1,2,1,6,      435806601
2023,4358,67,1,1,4,1,2,1,4,      435806701
2023,4358,68,1,1,6,1,1,1,4,      435806801
2023,4358,68,1,1,4,1,2,2,5,      435806801
2023,4358,70,1,1,8,1,2,1,5,      435807001
2023,4358,75,1,1,5,1,2,1,2,      435807501
2023,4358,76,1,1,5,1,1,1,3,      435807601
2023,4358,76,1,1,3,1,2,2,4,      435807601
2023,4358,81,1,1,5,1,1,1,3,      435808101
2023,4358,81,1,1,4,1,2,2,4,      435808101
2023,4359,8,1,1,2,1,2,1,3,      435900801
2023,4359,10,1,1,0,1,2,1,2,      435901001
2023,4359,12,1,1,5,1,2,1,4,      435901201
2023,4359,14,1,1,8,1,2,1,5,      435901401
2023,4359,15,1,1,0,1,1,1,3,      435901501
2023,4359,15,1,1,3,1,2,2,4,      435901501
2023,4359,59,1,1,6,1,1,1,3,      435905901
2023,4359,59,1,1,3,1,2,2,4,      435905901
2023,4359,60,1,1,3,1,2,1,4,      435906001
2023,4360,36,1,1,8,4,2,1,2,      436003601
2023,4360,37,1,1,7,4,2,1,6,      436003701
2023,4360,55,1,1,8,3,2,1,4,      436005501
2023,4360,72,1,1,1,4,2,1,3,      436007201
2023,4360,74,1,1,8,4,2,1,3,      436007401
2023,4360,75,1,1,5,4,1,1,4,      436007501
2023,4360,75,1,1,4,4,2,2,5,      436007501
2023,4360,76,1,1,1,4,1,1,4,      436007601
2023,4360,76,1,1,0,4,2,2,5,      436007601
2023,4362,11,1,1,4,0,2,1,3,      436201101
2023,4362,15,1,1,8,0,2,1,5,      436201501
2023,4362,52,1,1,5,0,2,1,4,      436205201
2023,4362,53,1,1,8,0,1,1,4,      436205301
2023,4362,53,1,1,1,0,2,2,5,      436205301
2023,4362,55,1,1,1,0,1,1,4,      436205501
2023,4362,55,1,1,3,0,1,2,5,      436205501
2023,4362,55,1,2, , ,2,3,6,      436205501
2023,4362,61,1,1,4,0,1,1,4,      436206101
2023,4362,61,1,1,6,0,2,2,5,      436206101
2023,4362,64,1,1,7,0,1,1,4,      436206401
2023,4362,64,1,2, , ,2,2,5,      436206401
2023,4362,65,1,1,7,3,1,1,4,      436206501
2023,4362,65,1,1,0,1,2,2,5,      436206501
2023,4363,17,1,1,1,2,2,1,4,      436301701
2023,4363,18,1,1,1,2,2,1,2,      436301801
2023,4363,47,1,1,0,2,2,1,4,      436304701
2023,4363,66,1,1,7,4,1,1,3,      436306601
2023,4363,66,1,1,1,4,2,2,4,      436306601
2023,4363,70,1,1,1,2,2,1,3,      436307001
2023,4363,71,1,1,7,2,2,1,4,      436307101
2023,4363,72,1,1,7,2,1,1,3,      436307201
2023,4363,72,1,1,3,2,1,2,4,      436307201
2023,4363,72,1,1,0,2,2,3,5,      436307201
2023,4363,77,1,1,7,4,1,1,4,      436307701
2023,4363,77,1,1,1,2,2,2,5,      436307701
2023,4364,4,1,1,2,5,1,1,5,      436400401
2023,4364,4,1,1,1,5,2,2,6,      436400401
2023,4364,64,1,1,4,5,1,1,4,      436406401
2023,4364,64,1,1,3,5,2,2,5,      436406401
2023,4364,86,1,1,1,5,2,1,4,      436408601
2023,4364,127,1,1,0,5,2,1,3,      436412701
2023,4365,55,1,1,1,0,2,1,7,      436505501
2023,4365,56,1,1,4,0,1,1,3,      436505601
2023,4365,56,1,1,0,1,2,2,4,      436505601
2023,4365,67,1,1,4,0,2,1,3,      436506701
2023,4365,79,1,1,6,0,2,1,3,      436507901
2023,4366,8,1,1,4,0,1,1,7,      436600801
2023,4366,8,1,1,3,0,2,2,11,      436600801
2023,4366,8,2,1,1,0,2,1,5,      436600802
2023,4366,46,1,1,5,0,2,1,9,      436604601
2023,4366,54,1,1,2,0,1,1,5,      436605401
2023,4366,54,1,1,2,0,2,2,6,      436605401
2023,4366,117,1,1,4,0,2,1,3,      436611701
2023,4366,117,3,1,4,0,2,1,4,      436611703
2023,4367,1,1,1,0,11,2,1,5,      436700101
2023,4367,61,1,1,1,0,1,1,6,      436706101
2023,4367,61,1,1,1,0,1,2,7,      436706101
2023,4367,61,1,1,1,0,2,3,12,      436706101
2023,4367,86,1,1,6,0,1,1,2,      436708601
2023,4367,86,1,1,1,0,2,2,3,      436708601
2023,4368,39,1,1,1,5,1,1,6,      436803901
2023,4368,39,1,1,0,5,2,2,7,      436803901
2023,4368,46,1,1,2,5,2,1,5,      436804601
2023,4368,54,1,1,5,5,2,1,4,      436805401
2023,4368,68,1,1,1,5,2,1,3,      436806801
2023,4368,120,1,1,2,5,2,1,2,      436812001
2023,4369,1,1,1,2,6,1,1,5,      436900101
2023,4369,1,1,1,5,6,2,2,7,      436900101
2023,4369,32,1,1,2,6,2,1,5,      436903201
2023,4369,33,1,1,2,6,2,1,3,      436903301
2023,4369,91,1,1,1,6,2,1,3,      436909101
2023,4369,108,1,1,6,5,2,1,5,      436910801
2023,4369,134,1,1,0,5,2,1,3,      436913401
2023,4371,7,1,1,5,0,1,1,4,      437100701
2023,4371,7,1,1,3,0,2,2,5,      437100701
2023,4371,24,1,1,8,11,2,1,3,      437102401
2023,4371,70,1,1,2,0,2,1,3,      437107001
2023,4371,71,1,1,8,0,2,1,5,      437107101
2023,4372,5,1,1,7,5,2,1,4,      437200501
2023,4372,11,1,1,3,6,1,1,5,      437201101
2023,4372,11,1,1,1,6,2,2,6,      437201101
2023,4372,17,1,1,3,5,2,1,3,      437201701
2023,4372,35,1,1,7,5,1,1,7,      437203501
2023,4372,35,1,1,0,5,2,2,8,      437203501
2023,4372,49,1,1,0,6,2,1,2,      437204901
2023,4372,64,1,1,1,6,2,1,4,      437206401
2023,4373,25,1,1,7,0,2,1,7,      437302501
2023,4373,36,1,1,8,0,2,1,4,      437303601
2023,4373,84,1,1,6,0,2,1,5,      437308401
2023,4373,104,1,1,3,0,2,1,4,      437310401
2023,4373,116,1,1,1,0,2,1,3,      437311601
2023,4374,16,1,1,3,5,2,1,3,      437401601
2023,4374,22,1,1,2,5,2,1,3,      437402201
2023,4374,33,1,1,1,5,2,1,5,      437403301
2023,4374,52,1,1,4,5,2,1,4,      437405201
2023,4374,76,1,1,3,5,1,1,3,      437407601
2023,4374,76,1,1,1,5,2,2,4,      437407601
2023,4374,97,1,1,2,5,1,1,3,      437409701
2023,4374,97,1,1,2,5,2,2,4,      437409701
2023,4375,1,1,1,5,4,1,1,3,      437500101
2023,4375,1,1,1,1,4,1,2,4,      437500101
2023,4375,1,1,1,0,4,2,3,5,      437500101
2023,4375,4,1,1,1,4,2,1,4,      437500401
2023,4375,10,1,1,3,4,2,1,3,      437501001
2023,4375,28,1,1,0,4,2,1,2,      437502801
2023,4375,31,1,1,3,4,1,1,3,      437503101
2023,4375,31,1,1,2,4,2,2,4,      437503101
2023,4375,35,1,1,0,4,1,1,3,      437503501
2023,4375,35,1,1,8,4,2,2,6,      437503501
2023,4375,36,1,1,0,2,1,1,3,      437503601
2023,4375,36,1,1,3,4,2,2,5,      437503601
2023,4375,67,1,1,0,4,2,1,3,      437506701
2023,4375,69,1,1,6,4,1,1,3,      437506901
2023,4375,69,1,1,3,4,2,2,4,      437506901
2023,4376,1,1,1,9,2,1,1,4,      437600101
2023,4376,1,1,1,5,2,1,2,5,      437600101
2023,4376,1,1,1,1,2,2,3,6,      437600101
2023,4376,7,1,1,0,2,2,1,3,      437600701
2023,4376,17,1,1,1,1,1,1,4,      437601701
2023,4376,17,1,1,0,1,2,2,7,      437601701
2023,4376,31,1,1,4,1,2,1,4,      437603101
2023,4376,40,1,1,1,2,2,1,2,      437604001
2023,4376,44,1,1,1,1,2,1,5,      437604401
2023,4377,1,1,1,8,2,1,1,4,      437700101
2023,4377,1,1,1,5,2,1,2,5,      437700101
2023,4377,1,1,1,4,2,1,3,6,      437700101
2023,4377,1,1,1,2,2,2,4,7,      437700101
2023,4377,3,1,1,8,3,1,1,4,      437700301
2023,4377,3,1,1,2,3,2,2,5,      437700301
2023,4377,5,1,1,7,2,1,1,3,      437700501
2023,4377,5,1,1,1,2,2,2,4,      437700501
2023,4377,13,1,1,7,3,1,1,3,      437701301
2023,4377,13,1,1,5,3,1,2,4,      437701301
2023,4377,13,1,1,2,3,1,3,5,      437701301
2023,4377,13,1,1,0,3,2,4,6,      437701301
2023,4377,22,1,1,1,2,2,1,5,      437702201
2023,4377,57,1,1,0,2,2,1,3,      437705701
2023,4379,5,1,1,3,1,2,1,4,      437900501
2023,4379,15,1,1,2,2,2,1,3,      437901501
2023,4381,8,1,1,3,3,2,1,3,      438100801
2023,4381,16,1,1,1,3,2,1,3,      438101601
2023,4381,25,1,1,5,4,1,1,3,      438102501
2023,4381,25,1,1,1,4,2,2,4,      438102501
2023,4381,40,1,1,8,4,2,1,3,      438104001
2023,4381,47,1,1,5,4,1,1,4,      438104701
2023,4381,47,1,1,1,4,2,2,5,      438104701
2023,4381,54,1,1,1,4,2,1,4,      438105401
2023,4381,61,1,1,1,4,1,1,3,      438106101
2023,4381,61,1,1,6,4,2,2,4,      438106101
2023,4381,62,1,1,0,4,1,1,3,      438106201
2023,4381,62,1,1,7,4,2,2,4,      438106201
2023,4382,1,1,1,4,2,1,1,3,      438200101
2023,4382,1,1,1,0,2,1,2,4,      438200101
2023,4382,1,1,1,8,2,2,3,5,      438200101
2023,4382,2,1,1,4,3,2,1,5,      438200201
2023,4382,20,1,1,2,3,2,1,4,      438202001
2023,4382,72,1,1,5,2,2,1,3,      438207201
2023,4382,74,1,1,8,2,2,1,5,      438207401
2023,4383,39,1,1,1,1,2,1,4,      438303901
2023,4383,50,1,1,1,2,2,1,3,      438305001
2023,4384,29,1,1,1,3,2,1,3,      438402901
2023,4384,48,1,1,2,2,1,1,4,      438404801
2023,4384,48,1,1,1,2,2,2,5,      438404801
2023,4384,74,1,1,1,3,2,1,8,      438407401
2023,4384,129,1,1,0,3,2,1,5,      438412901
2023,4386,19,1,1,0,1,1,1,3,      438601901
2023,4386,19,1,1,0,1,2,2,4,      438601901
2023,4386,26,1,1,5,1,2,1,2,      438602601
2023,4386,37,1,1,0,1,2,1,4,      438603701
2023,4386,40,1,1,1,1,2,1,4,      438604001
2023,4386,52,1,1,5,1,2,1,3,      438605201
2023,4386,74,1,1,4,1,2,1,4,      438607401
2023,4387,13,1,1,8,1,1,1,2,      438701301
2023,4387,13,1,1,1,1,2,2,3,      438701301
2023,4389,4,1,1,7,4,1,1,2,      438900401
2023,4389,4,1,1,5,4,2,2,3,      438900401
2023,4389,10,1,1,3,4,1,1,3,      438901001
2023,4389,10,1,1,1,4,2,2,4,      438901001
2023,4389,76,1,1,1,0,1,1,3,      438907601
2023,4389,76,1,1,1,4,2,2,4,      438907601
2023,4389,90,1,1,1,4,2,1,2,      438909001
2023,4390,4,1,1,0,1,2,1,4,      439000401
2023,4390,15,1,1,3,1,1,1,4,      439001501
2023,4390,15,1,1,2,1,2,2,5,      439001501
2023,4390,41,1,1,5,1,2,1,6,      439004101
2023,4390,48,1,1,0,1,2,1,3,      439004801
2023,4390,120,1,1,6,1,1,1,3,      439012001
2023,4390,120,1,1,3,1,2,2,4,      439012001
2023,4390,125,1,1,1,1,1,1,3,      439012501
2023,4390,125,1,1,0,1,2,2,4,      439012501
2023,4391,22,1,1,6,2,1,1,3,      439102201
2023,4391,22,1,1,2,2,2,2,4,      439102201
2023,4391,23,1,1,0,2,2,1,5,      439102301
2023,4391,25,1,1,6,2,1,1,3,      439102501
2023,4391,25,1,1,4,2,2,2,4,      439102501
2023,4391,63,1,1,7,2,2,1,4,      439106301
2023,4391,66,1,1,1,2,2,1,5,      439106601
2023,4391,67,1,1,2,2,2,1,4,      439106701
2023,4391,88,1,1,0,2,2,1,4,      439108801
2023,4391,89,1,1,7,2,1,1,5,      439108901
2023,4391,89,1,1,4,2,1,2,6,      439108901
2023,4391,89,1,1,1,2,2,3,7,      439108901
2023,4391,90,1,1,3,2,1,1,3,      439109001
2023,4391,90,1,1,1,2,2,2,4,      439109001
2023,4391,92,1,1,8,2,1,1,3,      439109201
2023,4391,92,1,1,2,2,2,2,4,      439109201
2023,4392,31,1,1,1,3,2,1,2,      439203101
2023,4392,32,1,1,8,3,2,1,2,      439203201
2023,4392,34,1,1,6,3,2,1,4,      439203401
2023,4392,35,1,1,2,3,1,1,3,      439203501
2023,4392,35,1,1,0,3,1,2,4,      439203501
2023,4392,35,1,1,6,3,2,3,6,      439203501
2023,4392,40,1,1,8,3,1,1,3,      439204001
2023,4392,40,1,1,4,3,1,2,4,      439204001
2023,4392,40,1,1,2,3,2,3,5,      439204001
2023,4392,42,1,1,4,3,2,1,4,      439204201
2023,4393,51,1,1,0,3,2,1,3,      439305101
2023,4393,52,1,1,1,3,2,1,6,      439305201
2023,4393,54,1,1,1,3,2,1,3,      439305401
2023,4393,73,1,1,8,3,2,1,3,      439307301
2023,4393,74,1,1,5,3,2,1,3,      439307401
2023,4393,75,1,1,8,3,1,1,3,      439307501
2023,4393,75,1,1,1,3,2,2,4,      439307501
2023,4393,128,1,1,1,3,2,1,3,      439312801
2023,4393,130,1,1,3,3,2,1,4,      439313001
2023,4394,13,1,1,1,1,2,1,3,      439401301
2023,4394,14,1,1,1,1,2,1,4,      439401401
2023,4394,15,1,1,1,1,2,1,3,      439401501
2023,4394,46,1,1,6,1,1,1,3,      439404601
2023,4394,46,1,1,0,1,2,2,4,      439404601
2023,4394,48,1,1,5,1,2,1,4,      439404801
2023,4394,49,1,1,6,1,1,1,5,      439404901
2023,4394,49,1,1,4,1,1,2,6,      439404901
2023,4394,49,1,1,1,1,2,3,7,      439404901
2023,4394,139,1,1,7,1,1,1,3,      439413901
2023,4394,139,1,1,1,1,2,2,4,      439413901
2023,4394,141,1,1,1,2,2,1,3,      439414101
2023,4394,142,1,1,6,1,1,1,3,      439414201
2023,4394,142,1,2, , ,2,2,4,      439414201
2023,4395,11,1,1,1,1,2,1,2,      439501101
2023,4395,47,1,1,2,1,2,1,2,      439504701
2023,4395,54,1,1,5,1,2,1,4,      439505401
2023,4395,60,1,1,5,1,1,1,6,      439506001
2023,4395,60,1,1,0,1,2,2,7,      439506001
2023,4395,74,1,1,3,1,2,1,2,      439507401
2023,4395,75,1,1,0,1,2,1,2,      439507501
2023,4397,4,1,1,1,1,2,1,2,      439700401
2023,4397,80,1,1,1,1,2,1,3,      439708001
2023,4397,81,1,1,3,1,2,1,3,      439708101
2023,4397,84,1,1,7,1,2,1,2,      439708401
2023,4397,85,1,1,4,1,2,1,4,      439708501
2023,4397,87,1,1,0,1,2,1,3,      439708701
2023,4398,1,1,1,3,2,2,1,4,      439800101
2023,4398,3,1,1,7,1,1,1,3,      439800301
2023,4398,3,1,1,2,1,2,2,4,      439800301
2023,4398,4,1,1,5,2,2,1,4,      439800401
2023,4398,10,1,1,7,1,1,1,3,      439801001
2023,4398,10,1,1,5,1,1,2,4,      439801001
2023,4398,10,1,1,1,1,2,3,5,      439801001
2023,4398,31,1,1,2,1,2,1,3,      439803101
2023,4398,33,1,1,1,2,2,1,3,      439803301
2023,4398,46,1,1,4,2,2,1,3,      439804601
2023,4398,63,1,1,7,1,1,1,3,      439806301
2023,4398,63,1,1,6,1,2,2,4,      439806301
2023,4398,64,1,1,2,1,1,1,3,      439806401
2023,4398,64,1,1,1,1,2,2,4,      439806401
2023,4400,1,1,1,5,3,1,1,3,      440000101
2023,4400,1,1,1,0,3,2,2,4,      440000101
2023,4400,3,1,1,6,2,2,1,4,      440000301
2023,4400,5,1,1,0,3,2,1,4,      440000501
2023,4400,26,1,1,0,3,2,1,4,      440002601
2023,4400,27,1,1,7,3,2,1,2,      440002701
2023,4400,36,1,1,3,3,1,1,4,      440003601
2023,4400,36,1,1,1,3,2,2,8,      440003601
2023,4400,73,1,1,2,3,1,1,2,      440007301
2023,4400,73,1,1,2,3,2,2,3,      440007301
2023,4400,74,1,1,1,3,2,1,3,      440007401
2023,4401,27,1,2, , ,2,1,2,      440102701
2023,4401,51,1,1,3,1,2,1,3,      440105101
2023,4401,93,1,1,3,1,2,1,3,      440109301
2023,4402,24,1,2, , ,2,1,6,      440202401
2023,4402,50,1,1,3,2,1,1,3,      440205001
2023,4402,50,1,1,1,2,2,2,4,      440205001
2023,4402,65,1,1,4,1,1,1,6,      440206501
2023,4402,65,1,1,1,1,2,2,7,      440206501
2023,4402,109,1,1,0,1,2,1,5,      440210901
2023,4404,102,1,1,2,3,1,1,4,      440410201
2023,4404,102,1,1,0,3,2,2,5,      440410201
2023,4404,117,1,1,1,3,2,1,3,      440411701
2023,4405,44,1,1,6,2,2,1,4,      440504401
2023,4405,139,1,1,6,1,2,1,5,      440513901
2023,4406,43,1,1,5,2,1,1,4,      440604301
2023,4406,43,1,1,1,2,2,2,5,      440604301
2023,4406,45,1,1,0,2,2,1,2,      440604501
2023,4407,48,1,1,2,0,2,1,7,      440704801
2023,4408,9,1,1,1,0,2,1,3,      440800901
2023,4408,59,1,8, , ,2,1,6,      440805901
2023,4409,11,1,2, , ,1,1,3,      440901101
2023,4409,11,1,2, , ,2,2,5,      440901101
2023,4409,28,1,2, , ,2,1,5,      440902801
2023,4409,134,1,2, , ,2,1,3,      440913401
2023,4410,34,1,1,1,3,2,1,5,      441003401
2023,4410,41,1,1,1,3,1,1,3,      441004101
2023,4410,41,1,1,0,3,2,2,4,      441004101
2023,4410,84,1,8, , ,2,1,6,      441008401
2023,4411,15,1,2, , ,2,1,3,      441101501
2023,4411,57,1,1,4,1,1,1,3,      441105701
2023,4411,57,1,1,2,1,2,2,4,      441105701
2023,4411,77,1,1,2,1,1,1,2,      441107701
2023,4411,77,1,1,0,1,2,2,3,      441107701
2023,4411,86,1,1,0,1,2,1,6,      441108601
2023,4411,118,1,1,1,0,2,1,3,      441111801
2023,4411,129,1,1,4,1,2,1,13,      441112901
2023,4412,80,1,1,6,2,1,1,3,      441208001
2023,4412,80,1,1,2,2,2,2,4,      441208001
2023,4414,45,1,2, , ,2,1,4,      441404501
2023,4414,47,1,1,0,2,2,1,3,      441404701
2023,4414,54,1,1,1,2,2,1,3,      441405401
2023,4415,13,1,2, , ,2,1,4,      441501301
2023,4415,24,1,1,7,1,2,1,3,      441502401
2023,4415,42,1,1,2,1,2,1,5,      441504201
2023,4415,46,1,1,2,1,1,1,3,      441504601
2023,4415,46,1,1,2,1,1,2,5,      441504601
2023,4415,46,1,1,2,1,2,3,6,      441504601
2023,4415,70,1,1,2,3,1,1,3,      441507001
2023,4415,70,1,1,1,3,2,2,4,      441507001
2023,4416,14,1,1,1,3,1,1,4,      441601401
2023,4416,14,1,1,0,3,2,2,5,      441601401
2023,4416,18,1,1,1,3,2,1,3,      441601801
2023,4416,32,1,1,3,3,2,1,4,      441603201
2023,4416,36,1,1,4,3,2,1,3,      441603601
2023,4418,2,1,2, , ,2,1,3,      441800201
2023,4418,45,1,1,6,0,1,1,3,      441804501
2023,4418,45,1,1,4,0,2,2,4,      441804501
2023,4418,58,1,1,4,1,2,1,3,      441805801
2023,4420,7,1,1,1,0,2,1,4,      442000701
2023,4420,10,1,1,2,5,2,1,2,      442001001
2023,4420,11,1,1,3,3,1,1,3,      442001101
2023,4420,11,1,1,1,3,2,2,4,      442001101
2023,4420,16,1,1,2,3,2,1,3,      442001601
2023,4420,63,1,1,1,2,2,1,3,      442006301
2023,4420,65,1,1,7,2,2,1,4,      442006501
2023,4420,66,1,1,2,4,1,1,3,      442006601
2023,4420,66,1,1,1,4,2,2,4,      442006601
2023,4421,13,1,1,1,3,2,1,5,      442101301
2023,4421,14,1,1,5,2,1,1,4,      442101401
2023,4421,14,1,1,3,2,2,2,5,      442101401
2023,4421,32,1,1,4,3,2,1,5,      442103201
2023,4421,33,1,1,1,3,2,1,3,      442103301
2023,4421,34,1,1,0,3,2,1,3,      442103401
2023,4421,46,1,1,1,3,2,1,2,      442104601
2023,4421,49,1,2, , ,2,1,3,      442104901
2023,4421,52,1,1,3,3,2,1,3,      442105201
2023,4422,10,1,1,3,1,1,1,6,      442201001
2023,4422,10,1,1,3,1,2,2,7,      442201001
2023,4422,22,1,1,1,1,2,1,4,      442202201
2023,4422,23,1,1,5,1,2,1,4,      442202301
2023,4422,49,1,1,2,1,2,1,3,      442204901
2023,4422,63,1,1,0,1,2,1,5,      442206301
2023,4422,112,1,1,3,1,1,1,3,      442211201
2023,4422,112,1,1,0,1,2,2,4,      442211201
2023,4422,136,1,1,5,1,2,1,3,      442213601
2023,4423,16,1,1,0,3,1,1,5,      442301601
2023,4423,16,1,1,0,3,2,2,6,      442301601
2023,4423,25,1,1,2,3,2,1,4,      442302501
2023,4423,35,1,1,7,3,1,1,4,      442303501
2023,4423,35,1,1,7,3,2,2,5,      442303501
2023,4423,43,1,1,3,3,2,1,3,      442304301
2023,4423,44,1,1,6,3,2,1,3,      442304401
2023,4424,55,1,1,1,1,2,1,4,      442405501
2023,4425,22,1,1,4,2,2,1,2,      442502201
2023,4425,34,1,1,5,2,1,1,4,      442503401
2023,4425,34,1,1,3,2,2,2,5,      442503401
2023,4428,15,1,1,4,2,1,1,3,      442801501
2023,4428,15,1,1,2,2,2,2,4,      442801501
2023,4428,32,1,1,2,2,2,1,6,      442803201
2023,4428,33,1,1,5,2,1,1,6,      442803301
2023,4428,33,1,1,0,2,2,2,7,      442803301
2023,4428,82,1,1,0,2,2,1,5,      442808201
2023,4428,96,1,1,3,2,2,1,3,      442809601
2023,4430,4,1,1,0,2,1,1,3,      443000401
2023,4430,4,1,1,0,2,2,2,4,      443000401
2023,4430,47,1,1,3,2,1,1,6,      443004701
2023,4430,47,1,1,2,2,2,2,7,      443004701
2023,4430,84,1,1,4,1,1,1,3,      443008401
2023,4430,84,1,1,0,1,2,2,4,      443008401
2023,4430,99,1,1,3,2,1,1,3,      443009901
2023,4430,99,1,1,2,2,1,2,4,      443009901
2023,4430,99,1,1,0,2,2,3,5,      443009901
2023,4430,115,1,1,0,2,2,1,3,      443011501
2023,4431,6,1,1,1,1,1,1,3,      443100601
2023,4431,6,1,1,3,1,2,2,4,      443100601
2023,4431,11,2,1,1,1,2,1,2,      443101102
2023,4431,14,1,1,4,1,2,1,3,      443101401
2023,4431,22,1,1,7,1,1,1,2,      443102201
2023,4431,22,1,1,5,1,2,2,3,      443102201
2023,4431,26,1,1,0,1,2,1,4,      443102601
2023,4431,65,1,1,1,1,2,1,4,      443106501
2023,4432,2,1,1,4,3,2,1,3,      443200201
2023,4432,4,1,1,3,3,2,1,2,      443200401
2023,4432,9,1,1,1,2,2,1,3,      443200901
2023,4432,12,1,1,8,3,2,1,2,      443201201
2023,4432,14,1,1,5,3,1,1,4,      443201401
2023,4432,14,1,1,2,3,2,2,5,      443201401
2023,4432,28,1,1,6,3,1,1,3,      443202801
2023,4432,28,1,1,1,3,2,2,4,      443202801
2023,4434,6,1,1,3,1,1,1,3,      443400601
2023,4434,6,1,1,2,1,2,2,4,      443400601
2023,4434,7,1,1,7,1,2,1,3,      443400701
2023,4434,9,1,1,1,1,2,1,3,      443400901
2023,4434,42,1,1,1,1,2,1,3,      443404201
2023,4434,61,1,1,3,1,2,1,5,      443406101
2023,4436,1,1,1,2,0,2,1,3,      443600101
2023,4436,4,1,1,6,0,2,1,4,      443600401
2023,4436,34,1,1,5,1,1,1,5,      443603401
2023,4436,34,1,1,3,1,2,2,6,      443603401
2023,4436,42,1,1,4,1,2,1,4,      443604201
2023,4436,43,1,1,7,0,2,1,3,      443604301
2023,4436,51,1,1,3,0,1,1,4,      443605101
2023,4436,51,1,1,1,0,2,2,5,      443605101
2023,4436,53,1,1,1,1,2,1,2,      443605301
2023,4437,19,1,1,4,2,1,1,3,      443701901
2023,4437,19,1,1,0,2,2,2,4,      443701901
2023,4437,22,1,1,1,2,2,1,3,      443702201
2023,4437,28,1,1,0,2,2,1,3,      443702801
2023,4437,39,1,1,1,2,2,1,3,      443703901
2023,4437,43,1,1,4,2,1,1,3,      443704301
2023,4437,43,1,1,3,2,2,2,4,      443704301
2023,4437,65,1,1,1,2,2,1,4,      443706501
2023,4437,69,1,1,6,2,1,1,3,      443706901
2023,4437,69,1,1,1,2,2,2,4,      443706901
2023,4438,4,1,1,5,2,1,1,3,      443800401
2023,4438,4,1,1,5,2,2,2,4,      443800401
2023,4438,26,1,1,3,2,2,1,3,      443802601
2023,4438,53,1,1,6,2,1,1,2,      443805301
2023,4438,53,1,1,4,2,1,2,3,      443805301
2023,4438,53,1,1,0,2,2,3,4,      443805301
2023,4438,56,1,1,8,2,1,1,3,      443805601
2023,4438,56,1,1,2,2,2,2,4,      443805601
2023,4438,59,1,1,2,2,2,1,2,      443805901
2023,4438,60,1,1,7,2,1,1,4,      443806001
2023,4438,60,1,1,4,2,1,2,5,      443806001
2023,4438,60,1,1,1,2,2,3,6,      443806001
2023,4440,33,1,1,1,5,2,1,4,      444003301
2023,4440,35,1,1,5,3,1,1,3,      444003501
2023,4440,35,1,1,3,3,2,2,4,      444003501
2023,4440,37,1,1,4,4,1,1,4,      444003701
2023,4440,37,1,1,0,4,2,2,7,      444003701
2023,4440,55,1,1,8,4,1,1,4,      444005501
2023,4440,55,1,1,4,4,1,2,5,      444005501
2023,4440,55,1,1,1,4,2,3,6,      444005501
2023,4440,56,1,1,8,4,1,1,4,      444005601
2023,4440,56,1,1,6,4,1,2,5,      444005601
2023,4440,56,1,1,4,4,2,3,6,      444005601
2023,4440,57,1,1,5,4,2,1,4,      444005701
2023,4440,69,1,1,2,3,2,1,3,      444006901
2023,4440,75,1,1,8,4,1,1,4,      444007501
2023,4440,75,1,1,0,4,2,2,5,      444007501
2023,4441,19,1,1,6,3,1,1,3,      444101901
2023,4441,19,1,1,0,3,2,2,4,      444101901
2023,4441,24,1,1,6,3,1,1,2,      444102401
2023,4441,24,1,1,2,3,2,2,3,      444102401
2023,4441,39,1,1,0,3,2,1,4,      444103901
2023,4441,46,1,1,0,3,2,1,4,      444104601
2023,4442,45,1,2, , ,2,1,3,      444204501
2023,4443,129,1,1,0,10,2,1,4,      444312901
2023,4445,60,1,1,0,10,2,1,4,      444506001
2023,4446,1,1,1,6,5,2,1,6,      444600101
2023,4446,30,1,1,0,3,2,1,3,      444603001
2023,4446,44,1,1,6,3,2,1,3,      444604401
2023,4446,70,1,1,8,4,2,1,5,      444607001
2023,4447,11,1,1,4,10,2,1,4,      444701101
2023,4447,12,1,1,2,1,2,1,4,      444701201
2023,4447,35,1,1,0,9,2,1,7,      444703501
2023,4447,58,1,1,0,1,2,1,2,      444705801
2023,4447,72,1,1,3,0,1,1,4,      444707201
2023,4447,72,1,1,1,0,2,2,5,      444707201
2023,4447,89,1,1,4,1,2,1,3,      444708901
2023,4448,8,1,1,1,3,2,1,2,      444800801
2023,4448,15,1,1,7,2,2,1,5,      444801501
2023,4448,40,1,1,1,3,2,1,3,      444804001
2023,4448,56,1,2, , ,1,1,3,      444805601
2023,4448,56,1,1,0,2,2,2,4,      444805601
2023,4448,99,1,1,2,2,2,1,2,      444809901
2023,4448,140,1,1,5,3,1,1,6,      444814001
2023,4448,140,1,1,6,3,1,2,7,      444814001
2023,4448,140,1,2, , ,2,3,9,      444814001
2023,4449,2,1,1,8,1,1,1,4,      444900201
2023,4449,2,1,1,4,1,2,2,5,      444900201
2023,4449,64,1,1,6,1,1,1,3,      444906401
2023,4449,64,1,1,0,1,2,2,4,      444906401
2023,4449,65,1,1,7,2,2,1,6,      444906501
2023,4449,66,1,1,0,1,2,1,3,      444906601
2023,4451,4,1,1,4,3,1,1,3,      445100401
2023,4451,4,1,1,0,3,2,2,4,      445100401
2023,4451,7,1,1,4,4,1,1,2,      445100701
2023,4451,7,1,1,3,4,2,2,3,      445100701
2023,4451,21,1,1,0,3,2,1,3,      445102101
2023,4451,32,1,1,1,4,1,1,3,      445103201
2023,4451,32,1,1,0,4,2,2,4,      445103201
2023,4451,34,1,1,0,3,2,1,3,      445103401
2023,4451,43,1,1,1,4,2,1,4,      445104301
2023,4451,82,1,1,6,3,2,1,2,      445108201
2023,4451,85,1,1,5,3,1,1,4,      445108501
2023,4451,85,1,1,1,3,2,2,5,      445108501
2023,4451,98,1,1,1,4,2,1,3,      445109801
2023,4453,1,1,1,3,4,1,1,4,      445300101
2023,4453,1,1,1,3,4,1,2,5,      445300101
2023,4453,1,1,1,2,4,2,3,6,      445300101
2023,4453,10,1,1,1,3,2,1,3,      445301001
2023,4453,26,1,1,3,4,1,1,5,      445302601
2023,4453,26,1,1,1,4,2,2,6,      445302601
2023,4453,32,1,1,5,4,1,1,3,      445303201
2023,4453,32,1,1,3,4,2,2,4,      445303201
2023,4453,56,1,1,5,3,2,1,3,      445305601
2023,4453,59,1,1,0,4,2,1,2,      445305901
2023,4453,64,1,1,6,3,1,1,3,      445306401
2023,4453,64,1,1,6,3,1,2,4,      445306401
2023,4453,64,1,1,1,3,2,3,5,      445306401
2023,4453,91,1,1,5,4,1,1,3,      445309101
2023,4453,91,1,1,1,4,2,2,4,      445309101
2023,4453,93,1,1,7,3,2,1,5,      445309301
2023,4453,109,1,1,5,3,1,1,3,      445310901
2023,4453,109,1,1,4,3,1,2,4,      445310901
2023,4453,109,1,1,2,3,2,3,5,      445310901
2023,4453,122,1,1,1,4,2,1,4,      445312201
2023,4454,4,1,1,1,10,2,1,3,      445400401
2023,4454,6,1,1,4,10,2,1,3,      445400601
2023,4454,97,1,1,0,10,1,1,4,      445409701
2023,4454,97,1,1,0,10,2,2,5,      445409701
2023,4454,159,1,1,3,10,1,1,2,      445415901
2023,4454,159,1,1,2,10,2,2,5,      445415901
2023,4455,1,1,1,4,1,1,1,4,      445500101
2023,4455,1,1,1,1,1,2,2,5,      445500101
2023,4455,2,1,1,3,1,1,1,4,      445500201
2023,4455,2,1,1,3,1,2,2,5,      445500201
2023,4455,3,1,1,6,1,2,1,3,      445500301
2023,4455,5,1,1,0,1,1,1,3,      445500501
2023,4455,5,1,1,4,1,2,2,5,      445500501
2023,4455,86,1,1,2,1,1,1,5,      445508601
2023,4455,86,1,1,0,1,2,2,10,      445508601
2023,4455,87,1,1,0,1,2,1,3,      445508701
2023,4455,89,1,1,3,1,2,1,7,      445508901
2023,4455,105,1,1,1,1,2,1,4,      445510501
2023,4455,110,1,1,7,1,1,1,4,      445511001
2023,4455,110,1,1,1,1,2,2,5,      445511001
2023,4455,111,1,1,3,1,1,1,3,      445511101
2023,4455,111,1,1,2,1,2,2,4,      445511101
2023,4456,1,1,1,4,3,2,1,3,      445600101
2023,4456,2,1,1,6,4,2,1,3,      445600201
2023,4456,5,1,1,1,3,2,1,3,      445600501
2023,4456,26,1,1,4,4,1,1,4,      445602601
2023,4456,26,1,1,1,4,2,2,5,      445602601
2023,4456,27,1,1,8,3,1,1,4,      445602701
2023,4456,27,1,1,3,3,1,2,5,      445602701
2023,4456,27,1,1,4,3,2,3,6,      445602701
2023,4456,28,1,1,8,4,2,1,4,      445602801
2023,4456,114,1,1,8,4,1,1,4,      445611401
2023,4456,114,1,1,5,4,1,2,5,      445611401
2023,4456,114,1,1,1,4,2,3,6,      445611401
2023,4457,6,1,1,4,1,2,1,3,      445700601
2023,4457,7,1,1,6,2,2,1,4,      445700701
2023,4457,11,1,1,7,2,1,1,10,      445701101
2023,4457,11,1,1,5,2,1,2,11,      445701101
2023,4457,11,1,1,0,2,2,3,12,      445701101
2023,4457,12,1,1,4,1,1,1,3,      445701201
2023,4457,12,1,1,1,1,2,2,4,      445701201
2023,4457,112,1,1,5,1,2,1,5,      445711201
2023,4457,114,1,1,0,1,2,1,3,      445711401
2023,4458,51,1,1,8,2,1,1,2,      445805101
2023,4458,51,1,1,7,2,2,2,3,      445805101
2023,4458,52,1,1,0,3,2,1,3,      445805201
2023,4458,54,1,1,1,2,1,1,5,      445805401
2023,4458,54,1,1,1,2,2,2,6,      445805401
2023,4458,71,1,1,3,3,2,1,3,      445807101
2023,4458,73,1,1,6,3,2,1,5,      445807301
2023,4458,75,1,2, , ,1,1,3,      445807501
2023,4458,75,1,2, , ,1,2,4,      445807501
2023,4458,75,1,2, , ,2,3,5,      445807501
2023,4458,167,1,1,2,3,2,1,3,      445816701
2023,4458,169,1,1,5,2,1,1,3,      445816901
2023,4458,169,1,1,0,2,2,2,4,      445816901
2023,4458,170,1,1,6,2,2,1,4,      445817001
2023,4459,17,1,1,1,0,1,1,4,      445901701
2023,4459,17,1,1,3,0,2,2,5,      445901701
2023,4459,37,1,1,1,2,2,1,4,      445903701
2023,4459,37,2,1,3,2,2,1,3,      445903702
2023,4459,63,1,1,0,2,2,1,3,      445906301
2023,4459,89,1,1,4,2,2,1,5,      445908901
2023,4459,104,1,1,2,2,2,1,5,      445910401
2023,4460,29,1,1,0,1,1,1,9,      446002901
2023,4460,29,1,1,0,1,2,2,10,      446002901
2023,4460,85,1,1,1,2,2,1,2,      446008501
2023,4460,115,1,1,3,2,1,1,4,      446011501
2023,4460,115,1,1,1,2,2,2,5,      446011501
2023,4460,148,1,1,0,2,2,1,3,      446014801
2023,4460,168,1,1,5,2,2,1,5,      446016801
2023,4461,2,1,2, , ,2,1,5,      446100201
2023,4461,64,1,1,5,0,2,1,3,      446106401
2023,4462,2,1,1,3,1,1,1,4,      446200201
2023,4462,2,1,1,2,1,1,2,5,      446200201
2023,4462,2,1,1,1,1,2,3,6,      446200201
2023,4462,2,2,1,2,1,2,1,2,      446200202
2023,4462,24,1,1,0,1,2,1,6,      446202401
2023,4462,46,1,1,0,7,2,1,3,      446204601
2023,4462,72,1,1,4,1,2,1,4,      446207201
2023,4462,108,1,1,4,1,2,1,4,      446210801
2023,4462,145,1,1,1,1,1,1,4,      446214501
2023,4462,145,1,1,0,7,2,2,5,      446214501
2023,4463,120,1,1,4,0,2,1,5,      446312001
2023,4463,155,1,1,1,0,2,1,3,      446315501
2023,4465,59,1,1,1,1,1,1,3,      446505901
2023,4465,59,1,1,0,1,2,2,4,      446505901
2023,4465,85,1,1,0,1,2,1,4,      446508501
2023,4465,121,1,1,1,1,2,1,3,      446512101
2023,4465,146,1,1,3,0,2,1,4,      446514601
2023,4468,1,1,1,0,2,2,1,6,      446800101
2023,4468,13,1,2, , ,2,1,7,      446801301
2023,4469,8,1,2, , ,2,1,4,      446900801
2023,4469,72,1,1,0,1,2,1,3,      446907201
2023,4469,88,1,1,3,0,2,1,3,      446908801
2023,4469,92,1,2, , ,1,1,7,      446909201
2023,4469,92,1,1,1,0,1,2,8,      446909201
2023,4469,92,1,1,0,1,2,3,9,      446909201
2023,4470,87,1,2, , ,2,1,4,      447008701
2023,4471,35,1,1,0,2,2,1,3,      447103501
2023,4471,85,1,1,1,3,1,1,5,      447108501
2023,4471,85,1,1,1,3,2,2,8,      447108501
2023,4471,123,1,1,2,3,1,1,3,      447112301
2023,4471,123,1,1,0,3,2,2,4,      447112301
2023,4471,132,1,1,4,3,1,1,4,      447113201
2023,4471,132,1,1,1,3,2,2,5,      447113201
2023,4471,134,1,1,1,3,2,1,4,      447113401
2023,4471,145,1,1,1,3,2,1,5,      447114501
2023,4472,10,1,1,0,3,2,1,3,      447201001
2023,4472,125,1,1,1,3,2,1,4,      447212501
2023,4473,29,1,1,0,1,1,1,4,      447302901
2023,4473,29,1,1,0,1,2,2,5,      447302901
2023,4473,52,1,1,1,1,2,1,6,      447305201
2023,4473,60,1,1,0,1,2,1,4,      447306001
2023,4473,137,1,1,0,1,2,1,5,      447313701
2023,4475,7,1,1,3,1,2,1,4,      447500701
2023,4475,20,1,1,3,1,2,1,3,      447502001
2023,4475,24,1,1,1,1,1,1,4,      447502401
2023,4475,24,1,1,1,1,2,2,5,      447502401
2023,4475,66,1,1,0,2,1,1,2,      447506601
2023,4475,66,1,1,0,2,1,2,3,      447506601
2023,4475,66,1,1,0,2,2,3,7,      447506601
2023,4475,105,1,1,1,1,2,1,3,      447510501
2023,4476,106,1,1,1,1,1,1,3,      447610601
2023,4476,106,1,1,1,2,2,2,4,      447610601
2023,4476,122,1,1,4,2,1,1,3,      447612201
2023,4476,122,1,1,1,2,2,2,4,      447612201
2023,4476,146,1,1,2,0,1,1,3,      447614601
2023,4476,146,1,1,0,1,2,2,4,      447614601
2023,4477,7,1,1,3,2,1,1,5,      447700701
2023,4477,7,1,1,3,2,1,2,6,      447700701
2023,4477,7,1,1,0,2,2,3,7,      447700701
2023,4477,42,1,2, , ,1,1,3,      447704201
2023,4477,42,1,1,2,2,2,2,4,      447704201
2023,4477,91,1,1,1,1,1,1,3,      447709101
2023,4477,91,1,2, , ,2,2,4,      447709101
2023,4479,25,1,1,5,2,1,1,2,      447902501
2023,4479,25,1,1,1,2,2,2,3,      447902501
2023,4479,39,1,2, , ,2,1,3,      447903901
2023,4479,67,1,1,1,2,1,1,3,      447906701
2023,4479,67,1,1,1,2,2,2,4,      447906701
2023,4480,6,1,1,2,3,1,1,2,      448000601
2023,4480,6,1,1,2,3,1,2,3,      448000601
2023,4480,6,1,1,1,3,2,3,4,      448000601
2023,4480,16,1,1,2,3,2,1,4,      448001601
2023,4480,25,1,1,1,3,1,1,3,      448002501
2023,4480,25,1,1,0,3,2,2,4,      448002501
2023,4480,33,1,1,5,2,1,1,2,      448003301
2023,4480,33,1,2, , ,2,2,3,      448003301
2023,4480,43,1,1,0,1,2,1,3,      448004301
2023,4480,47,1,1,2,3,2,1,3,      448004701
2023,4481,102,1,1,0,1,2,1,3,      448110201
2023,4481,133,1,1,2,3,1,1,3,      448113301
2023,4481,133,1,1,1,3,2,2,4,      448113301
2023,4482,112,1,1,0,1,2,1,3,      448211201
2023,4484,27,1,1,6,0,2,1,2,      448402701
2023,4484,69,1,2, , ,2,1,3,      448406901
2023,4485,12,1,1,5,3,1,1,5,      448501201
2023,4485,12,1,1,1,3,2,2,6,      448501201
2023,4485,22,1,1,1,2,1,1,7,      448502201
2023,4485,22,1,1,0,2,2,2,8,      448502201
2023,4485,50,1,1,0,2,2,1,3,      448505001
2023,4485,66,1,1,2,2,2,1,3,      448506601
2023,4485,78,1,1,3,2,1,1,5,      448507801
2023,4485,78,1,1,1,2,2,2,6,      448507801
2023,4485,117,1,1,4,2,2,1,5,      448511701
2023,4486,8,1,1,3,0,2,1,3,      448600801
2023,4486,12,1,1,0,3,1,1,4,      448601201
2023,4486,12,1,2, , ,2,2,5,      448601201
2023,4486,17,1,1,8,0,2,1,3,      448601701
2023,4486,29,1,1,3,0,1,1,3,      448602901
2023,4486,29,1,2, , ,2,2,4,      448602901
2023,4486,36,1,1,3,0,1,1,3,      448603601
2023,4486,36,1,1,1,0,2,2,4,      448603601
2023,4486,88,1,1,1,0,2,1,3,      448608801
2023,4486,96,1,1,1,2,2,1,5,      448609601
2023,4486,102,1,1,5,0,2,1,2,      448610201
2023,4487,16,1,1,3,1,2,1,2,      448701601
2023,4487,47,1,1,0,2,2,1,4,      448704701
2023,4487,83,1,1,1,8,2,1,3,      448708301
2023,4489,27,1,1,7,3,2,1,4,      448902701
2023,4489,39,1,1,4,3,2,1,4,      448903901
2023,4489,53,1,1,5,4,1,1,3,      448905301
2023,4489,53,1,1,0,4,2,2,4,      448905301
2023,4489,57,1,1,5,3,2,1,5,      448905701
2023,4489,77,1,1,3,3,1,1,3,      448907701
2023,4489,77,1,1,1,3,2,2,4,      448907701
2023,4490,19,1,1,0,3,2,1,4,      449001901
2023,4490,21,1,1,1,3,2,1,3,      449002101
2023,4490,50,1,1,1,3,2,1,3,      449005001
2023,4490,58,1,1,4,3,1,1,3,      449005801
2023,4490,58,1,1,1,3,2,2,4,      449005801
2023,4490,80,1,1,0,3,2,1,2,      449008001
2023,4491,3,1,1,4,2,2,1,4,      449100301
2023,4491,6,1,1,1,3,1,1,3,      449100601
2023,4491,6,1,2, , ,2,2,4,      449100601
2023,4491,8,1,2, , ,2,1,3,      449100801
2023,4491,56,1,1,2,2,2,1,4,      449105601
2023,4491,58,1,2, , ,2,1,2,      449105801
2023,4491,59,1,1,8,2,2,1,4,      449105901
2023,4492,2,1,1,5,1,1,1,4,      449200201
2023,4492,2,1,1,4,1,1,2,5,      449200201
2023,4492,2,1,1,2,1,1,3,6,      449200201
2023,4492,2,1,1,4,1,1,4,11,      449200201
2023,4492,2,1,1,5,1,1,5,12,      449200201
2023,4492,2,1,1,2,1,1,6,13,      449200201
2023,4492,2,1,1,0,1,2,7,14,      449200201
2023,4492,7,1,1,2,1,1,1,3,      449200701
2023,4492,7,1,1,3,1,2,2,4,      449200701
2023,4492,8,1,1,3,1,1,1,4,      449200801
2023,4492,8,1,1,1,1,2,2,5,      449200801
2023,4492,11,1,1,6,1,2,1,4,      449201101
2023,4492,12,1,1,6,1,2,1,4,      449201201
2023,4492,13,1,1,2,1,2,1,3,      449201301
2023,4492,50,1,1,9,1,1,1,2,      449205001
2023,4492,50,1,1,5,1,1,2,3,      449205001
2023,4492,50,1,1,0,1,2,3,4,      449205001
2023,4492,51,1,1,6,1,2,1,3,      449205101
2023,4492,52,1,1,7,1,2,1,4,      449205201
2023,4492,53,1,1,0,1,2,1,3,      449205301
2023,4493,6,1,1,3,4,1,1,3,      449300601
2023,4493,6,1,1,0,4,2,2,4,      449300601
2023,4493,9,1,1,0,4,2,1,4,      449300901
2023,4493,25,1,1,2,4,1,1,4,      449302501
2023,4493,25,1,1,5,3,2,2,5,      449302501
2023,4493,79,1,1,2,4,2,1,5,      449307901
2023,4494,15,1,1,8,3,2,1,4,      449401501
2023,4494,17,1,1,3,2,2,1,3,      449401701
2023,4494,48,1,1,7,3,1,1,3,      449404801
2023,4494,48,1,1,0,3,2,2,4,      449404801
2023,4496,10,1,1,7,3,1,1,4,      449601001
2023,4496,10,1,1,3,3,2,2,5,      449601001
2023,4496,44,1,1,5,3,1,1,4,      449604401
2023,4496,44,1,1,0,3,2,2,5,      449604401
2023,4496,49,1,1,3,3,2,1,3,      449604901
2023,4496,61,1,1,1,3,2,1,2,      449606101
2023,4496,63,1,1,3,3,2,1,5,      449606301
2023,4496,72,1,1,8,3,1,1,6,      449607201
2023,4496,72,1,1,3,3,1,2,7,      449607201
2023,4496,72,1,1,1,3,2,3,8,      449607201
2023,4499,1,1,1,0,1,2,1,3,      449900101
2023,4499,6,1,1,1,0,2,1,4,      449900601
2023,4499,39,1,1,5,1,2,1,3,      449903901
2023,4499,44,1,1,1,1,2,1,3,      449904401
2023,4499,71,1,1,5,1,1,1,2,      449907101
2023,4499,71,1,1,1,1,2,2,3,      449907101
2023,4499,72,1,1,3,1,2,1,3,      449907201
2023,4499,81,1,1,3,1,2,1,4,      449908101
2023,4499,83,1,1,0,1,2,1,4,      449908301
2023,4500,12,1,1,8,1,1,1,5,      450001201
2023,4500,12,1,1,6,1,2,2,6,      450001201
2023,4500,16,1,1,4,1,2,1,3,      450001601
2023,4500,29,1,1,7,1,1,1,3,      450002901
2023,4500,29,1,1,0,1,2,2,4,      450002901
2023,4500,38,1,1,8,1,2,1,3,      450003801
2023,4500,68,1,1,8,1,2,1,6,      450006801
2023,4501,2,1,1,7,3,1,1,6,      450100201
2023,4501,2,1,1,5,3,2,2,7,      450100201
2023,4501,3,1,1,0,3,2,1,5,      450100301
2023,4501,4,1,1,5,3,2,1,3,      450100401
2023,4501,5,1,1,7,3,2,1,4,      450100501
2023,4501,45,1,1,0,3,2,1,3,      450104501
2023,4501,47,1,1,3,3,2,1,4,      450104701
2023,4501,139,1,1,1,3,2,1,3,      450113901
2023,4501,140,1,1,2,3,2,1,3,      450114001
2023,4501,142,1,1,4,2,1,1,3,      450114201
2023,4501,142,1,1,0,3,2,2,4,      450114201
2023,4502,17,1,1,5,0,2,1,6,      450201701
2023,4502,18,1,2, , ,1,1,3,      450201801
2023,4502,18,1,1,8,0,2,2,5,      450201801
2023,4502,38,1,1,7,0,1,1,5,      450203801
2023,4502,38,1,1,2,0,2,2,6,      450203801
2023,4502,39,1,1,8,0,2,1,3,      450203901
2023,4502,41,1,1,4,0,2,1,3,      450204101
2023,4502,69,1,1,8,0,2,1,3,      450206901
2023,4502,72,1,1,1,0,1,1,3,      450207201
2023,4502,72,1,1,1,0,1,2,4,      450207201
2023,4502,72,1,1,7,0,1,3,5,      450207201
2023,4502,72,1,1,5,0,2,4,6,      450207201
2023,4506,15,1,1,6,1,1,1,3,      450601501
2023,4506,15,1,1,3,1,1,2,4,      450601501
2023,4506,15,1,1,0,1,2,3,5,      450601501
2023,4506,16,1,1,3,1,2,1,5,      450601601
2023,4506,18,1,1,3,1,2,1,3,      450601801
2023,4506,24,1,1,8,1,2,1,4,      450602401
2023,4506,26,1,1,7,1,1,1,4,      450602601
2023,4506,26,1,1,5,1,2,2,5,      450602601
2023,4506,27,1,1,2,1,2,1,3,      450602701
2023,4506,116,1,1,3,1,2,1,5,      450611601
2023,4507,11,1,1,0,2,2,1,3,      450701101
2023,4507,13,1,1,8,3,2,1,3,      450701301
2023,4507,48,1,1,0,3,2,1,2,      450704801
2023,4508,7,1,1,5,1,1,1,4,      450800701
2023,4508,7,1,1,2,1,2,2,5,      450800701
2023,4508,12,1,1,7,1,2,1,4,      450801201
2023,4508,13,1,1,7,1,2,1,4,      450801301
2023,4508,15,1,1,4,1,1,1,4,      450801501
2023,4508,15,1,1,2,1,2,2,5,      450801501
2023,4508,16,1,1,5,0,1,1,3,      450801601
2023,4508,16,1,1,1,0,2,2,4,      450801601
2023,4508,17,1,1,3,0,1,1,3,      450801701
2023,4508,17,1,1,2,0,1,2,4,      450801701
2023,4508,17,1,1,7,0,2,3,5,      450801701
2023,4508,19,1,1,5,1,2,1,4,      450801901
2023,4508,50,1,1,3,1,1,1,4,      450805001
2023,4508,50,1,1,1,1,2,2,5,      450805001
2023,4508,54,1,1,6,1,2,1,4,      450805401
2023,4508,58,1,1,3,1,2,1,3,      450805801
2023,4509,23,1,1,0,2,2,1,3,      450902301
2023,4509,24,1,1,1,2,2,1,5,      450902401
2023,4509,25,1,1,8,2,1,1,3,      450902501
2023,4509,25,1,1,4,2,2,2,4,      450902501
2023,4509,27,1,1,2,2,1,1,3,      450902701
2023,4509,27,1,1,1,2,2,2,4,      450902701
2023,4509,28,1,1,6,2,1,1,5,      450902801
2023,4509,28,1,1,3,2,1,2,6,      450902801
2023,4509,28,1,1,0,2,2,3,7,      450902801
2023,4509,32,1,1,5,2,2,1,4,      450903201
2023,4509,54,1,1,7,2,1,1,3,      450905401
2023,4509,54,1,1,4,2,2,2,4,      450905401
2023,4510,6,1,1,6,3,1,1,4,      451000601
2023,4510,6,1,1,4,3,1,2,5,      451000601
2023,4510,6,1,1,0,3,2,3,6,      451000601
2023,4510,8,1,1,1,3,2,1,3,      451000801
2023,4510,66,1,1,6,3,1,1,3,      451006601
2023,4510,66,1,1,1,3,2,2,4,      451006601
2023,4510,68,1,1,5,3,2,1,3,      451006801
2023,4510,93,1,1,3,3,2,1,3,      451009301
2023,4511,42,1,1,4,3,1,1,4,      451104201
2023,4511,42,1,1,1,3,2,2,5,      451104201
2023,4511,61,1,1,3,3,2,1,4,      451106101
2023,4511,69,1,1,3,3,1,1,4,      451106901
2023,4511,69,1,1,1,3,2,2,5,      451106901
2023,4511,74,1,1,5,3,1,1,5,      451107401
2023,4511,74,1,1,0,3,2,2,6,      451107401
2023,4511,80,1,1,2,3,1,1,3,      451108001
2023,4511,80,1,1,0,3,1,2,4,      451108001
2023,4511,80,1,1,1,3,2,3,5,      451108001
2023,4512,30,1,1,7,1,1,1,3,      451203001
2023,4512,30,1,1,6,1,1,2,4,      451203001
2023,4512,30,1,1,4,1,2,3,5,      451203001
2023,4512,48,1,1,1,1,1,1,3,      451204801
2023,4512,48,1,1,4,1,2,2,5,      451204801
2023,4512,50,1,1,3,1,1,1,3,      451205001
2023,4512,50,1,1,1,1,2,2,4,      451205001
2023,4512,112,1,1,1,1,2,1,5,      451211201
2023,4512,114,1,1,8,1,1,1,3,      451211401
2023,4512,114,1,1,1,1,2,2,4,      451211401
2023,4512,116,1,1,7,1,1,1,3,      451211601
2023,4512,116,1,1,3,1,2,2,4,      451211601
2023,4513,16,1,1,6,2,1,1,5,      451301601
2023,4513,16,1,1,2,2,2,2,6,      451301601
2023,4513,18,1,1,7,2,2,1,2,      451301801
2023,4513,20,1,1,6,2,2,1,4,      451302001
2023,4513,27,1,1,8,2,2,1,2,      451302701
2023,4513,29,1,1,5,2,2,1,2,      451302901
2023,4513,30,1,1,2,2,2,1,6,      451303001
2023,4513,32,1,1,1,2,2,1,3,      451303201
2023,4513,34,1,1,0,2,2,1,3,      451303401
2023,4513,35,1,1,6,2,1,1,3,      451303501
2023,4513,35,1,1,3,2,2,2,4,      451303501
2023,4514,2,1,1,1,3,2,1,4,      451400201
2023,4515,10,1,1,1,4,2,1,4,      451501001
2023,4515,22,1,1,4,5,1,1,2,      451502201
2023,4515,22,1,1,0,5,2,2,3,      451502201
2023,4515,35,1,1,4,4,2,1,3,      451503501
2023,4515,52,1,1,8,5,1,1,6,      451505201
2023,4515,52,1,1,6,5,2,2,7,      451505201
2023,4517,1,1,1,7,1,2,1,4,      451700101
2023,4517,2,1,1,1,1,2,1,3,      451700201
2023,4517,29,1,1,4,4,2,1,3,      451702901
2023,4517,37,1,1,8,1,2,1,3,      451703701
2023,4517,71,1,1,4,1,2,1,2,      451707101
2023,4517,88,1,1,1,1,2,1,3,      451708801
2023,4519,147,2,1,2,0,2,1,3,      451914702
2023,4520,10,1,1,1,1,2,1,3,      452001001
2023,4520,39,1,1,2,0,1,1,3,      452003901
2023,4520,39,1,1,4,2,1,2,4,      452003901
2023,4520,39,1,1,2,1,2,3,5,      452003901
2023,4520,66,1,1,7,2,1,1,4,      452006601
2023,4520,66,1,1,3,2,1,2,5,      452006601
2023,4520,66,1,1,0,2,2,3,6,      452006601
2023,4521,14,1,1,2,3,1,1,7,      452101401
2023,4521,14,1,1,0,3,2,2,8,      452101401
2023,4521,22,1,1,0,3,2,1,5,      452102201
2023,4521,45,1,1,5,3,2,1,3,      452104501
2023,4521,51,1,1,5,3,2,1,4,      452105101
2023,4521,86,1,1,1,3,2,1,2,      452108601
2023,4521,107,1,1,3,3,2,1,3,      452110701
2023,4521,113,1,1,4,3,1,1,3,      452111301
2023,4521,113,1,1,1,3,1,2,4,      452111301
2023,4521,113,1,1,4,3,2,3,6,      452111301
2023,4522,75,1,1,7,3,2,1,3,      452207501
2023,4522,79,1,1,6,3,2,1,4,      452207901
2023,4522,105,1,1,2,5,2,1,4,      452210501
2023,4522,109,1,1,1,3,2,1,3,      452210901
2023,4522,111,1,1,0,3,2,1,3,      452211101
2023,4522,149,1,1,0,3,2,1,5,      452214901
2023,4523,8,1,1,1,3,2,1,4,      452300801
2023,4523,29,1,1,5,3,1,1,2,      452302901
2023,4523,29,1,1,3,3,2,2,3,      452302901
2023,4523,30,1,1,2,3,1,1,5,      452303001
2023,4523,30,1,1,1,3,2,2,6,      452303001
2023,4523,31,1,1,1,3,1,1,3,      452303101
2023,4523,31,1,1,1,3,2,2,4,      452303101
2023,4523,32,1,1,1,3,2,1,2,      452303201
2023,4523,38,1,1,4,3,1,1,4,      452303801
2023,4523,38,1,1,1,3,2,2,5,      452303801
2023,4523,40,1,1,2,3,1,1,2,      452304001
2023,4523,40,1,1,2,3,1,2,3,      452304001
2023,4523,40,1,1,2,3,2,3,4,      452304001
2023,4523,41,1,1,6,3,1,1,3,      452304101
2023,4523,41,1,1,4,3,1,2,4,      452304101
2023,4523,41,1,1,0,3,2,3,5,      452304101
2023,4524,27,1,1,7,2,1,1,3,      452402701
2023,4524,27,1,1,7,2,2,2,4,      452402701
2023,4524,30,1,1,0,1,2,1,3,      452403001
2023,4524,66,1,1,1,1,2,1,4,      452406601
2023,4524,69,1,1,5,2,2,1,3,      452406901
2023,4524,148,1,1,3,2,2,1,4,      452414801
2023,4524,149,1,1,6,1,2,1,3,      452414901
2023,4524,150,1,1,1,2,2,1,4,      452415001
2023,4525,23,1,1,8,3,1,1,4,      452502301
2023,4525,23,1,1,7,3,2,2,5,      452502301
2023,4525,25,1,1,8,3,2,1,5,      452502501
2023,4525,46,1,1,1,3,2,1,4,      452504601
2023,4525,48,1,1,1,3,1,1,3,      452504801
2023,4525,48,1,1,1,3,1,2,4,      452504801
2023,4525,48,1,1,1,3,2,3,5,      452504801
2023,4525,51,1,1,0,3,1,1,3,      452505101
2023,4525,51,1,1,0,3,2,2,4,      452505101
2023,4525,52,1,1,2,3,2,1,7,      452505201
2023,4525,54,1,1,7,3,2,1,5,      452505401
2023,4525,58,1,1,1,3,2,1,4,      452505801
2023,4526,24,1,1,3,2,2,1,3,      452602401
2023,4526,25,1,1,4,2,2,1,4,      452602501
2023,4526,26,1,1,1,2,2,1,3,      452602601
2023,4526,33,1,1,1,4,2,1,4,      452603301
2023,4526,34,1,1,1,2,2,1,5,      452603401
2023,4526,35,1,1,4,2,2,1,3,      452603501
2023,4526,135,1,1,3,2,2,1,3,      452613501
2023,4526,136,1,1,0,2,2,1,3,      452613601
2023,4527,16,1,1,1,1,2,1,3,      452701601
2023,4527,17,1,1,7,1,2,1,3,      452701701
2023,4527,18,1,1,1,1,2,1,3,      452701801
2023,4527,19,1,1,4,3,1,1,2,      452701901
2023,4527,19,1,1,3,3,2,2,3,      452701901
2023,4527,20,1,1,8,3,2,1,5,      452702001
2023,4527,46,1,1,4,1,2,1,5,      452704601
2023,4527,47,1,1,1,1,1,1,3,      452704701
2023,4527,47,1,1,1,1,2,2,4,      452704701
2023,4527,49,1,1,1,1,2,1,4,      452704901
2023,4527,51,1,1,5,1,1,1,4,      452705101
2023,4527,51,1,1,2,1,2,2,5,      452705101
2023,4528,12,1,1,8,2,1,1,3,      452801201
2023,4528,12,1,1,0,2,1,2,4,      452801201
2023,4528,12,1,1,1,2,2,3,5,      452801201
2023,4528,67,1,1,6,2,2,1,3,      452806701
2023,4528,68,1,1,6,2,1,1,4,      452806801
2023,4528,68,1,1,5,2,1,2,5,      452806801
2023,4528,68,1,1,5,2,1,3,6,      452806801
2023,4528,68,1,1,1,2,1,4,7,      452806801
2023,4528,68,1,1,0,1,1,5,8,      452806801
2023,4528,68,1,1,6,2,2,6,9,      452806801
2023,4528,69,1,1,1,1,1,1,3,      452806901
2023,4528,69,1,1,8,1,2,2,5,      452806901
2023,4528,71,1,1,6,2,2,1,4,      452807101
2023,4528,107,1,1,4,2,2,1,3,      452810701
2023,4528,110,1,1,3,2,2,1,4,      452811001
2023,4528,111,1,1,3,2,2,1,4,      452811101
2023,4530,7,1,1,5,3,1,1,2,      453000701
2023,4530,7,1,1,0,3,2,2,3,      453000701
2023,4530,14,1,1,1,5,1,1,4,      453001401
2023,4530,14,1,1,3,5,2,2,8,      453001401
2023,4530,25,1,1,1,3,2,1,3,      453002501
2023,4530,27,1,1,1,3,2,1,5,      453002701
2023,4530,48,1,1,0,2,2,1,3,      453004801
2023,4530,53,1,1,3,3,2,1,2,      453005301
2023,4530,85,1,1,3,3,1,1,4,      453008501
2023,4530,85,1,1,0,3,2,2,5,      453008501
2023,4531,1,1,1,4,3,2,1,5,      453100101
2023,4531,2,1,1,5,3,2,1,3,      453100201
2023,4531,3,1,1,2,3,2,1,3,      453100301
2023,4531,4,1,1,2,3,2,1,3,      453100401
2023,4531,5,1,1,3,3,2,1,3,      453100501
2023,4531,30,1,1,1,3,2,1,4,      453103001
2023,4531,33,1,1,2,3,2,1,4,      453103301
2023,4531,93,1,1,6,3,1,1,4,      453109301
2023,4531,93,1,1,3,3,1,2,6,      453109301
2023,4531,93,1,1,0,3,2,3,7,      453109301
2023,4531,99,1,1,4,3,2,1,4,      453109901
2023,4531,105,1,1,5,3,1,1,4,      453110501
2023,4531,105,1,1,1,3,2,2,5,      453110501
2023,4531,106,1,1,6,3,1,1,4,      453110601
2023,4531,106,1,1,2,3,1,2,5,      453110601
2023,4531,106,1,1,1,3,2,3,6,      453110601
2023,4532,9,1,1,0,2,2,1,3,      453200901
2023,4532,10,1,1,7,3,2,1,3,      453201001
2023,4532,38,1,1,5,2,1,1,3,      453203801
2023,4532,38,1,1,2,2,1,2,4,      453203801
2023,4532,38,1,1,1,2,2,3,5,      453203801
2023,4532,98,1,1,5,2,1,1,3,      453209801
2023,4532,98,1,2, , ,1,2,4,      453209801
2023,4532,98,1,1,7,2,2,3,5,      453209801
2023,4532,99,1,1,8,2,1,1,4,      453209901
2023,4532,99,1,1,3,2,1,2,5,      453209901
2023,4532,99,1,2, , ,2,3,6,      453209901
2023,4532,101,1,1,4,2,1,1,4,      453210101
2023,4532,101,1,1,2,2,2,2,5,      453210101
2023,4533,24,1,1,7,0,2,1,3,      453302401
2023,4533,31,1,1,7,1,1,1,3,      453303101
2023,4533,31,1,1,1,1,2,2,4,      453303101
2023,4533,36,1,1,3,1,1,1,2,      453303601
2023,4533,36,1,1,0,1,2,2,3,      453303601
2023,4533,44,1,1,7,1,2,1,2,      453304401
2023,4533,47,1,1,8,1,1,1,3,      453304701
2023,4533,47,1,1,1,1,2,2,4,      453304701
2023,4533,51,1,1,5,1,1,1,3,      453305101
2023,4533,51,1,1,0,1,2,2,4,      453305101
2023,4533,53,1,1,7,1,1,1,7,      453305301
2023,4533,53,1,1,2,1,2,2,8,      453305301
2023,4533,60,1,1,0,1,2,1,3,      453306001
2023,4533,68,1,1,5,1,2,1,4,      453306801
2023,4534,5,1,1,5,3,2,1,2,      453400501
2023,4534,14,1,1,4,2,2,1,5,      453401401
2023,4534,17,1,1,5,3,1,1,3,      453401701
2023,4534,17,1,1,4,3,2,2,4,      453401701
2023,4534,33,1,1,4,3,2,1,3,      453403301
2023,4534,48,1,1,5,2,2,1,3,      453404801
2023,4535,29,1,1,3,1,2,1,4,      453502901
2023,4535,40,1,1,3,2,1,1,7,      453504001
2023,4535,40,1,1,1,2,2,2,8,      453504001
2023,4535,62,1,1,5,1,2,1,9,      453506201
2023,4536,16,1,1,2,1,1,1,5,      453601601
2023,4536,16,1,1,1,1,2,2,6,      453601601
2023,4536,93,1,1,1,3,2,1,7,      453609301
2023,4537,14,1,1,4,3,1,1,2,      453701401
2023,4537,14,1,1,2,3,1,2,3,      453701401
2023,4537,14,1,1,0,3,2,3,4,      453701401
2023,4537,19,1,1,3,3,2,1,3,      453701901
2023,4537,40,1,1,4,3,1,1,5,      453704001
2023,4537,40,1,1,3,3,2,2,6,      453704001
2023,4537,70,1,1,4,3,1,1,8,      453707001
2023,4537,70,1,1,0,3,2,2,9,      453707001
2023,4537,82,1,1,6,2,2,1,5,      453708201
2023,4538,35,1,1,1,3,2,1,3,      453803501
2023,4538,65,1,2, , ,2,1,6,      453806501
2023,4538,115,1,1,5,3,2,1,4,      453811501
2023,4540,33,1,1,4,1,2,1,3,      454003301
2023,4540,90,1,1,0,1,2,1,3,      454009001
2023,4540,104,1,1,3,3,2,1,3,      454010401
2023,4540,121,1,1,4,1,2,1,4,      454012101
2023,4540,131,1,1,3,1,2,1,4,      454013101
2023,4540,140,1,1,6,1,1,1,3,      454014001
2023,4540,140,1,1,6,1,2,2,4,      454014001
2023,4542,4,1,1,5,2,2,1,4,      454200401
2023,4542,28,1,1,0,2,2,1,7,      454202801
2023,4542,50,1,1,6,1,1,1,3,      454205001
2023,4542,50,1,1,7,1,2,2,5,      454205001
2023,4542,60,1,1,4,2,2,1,3,      454206001
2023,4542,86,1,1,7,2,2,1,4,      454208601
2023,4544,5,1,1,2,3,2,1,4,      454400501
2023,4544,14,2,1,6,3,1,1,4,      454401402
2023,4544,14,2,1,3,2,1,2,5,      454401402
2023,4544,14,2,1,3,3,2,3,6,      454401402
2023,4544,24,1,1,5,3,1,1,2,      454402401
2023,4544,24,1,1,1,3,2,2,3,      454402401
2023,4544,111,1,1,1,3,1,1,4,      454411101
2023,4544,111,1,1,3,3,1,2,6,      454411101
2023,4544,111,1,1,3,3,2,3,9,      454411101
2023,4544,129,1,1,2,3,1,1,3,      454412901
2023,4544,129,1,1,0,3,2,2,4,      454412901
2023,4544,145,1,1,1,3,2,1,3,      454414501
2023,4545,46,1,1,5,5,2,1,5,      454504601
2023,4545,74,1,1,1,5,2,1,3,      454507401
2023,4545,79,1,1,6,4,2,1,4,      454507901
2023,4545,87,1,1,6,5,1,1,4,      454508701
2023,4545,87,1,1,2,5,2,2,5,      454508701
2023,4545,122,1,1,0,4,2,1,7,      454512201
2023,4548,24,1,1,5,2,2,1,4,      454802401
2023,4548,48,1,1,1,2,1,1,3,      454804801
2023,4548,48,1,1,4,2,2,2,4,      454804801
2023,4548,69,1,1,1,3,2,1,3,      454806901
2023,4548,90,1,1,5,2,2,1,3,      454809001
2023,4548,93,1,1,4,3,2,1,5,      454809301
2023,4548,108,1,1,1,98,2,1,3,      454810801
2023,4550,4,1,1,1,2,2,1,3,      455000401
2023,4550,17,1,1,6,2,1,1,3,      455001701
2023,4550,17,1,1,1,2,2,2,4,      455001701
2023,4550,30,1,1,6,2,2,1,4,      455003001
2023,4550,37,1,1,0,1,2,1,4,      455003701
2023,4550,80,1,1,1,1,2,1,5,      455008001
2023,4550,89,1,1,0,2,2,1,3,      455008901
2023,4551,20,1,1,5,1,1,1,3,      455102001
2023,4551,20,1,1,0,1,2,2,4,      455102001
2023,4551,22,1,1,3,1,2,1,4,      455102201
2023,4551,34,1,1,2,1,1,1,3,      455103401
2023,4551,34,1,1,1,1,1,2,4,      455103401
2023,4551,34,1,1,6,1,2,3,6,      455103401
2023,4551,36,1,1,4,0,1,1,3,      455103601
2023,4551,36,1,1,5,0,1,2,6,      455103601
2023,4551,36,1,2, , ,2,3,7,      455103601
2023,4551,37,1,1,3,1,2,1,6,      455103701
2023,4551,46,1,1,5,1,1,1,3,      455104601
2023,4551,46,1,1,4,1,1,2,4,      455104601
2023,4551,46,1,1,0,1,2,3,5,      455104601
2023,4551,48,1,1,5,0,2,1,4,      455104801
2023,4551,64,1,1,8,1,1,1,4,      455106401
2023,4551,64,1,1,6,1,2,2,5,      455106401
2023,4553,61,1,1,4,1,1,1,3,      455306101
2023,4553,61,1,1,2,1,2,2,4,      455306101
2023,4553,88,1,1,1,1,2,1,4,      455308801
2023,4553,89,1,1,7,1,2,1,4,      455308901
2023,4553,91,1,1,1,1,2,1,3,      455309101
2023,4553,117,1,1,1,1,2,1,4,      455311701
2023,4553,118,1,1,0,1,2,1,4,      455311801
2023,4553,119,1,1,6,1,2,1,2,      455311901
2023,4555,60,1,1,2,3,2,1,6,      455506001
2023,4555,62,1,1,0,3,2,1,4,      455506201
2023,4555,70,1,1,4,3,2,1,3,      455507001
2023,4555,110,1,1,1,3,1,1,3,      455511001
2023,4555,110,1,1,1,2,2,2,6,      455511001
2023,4556,1,1,2, , ,2,1,4,      455600101
2023,4556,21,1,1,4,1,2,1,3,      455602101
2023,4556,34,1,1,1,1,2,1,6,      455603401
2023,4556,58,1,1,0,1,2,1,6,      455605801
2023,4557,11,1,2, , ,2,1,3,      455701101
2023,4557,12,1,1,0,1,2,1,4,      455701201
2023,4557,39,1,1,1,3,2,1,3,      455703901
2023,4557,67,1,2, , ,1,1,3,      455706701
2023,4557,67,1,2, , ,2,2,4,      455706701
2023,4557,76,1,1,3,5,1,1,3,      455707601
2023,4557,76,1,1,1,5,2,2,4,      455707601
2023,4557,143,1,2, , ,1,1,3,      455714301
2023,4557,143,1,2, , ,2,2,5,      455714301
2023,4558,23,1,1,2,0,2,1,5,      455802301
2023,4559,40,1,1,0,1,2,1,3,      455904001
2023,4559,108,1,1,5,1,1,1,3,      455910801
2023,4559,108,1,1,4,1,1,2,4,      455910801
2023,4559,108,1,1,1,1,2,3,5,      455910801
2023,4561,25,1,1,0,3,2,1,4,      456102501
2023,4561,31,1,1,0,3,2,1,3,      456103101
2023,4561,53,1,1,1,3,2,1,3,      456105301
2023,4561,76,1,1,3,3,1,1,3,      456107601
2023,4561,76,1,1,7,3,2,2,4,      456107601
2023,4561,98,1,1,5,3,1,1,4,      456109801
2023,4561,98,1,1,1,3,2,2,5,      456109801
2023,4561,101,1,1,1,3,2,1,4,      456110101
2023,4564,62,1,1,1,2,2,1,3,      456406201
2023,4564,91,1,1,1,2,1,1,2,      456409101
2023,4564,91,1,1,0,1,2,2,3,      456409101
2023,4564,130,1,1,6,2,1,1,5,      456413001
2023,4564,130,1,1,2,2,2,2,6,      456413001
2023,4565,38,1,1,1,2,2,1,3,      456503801
2023,4565,74,1,1,1,2,2,1,4,      456507401
2023,4565,144,1,1,0,2,1,1,2,      456514401
2023,4565,144,1,1,0,2,1,2,3,      456514401
2023,4565,144,1,1,0,2,2,3,4,      456514401
2023,4565,158,1,1,1,2,1,1,3,      456515801
2023,4565,158,1,1,1,2,2,2,6,      456515801
2023,4565,164,1,1,6,2,1,1,4,      456516401
2023,4565,164,1,1,3,2,2,2,5,      456516401
2023,4565,237,1,1,3,2,1,1,6,      456523701
2023,4565,237,1,1,2,2,1,2,7,      456523701
2023,4565,237,1,1,0,2,1,3,8,      456523701
2023,4565,237,1,1,0,2,2,4,9,      456523701
2023,4566,2,1,1,4,5,2,1,5,      456600201
2023,4566,20,1,1,1,5,2,1,3,      456602001
2023,4566,25,1,1,6,5,2,1,4,      456602501
2023,4566,84,1,1,1,5,2,1,4,      456608401
2023,4567,102,1,1,1,0,2,1,4,      456710201
2023,4568,44,1,1,1,1,1,1,3,      456804401
2023,4568,44,1,1,3,0,2,2,5,      456804401
2023,4568,63,1,1,2,1,2,1,3,      456806301
2023,4568,82,1,1,2,1,1,1,2,      456808201
2023,4568,82,1,1,1,1,1,2,3,      456808201
2023,4568,82,1,1,1,1,2,3,4,      456808201
2023,4568,99,1,1,1,0,2,1,5,      456809901
2023,4568,127,1,1,3,1,1,1,3,      456812701
2023,4568,127,1,1,1,1,2,2,4,      456812701
2023,4568,130,1,1,3,0,1,1,3,      456813001
2023,4568,130,1,1,2,0,2,2,4,      456813001
2023,4568,148,1,1,4,0,1,1,3,      456814801
2023,4568,148,1,1,2,0,2,2,4,      456814801
2023,4569,7,1,1,0,3,2,1,7,      456900701
2023,4569,15,1,1,5,3,2,1,4,      456901501
2023,4569,26,1,1,2,3,2,1,3,      456902601
2023,4569,50,1,1,3,3,2,1,3,      456905001
2023,4569,57,1,1,5,3,1,1,4,      456905701
2023,4569,57,1,1,3,3,2,2,5,      456905701
2023,4569,71,1,1,0,3,1,1,3,      456907101
2023,4569,71,1,1,0,3,1,2,4,      456907101
2023,4569,71,1,1,5,3,2,3,5,      456907101
2023,4569,75,1,1,2,3,1,1,3,      456907501
2023,4569,75,1,1,0,3,2,2,4,      456907501
2023,4569,82,1,1,3,3,2,1,3,      456908201
2023,4569,84,1,1,0,3,1,1,3,      456908401
2023,4569,84,1,1,0,3,2,2,4,      456908401
2023,4570,1,1,1,2,3,2,1,4,      457000101
2023,4570,27,1,1,0,3,2,1,4,      457002701
2023,4570,28,1,1,6,3,2,1,3,      457002801
2023,4570,29,1,1,7,3,1,1,4,      457002901
2023,4570,29,1,1,0,3,2,2,5,      457002901
2023,4570,30,1,1,2,3,1,1,3,      457003001
2023,4570,30,1,1,7,3,2,2,5,      457003001
2023,4570,31,1,1,4,3,2,1,4,      457003101
2023,4570,81,1,1,4,3,2,1,2,      457008101
2023,4570,83,1,1,5,3,1,1,2,      457008301
2023,4570,83,1,1,0,3,2,2,3,      457008301
2023,4571,147,1,2, , ,2,1,4,      457114701
2023,4572,77,1,1,3,0,2,1,3,      457207701
2023,4573,26,1,1,1,1,1,1,3,      457302601
2023,4573,26,1,1,1,1,2,2,4,      457302601
2023,4573,28,1,1,6,1,1,1,3,      457302801
2023,4573,28,1,1,3,1,2,2,4,      457302801
2023,4573,46,1,1,5,1,1,1,3,      457304601
2023,4573,46,1,1,4,1,2,2,5,      457304601
2023,4573,49,1,1,3,1,1,1,4,      457304901
2023,4573,49,1,1,1,1,2,2,5,      457304901
2023,4573,50,1,1,8,1,1,1,3,      457305001
2023,4573,50,1,1,6,1,1,2,4,      457305001
2023,4573,50,1,1,4,1,1,3,5,      457305001
2023,4573,50,1,1,0,1,2,4,6,      457305001
2023,4573,140,1,1,0,1,1,1,3,      457314001
2023,4573,140,1,1,2,1,2,2,4,      457314001
2023,4573,141,1,1,0,1,1,1,3,      457314101
2023,4573,141,1,1,1,1,2,2,4,      457314101
2023,4573,143,1,1,2,1,1,1,3,      457314301
2023,4573,143,1,1,1,1,1,2,4,      457314301
2023,4573,143,1,1,1,1,2,3,5,      457314301
2023,4574,49,1,1,4,2,1,1,3,      457404901
2023,4574,49,1,1,2,2,1,2,4,      457404901
2023,4574,49,1,1,1,2,2,3,5,      457404901
2023,4574,50,1,1,5,2,1,1,3,      457405001
2023,4574,50,1,1,3,2,1,2,4,      457405001
2023,4574,50,1,1,1,2,1,3,5,      457405001
2023,4574,50,1,1,1,2,2,4,6,      457405001
2023,4574,51,1,1,4,2,1,1,5,      457405101
2023,4574,51,1,1,0,2,1,2,6,      457405101
2023,4574,51,1,1,0,2,2,3,7,      457405101
2023,4574,52,1,1,2,2,2,1,3,      457405201
2023,4574,60,1,1,5,2,2,1,4,      457406001
2023,4574,61,1,1,5,2,2,1,5,      457406101
2023,4574,62,1,1,3,2,1,1,4,      457406201
2023,4574,62,1,1,1,2,2,2,5,      457406201
2023,4574,63,1,1,3,2,2,1,4,      457406301
2023,4574,103,1,1,6,2,2,1,4,      457410301
2023,4574,104,1,1,5,2,2,1,3,      457410401
2023,4574,105,1,1,7,2,1,1,3,      457410501
2023,4574,105,1,1,5,2,1,2,5,      457410501
2023,4574,105,1,1,4,2,2,3,6,      457410501
2023,4574,106,1,1,2,2,2,1,3,      457410601
2023,4575,29,1,1,2,4,1,1,3,      457502901
2023,4575,29,1,1,1,4,1,2,4,      457502901
2023,4575,29,1,1,1,4,2,3,5,      457502901
2023,4575,32,1,1,0,2,2,1,4,      457503201
2023,4575,36,1,1,1,4,2,1,5,      457503601
2023,4575,135,2,1,0,4,2,1,3,      457513502
2023,4578,74,1,1,3,1,2,1,4,      457807401
2023,4578,115,1,1,3,1,1,1,5,      457811501
2023,4578,115,1,1,3,1,1,2,6,      457811501
2023,4578,115,1,1,0,1,2,3,7,      457811501
2023,4578,115,2,1,2,1,1,1,3,      457811502
2023,4578,115,2,1,1,1,2,2,4,      457811502
2023,4579,86,1,1,0,2,1,1,3,      457908601
2023,4579,86,1,1,1,2,2,2,4,      457908601
2023,4579,105,1,1,1,3,2,1,3,      457910501
2023,4579,164,1,1,3,3,1,1,3,      457916401
2023,4579,164,1,1,0,3,2,2,4,      457916401
2023,4579,177,1,1,0,1,2,1,4,      457917701
2023,4581,47,1,1,3,1,1,1,4,      458104701
2023,4581,47,1,1,2,1,2,2,5,      458104701
2023,4581,145,1,1,4,1,2,1,3,      458114501
2023,4582,51,1,2, , ,2,1,3,      458205101
2023,4582,114,1,1,7,1,1,1,4,      458211401
2023,4582,114,1,1,3,1,2,2,5,      458211401
2023,4584,54,1,1,5,4,1,1,3,      458405401
2023,4584,54,1,1,3,4,2,2,4,      458405401
2023,4584,56,1,1,3,4,1,1,3,      458405601
2023,4584,56,1,1,0,4,2,2,4,      458405601
2023,4584,64,1,1,5,4,1,1,3,      458406401
2023,4584,64,1,1,1,4,2,2,4,      458406401
2023,4584,115,1,1,0,4,2,1,3,      458411501
2023,4584,195,1,1,1,4,2,1,3,      458419501
2023,4584,207,1,1,8,4,2,1,2,      458420701
2023,4585,1,1,1,0,2,2,1,3,      458500101
2023,4585,8,1,1,4,3,1,1,3,      458500801
2023,4585,8,1,1,2,3,2,2,4,      458500801
2023,4585,25,1,1,1,3,2,1,4,      458502501
2023,4585,48,1,1,7,4,1,1,3,      458504801
2023,4585,48,1,1,0,4,2,2,4,      458504801
2023,4585,61,1,1,6,3,1,1,4,      458506101
2023,4585,61,1,1,2,3,2,2,5,      458506101
2023,4585,96,1,1,1,3,2,1,3,      458509601
2023,4585,107,1,1,1,3,1,1,4,      458510701
2023,4585,107,1,1,0,3,2,2,5,      458510701
2023,4586,51,1,2, , ,2,1,3,      458605101
2023,4586,59,1,1,1,2,2,1,4,      458605901
2023,4586,121,1,1,2,2,1,1,3,      458612101
2023,4586,121,1,1,5,2,1,2,8,      458612101
2023,4586,121,1,1,1,2,2,3,9,      458612101
2023,4588,19,2,1,5,2,2,1,3,      458801902
2023,4588,42,1,1,4,3,2,1,3,      458804201
2023,4588,115,1,1,6,3,1,1,3,      458811501
2023,4588,115,1,1,4,3,1,2,4,      458811501
2023,4588,115,1,1,0,3,2,3,5,      458811501
2023,4588,127,1,1,1,3,2,1,5,      458812701
2023,4588,176,1,1,2,3,2,1,3,      458817601
2023,4588,179,1,1,0,1,2,1,3,      458817901
2023,4592,38,1,1,8,3,1,1,4,      459203801
2023,4592,38,1,1,2,3,2,2,5,      459203801
2023,4592,39,1,1,4,3,1,1,4,      459203901
2023,4592,39,1,1,1,3,2,2,5,      459203901
2023,4592,40,1,1,6,3,1,1,6,      459204001
2023,4592,40,1,1,4,3,2,2,7,      459204001
2023,4592,69,1,1,2,3,1,1,3,      459206901
2023,4592,69,1,1,1,3,2,2,4,      459206901
2023,4592,70,1,1,1,3,1,1,3,      459207001
2023,4592,70,1,1,1,3,2,2,4,      459207001
2023,4592,79,1,1,8,3,1,1,3,      459207901
2023,4592,79,1,1,7,3,1,2,4,      459207901
2023,4592,79,1,1,5,3,1,3,5,      459207901
2023,4592,79,1,1,2,3,1,4,6,      459207901
2023,4592,79,1,1,0,3,2,5,7,      459207901
2023,4592,82,1,1,2,3,1,1,6,      459208201
2023,4592,82,1,1,2,3,1,2,7,      459208201
2023,4592,82,1,1,0,3,2,3,8,      459208201
2023,4592,83,1,1,6,3,1,1,5,      459208301
2023,4592,83,1,1,4,3,1,2,6,      459208301
2023,4592,83,1,1,2,3,2,3,7,      459208301
2023,4593,13,1,1,2,1,2,1,3,      459301301
2023,4593,20,1,1,7,1,2,1,4,      459302001
2023,4593,48,1,1,4,1,2,1,3,      459304801
2023,4593,54,1,1,3,1,1,1,6,      459305401
2023,4593,54,1,1,1,1,2,2,7,      459305401
2023,4593,60,1,1,5,1,2,1,4,      459306001
2023,4593,73,1,1,5,1,1,1,4,      459307301
2023,4593,73,1,1,0,1,2,2,5,      459307301
2023,4593,84,1,1,1,0,2,1,4,      459308401
2023,4595,24,1,1,5,3,1,1,2,      459502401
2023,4595,24,1,1,3,3,2,2,3,      459502401
2023,4595,55,1,1,4,2,1,1,6,      459505501
2023,4595,55,1,1,1,2,2,2,7,      459505501
2023,4595,115,1,2, , ,1,1,3,      459511501
2023,4595,115,1,2, , ,2,2,4,      459511501
2023,4598,153,2,1,3,0,2,1,3,      459815302
2023,4599,4,1,2, , ,2,1,4,      459900401
2023,4599,191,1,2, , ,2,1,3,      459919101
2023,4600,67,1,1,1,1,2,1,5,      460006701
2023,4600,95,1,1,1,1,1,1,3,      460009501
2023,4600,95,1,2, , ,2,2,4,      460009501
2023,4602,27,1,1,4,2,2,1,6,      460202701
2023,4602,64,1,1,0,2,2,1,3,      460206401
2023,4602,77,1,2, , ,2,1,3,      460207701
2023,4602,125,1,1,3,2,1,1,5,      460212501
2023,4602,125,1,1,2,2,2,2,8,      460212501
2023,4603,42,1,1,1,2,2,1,3,      460304201
2023,4603,51,1,2, , ,2,1,4,      460305101
2023,4603,80,1,1,2,2,2,1,4,      460308001
2023,4605,6,1,1,1,4,2,1,4,      460500601
2023,4605,51,1,1,8,3,1,1,2,      460505101
2023,4605,51,1,1,6,3,1,2,3,      460505101
2023,4605,51,1,1,3,3,2,3,4,      460505101
2023,4605,53,1,1,1,4,1,1,3,      460505301
2023,4605,53,1,1,1,4,2,2,4,      460505301
2023,4605,100,1,1,8,3,1,1,3,      460510001
2023,4605,100,1,1,5,3,2,2,4,      460510001
2023,4606,56,1,1,3,1,2,1,4,      460605601
2023,4606,85,1,1,6,1,1,1,6,      460608501
2023,4606,85,1,1,3,1,2,2,7,      460608501
2023,4606,149,1,1,1,0,1,1,3,      460614901
2023,4606,149,1,1,2,0,1,2,6,      460614901
2023,4606,149,1,1,2,0,2,3,7,      460614901
2023,4606,176,1,1,2,1,1,1,5,      460617601
2023,4606,176,1,1,1,0,2,2,6,      460617601
2023,4606,180,1,2, , ,2,1,5,      460618001
2023,4606,182,1,1,0,1,2,1,3,      460618201
2023,4606,194,1,1,3,0,1,1,3,      460619401
2023,4606,194,1,1,1,0,1,2,4,      460619401
2023,4606,194,1,1,1,0,2,3,5,      460619401
2023,4607,7,3,1,6,2,1,1,3,      460700703
2023,4607,7,3,1,1,2,2,2,4,      460700703
2023,4607,13,1,1,1,3,2,1,3,      460701301
2023,4607,27,1,1,0,4,1,1,6,      460702701
2023,4607,27,1,1,0,4,2,2,9,      460702701
2023,4607,96,1,1,2,3,1,1,3,      460709601
2023,4607,96,1,1,2,3,2,2,4,      460709601
2023,4607,144,1,1,0,3,2,1,6,      460714401
2023,4609,44,1,1,4,3,1,1,9,      460904401
2023,4609,44,1,1,1,3,1,2,10,      460904401
2023,4609,44,1,1,0,3,2,3,12,      460904401
2023,4609,48,1,2, , ,2,1,4,      460904801
2023,4609,51,1,1,1,3,1,1,5,      460905101
2023,4609,51,1,1,0,1,2,2,6,      460905101
2023,4609,101,1,1,0,2,2,1,3,      460910101
2023,4612,7,1,1,6,4,1,1,4,      461200701
2023,4612,7,1,1,5,4,1,2,5,      461200701
2023,4612,7,1,1,0,5,2,3,8,      461200701
2023,4612,8,1,1,6,4,1,1,3,      461200801
2023,4612,8,1,1,4,4,2,2,4,      461200801
2023,4612,12,1,1,4,2,1,1,6,      461201201
2023,4612,12,1,1,3,2,1,2,7,      461201201
2023,4612,12,1,1,2,2,1,3,8,      461201201
2023,4612,12,1,1,1,2,2,4,9,      461201201
2023,4612,14,1,1,3,3,1,1,6,      461201401
2023,4612,14,1,1,1,3,2,2,7,      461201401
2023,4612,91,1,1,8,4,1,1,5,      461209101
2023,4612,91,1,1,6,4,1,2,6,      461209101
2023,4612,91,1,1,4,4,1,3,7,      461209101
2023,4612,91,1,1,2,4,1,4,8,      461209101
2023,4612,91,1,1,0,4,2,5,9,      461209101
2023,4612,92,1,2, , ,1,1,4,      461209201
2023,4612,92,1,1,2,3,1,2,5,      461209201
2023,4612,92,1,1,3,3,1,3,6,      461209201
2023,4612,92,1,1,0,3,1,4,7,      461209201
2023,4612,92,1,1,3,4,2,5,8,      461209201
2023,4612,94,1,1,8,2,1,1,4,      461209401
2023,4612,94,1,1,6,2,1,2,5,      461209401
2023,4612,94,1,1,2,2,2,3,6,      461209401
2023,4612,95,1,1,8,4,1,1,6,      461209501
2023,4612,95,1,1,6,4,1,2,7,      461209501
2023,4612,95,1,1,5,4,1,3,8,      461209501
2023,4612,95,1,1,2,4,2,4,9,      461209501
2023,4612,113,1,1,5,4,1,1,5,      461211301
2023,4612,113,1,1,6,4,1,2,6,      461211301
2023,4612,113,1,1,4,4,1,3,7,      461211301
2023,4612,113,1,1,2,4,1,4,8,      461211301
2023,4612,113,1,1,0,4,2,5,9,      461211301
2023,4612,114,1,1,5,3,1,1,4,      461211401
2023,4612,114,1,1,2,3,1,2,5,      461211401
2023,4612,114,1,1,0,3,2,3,6,      461211401
2023,4612,116,1,1,8,3,1,1,3,      461211601
2023,4612,116,1,1,6,3,1,2,4,      461211601
2023,4612,116,1,1,6,3,2,3,7,      461211601
2023,4613,3,1,1,1,0,2,1,5,      461300301
2023,4613,4,1,1,5,1,2,1,5,      461300401
2023,4613,41,1,1,1,1,1,1,5,      461304101
2023,4613,41,1,1,3,1,1,2,9,      461304101
2023,4613,41,1,1,1,1,1,3,10,      461304101
2023,4613,41,1,1,0,1,2,4,11,      461304101
2023,4613,42,1,2, , ,2,1,4,      461304201
2023,4613,44,1,1,3,1,2,1,3,      461304401
2023,4613,45,1,2, , ,2,1,6,      461304501
2023,4615,161,1,1,1,0,2,1,4,      461516101
2023,4618,82,1,1,1,0,2,1,3,      461808201
2023,4619,4,3,1,2,0,2,1,5,      461900403
2023,4619,22,1,2, , ,2,1,3,      461902201
2023,4619,35,1,1,3,0,1,1,4,      461903501
2023,4619,35,1,1,1,0,2,2,5,      461903501
2023,4619,41,1,1,1,0,2,1,3,      461904101
2023,4619,71,1,1,1,0,1,1,5,      461907101
2023,4619,71,1,2, , ,2,2,6,      461907101
2023,4620,24,1,1,1,2,2,1,3,      462002401
2023,4620,83,1,1,0,1,2,1,2,      462008301
2023,4621,45,1,1,0,2,2,1,3,      462104501
2023,4621,65,1,1,0,1,2,1,4,      462106501
2023,4621,74,1,1,0,1,2,1,2,      462107401
2023,4621,115,1,1,0,1,2,1,3,      462111501
2023,4622,23,1,1,0,1,1,1,3,      462202301
2023,4622,23,1,1,0,1,1,2,6,      462202301
2023,4622,23,1,1,0,1,2,3,7,      462202301
2023,4622,77,1,1,1,1,1,1,4,      462207701
2023,4622,77,1,1,3,1,2,2,5,      462207701
2023,4624,26,1,1,1,3,2,1,6,      462402601
2023,4624,55,1,1,1,3,2,1,5,      462405501
2023,4624,78,1,1,0,3,2,1,3,      462407801
2023,4624,99,1,1,1,3,2,1,3,      462409901
2023,4624,162,1,1,0,3,2,1,4,      462416201
2023,4625,19,1,1,0,2,2,1,7,      462501901
2023,4625,49,1,1,2,1,1,1,4,      462504901
2023,4625,49,1,1,2,1,2,2,5,      462504901
2023,4625,60,2,1,0,2,2,1,4,      462506002
2023,4626,34,1,1,3,1,1,1,4,      462603401
2023,4626,34,1,1,3,1,1,2,5,      462603401
2023,4626,34,1,1,1,0,2,3,6,      462603401
2023,4626,133,1,1,7,1,1,1,6,      462613301
2023,4626,133,1,2, , ,2,2,9,      462613301
2023,4627,10,1,1,1,3,2,1,4,      462701001
2023,4627,19,1,1,1,2,2,1,3,      462701901
2023,4627,27,2,1,1,3,1,1,2,      462702702
2023,4627,27,2,1,1,3,2,2,3,      462702702
2023,4627,37,1,1,5,3,2,1,6,      462703701
2023,4627,79,1,1,0,2,2,1,3,      462707901
2023,4627,85,1,1,1,3,2,1,6,      462708501
2023,4628,93,1,1,0,3,2,1,3,      462809301
2023,4628,100,2,1,1,3,2,1,6,      462810002
2023,4628,131,1,1,1,3,1,1,3,      462813101
2023,4628,131,1,1,1,3,2,2,4,      462813101
2023,4629,37,1,1,3,0,1,1,3,      462903701
2023,4629,37,1,1,1,0,2,2,4,      462903701
2023,4629,84,1,1,3,0,1,1,3,      462908401
2023,4629,84,1,1,1,1,2,2,4,      462908401
2023,4629,108,1,1,1,0,1,1,3,      462910801
2023,4629,108,1,1,3,0,2,2,4,      462910801
2023,4632,9,1,1,1,1,2,1,3,      463200901
2023,4632,138,1,1,1,1,1,1,3,      463213801
2023,4632,138,1,1,1,1,2,2,4,      463213801
2023,4632,145,1,1,1,2,2,1,6,      463214501
2023,4633,108,1,2, , ,2,1,4,      463310801
2023,4633,118,1,1,1,1,1,1,5,      463311801
2023,4633,118,1,1,1,1,2,2,6,      463311801
2023,4634,2,1,1,2,2,2,1,4,      463400201
2023,4634,27,1,2, , ,2,1,3,      463402701
2023,4634,88,1,1,2,2,1,1,4,      463408801
2023,4634,88,1,1,1,2,2,2,5,      463408801
2023,4634,99,1,1,2,2,2,1,4,      463409901
2023,4634,132,1,1,0,2,1,1,6,      463413201
2023,4634,132,1,1,1,2,1,2,10,      463413201
2023,4634,132,1,1,0,2,2,3,12,      463413201
2023,4634,132,2,2, , ,2,1,3,      463413202
2023,4634,136,1,1,3,2,2,1,4,      463413601
2023,4634,169,1,1,2,2,1,1,4,      463416901
2023,4634,169,1,1,2,2,2,2,5,      463416901
2023,4636,23,1,1,3,2,2,1,4,      463602301
2023,4636,33,1,1,3,3,2,1,3,      463603301
2023,4636,75,1,1,1,3,2,1,4,      463607501
2023,4636,87,1,1,0,3,1,1,2,      463608701
2023,4636,87,1,1,0,3,2,2,3,      463608701
2023,4636,98,2,1,1,3,2,1,5,      463609802
2023,4637,52,1,1,0,3,2,1,2,      463705201
2023,4637,116,1,1,2,3,2,1,3,      463711601
2023,4637,128,1,1,0,2,2,1,3,      463712801
2023,4637,134,1,2, , ,2,1,5,      463713401
2023,4638,2,1,1,1,2,2,1,4,      463800201
2023,4638,3,1,1,1,2,1,1,6,      463800301
2023,4638,3,1,1,0,2,2,2,8,      463800301
2023,4638,12,1,1,1,3,2,1,4,      463801201
2023,4638,27,1,1,0,2,2,1,7,      463802701
2023,4638,101,1,1,1,2,2,1,3,      463810101
2023,4639,12,1,1,1,3,2,1,5,      463901201
2023,4639,50,1,1,0,3,2,1,4,      463905001
2023,4639,140,1,1,0,1,1,1,4,      463914001
2023,4639,140,1,1,2,98,2,2,5,      463914001
2023,4643,5,1,1,2,2,1,1,3,      464300501
2023,4643,5,1,1,1,2,2,2,4,      464300501
2023,4643,132,1,1,5,3,1,1,3,      464313201
2023,4643,132,1,1,4,3,2,2,4,      464313201
2023,4644,2,1,1,0,2,2,1,3,      464400201
2023,4644,17,1,1,0,1,2,1,3,      464401701
2023,4644,98,1,1,1,2,1,1,3,      464409801
2023,4644,98,1,1,0,2,2,2,4,      464409801
2023,4644,133,2,1,1,2,2,1,3,      464413302
2023,4644,133,3,1,2,2,2,1,3,      464413303
2023,4647,9,1,1,5,3,2,1,4,      464700901
2023,4647,46,1,1,1,3,1,1,3,      464704601
2023,4647,46,1,1,1,3,2,2,4,      464704601
2023,4647,59,1,2, , ,1,1,3,      464705901
2023,4647,59,1,2, , ,1,2,4,      464705901
2023,4647,59,1,2, , ,1,3,8,      464705901
2023,4647,59,1,2, , ,2,4,9,      464705901
2023,4647,94,1,1,1,2,2,1,2,      464709401
2023,4647,104,1,1,2,4,2,1,3,      464710401
2023,4647,109,1,1,0,4,2,1,4,      464710901
2023,4648,8,1,2, , ,1,1,4,      464800801
2023,4648,8,1,1,1,3,2,2,5,      464800801
2023,4648,15,1,2, , ,1,1,4,      464801501
2023,4648,15,1,2, , ,2,2,5,      464801501
2023,4648,52,1,1,98,3,1,1,3,      464805201
2023,4648,52,1,1,0,3,2,2,4,      464805201
2023,4648,66,1,1,0,3,1,1,2,      464806601
2023,4648,66,1,1,0,3,2,2,3,      464806601
2023,4648,72,1,1,3,3,2,1,4,      464807201
2023,4648,96,1,2, , ,1,1,3,      464809601
2023,4648,96,1,2, , ,2,2,4,      464809601
2023,4654,17,1,1,1,2,2,1,6,      465401701
2023,4654,28,1,1,2,2,1,1,3,      465402801
2023,4654,28,1,2, , ,2,2,4,      465402801
2023,4654,65,1,2, , ,2,1,5,      465406501
2023,4655,4,4,1,1,3,2,1,3,      465500404
2023,4655,4,5,2, , ,2,1,3,      465500405
2023,4655,41,1,1,3,3,1,1,3,      465504101
2023,4655,41,1,1,3,3,2,2,4,      465504101
2023,4655,60,1,2, , ,2,1,5,      465506001
2023,4655,82,1,1,1,2,1,1,6,      465508201
2023,4655,82,1,1,0,2,2,2,7,      465508201
2023,4655,93,1,2, , ,2,1,3,      465509301
2023,4662,5,1,1,0,2,2,1,8,      466200501
2023,4662,5,2,2, , ,1,1,4,      466200502
2023,4662,5,2,1,1,2,1,2,5,      466200502
2023,4662,5,2,1,1,2,1,3,6,      466200502
2023,4662,5,2,1,1,2,2,4,7,      466200502
2023,4662,64,1,1,1,1,2,1,4,      466206401
2023,4662,139,2,1,5,2,1,1,6,      466213902
2023,4662,139,2,1,2,2,2,2,9,      466213902
2023,4662,167,1,1,0,2,1,1,4,      466216701
2023,4662,167,1,1,0,2,1,2,5,      466216701
2023,4662,167,1,1,0,2,2,3,6,      466216701
2023,4663,8,1,2, , ,2,1,3,      466300801
2023,4663,46,1,2, , ,1,1,3,      466304601
2023,4663,46,1,1,1,4,2,2,5,      466304601
2023,4663,79,1,2, , ,2,1,3,      466307901
2023,4663,84,1,1,0,3,1,1,3,      466308401
2023,4663,84,1,1,0,3,2,2,4,      466308401
2023,4664,56,1,2, , ,2,1,7,      466405601
2023,4664,74,1,1,4,1,1,1,4,      466407401
2023,4664,74,1,1,0,1,2,2,5,      466407401
2023,4665,52,1,1,1,4,2,1,5,      466505201
2023,4666,6,1,1,1,2,1,1,3,      466600601
2023,4666,6,1,1,1,2,2,2,4,      466600601
2023,4666,35,1,1,2,0,1,1,5,      466603501
2023,4666,35,1,1,2,0,2,2,6,      466603501
2023,4666,37,1,1,8,2,1,1,5,      466603701
2023,4666,37,1,1,6,2,1,2,6,      466603701
2023,4666,37,1,1,0,2,2,3,7,      466603701
2023,4666,60,1,1,4,2,2,1,4,      466606001
2023,4666,72,1,1,3,2,1,1,3,      466607201
2023,4666,72,1,2, , ,2,2,4,      466607201
2023,4667,127,1,1,2,0,1,1,4,      466712701
2023,4667,127,1,1,1,0,2,2,5,      466712701
2023,4668,66,1,1,0,2,2,1,4,      466806601
2023,4668,111,1,1,0,3,2,1,7,      466811101
2023,4669,80,1,2, , ,1,1,3,      466908001
2023,4669,80,1,2, , ,2,2,4,      466908001
2023,4669,130,1,1,3,2,1,1,3,      466913001
2023,4669,130,1,1,0,2,2,2,4,      466913001
2023,4669,154,1,1,1,2,1,1,2,      466915401
2023,4669,154,1,1,0,1,2,2,3,      466915401
2023,4670,23,3,1,0,1,2,1,3,      467002303
2023,4670,49,1,1,3,2,1,1,4,      467004901
2023,4670,49,1,1,0,2,1,2,5,      467004901
2023,4670,49,1,1,2,2,1,3,7,      467004901
2023,4670,49,1,1,1,1,1,4,9,      467004901
2023,4670,49,1,1,1,1,1,5,10,      467004901
2023,4670,49,1,1,0,1,1,6,11,      467004901
2023,4670,49,1,1,0,1,2,7,12,      467004901
2023,4670,60,1,1,6,1,2,1,6,      467006001
2023,4670,77,1,1,1,1,2,1,5,      467007701
2023,4670,115,1,1,3,0,2,1,4,      467011501
2023,4670,130,1,1,1,0,2,1,7,      467013001
2023,4673,12,1,1,0,2,2,1,3,      467301201
2023,4675,74,1,1,0,2,2,1,3,      467507401
2023,4675,143,1,1,1,1,2,1,5,      467514301
2023,4677,26,1,1,8,3,1,1,4,      467702601
2023,4677,26,1,1,7,3,1,2,5,      467702601
2023,4677,26,1,1,0,3,2,3,6,      467702601
2023,4677,60,1,1,5,3,1,1,4,      467706001
2023,4677,60,1,1,4,3,1,2,5,      467706001
2023,4677,60,1,1,2,3,2,3,6,      467706001
2023,4677,90,1,2, , ,2,1,5,      467709001
2023,4678,17,1,1,4,0,2,1,3,      467801701
2023,4678,38,1,1,0,1,2,1,3,      467803801
2023,4678,49,1,1,6,0,2,1,3,      467804901
2023,4678,52,1,1,6,0,1,1,3,      467805201
2023,4678,52,1,1,2,0,1,2,4,      467805201
2023,4678,52,1,1,1,0,2,3,5,      467805201
2023,4678,60,1,2, , ,1,1,3,      467806001
2023,4678,60,1,1,1,0,2,2,4,      467806001
2023,4678,62,1,1,3,0,2,1,4,      467806201
2023,4679,9,1,1,1,1,2,1,3,      467900901
2023,4679,111,1,1,2,0,1,1,4,      467911101
2023,4679,111,1,1,2,0,1,2,8,      467911101
2023,4679,111,1,1,5,0,2,3,9,      467911101
2023,4679,121,1,1,1,0,2,1,3,      467912101
2023,4680,40,1,1,0,1,1,1,6,      468004001
2023,4680,40,1,1,0,1,2,2,7,      468004001
2023,4680,62,1,1,1,0,2,1,4,      468006201
2023,4680,103,1,2, , ,2,1,3,      468010301
2023,4680,135,1,1,5,0,2,1,2,      468013501
2023,4680,141,1,2, , ,1,1,5,      468014101
2023,4680,141,1,1,1,0,2,2,6,      468014101
2023,4681,6,1,1,1,3,2,1,3,      468100601
2023,4681,26,1,1,1,3,2,1,4,      468102601
2023,4681,31,1,1,6,3,1,1,5,      468103101
2023,4681,31,1,1,4,3,1,2,6,      468103101
2023,4681,31,1,1,1,3,1,3,7,      468103101
2023,4681,31,1,1,0,3,2,4,8,      468103101
2023,4681,48,1,1,3,3,2,1,4,      468104801
2023,4681,146,1,1,4,3,2,1,4,      468114601
2023,4682,13,1,1,1,2,2,1,6,      468201301
2023,4682,26,1,2, , ,1,1,5,      468202601
2023,4682,26,1,1,0,3,1,2,6,      468202601
2023,4682,26,1,1,0,3,2,3,7,      468202601
2023,4682,62,1,1,0,1,2,1,4,      468206201
2023,4682,73,1,1,2,2,2,1,4,      468207301
2023,4682,90,1,1,0,3,1,1,3,      468209001
2023,4682,90,1,1,0,3,2,2,4,      468209001
2023,4682,110,1,1,1,3,2,1,5,      468211001
2023,4683,3,1,1,0,1,2,1,3,      468300301
2023,4683,6,1,1,3,2,1,1,3,      468300601
2023,4683,6,1,1,1,2,2,2,4,      468300601
2023,4683,57,1,1,1,2,2,1,3,      468305701
2023,4683,82,1,1,1,1,2,1,2,      468308201
2023,4684,3,1,1,4,3,1,1,5,      468400301
2023,4684,3,1,1,1,4,2,2,6,      468400301
2023,4684,76,1,1,3,4,1,1,3,      468407601
2023,4684,76,1,1,0,4,2,2,4,      468407601
2023,4684,84,1,1,2,3,2,1,3,      468408401
2023,4685,22,1,1,1,0,2,1,3,      468502201
2023,4685,24,1,1,1,0,2,1,4,      468502401
2023,4685,36,1,1,7,0,1,1,3,      468503601
2023,4685,36,1,1,4,0,2,2,4,      468503601
2023,4685,109,1,1,1,0,2,1,5,      468510901
2023,4685,111,1,1,6,0,2,1,4,      468511101
2023,4686,17,1,1,2,2,2,1,4,      468601701
2023,4686,21,1,1,5,2,1,1,3,      468602101
2023,4686,21,1,1,1,2,2,2,4,      468602101
2023,4686,23,1,1,0,2,2,1,3,      468602301
2023,4686,32,1,1,0,2,2,1,3,      468603201
2023,4686,46,1,1,0,2,2,1,6,      468604601
2023,4686,50,1,1,6,2,1,1,2,      468605001
2023,4686,50,1,1,0,2,2,2,3,      468605001
2023,4686,51,1,1,1,2,2,1,3,      468605101
2023,4686,58,1,1,1,2,2,1,3,      468605801
2023,4686,59,1,1,5,2,1,1,3,      468605901
2023,4686,59,1,1,3,2,2,2,4,      468605901
2023,4686,63,1,1,3,2,2,1,3,      468606301
2023,4688,45,1,1,5,2,2,1,4,      468804501
2023,4688,91,1,1,2,3,2,1,3,      468809101
2023,4688,92,1,1,2,3,2,1,3,      468809201
2023,4690,41,1,1,2,0,2,1,4,      469004101
2023,4690,51,1,1,0,1,2,1,3,      469005101
2023,4690,63,2,1,8,1,1,1,3,      469006302
2023,4690,63,2,1,6,1,2,2,4,      469006302
2023,4690,121,1,1,0,1,2,1,6,      469012101
2023,4690,124,1,1,8,1,1,1,4,      469012401
2023,4690,124,1,1,4,1,2,2,5,      469012401
2023,4690,139,1,2, , ,2,1,5,      469013901
2023,4690,140,1,1,2,1,1,1,6,      469014001
2023,4690,140,1,1,0,1,1,2,7,      469014001
2023,4690,140,1,1,8,0,2,3,8,      469014001
2023,4690,152,1,1,3,1,2,1,4,      469015201
2023,4691,8,1,1,2,2,1,1,6,      469100801
2023,4691,8,1,1,0,2,2,2,7,      469100801
2023,4691,25,1,1,6,1,2,1,3,      469102501
2023,4691,25,2,1,98,2,1,1,4,      469102502
2023,4691,25,2,1,0,2,2,2,5,      469102502
2023,4691,62,1,1,3,2,1,1,3,      469106201
2023,4691,62,1,1,1,2,2,2,4,      469106201
2023,4691,119,1,1,0,2,2,1,4,      469111901
2023,4692,17,1,1,2,2,2,1,3,      469201701
2023,4692,31,1,1,0,1,2,1,3,      469203101
2023,4692,69,1,1,0,2,1,1,6,      469206901
2023,4692,69,1,1,7,2,2,2,7,      469206901
2023,4692,93,1,1,1,2,1,1,4,      469209301
2023,4692,93,1,1,4,2,2,2,9,      469209301
2023,4692,94,1,1,4,2,2,1,6,      469209401
2023,4692,133,1,1,8,2,2,1,5,      469213301
2023,4693,56,1,1,5,3,1,1,5,      469305601
2023,4693,56,1,1,1,3,2,2,6,      469305601
2023,4693,75,1,1,1,3,1,1,5,      469307501
2023,4693,75,1,1,1,3,2,2,6,      469307501
2023,4693,116,1,1,0,3,2,1,2,      469311601
2023,4693,149,1,1,6,2,1,1,8,      469314901
2023,4693,149,1,1,5,2,1,2,9,      469314901
2023,4693,149,1,1,4,2,1,3,10,      469314901
2023,4693,149,1,1,1,2,2,4,11,      469314901
2023,4694,6,1,2, , ,2,1,5,      469400601
2023,4695,6,1,1,6,2,2,1,2,      469500601
2023,4695,62,1,1,5,2,2,1,5,      469506201
2023,4695,116,1,1,1,3,2,1,3,      469511601
2023,4695,142,1,1,1,3,1,1,6,      469514201
2023,4695,142,1,1,1,3,2,2,7,      469514201
2023,4697,74,1,1,1,1,1,1,3,      469707401
2023,4697,74,1,1,1,2,2,2,4,      469707401
2023,4697,158,1,1,4,2,1,1,6,      469715801
2023,4697,158,1,1,0,2,1,2,7,      469715801
2023,4697,158,1,1,0,2,2,3,11,      469715801
2023,4697,163,1,1,0,3,1,1,6,      469716301
2023,4697,163,1,1,5,3,2,2,7,      469716301
2023,4697,166,1,1,5,3,1,1,4,      469716601
2023,4697,166,1,1,3,3,2,2,5,      469716601
2023,4697,172,1,1,0,1,2,1,2,      469717201
2023,4697,237,1,1,1,0,1,1,3,      469723701
2023,4697,237,1,1,1,2,2,2,4,      469723701
2023,4699,65,1,1,4,2,2,1,4,      469906501
2023,4699,108,1,1,0,2,2,1,3,      469910801
2023,4699,123,1,1,1,3,2,1,3,      469912301
2023,4699,171,1,1,0,3,2,1,5,      469917101
2023,4699,194,1,1,1,0,2,1,4,      469919401
2023,4699,251,1,1,0,2,2,1,4,      469925101
2023,4700,19,1,1,8,1,1,1,3,      470001901
2023,4700,19,1,1,5,1,2,2,4,      470001901
2023,4700,19,3,1,6,1,2,1,3,      470001903
2023,4700,33,1,1,1,1,2,1,6,      470003301
2023,4700,39,1,1,2,2,2,1,3,      470003901
2023,4700,47,1,1,7,2,1,1,6,      470004701
2023,4700,47,1,1,4,2,2,2,7,      470004701
2023,4700,53,1,1,1,2,2,1,4,      470005301
2023,4700,79,1,1,0,1,2,1,3,      470007901
2023,4700,85,1,1,6,1,1,1,3,      470008501
2023,4700,85,1,1,5,1,1,2,4,      470008501
2023,4700,85,1,1,3,1,2,3,5,      470008501
2023,4701,40,1,2, , ,2,1,4,      470104001
2023,4701,91,1,2, , ,2,1,3,      470109101
2023,4701,176,1,2, , ,2,1,4,      470117601
2023,4703,15,1,1,7,1,2,1,5,      470301501
2023,4703,15,2,1,1,1,2,1,2,      470301502
2023,4703,33,1,1,6,1,2,1,4,      470303301
2023,4703,69,1,1,5,1,1,1,5,      470306901
2023,4703,69,1,1,0,1,1,2,6,      470306901
2023,4703,69,1,1,5,1,2,3,9,      470306901
2023,4703,100,1,2, , ,1,1,3,      470310001
2023,4703,100,1,2, , ,2,2,4,      470310001
2023,4703,113,1,2, , ,2,1,3,      470311301
2023,4703,121,1,2, , ,2,1,4,      470312101
2023,4703,121,2,2, , ,2,1,3,      470312102
2023,4703,121,3,2, , ,2,1,3,      470312103
2023,4703,124,1,1,5,1,2,1,3,      470312401
2023,4703,127,1,2, , ,1,1,7,      470312701
2023,4703,127,1,2, , ,2,2,8,      470312701
2023,4703,144,1,1,7,1,2,1,5,      470314401
2023,4704,9,1,1,3,4,2,1,3,      470400901
2023,4704,49,1,1,1,2,2,1,3,      470404901
2023,4704,68,1,1,4,2,1,1,7,      470406801
2023,4704,68,1,1,0,2,2,2,8,      470406801
2023,4704,71,1,1,6,3,1,1,4,      470407101
2023,4704,71,1,1,5,3,1,2,5,      470407101
2023,4704,71,1,1,4,3,2,3,6,      470407101
2023,4704,73,1,1,3,1,1,1,3,      470407301
2023,4704,73,1,1,2,1,2,2,4,      470407301
2023,4704,86,1,1,4,4,2,1,3,      470408601
2023,4704,114,1,1,6,2,1,1,3,      470411401
2023,4704,114,1,1,3,2,1,2,4,      470411401
2023,4704,114,1,1,3,2,2,3,5,      470411401
2023,4704,116,1,1,8,3,1,1,4,      470411601
2023,4704,116,1,1,3,3,2,2,5,      470411601
2023,4704,140,1,1,4,2,2,1,3,      470414001
2023,4704,148,1,1,1,2,2,1,3,      470414801
2023,4704,152,1,1,4,3,1,1,3,      470415201
2023,4704,152,1,1,4,3,1,2,4,      470415201
2023,4704,152,1,1,1,3,2,3,5,      470415201
2023,4704,164,1,1,1,2,2,1,4,      470416401
2023,4705,2,1,1,1,5,2,1,3,      470500201
2023,4705,4,1,1,3,4,2,1,5,      470500401
2023,4705,6,1,1,2,4,1,1,2,      470500601
2023,4705,6,1,1,0,4,2,2,3,      470500601
2023,4705,7,1,1,1,6,2,1,4,      470500701
2023,4705,9,1,1,2,6,2,1,5,      470500901
2023,4705,10,1,1,5,4,1,1,5,      470501001
2023,4705,10,1,1,1,4,2,2,6,      470501001
2023,4705,35,1,1,3,6,2,1,3,      470503501
2023,4705,36,1,1,1,4,1,1,4,      470503601
2023,4705,36,1,1,0,4,2,2,5,      470503601
2023,4705,37,1,1,3,6,2,1,4,      470503701
2023,4705,38,1,1,7,4,1,1,6,      470503801
2023,4705,38,1,1,6,4,2,2,7,      470503801
2023,4705,39,1,1,1,6,2,1,3,      470503901
2023,4706,39,1,1,6,4,1,1,3,      470603901
2023,4706,39,1,1,2,4,2,2,4,      470603901
2023,4706,40,1,1,1,4,1,1,3,      470604001
2023,4706,40,1,1,7,4,2,2,7,      470604001
2023,4706,69,1,1,5,4,1,1,5,      470606901
2023,4706,69,1,1,2,4,1,2,6,      470606901
2023,4706,69,1,1,0,4,2,3,7,      470606901
2023,4706,70,1,1,6,4,1,1,4,      470607001
2023,4706,70,1,1,5,4,1,2,5,      470607001
2023,4706,70,1,1,1,4,1,3,6,      470607001
2023,4706,70,1,1,0,4,2,4,7,      470607001
2023,4706,77,1,1,4,4,1,1,3,      470607701
2023,4706,77,1,1,4,4,2,2,4,      470607701
2023,4706,79,1,1,3,4,1,1,4,      470607901
2023,4706,79,1,1,1,4,1,2,5,      470607901
2023,4706,79,1,1,6,4,2,3,6,      470607901
2023,4706,81,1,1,5,4,1,1,3,      470608101
2023,4706,81,1,1,2,4,2,2,4,      470608101
2023,4708,36,1,1,4,2,1,1,6,      470803601
2023,4708,36,1,1,2,2,1,2,7,      470803601
2023,4708,36,1,1,0,2,2,3,8,      470803601
2023,4708,38,1,1,1,1,2,1,5,      470803801
2023,4708,78,1,1,0,2,2,1,2,      470807801
2023,4708,79,1,1,0,2,2,1,3,      470807901
2023,4708,80,1,1,3,2,1,1,2,      470808001
2023,4708,80,1,1,1,2,2,2,3,      470808001
2023,4708,82,1,1,6,2,2,1,2,      470808201
2023,4708,89,1,1,8,2,2,1,5,      470808901
2023,4708,91,1,1,5,1,2,1,5,      470809101
2023,4709,9,1,2, , ,2,1,5,      470900901
2023,4709,16,1,1,3,0,2,1,6,      470901601
2023,4709,18,1,1,5,1,1,1,5,      470901801
2023,4709,18,1,1,0,1,2,2,6,      470901801
2023,4709,56,1,1,0,1,1,1,3,      470905601
2023,4709,56,1,2, , ,2,2,4,      470905601
2023,4709,82,1,1,1,1,2,1,4,      470908201
2023,4709,91,1,1,4,0,2,1,4,      470909101
2023,4710,12,1,1,5,6,2,1,3,      471001201
2023,4710,20,1,1,0,4,2,1,4,      471002001
2023,4710,93,1,1,5,4,2,1,5,      471009301
2023,4710,104,1,1,6,6,2,1,3,      471010401
2023,4711,23,1,1,1,1,2,1,4,      471102301
2023,4711,29,1,1,1,2,2,1,3,      471102901
2023,4711,35,1,1,3,1,2,1,4,      471103501
2023,4711,62,1,1,3,2,2,1,3,      471106201
2023,4711,72,1,1,1,2,2,1,5,      471107201
2023,4711,75,1,1,1,2,2,1,2,      471107501
2023,4712,21,1,1,0,3,2,1,3,      471202101
2023,4712,45,1,1,1,2,2,1,3,      471204501
2023,4712,53,1,1,8,2,1,1,3,      471205301
2023,4712,53,1,1,7,2,1,2,4,      471205301
2023,4712,53,1,1,4,2,2,3,5,      471205301
2023,4712,77,1,1,5,2,1,1,3,      471207701
2023,4712,77,1,1,1,2,2,2,4,      471207701
2023,4712,121,1,2, , ,1,1,4,      471212101
2023,4712,121,1,2, , ,2,2,5,      471212101
2023,4713,13,1,1,1,3,1,1,4,      471301301
2023,4713,13,1,1,0,3,2,2,5,      471301301
2023,4713,33,1,1,4,3,2,1,3,      471303301
2023,4713,40,1,1,3,3,1,1,3,      471304001
2023,4713,40,1,1,0,2,2,2,4,      471304001
2023,4714,28,1,1,4,3,2,1,3,      471402801
2023,4714,75,1,1,5,3,1,1,3,      471407501
2023,4714,75,1,1,0,3,2,2,4,      471407501
2023,4714,84,1,1,0,2,2,1,2,      471408401
2023,4714,90,1,1,6,2,2,1,5,      471409001
2023,4715,22,1,1,2,1,2,1,2,      471502201
2023,4715,24,1,1,4,2,2,1,4,      471502401
2023,4715,46,1,2, , ,2,1,3,      471504601
2023,4716,29,1,1,3,1,2,1,5,      471602901
2023,4716,35,1,1,5,1,2,1,5,      471603501
2023,4716,67,1,2, , ,2,1,5,      471606701
2023,4716,68,1,1,5,1,2,1,5,      471606801
2023,4716,79,1,2, , ,2,1,3,      471607901
2023,4717,39,1,1,2,3,2,1,2,      471703901
2023,4717,47,1,1,0,1,2,1,2,      471704701
2023,4717,48,1,1,6,3,1,1,9,      471704801
2023,4717,48,1,1,2,0,2,2,10,      471704801
2023,4718,29,1,1,5,3,1,1,4,      471802901
2023,4718,29,1,1,0,3,2,2,6,      471802901
2023,4718,37,1,1,7,2,1,1,4,      471803701
2023,4718,37,1,1,1,3,2,2,5,      471803701
2023,4718,41,1,1,1,3,2,1,3,      471804101
2023,4718,51,1,1,2,3,2,1,3,      471805101
2023,4719,2,1,1,3,4,2,1,3,      471900201
2023,4719,12,1,1,0,4,2,1,3,      471901201
2023,4719,19,1,1,5,4,1,1,3,      471901901
2023,4719,19,1,1,1,4,2,2,4,      471901901
2023,4719,47,1,1,1,3,2,1,3,      471904701
2023,4719,77,1,1,1,4,1,1,3,      471907701
2023,4719,77,1,1,0,4,2,2,4,      471907701
2023,4719,83,1,1,7,7,2,1,2,      471908301
2023,4719,87,1,1,1,4,2,1,5,      471908701
2023,4720,42,1,1,2,0,2,1,4,      472004201
2023,4720,52,1,2, , ,2,1,3,      472005201
2023,4720,57,1,1,3,0,1,1,3,      472005701
2023,4720,57,1,1,1,0,2,2,4,      472005701
2023,4720,91,1,1,2,0,2,1,4,      472009101
2023,4720,105,1,2, , ,2,1,2,      472010501
2023,4721,32,1,1,4,2,1,1,3,      472103201
2023,4721,32,1,1,6,2,2,2,6,      472103201
2023,4721,37,1,2, , ,1,1,4,      472103701
2023,4721,37,1,1,0,2,2,2,5,      472103701
2023,4721,64,1,1,1,2,2,1,4,      472106401
2023,4721,65,1,1,4,2,2,1,3,      472106501
2023,4721,67,1,1,1,2,2,1,3,      472106701
2023,4722,8,1,1,0,2,2,1,3,      472200801
2023,4722,20,1,1,7,3,1,1,3,      472202001
2023,4722,20,1,1,4,3,1,2,4,      472202001
2023,4722,20,1,1,1,3,2,3,5,      472202001
2023,4722,24,1,1,4,3,2,1,3,      472202401
2023,4722,41,1,1,1,3,2,1,5,      472204101
2023,4722,77,1,1,7,3,1,1,3,      472207701
2023,4722,77,1,1,0,3,2,2,4,      472207701
2023,4722,82,1,1,4,3,1,1,4,      472208201
2023,4722,82,1,1,3,3,2,2,5,      472208201
2023,4723,5,1,1,1,2,2,1,3,      472300501
2023,4723,8,1,1,4,2,2,1,4,      472300801
2023,4723,10,1,1,2,2,2,1,3,      472301001
2023,4723,13,1,1,0,2,2,1,3,      472301301
2023,4723,14,1,1,5,2,2,1,2,      472301401
2023,4723,15,1,1,1,2,2,1,4,      472301501
2023,4723,19,1,1,4,2,2,1,4,      472301901
2023,4723,22,1,1,2,2,2,1,5,      472302201
2023,4724,22,1,1,2,2,2,1,3,      472402201
2023,4725,41,1,1,4,3,2,1,2,      472504101
2023,4725,42,1,1,6,98,2,1,4,      472504201
2023,4725,43,1,1,3,3,2,1,4,      472504301
2023,4725,44,1,1,6,3,1,1,3,      472504401
2023,4725,44,1,1,0,3,2,2,4,      472504401
2023,4725,71,1,1,5,3,2,1,4,      472507101
2023,4725,72,1,1,3,3,1,1,3,      472507201
2023,4725,72,1,1,1,3,1,2,4,      472507201
2023,4725,72,1,1,0,3,1,3,5,      472507201
2023,4725,72,1,1,2,3,2,4,6,      472507201
2023,4726,12,1,1,0,1,2,1,3,      472601201
2023,4726,13,1,1,0,3,1,1,3,      472601301
2023,4726,13,1,1,6,3,2,2,4,      472601301
2023,4726,15,1,1,5,3,1,1,3,      472601501
2023,4726,15,1,1,3,3,2,2,4,      472601501
2023,4726,136,1,1,4,1,1,1,3,      472613601
2023,4726,136,1,1,0,1,2,2,4,      472613601
2023,4726,139,1,1,6,3,1,1,4,      472613901
2023,4726,139,1,1,5,3,2,2,5,      472613901
2023,4726,171,1,1,7,3,2,1,4,      472617101
2023,4726,172,1,1,0,3,2,1,3,      472617201
2023,4726,173,1,1,2,3,2,1,4,      472617301
2023,4727,17,1,1,1,2,2,1,3,      472701701
2023,4727,46,1,1,5,4,1,1,2,      472704601
2023,4727,46,1,1,2,4,1,2,3,      472704601
2023,4727,46,1,1,0,4,2,3,4,      472704601
2023,4727,56,1,1,1,4,2,1,5,      472705601
2023,4727,59,1,1,5,4,2,1,3,      472705901
2023,4727,76,1,1,1,3,2,1,2,      472707601
2023,4727,80,1,1,2,4,2,1,3,      472708001
2023,4727,86,1,1,3,4,2,1,3,      472708601
2023,4728,6,1,2, , ,2,1,3,      472800601
2023,4728,14,1,1,2,0,2,1,3,      472801401
2023,4728,34,1,1,3,0,1,1,3,      472803401
2023,4728,34,1,1,2,0,2,2,4,      472803401
2023,4728,51,1,1,3,0,2,1,3,      472805101
2023,4728,73,1,1,1,0,2,1,4,      472807301
2023,4728,76,1,1,0,1,2,1,5,      472807601
2023,4733,12,1,1,6,5,2,1,3,      473301201
2023,4733,59,1,1,2,5,2,1,3,      473305901
2023,4733,63,1,1,3,2,1,1,3,      473306301
2023,4733,63,1,1,1,2,2,2,4,      473306301
2023,4733,65,1,1,1,5,2,1,5,      473306501
2023,4733,85,1,1,8,5,1,1,5,      473308501
2023,4733,85,1,1,1,5,2,2,6,      473308501
2023,4734,11,1,1,5,1,2,1,3,      473401101
2023,4734,24,1,1,1,1,2,1,3,      473402401
2023,4734,39,1,1,7,1,2,1,4,      473403901
2023,4734,82,1,1,4,2,2,1,3,      473408201
2023,4735,8,1,1,5,5,2,1,3,      473500801
2023,4735,9,1,1,8,2,1,1,3,      473500901
2023,4735,9,1,1,5,2,1,2,4,      473500901
2023,4735,9,1,1,1,2,2,3,5,      473500901
2023,4735,24,1,1,7,5,1,1,2,      473502401
2023,4735,24,1,1,5,5,1,2,3,      473502401
2023,4735,24,1,1,2,5,2,3,4,      473502401
2023,4735,48,1,1,0,5,2,1,5,      473504801
2023,4735,53,1,1,2,0,2,1,6,      473505301
2023,4735,59,1,1,4,3,1,1,3,      473505901
2023,4735,59,1,1,3,3,1,2,4,      473505901
2023,4735,59,1,1,2,3,1,3,5,      473505901
2023,4735,59,1,1,0,2,2,4,6,      473505901
2023,4735,64,1,1,1,5,2,1,3,      473506401
2023,4736,19,1,1,1,2,1,1,3,      473601901
2023,4736,19,1,1,0,1,2,2,4,      473601901
2023,4736,23,1,1,0,2,2,1,3,      473602301
2023,4736,56,1,1,0,1,2,1,3,      473605601
2023,4736,68,1,1,2,1,2,1,3,      473606801
2023,4736,83,1,1,4,2,1,1,3,      473608301
2023,4736,83,1,1,2,2,1,2,4,      473608301
2023,4736,83,1,1,0,2,2,3,5,      473608301
2023,4736,101,1,1,1,2,2,1,2,      473610101
2023,4736,105,1,1,2,3,1,1,3,      473610501
2023,4736,105,1,1,1,3,2,2,4,      473610501
2023,4737,2,1,1,2,2,1,1,3,      473700201
2023,4737,2,1,1,1,2,2,2,4,      473700201
2023,4737,50,1,1,3,2,1,1,3,      473705001
2023,4737,50,1,1,1,2,2,2,4,      473705001
2023,4737,71,1,1,0,5,2,1,3,      473707101
2023,4737,81,1,1,0,5,2,1,7,      473708101
2023,4737,95,1,1,1,2,1,1,3,      473709501
2023,4737,95,1,1,7,2,1,2,4,      473709501
2023,4737,95,1,1,5,2,2,3,5,      473709501
2023,4738,4,1,1,0,1,2,1,3,      473800401
2023,4738,14,1,1,2,1,2,1,4,      473801401
2023,4738,31,1,1,1,3,1,1,2,      473803101
2023,4738,31,1,1,1,3,2,2,3,      473803101
2023,4738,38,1,1,4,1,1,1,2,      473803801
2023,4738,38,1,1,0,1,2,2,3,      473803801
2023,4738,46,1,1,4,1,1,1,4,      473804601
2023,4738,46,1,1,4,1,2,2,5,      473804601
2023,4738,72,1,1,4,1,1,1,3,      473807201
2023,4738,72,1,1,1,1,2,2,4,      473807201
2023,4739,14,1,1,0,6,2,1,4,      473901401
2023,4739,26,1,1,1,2,1,1,2,      473902601
2023,4739,26,1,1,0,1,2,2,3,      473902601
2023,4740,54,1,1,0,1,2,1,4,      474005401
2023,4740,62,1,1,1,1,2,1,5,      474006201
2023,4740,77,1,1,0,1,2,1,3,      474007701
2023,4740,96,1,1,5,1,1,1,3,      474009601
2023,4740,96,1,1,3,1,2,2,4,      474009601
2023,4741,15,1,1,4,2,1,1,4,      474101501
2023,4741,15,1,1,1,1,2,2,5,      474101501
2023,4741,28,1,1,2,1,1,1,3,      474102801
2023,4741,28,1,1,2,1,2,2,4,      474102801
2023,4741,62,1,1,1,1,2,1,5,      474106201
2023,4741,69,1,1,8,2,1,1,3,      474106901
2023,4741,69,1,1,1,2,2,2,4,      474106901
2023,4741,70,1,1,0,1,2,1,3,      474107001
2023,4742,38,1,1,6,1,1,1,4,      474203801
2023,4742,38,1,1,6,1,1,2,5,      474203801
2023,4742,38,1,1,1,1,2,3,6,      474203801
2023,4742,49,1,1,5,1,2,1,3,      474204901
2023,4742,50,1,1,5,0,1,1,4,      474205001
2023,4742,50,1,1,2,0,2,2,5,      474205001
2023,4742,76,1,1,1,3,1,1,4,      474207601
2023,4742,76,1,1,0,3,2,2,5,      474207601
2023,4742,88,1,1,1,1,2,1,4,      474208801
2023,4742,97,1,1,1,3,2,1,4,      474209701
2023,4742,98,1,1,4,1,1,1,3,      474209801
2023,4742,98,1,1,3,1,2,2,4,      474209801
2023,4744,14,1,1,4,3,2,1,2,      474401401
2023,4744,18,1,1,3,3,2,1,3,      474401801
2023,4744,107,1,1,6,3,2,1,3,      474410701
2023,4744,136,1,1,3,3,2,1,6,      474413601
2023,4746,2,1,1,6,2,1,1,3,      474600201
2023,4746,2,1,1,2,2,1,2,4,      474600201
2023,4746,2,1,1,2,2,2,3,5,      474600201
2023,4746,16,1,1,2,1,1,1,5,      474601601
2023,4746,16,1,1,1,1,2,2,6,      474601601
2023,4746,23,1,1,2,1,2,1,3,      474602301
2023,4746,33,1,1,4,1,2,1,6,      474603301
2023,4746,39,1,1,3,1,1,1,3,      474603901
2023,4746,39,1,1,1,1,2,2,4,      474603901
2023,4749,20,1,1,4,4,2,1,2,      474902001
2023,4749,50,1,1,6,2,1,1,3,      474905001
2023,4749,50,1,1,3,2,2,2,4,      474905001
2023,4749,58,1,1,4,4,1,1,3,      474905801
2023,4749,58,1,1,2,4,2,2,4,      474905801
2023,4749,71,1,1,0,3,2,1,4,      474907101
2023,4750,2,1,1,2,0,2,1,6,      475000201
2023,4751,29,1,1,7,3,1,1,4,      475102901
2023,4751,29,1,1,1,3,2,2,5,      475102901
2023,4751,44,1,1,3,0,1,1,3,      475104401
2023,4751,44,1,1,1,0,2,2,4,      475104401
2023,4751,75,1,1,7,4,2,1,5,      475107501
2023,4751,88,1,1,4,4,1,1,4,      475108801
2023,4751,88,1,1,0,4,2,2,5,      475108801
2023,4752,50,1,1,5,2,2,1,3,      475205001
2023,4752,52,1,1,1,2,2,1,3,      475205201
2023,4752,66,1,1,0,2,2,1,4,      475206601
2023,4752,116,1,1,0,2,2,1,4,      475211601
2023,4753,58,1,1,4,1,1,1,2,      475305801
2023,4753,58,1,1,3,1,1,2,3,      475305801
2023,4753,58,1,1,1,1,2,3,4,      475305801
2023,4753,62,1,1,5,1,2,1,3,      475306201
2023,4753,64,1,1,2,1,2,1,4,      475306401
2023,4753,72,1,1,4,1,1,1,3,      475307201
2023,4753,72,1,1,2,1,1,2,4,      475307201
2023,4753,72,1,1,1,1,2,3,6,      475307201
2023,4754,6,1,1,3,3,2,1,2,      475400601
2023,4754,44,1,2, , ,2,1,3,      475404401
2023,4754,47,1,1,1,0,2,1,3,      475404701
2023,4756,4,1,1,5,3,1,1,3,      475600401
2023,4756,4,1,1,2,3,2,2,4,      475600401
2023,4756,18,1,1,5,4,1,1,4,      475601801
2023,4756,18,1,1,3,4,1,2,5,      475601801
2023,4756,18,1,1,2,4,2,3,6,      475601801
2023,4756,19,1,1,4,3,2,1,3,      475601901
2023,4756,27,1,1,1,4,2,1,4,      475602701
2023,4756,41,1,1,2,4,2,1,2,      475604101
2023,4756,58,1,1,2,4,2,1,3,      475605801
2023,4757,3,1,1,3,2,1,1,3,      475700301
2023,4757,3,1,1,0,2,2,2,4,      475700301
2023,4757,12,1,1,3,0,1,1,3,      475701201
2023,4757,12,1,1,3,0,2,2,4,      475701201
2023,4757,27,1,1,0,2,2,1,4,      475702701
2023,4757,44,1,1,7,2,2,1,4,      475704401
2023,4757,55,1,1,5,4,1,1,3,      475705501
2023,4757,55,1,1,0,3,2,2,4,      475705501
2023,4757,102,1,1,0,2,2,1,4,      475710201
2023,4758,41,1,1,5,0,2,1,3,      475804101
2023,4758,96,1,1,5,0,1,1,3,      475809601
2023,4758,96,1,2, , ,2,2,4,      475809601
2023,4759,42,1,1,4,5,2,1,6,      475904201
2023,4759,80,1,1,1,1,2,1,4,      475908001
2023,4759,108,1,1,4,5,1,1,3,      475910801
2023,4759,108,1,1,3,4,1,2,4,      475910801
2023,4759,108,1,1,1,3,2,3,7,      475910801
2023,4759,116,1,1,2,4,2,1,3,      475911601
2023,4759,136,1,1,6,1,2,1,2,      475913601
2023,4760,31,1,1,6,2,2,1,4,      476003101
2023,4760,62,1,1,3,1,2,1,4,      476006201
2023,4760,80,1,1,8,2,1,1,4,      476008001
2023,4760,80,1,1,6,2,2,2,5,      476008001
2023,4761,6,1,1,4,5,1,1,3,      476100601
2023,4761,6,1,2, , ,2,2,4,      476100601
2023,4761,7,1,1,3,2,1,1,2,      476100701
2023,4761,7,1,2, , ,2,2,3,      476100701
2023,4761,93,1,1,5,3,1,1,3,      476109301
2023,4761,93,1,1,0,3,2,2,4,      476109301
2023,4761,95,1,1,6,3,1,1,4,      476109501
2023,4761,95,1,1,4,3,2,2,5,      476109501
2023,4761,96,1,1,4,2,1,1,3,      476109601
2023,4761,96,1,1,9,2,2,2,5,      476109601
2023,4761,97,1,1,0,3,1,1,3,      476109701
2023,4761,97,1,1,2,3,2,2,4,      476109701
2023,4761,110,1,1,6,2,1,1,2,      476111001
2023,4761,110,1,1,1,2,2,2,3,      476111001
2023,4761,111,1,1,3,3,2,1,3,      476111101
2023,4761,112,1,1,3,2,2,1,3,      476111201
2023,4762,11,1,1,5,4,1,1,4,      476201101
2023,4762,11,1,1,4,3,2,2,5,      476201101
2023,4762,12,1,1,4,1,1,1,3,      476201201
2023,4762,12,1,1,6,1,2,2,4,      476201201
2023,4762,13,1,1,0,3,2,1,3,      476201301
2023,4762,14,1,1,2,1,2,1,3,      476201401
2023,4762,18,1,1,5,0,1,1,5,      476201801
2023,4762,18,1,1,6,0,1,2,6,      476201801
2023,4762,18,1,1,4,0,2,3,7,      476201801
2023,4762,22,1,1,5,1,2,1,4,      476202201
2023,4762,42,1,1,6,3,2,1,3,      476204201
2023,4762,44,1,1,5,4,1,1,3,      476204401
2023,4762,44,1,1,1,4,2,2,4,      476204401
2023,4763,45,1,1,1,1,1,1,4,      476304501
2023,4763,45,1,1,1,1,1,2,6,      476304501
2023,4763,45,1,1,1,1,2,3,8,      476304501
2023,4763,54,1,1,1,1,2,1,5,      476305401
2023,4763,55,1,1,5,0,1,1,3,      476305501
2023,4763,55,1,1,0,1,2,2,4,      476305501
2023,4763,84,1,1,2,1,1,1,3,      476308401
2023,4763,84,1,1,1,1,2,2,4,      476308401
2023,4763,120,1,1,4,1,1,1,2,      476312001
2023,4763,120,1,1,0,1,2,2,3,      476312001
2023,4763,122,1,1,4,1,1,1,3,      476312201
2023,4763,122,1,1,1,1,2,2,4,      476312201
2023,4763,123,1,1,7,1,2,1,3,      476312301
2023,4764,7,1,1,3,4,2,1,3,      476400701
2023,4764,8,1,1,0,4,2,1,3,      476400801
2023,4764,20,1,1,4,4,1,1,3,      476402001
2023,4764,20,1,1,7,4,2,2,4,      476402001
2023,4764,21,1,1,5,4,1,1,3,      476402101
2023,4764,21,1,1,3,4,2,2,4,      476402101
2023,4764,22,1,1,0,4,2,1,3,      476402201
2023,4764,25,1,1,3,4,2,1,5,      476402501
2023,4764,80,1,1,7,4,1,1,3,      476408001
2023,4764,80,1,1,4,4,2,2,4,      476408001
2023,4765,2,1,2, , ,2,1,3,      476500201
2023,4765,25,1,1,0,4,2,1,4,      476502501
2023,4765,27,1,1,3,2,2,1,3,      476502701
2023,4765,28,1,1,5,2,1,1,2,      476502801
2023,4765,28,1,1,0,1,2,2,3,      476502801
2023,4765,76,1,1,3,4,2,1,6,      476507601
2023,4765,77,1,1,6,3,1,1,3,      476507701
2023,4765,77,1,1,0,3,2,2,4,      476507701
2023,4766,6,1,2, , ,2,1,5,      476600601
2023,4766,19,1,2, , ,2,1,3,      476601901
2023,4766,22,1,2, , ,2,1,3,      476602201
2023,4766,34,1,2, , ,2,1,4,      476603401
2023,4766,59,1,1,2,1,1,1,3,      476605901
2023,4766,59,1,1,1,1,2,2,4,      476605901
2023,4766,98,1,2, , ,2,1,4,      476609801
2023,4767,40,1,1,8,3,1,1,3,      476704001
2023,4767,40,1,1,5,3,1,2,4,      476704001
2023,4767,40,1,1,0,3,2,3,5,      476704001
2023,4767,68,1,1,5,3,1,1,4,      476706801
2023,4767,68,1,1,4,3,1,2,5,      476706801
2023,4767,68,1,2, , ,1,3,8,      476706801
2023,4767,68,1,2, , ,2,4,9,      476706801
2023,4767,72,1,1,2,3,1,1,3,      476707201
2023,4767,72,1,1,2,3,1,2,4,      476707201
2023,4767,72,1,1,0,3,2,3,5,      476707201
2023,4767,79,1,1,0,2,1,1,4,      476707901
2023,4767,79,1,1,0,2,2,2,5,      476707901
2023,4767,79,2,1,0,3,2,1,3,      476707902
2023,4769,4,1,1,3,1,2,1,3,      476900401
2023,4769,43,1,2, , ,1,1,3,      476904301
2023,4769,43,1,1,0,1,2,2,4,      476904301
2023,4769,72,1,1,1,1,2,1,3,      476907201
2023,4769,92,1,1,3,1,2,1,3,      476909201
2023,4769,100,1,1,6,1,2,1,3,      476910001
2023,4769,129,1,1,1,1,2,1,3,      476912901
2023,4771,17,1,1,7,3,1,1,4,      477101701
2023,4771,17,1,1,3,3,1,2,5,      477101701
2023,4771,17,1,1,0,3,2,3,6,      477101701
2023,4774,59,1,2, , ,2,1,3,      477405901
2023,4774,68,1,1,0,3,2,1,7,      477406801
2023,4774,70,1,1,1,3,2,1,5,      477407001
2023,4774,149,1,1,4,3,2,1,3,      477414901
2023,4777,8,1,1,4,98,1,1,3,      477700801
2023,4777,8,1,1,0,98,2,2,4,      477700801
2023,4777,47,1,1,7,2,1,1,2,      477704701
2023,4777,47,1,1,4,2,2,2,3,      477704701
2023,4777,61,1,1,0,2,2,1,4,      477706101
2023,4777,69,1,1,5,3,2,1,5,      477706901
2023,4777,74,1,1,3,3,1,1,3,      477707401
2023,4777,74,1,1,0,3,2,2,4,      477707401
2023,4777,78,1,1,0,3,2,1,3,      477707801
2023,4778,2,1,1,4,2,1,1,3,      477800201
2023,4778,2,1,1,3,2,1,2,4,      477800201
2023,4778,2,1,1,2,2,2,3,5,      477800201
2023,4778,7,1,1,2,2,1,1,3,      477800701
2023,4778,7,1,1,1,2,2,2,4,      477800701
2023,4778,10,1,1,4,1,2,1,5,      477801001
2023,4778,77,1,1,5,2,2,1,6,      477807701
2023,4778,136,1,1,3,2,1,1,4,      477813601
2023,4778,136,1,1,3,2,1,2,5,      477813601
2023,4778,136,1,1,3,2,2,3,6,      477813601
2023,4778,139,1,1,8,2,1,1,4,      477813901
2023,4778,139,1,1,5,2,2,2,5,      477813901
2023,4778,150,1,1,3,1,2,1,5,      477815001
2023,4779,5,1,2, , ,2,1,5,      477900501
2023,4779,17,1,2, , ,2,1,5,      477901701
2023,4779,41,1,2, , ,1,1,3,      477904101
2023,4779,41,1,2, , ,2,2,4,      477904101
2023,4779,44,1,2, , ,2,1,3,      477904401
2023,4779,51,1,2, , ,1,1,5,      477905101
2023,4779,51,1,2, , ,2,2,6,      477905101
2023,4779,52,1,2, , ,2,1,3,      477905201
2023,4779,56,1,2, , ,2,1,3,      477905601
2023,4779,71,1,2, , ,1,1,6,      477907101
2023,4779,71,1,2, , ,2,2,7,      477907101
2023,4780,3,1,1,7,3,1,1,4,      478000301
2023,4780,3,1,1,4,3,1,2,5,      478000301
2023,4780,3,1,1,3,3,2,3,6,      478000301
2023,4780,10,1,1,7,3,2,1,4,      478001001
2023,4780,19,1,1,1,3,2,1,3,      478001901
2023,4780,24,1,1,1,3,2,1,3,      478002401
2023,4780,57,1,1,6,3,1,1,3,      478005701
2023,4780,57,1,1,1,3,2,2,4,      478005701
2023,4780,58,1,1,1,3,2,1,4,      478005801
2023,4780,67,1,1,7,3,1,1,4,      478006701
2023,4780,67,1,1,0,3,2,2,5,      478006701
2023,4781,31,1,1,1,2,2,1,3,      478103101
2023,4781,87,2,1,2,2,1,1,4,      478108702
2023,4781,87,2,1,0,2,2,2,5,      478108702
2023,4781,99,1,1,1,2,2,1,3,      478109901
2023,4783,20,2,1,0,2,1,1,3,      478302002
2023,4783,20,2,1,4,2,2,2,4,      478302002
2023,4783,71,1,1,1,3,2,1,4,      478307101
2023,4783,72,1,1,3,2,1,1,4,      478307201
2023,4783,72,1,1,1,2,2,2,7,      478307201
2023,4783,74,1,1,1,3,2,1,3,      478307401
2023,4783,75,1,1,1,2,2,1,3,      478307501
2023,4783,181,1,1,1,2,2,1,3,      478318101
2023,4783,182,1,1,4,2,2,1,2,      478318201
2023,4783,185,1,1,0,3,2,1,3,      478318501
2023,4784,2,1,1,3,3,1,1,4,      478400201
2023,4784,2,1,1,1,3,2,2,5,      478400201
2023,4784,4,1,1,2,3,1,1,3,      478400401
2023,4784,4,1,1,1,3,2,2,4,      478400401
2023,4784,41,1,1,7,3,1,1,5,      478404101
2023,4784,41,1,1,6,3,1,2,6,      478404101
2023,4784,41,1,1,4,3,2,3,7,      478404101
2023,4784,43,1,1,8,1,1,1,4,      478404301
2023,4784,43,1,1,6,1,2,2,5,      478404301
2023,4784,45,1,1,2,1,1,1,5,      478404501
2023,4784,45,1,1,3,1,2,2,6,      478404501
2023,4784,64,1,1,7,1,1,1,5,      478406401
2023,4784,64,1,1,0,1,2,2,6,      478406401
2023,4784,68,1,1,0,2,2,1,5,      478406801
2023,4784,75,1,1,1,3,2,1,3,      478407501
2023,4785,16,1,1,6,3,1,1,5,      478501601
2023,4785,16,1,1,4,3,1,2,6,      478501601
2023,4785,16,1,1,1,3,1,3,7,      478501601
2023,4785,16,1,1,0,3,1,4,8,      478501601
2023,4785,16,1,1,0,3,2,5,9,      478501601
2023,4785,18,1,1,4,4,1,1,3,      478501801
2023,4785,18,1,1,0,4,2,2,4,      478501801
2023,4785,19,1,1,0,4,2,1,3,      478501901
2023,4785,49,1,1,2,3,1,1,3,      478504901
2023,4785,49,1,1,1,3,1,2,4,      478504901
2023,4785,49,1,1,1,3,2,3,5,      478504901
2023,4785,52,1,1,0,4,2,1,3,      478505201
2023,4785,53,1,1,1,4,2,1,3,      478505301
2023,4785,140,1,1,2,4,2,1,3,      478514001
2023,4785,142,1,1,5,4,1,1,3,      478514201
2023,4785,142,1,1,1,4,1,2,4,      478514201
2023,4785,142,1,1,0,4,2,3,5,      478514201
2023,4785,143,1,1,8,4,1,1,4,      478514301
2023,4785,143,1,1,5,4,2,2,5,      478514301
2023,4785,144,1,1,1,4,2,1,3,      478514401
2023,4787,38,1,1,2,3,2,1,3,      478703801
2023,4787,101,1,1,0,3,2,1,2,      478710101
2023,4788,30,1,1,3,1,1,1,3,      478803001
2023,4788,30,1,1,2,1,2,2,4,      478803001
2023,4788,34,1,1,0,1,2,1,2,      478803401
2023,4788,47,1,1,3,1,2,1,3,      478804701
2023,4788,56,1,1,8,1,2,1,4,      478805601
2023,4788,77,1,1,0,1,2,1,4,      478807701
2023,4788,81,1,1,8,1,1,1,3,      478808101
2023,4788,81,1,1,2,1,2,2,4,      478808101
2023,4789,12,1,1,6,4,2,1,3,      478901201
2023,4789,28,1,1,2,4,2,1,3,      478902801
2023,4789,36,1,1,5,4,1,1,3,      478903601
2023,4789,36,1,1,0,4,2,2,4,      478903601
2023,4789,69,1,1,7,4,1,1,2,      478906901
2023,4789,69,1,1,2,4,2,2,3,      478906901
2023,4790,12,1,1,7,4,1,1,2,      479001201
2023,4790,12,1,1,1,4,2,2,3,      479001201
2023,4790,33,1,1,0,4,2,1,3,      479003301
2023,4790,45,1,1,7,3,2,1,7,      479004501
2023,4790,57,1,1,7,4,1,1,3,      479005701
2023,4790,57,1,1,0,4,2,2,4,      479005701
2023,4790,69,1,1,4,4,2,1,3,      479006901
2023,4790,107,1,1,0,4,2,1,2,      479010701
2023,4790,111,1,1,3,4,1,1,3,      479011101
2023,4790,111,1,1,0,4,2,2,4,      479011101
2023,4791,42,1,1,7,3,1,1,2,      479104201
2023,4791,42,1,1,2,3,2,2,3,      479104201
2023,4791,43,1,1,5,3,1,1,3,      479104301
2023,4791,43,1,1,3,3,2,2,4,      479104301
2023,4791,71,1,1,8,3,1,1,3,      479107101
2023,4791,71,1,1,4,3,2,2,4,      479107101
2023,4791,74,1,1,0,2,2,1,3,      479107401
2023,4792,23,1,1,8,2,1,1,3,      479202301
2023,4792,23,1,1,8,2,2,2,4,      479202301
2023,4792,40,1,1,5,2,1,1,4,      479204001
2023,4792,40,1,1,1,2,2,2,5,      479204001
2023,4792,42,1,1,4,2,1,1,4,      479204201
2023,4792,42,1,1,0,2,2,2,5,      479204201
2023,4792,57,1,1,0,2,2,1,5,      479205701
2023,4792,64,1,1,5,2,2,1,4,      479206401
2023,4792,79,1,1,8,2,1,1,2,      479207901
2023,4792,79,1,1,0,1,2,2,3,      479207901
2023,4793,7,1,1,7,1,1,1,3,      479300701
2023,4793,7,1,1,3,1,1,2,4,      479300701
2023,4793,7,1,1,0,1,2,3,5,      479300701
2023,4793,31,1,1,1,2,2,1,5,      479303101
2023,4793,35,1,1,2,2,2,1,3,      479303501
2023,4793,38,1,1,3,1,2,1,4,      479303801
2023,4793,88,1,1,7,1,1,1,5,      479308801
2023,4793,88,1,1,7,1,1,2,6,      479308801
2023,4793,88,1,1,3,1,2,3,7,      479308801
2023,4793,96,1,1,2,2,2,1,4,      479309601
2023,4794,32,1,1,1,1,1,1,3,      479403201
2023,4794,32,1,1,1,1,1,2,4,      479403201
2023,4794,32,1,1,1,1,2,3,5,      479403201
2023,4794,66,1,1,6,1,2,1,2,      479406601
2023,4794,74,1,1,2,1,2,1,3,      479407401
2023,4794,76,1,1,4,1,1,1,3,      479407601
2023,4794,76,1,1,0,1,2,2,4,      479407601
2023,4795,12,1,1,6,3,1,1,4,      479501201
2023,4795,12,1,1,3,3,2,2,5,      479501201
2023,4795,17,1,1,6,3,1,1,4,      479501701
2023,4795,17,1,1,6,3,2,2,5,      479501701
2023,4795,25,1,1,8,3,1,1,5,      479502501
2023,4795,25,1,1,7,3,1,2,6,      479502501
2023,4795,25,1,1,4,3,2,3,7,      479502501
2023,4796,13,1,1,3,4,1,1,3,      479601301
2023,4796,13,1,1,1,4,2,2,4,      479601301
2023,4796,17,1,1,2,4,1,1,3,      479601701
2023,4796,17,1,1,0,4,2,2,4,      479601701
2023,4796,29,1,1,0,4,2,1,3,      479602901
2023,4796,34,1,1,0,4,2,1,3,      479603401
2023,4796,77,1,1,1,4,2,1,4,      479607701
2023,4796,80,1,1,1,4,2,1,3,      479608001
2023,4796,83,1,1,2,4,2,1,3,      479608301
2023,4796,103,1,1,1,4,2,1,3,      479610301
2023,4797,14,1,1,1,1,2,1,3,      479701401
2023,4797,16,1,1,8,3,2,1,5,      479701601
2023,4797,17,1,1,2,2,1,1,3,      479701701
2023,4797,17,1,1,1,2,2,2,4,      479701701
2023,4798,13,1,1,6,3,1,1,2,      479801301
2023,4798,13,1,1,2,3,2,2,3,      479801301
2023,4798,17,1,1,3,1,2,1,6,      479801701
2023,4798,18,1,1,1,2,2,1,2,      479801801
2023,4798,21,1,1,5,1,1,1,5,      479802101
2023,4798,21,1,1,2,1,2,2,6,      479802101
2023,4798,40,1,1,2,2,2,1,3,      479804001
2023,4798,42,1,1,2,2,2,1,5,      479804201
2023,4798,71,1,1,0,3,1,1,3,      479807101
2023,4798,71,1,1,3,3,2,2,4,      479807101
2023,4798,74,1,1,1,3,2,1,6,      479807401
2023,4799,2,1,1,7,3,2,1,3,      479900201
2023,4799,7,1,1,6,3,1,1,2,      479900701
2023,4799,7,1,1,4,3,1,2,3,      479900701
2023,4799,7,1,1,1,3,2,3,4,      479900701
2023,4799,8,1,1,4,3,2,1,5,      479900801
2023,4799,22,1,1,5,3,1,1,3,      479902201
2023,4799,22,1,1,1,3,2,2,4,      479902201
2023,4799,72,1,1,1,3,2,1,2,      479907201
2023,4800,1,1,1,0,4,2,1,3,      480000101
2023,4800,13,1,1,0,3,2,1,3,      480001301
2023,4800,21,1,1,1,5,2,1,3,      480002101
2023,4800,49,1,1,1,4,1,1,4,      480004901
2023,4800,49,1,1,0,4,2,2,5,      480004901
2023,4800,60,1,1,0,4,2,1,4,      480006001
2023,4800,64,1,1,5,4,1,1,5,      480006401
2023,4800,64,1,1,1,4,2,2,6,      480006401
2023,4801,21,1,1,8,3,2,1,4,      480102101
2023,4801,77,1,1,4,3,2,1,4,      480107701
2023,4802,58,1,1,0,2,2,1,2,      480205801
2023,4802,122,1,1,6,4,2,1,2,      480212201
2023,4802,123,1,1,6,4,1,1,4,      480212301
2023,4802,123,1,1,0,4,2,2,5,      480212301
2023,4803,8,1,1,7,2,2,1,3,      480300801
2023,4803,11,1,1,0,2,2,1,4,      480301101
2023,4803,32,1,1,5,2,2,1,7,      480303201
2023,4803,33,1,1,7,2,1,1,3,      480303301
2023,4803,33,1,1,2,2,2,2,4,      480303301
2023,4803,34,1,1,8,2,2,1,5,      480303401
2023,4803,36,1,1,4,2,2,1,3,      480303601
2023,4803,112,1,1,6,2,1,1,3,      480311201
2023,4803,112,1,1,1,2,2,2,4,      480311201
2023,4803,116,1,1,8,2,2,1,4,      480311601
2023,4803,118,1,1,5,2,2,1,4,      480311801
2023,4804,2,1,1,4,5,1,1,3,      480400201
2023,4804,2,1,1,4,5,2,2,4,      480400201
2023,4804,50,1,2, , ,2,1,3,      480405001
2023,4804,51,1,1,2,3,2,1,5,      480405101
2023,4804,52,1,1,7,2,2,1,4,      480405201
2023,4804,75,1,1,2,3,1,1,5,      480407501
2023,4804,75,1,1,2,3,1,2,6,      480407501
2023,4804,75,1,1,0,3,2,3,7,      480407501
2023,4804,76,1,1,0,2,2,1,3,      480407601
2023,4805,4,1,1,8,4,1,1,3,      480500401
2023,4805,4,1,1,6,4,1,2,4,      480500401
2023,4805,4,1,1,1,4,2,3,5,      480500401
2023,4805,60,1,1,7,4,2,1,3,      480506001
2023,4805,63,1,1,4,4,1,1,4,      480506301
2023,4805,63,1,1,3,4,2,2,5,      480506301
2023,4805,78,1,1,2,4,2,1,3,      480507801
2023,4806,26,1,1,7,3,2,1,5,      480602601
2023,4806,43,1,1,3,3,1,1,4,      480604301
2023,4806,43,1,1,0,3,2,2,5,      480604301
2023,4807,8,1,1,2,0,2,1,7,      480700801
2023,4807,29,1,1,2,1,2,1,3,      480702901
2023,4807,45,1,1,6,0,1,1,4,      480704501
2023,4807,45,1,1,1,1,2,2,5,      480704501
2023,4807,52,1,2, , ,2,1,4,      480705201
2023,4807,52,2,1,4,1,1,1,4,      480705202
2023,4807,52,2,1,2,1,1,2,5,      480705202
2023,4807,52,2,1,1,1,2,3,6,      480705202
2023,4807,87,1,2, , ,2,1,3,      480708701
2023,4807,90,1,1,2,0,2,1,3,      480709001
2023,4808,4,1,1,2,0,2,1,4,      480800401
2023,4808,23,1,2, , ,1,1,3,      480802301
2023,4808,23,1,2, , ,1,2,4,      480802301
2023,4808,23,1,2, , ,2,3,5,      480802301
2023,4808,23,2,1,8,1,1,1,2,      480802302
2023,4808,23,2,1,6,1,1,2,3,      480802302
2023,4808,23,2,1,0,1,2,3,4,      480802302
2023,4808,30,1,1,4,0,1,1,7,      480803001
2023,4808,30,1,2, , ,2,2,8,      480803001
2023,4808,63,1,2, , ,2,1,3,      480806301
2023,4808,72,1,1,6,0,1,1,4,      480807201
2023,4808,72,1,1,3,11,1,2,5,      480807201
2023,4808,72,1,1,0,1,2,3,6,      480807201
2023,4808,91,1,2, , ,2,1,3,      480809101
2023,4808,100,1,2, , ,2,1,3,      480810001
2023,4808,101,1,1,3,0,1,1,6,      480810101
2023,4808,101,1,2, , ,2,2,7,      480810101
2023,4809,12,1,1,2,3,1,1,3,      480901201
2023,4809,12,1,1,0,3,2,2,4,      480901201
2023,4809,13,1,1,6,3,2,1,3,      480901301
2023,4809,16,1,1,7,3,1,1,4,      480901601
2023,4809,16,1,1,3,3,2,2,5,      480901601
2023,4809,27,1,1,5,3,1,1,2,      480902701
2023,4809,27,1,1,0,4,2,2,3,      480902701
2023,4809,81,1,1,7,3,2,1,4,      480908101
2023,4809,116,1,1,7,3,1,1,5,      480911601
2023,4809,116,1,1,5,3,2,2,6,      480911601
2023,4810,52,1,1,1,2,1,1,3,      481005201
2023,4810,52,1,1,7,2,2,2,4,      481005201
2023,4810,72,1,1,3,3,1,1,6,      481007201
2023,4810,72,1,1,1,3,2,2,8,      481007201
2023,4810,84,1,1,3,2,2,1,4,      481008401
2023,4810,102,1,1,0,3,2,1,3,      481010201
2023,4811,19,1,1,4,1,2,1,4,      481101901
2023,4811,53,1,1,3,0,2,1,5,      481105301
2023,4811,104,1,1,1,0,2,1,9,      481110401
2023,4811,114,1,2, , ,2,1,5,      481111401
2023,4811,129,1,1,1,0,2,1,3,      481112901
2023,4812,57,1,1,2,1,1,1,3,      481205701
2023,4812,57,1,1,0,1,2,2,4,      481205701
2023,4812,73,1,1,1,1,2,1,4,      481207301
2023,4812,86,1,1,1,1,2,1,4,      481208601
2023,4812,111,1,1,1,1,2,1,7,      481211101
2023,4812,119,1,1,4,1,1,1,3,      481211901
2023,4812,119,1,1,2,1,1,2,4,      481211901
2023,4812,119,1,1,1,1,2,3,5,      481211901
2023,4814,3,1,1,4,2,1,1,2,      481400301
2023,4814,3,1,1,2,2,2,2,3,      481400301
2023,4814,19,1,1,5,2,1,1,4,      481401901
2023,4814,19,1,1,3,2,2,2,5,      481401901
2023,4814,45,1,1,1,2,2,1,4,      481404501
2023,4814,119,1,1,4,2,1,1,3,      481411901
2023,4814,119,1,1,0,2,2,2,4,      481411901
2023,4816,6,1,1,4,2,2,1,4,      481600601
2023,4816,33,1,1,3,3,2,1,5,      481603301
2023,4816,37,2,1,3,3,1,1,3,      481603702
2023,4816,37,2,1,8,3,2,2,5,      481603702
2023,4816,41,1,1,1,3,2,1,2,      481604101
2023,4816,46,1,1,3,3,2,1,3,      481604601
2023,4816,54,1,1,5,3,2,1,5,      481605401
2023,4816,74,1,1,7,3,1,1,3,      481607401
2023,4816,74,1,1,5,3,1,2,4,      481607401
2023,4816,74,1,1,1,3,2,3,5,      481607401
2023,4816,86,1,1,8,3,1,1,4,      481608601
2023,4816,86,1,1,3,3,2,2,5,      481608601
2023,4817,8,1,1,3,3,2,1,3,      481700801
2023,4817,27,1,1,4,3,1,1,3,      481702701
2023,4817,27,1,1,0,3,2,2,4,      481702701
2023,4817,49,1,1,0,3,2,1,3,      481704901
2023,4817,68,1,1,4,3,1,1,5,      481706801
2023,4817,68,1,1,0,3,2,2,6,      481706801
2023,4817,74,1,1,5,3,2,1,5,      481707401
2023,4817,77,1,1,5,3,2,1,5,      481707701
2023,4818,3,1,1,3,2,2,1,3,      481800301
2023,4818,16,1,1,0,3,2,1,5,      481801601
2023,4818,24,1,1,0,3,2,1,3,      481802401
2023,4818,50,1,1,5,3,2,1,4,      481805001
2023,4818,54,1,1,0,3,2,1,3,      481805401
2023,4818,74,1,1,2,2,1,1,3,      481807401
2023,4818,74,1,1,6,2,2,2,4,      481807401
2023,4818,79,1,1,5,2,1,1,4,      481807901
2023,4818,79,1,1,1,2,2,2,5,      481807901
2023,4820,41,1,1,5,1,1,1,3,      482004101
2023,4820,41,1,1,2,1,2,2,4,      482004101
2023,4820,42,1,1,6,1,1,1,3,      482004201
2023,4820,42,1,1,4,1,1,2,4,      482004201
2023,4820,42,1,1,2,1,1,3,5,      482004201
2023,4820,42,1,1,0,1,2,4,6,      482004201
2023,4820,43,1,1,0,1,2,1,4,      482004301
2023,4820,44,1,1,6,1,1,1,4,      482004401
2023,4820,44,1,1,5,1,1,2,5,      482004401
2023,4820,44,1,1,4,1,1,3,6,      482004401
2023,4820,44,1,1,0,1,2,4,7,      482004401
2023,4820,45,1,1,0,1,1,1,4,      482004501
2023,4820,45,1,1,7,1,2,2,6,      482004501
2023,4820,71,1,1,3,1,2,1,4,      482007101
2023,4820,72,1,1,0,1,2,1,4,      482007201
2023,4820,74,1,1,7,1,2,1,3,      482007401
2023,4821,26,1,1,2,2,2,1,3,      482102601
2023,4821,30,1,1,5,2,1,1,4,      482103001
2023,4821,30,1,1,1,2,2,2,5,      482103001
2023,4821,151,1,1,0,3,2,1,3,      482115101
2023,4821,152,1,1,6,2,2,1,3,      482115201
2023,4821,155,1,1,6,2,2,1,4,      482115501
2023,4821,162,1,1,5,2,1,1,5,      482116201
2023,4821,162,1,1,4,2,2,2,7,      482116201
2023,4821,165,1,1,0,3,2,1,6,      482116501
2023,4821,166,1,1,0,3,1,1,4,      482116601
2023,4821,166,1,1,2,2,2,2,6,      482116601
2023,4822,12,1,1,5,3,2,1,6,      482201201
2023,4822,15,1,1,1,2,2,1,3,      482201501
2023,4822,19,1,1,6,3,1,1,3,      482201901
2023,4822,19,1,1,1,3,2,2,4,      482201901
2023,4822,20,1,1,1,3,2,1,4,      482202001
2023,4822,79,1,1,4,3,2,1,5,      482207901
2023,4822,82,1,1,4,3,2,1,3,      482208201
2023,4822,87,1,1,2,2,2,1,3,      482208701
2023,4822,88,1,1,0,3,2,1,3,      482208801
2023,4822,89,1,1,3,3,2,1,3,      482208901
2023,4822,91,1,1,5,3,1,1,3,      482209101
2023,4822,91,1,1,4,3,2,2,4,      482209101
2023,4822,97,1,1,5,3,2,1,4,      482209701
2023,4822,99,1,1,7,3,2,1,3,      482209901
2023,4823,2,1,1,8,4,2,1,3,      482300201
2023,4823,21,1,1,6,4,2,1,3,      482302101
2023,4823,22,1,1,0,4,2,1,3,      482302201
2023,4823,23,1,1,3,4,2,1,3,      482302301
2023,4823,24,1,1,2,4,2,1,3,      482302401
2023,4823,112,2,1,3,4,2,1,4,      482311202
2023,4823,118,1,1,5,4,2,1,3,      482311801
2023,4825,15,1,1,3,1,1,1,4,      482501501
2023,4825,15,1,1,0,1,2,2,5,      482501501
2023,4825,22,1,2, , ,2,1,2,      482502201
2023,4825,87,1,1,3,2,2,1,2,      482508701
2023,4825,90,1,1,1,1,2,1,3,      482509001
2023,4827,22,1,1,3,2,2,1,4,      482702201
2023,4827,26,1,1,6,3,1,1,3,      482702601
2023,4827,26,1,1,5,3,2,2,4,      482702601
2023,4827,33,1,1,4,2,2,1,4,      482703301
2023,4828,19,1,1,3,3,1,1,2,      482801901
2023,4828,19,1,2, , ,2,2,3,      482801901
2023,4828,58,1,1,3,3,2,1,2,      482805801
2023,4828,112,1,1,1,3,2,1,5,      482811201
2023,4829,11,1,1,2,2,1,1,2,      482901101
2023,4829,11,1,1,1,2,2,2,4,      482901101
2023,4829,69,1,1,1,1,2,1,2,      482906901
2023,4829,138,1,1,3,1,1,1,3,      482913801
2023,4829,138,1,1,1,1,2,2,4,      482913801
2023,4830,61,1,1,2,0,2,1,2,      483006101
2023,4833,24,1,1,1,1,1,1,3,      483302401
2023,4833,24,1,1,3,1,2,2,4,      483302401
2023,4833,120,1,1,3,0,1,1,5,      483312001
2023,4833,120,1,1,1,0,2,2,6,      483312001
2023,4833,132,1,1,3,0,2,1,3,      483313201
2023,4833,134,1,1,1,1,2,1,4,      483313401
2023,4833,141,1,1,1,0,2,1,2,      483314101
2023,4834,34,1,2, , ,2,1,3,      483403401
2023,4834,58,1,1,4,3,1,1,3,      483405801
2023,4834,58,1,1,1,3,2,2,4,      483405801
2023,4834,99,1,1,1,2,2,1,3,      483409901
2023,4836,31,1,1,3,2,1,1,4,      483603101
2023,4836,31,1,1,1,2,2,2,5,      483603101
2023,4836,65,1,1,7,2,1,1,3,      483606501
2023,4836,65,1,1,7,2,2,2,4,      483606501
2023,4836,92,1,1,1,3,1,1,3,      483609201
2023,4836,92,1,1,1,3,2,2,4,      483609201
2023,4836,109,1,1,3,2,2,1,4,      483610901
2023,4838,18,1,1,5,1,2,1,4,      483801801
2023,4838,54,1,1,3,2,2,1,3,      483805401
2023,4838,63,1,1,5,1,1,1,4,      483806301
2023,4838,63,1,1,5,1,2,2,5,      483806301
2023,4838,75,1,1,2,2,1,1,3,      483807501
2023,4838,75,1,1,0,2,2,2,4,      483807501
2023,4839,28,1,1,5,2,1,1,6,      483902801
2023,4839,28,1,1,1,2,2,2,7,      483902801
2023,4839,44,1,1,4,2,2,1,2,      483904401
2023,4839,46,1,1,5,2,1,1,2,      483904601
2023,4839,46,1,1,2,2,2,2,3,      483904601
2023,4839,58,1,1,6,2,1,1,3,      483905801
2023,4839,58,1,1,0,2,2,2,4,      483905801
2023,4840,26,1,2, , ,2,1,3,      484002601
2023,4840,40,1,1,1,1,2,1,3,      484004001
2023,4840,41,1,1,4,0,2,1,5,      484004101
2023,4840,53,1,1,2,1,1,1,3,      484005301
2023,4840,53,1,1,1,1,2,2,4,      484005301
2023,4840,58,1,1,4,0,1,1,2,      484005801
2023,4840,58,1,2, , ,2,2,3,      484005801
2023,4840,71,1,1,3,1,2,1,3,      484007101
2023,4843,13,1,1,1,1,2,1,5,      484301301
2023,4843,23,1,1,5,1,1,1,3,      484302301
2023,4843,23,1,1,1,1,1,2,4,      484302301
2023,4843,23,1,1,0,1,2,3,5,      484302301
2023,4843,33,1,1,1,1,2,1,3,      484303301
2023,4843,45,1,1,2,1,2,1,2,      484304501
2023,4843,59,1,1,1,1,2,1,3,      484305901
2023,4844,35,1,1,4,3,2,1,5,      484403501
2023,4844,45,1,1,4,3,1,1,3,      484404501
2023,4844,45,1,1,1,3,2,2,4,      484404501
2023,4844,51,1,1,0,3,2,1,3,      484405101
2023,4844,83,1,1,1,3,2,1,4,      484408301
2023,4846,7,1,1,8,2,1,1,5,      484600701
2023,4846,7,1,1,3,2,2,2,6,      484600701
2023,4846,9,1,1,7,2,1,1,4,      484600901
2023,4846,9,1,1,1,2,2,2,5,      484600901
2023,4846,11,1,1,5,1,2,1,5,      484601101
2023,4846,16,1,1,4,2,1,1,2,      484601601
2023,4846,16,1,1,0,2,2,2,3,      484601601
2023,4846,44,1,1,4,2,1,1,3,      484604401
2023,4846,44,1,1,0,2,2,2,4,      484604401
2023,4846,56,1,1,4,2,2,1,3,      484605601
2023,4846,131,1,1,0,2,2,1,3,      484613101
2023,4847,10,1,1,4,1,1,1,3,      484701001
2023,4847,10,1,1,8,1,2,2,5,      484701001
2023,4847,15,1,1,7,1,2,1,4,      484701501
2023,4847,41,1,1,7,1,2,1,5,      484704101
2023,4847,59,1,1,0,1,2,1,3,      484705901
2023,4847,81,1,1,1,1,2,1,5,      484708101
2023,4847,85,1,1,2,1,2,1,6,      484708501
2023,4847,102,1,1,2,1,2,1,3,      484710201
2023,4848,25,1,1,5,3,2,1,3,      484802501
2023,4848,70,1,1,3,3,1,1,4,      484807001
2023,4848,70,1,1,1,3,2,2,5,      484807001
2023,4848,80,1,1,5,3,2,1,3,      484808001
2023,4849,11,1,1,7,2,2,1,4,      484901101
2023,4849,15,1,1,1,2,2,1,5,      484901501
2023,4849,63,1,1,7,2,2,1,3,      484906301
2023,4849,74,1,1,6,2,2,1,3,      484907401
2023,4849,135,1,1,0,2,2,1,4,      484913501
2023,4849,164,1,1,6,2,1,1,5,      484916401
2023,4849,164,1,1,0,2,2,2,7,      484916401
2023,4850,20,1,1,1,3,2,1,4,      485002001
2023,4850,48,1,1,0,3,2,1,2,      485004801
2023,4850,71,1,1,6,3,1,1,2,      485007101
2023,4850,71,1,1,4,3,2,2,3,      485007101
2023,4850,82,1,1,6,3,1,1,4,      485008201
2023,4850,82,1,1,4,3,1,2,5,      485008201
2023,4850,82,1,1,3,3,1,3,7,      485008201
2023,4850,82,1,1,1,3,2,4,8,      485008201
2023,4850,101,1,1,8,3,1,1,3,      485010101
2023,4850,101,1,1,5,3,1,2,4,      485010101
2023,4850,101,1,1,0,3,2,3,5,      485010101
2023,4850,108,1,1,7,3,1,1,4,      485010801
2023,4850,108,1,1,0,3,2,2,5,      485010801
2023,4850,174,1,1,7,3,1,1,3,      485017401
2023,4850,174,1,1,0,3,2,2,4,      485017401
2023,4850,180,1,1,3,3,2,1,3,      485018001
2023,4850,206,1,1,6,3,2,1,5,      485020601
2023,4851,11,1,1,4,3,1,1,5,      485101101
2023,4851,11,1,1,1,3,2,2,6,      485101101
2023,4851,62,1,1,1,3,1,1,2,      485106201
2023,4851,62,1,1,0,3,2,2,3,      485106201
2023,4851,90,1,1,4,3,2,1,3,      485109001
2023,4851,117,1,1,6,3,1,1,4,      485111701
2023,4851,117,1,1,2,3,2,2,5,      485111701
2023,4855,1,1,1,5,2,1,1,3,      485500101
2023,4855,1,1,1,4,2,1,2,4,      485500101
2023,4855,1,1,1,2,2,2,3,5,      485500101
2023,4855,8,1,1,0,2,1,1,3,      485500801
2023,4855,8,1,1,0,2,2,2,4,      485500801
2023,4855,46,1,1,0,2,1,1,3,      485504601
2023,4855,46,1,1,4,2,2,2,4,      485504601
2023,4855,56,1,1,5,2,2,1,3,      485505601
2023,4855,137,1,1,8,2,2,1,3,      485513701
2023,4856,12,1,1,6,3,1,1,4,      485601201
2023,4856,12,1,1,0,3,2,2,5,      485601201
2023,4856,32,1,1,6,3,2,1,4,      485603201
2023,4856,35,1,1,0,3,2,1,2,      485603501
2023,4856,72,1,1,8,3,1,1,4,      485607201
2023,4856,72,1,1,4,3,2,2,5,      485607201
2023,4856,75,1,1,0,3,2,1,4,      485607501
2023,4856,82,1,1,0,3,1,1,3,      485608201
2023,4856,82,1,1,6,3,2,2,5,      485608201
2023,4858,43,1,1,2,1,2,1,4,      485804301
2023,4858,72,1,1,4,1,2,1,3,      485807201
2023,4858,104,1,1,1,1,2,1,4,      485810401
2023,4861,56,1,1,3,1,2,1,6,      486105601
2023,4861,70,1,1,7,1,2,1,5,      486107001
2023,4861,84,1,1,6,1,2,1,2,      486108401
2023,4861,112,1,1,2,1,2,1,4,      486111201
2023,4861,141,1,1,1,1,2,1,5,      486114101
2023,4861,190,1,1,5,1,1,1,4,      486119001
2023,4861,190,1,1,1,1,2,2,5,      486119001
2023,4862,10,1,1,5,3,1,1,5,      486201001
2023,4862,10,1,1,1,3,2,2,6,      486201001
2023,4862,37,1,1,0,3,2,1,3,      486203701
2023,4862,76,1,1,5,3,2,1,4,      486207601
2023,4862,83,1,1,3,3,1,1,3,      486208301
2023,4862,83,1,1,7,3,2,2,5,      486208301
2023,4862,84,1,1,8,3,2,1,5,      486208401
2023,4862,93,1,1,1,3,2,1,4,      486209301
2023,4862,95,1,1,3,3,2,1,4,      486209501
2023,4864,21,1,1,3,2,1,1,3,      486402101
2023,4864,21,1,1,0,2,2,2,4,      486402101
2023,4864,43,1,1,0,2,1,1,3,      486404301
2023,4864,43,1,1,7,2,1,2,4,      486404301
2023,4864,43,1,1,3,2,2,3,5,      486404301
2023,4864,53,1,1,0,2,2,1,4,      486405301
2023,4864,61,1,1,5,2,1,1,3,      486406101
2023,4864,61,1,1,1,2,2,2,4,      486406101
2023,4864,69,1,1,8,2,1,1,2,      486406901
2023,4864,69,1,1,0,2,2,2,3,      486406901
2023,4865,12,1,1,8,1,2,1,4,      486501201
2023,4865,13,1,1,0,1,2,1,3,      486501301
2023,4865,14,1,1,4,1,2,1,3,      486501401
2023,4865,122,1,1,4,1,2,1,3,      486512201
2023,4865,125,1,1,1,1,2,1,4,      486512501
2023,4866,66,1,1,2,1,2,1,3,      486606601
2023,4866,69,1,1,7,1,1,1,4,      486606901
2023,4866,69,1,1,4,1,2,2,5,      486606901
2023,4866,92,1,1,1,1,2,1,3,      486609201
2023,4866,93,1,1,4,1,1,1,5,      486609301
2023,4866,93,1,1,0,1,2,2,6,      486609301
2023,4866,95,1,1,1,1,2,1,3,      486609501
2023,4866,140,1,1,5,1,2,1,4,      486614001
2023,4866,141,1,1,7,1,1,1,3,      486614101
2023,4866,141,1,1,5,1,1,2,4,      486614101
2023,4866,141,1,1,0,1,2,3,5,      486614101
2023,4866,142,1,1,6,1,1,1,3,      486614201
2023,4866,142,1,1,0,1,2,2,4,      486614201
2023,4866,143,1,1,2,1,2,1,5,      486614301
2023,4867,1,1,1,1,2,2,1,4,      486700101
2023,4867,18,1,1,7,4,2,1,4,      486701801
2023,4867,22,1,1,1,2,2,1,5,      486702201
2023,4867,46,1,1,6,2,2,1,6,      486704601
2023,4867,126,1,1,6,2,1,1,3,      486712601
2023,4867,126,1,1,2,2,2,2,4,      486712601
2023,4867,154,1,1,5,4,1,1,6,      486715401
2023,4867,154,1,1,2,4,1,2,7,      486715401
2023,4867,154,1,1,8,4,2,3,8,      486715401
2023,4868,65,1,1,0,2,2,1,2,      486806501
2023,4868,73,1,1,6,1,1,1,2,      486807301
2023,4868,73,1,1,0,1,2,2,3,      486807301
2023,4868,83,1,1,7,2,1,1,3,      486808301
2023,4868,83,1,2, , ,2,2,4,      486808301
2023,4868,84,1,1,1,1,1,1,5,      486808401
2023,4868,84,1,1,6,1,2,2,6,      486808401
2023,4868,131,1,1,5,2,2,1,5,      486813101
2023,4868,161,1,1,3,2,1,1,6,      486816101
2023,4868,161,1,1,1,2,2,2,7,      486816101
2023,4869,1,1,1,7,4,1,1,6,      486900101
2023,4869,1,1,1,4,4,1,2,7,      486900101
2023,4869,1,1,1,2,4,1,3,8,      486900101
2023,4869,1,1,1,0,4,2,4,9,      486900101
2023,4869,15,1,1,4,2,1,1,3,      486901501
2023,4869,15,1,1,2,2,2,2,4,      486901501
2023,4869,42,1,1,6,2,1,1,6,      486904201
2023,4869,42,1,1,3,2,2,2,7,      486904201
2023,4869,52,1,1,7,4,1,1,3,      486905201
2023,4869,52,1,1,4,4,2,2,4,      486905201
2023,4869,79,1,2, , ,2,1,4,      486907901
2023,4869,90,1,1,4,2,1,1,3,      486909001
2023,4869,90,1,1,2,2,2,2,4,      486909001
2023,4869,101,1,1,3,4,2,1,3,      486910101
2023,4869,103,1,1,6,3,2,1,3,      486910301
2023,4871,27,1,1,2,1,2,1,6,      487102701
2023,4871,35,1,1,2,2,1,1,6,      487103501
2023,4871,35,1,1,0,2,2,2,7,      487103501
2023,4871,75,1,1,0,2,2,1,3,      487107501
2023,4871,146,1,1,6,2,2,1,3,      487114601
2023,4873,19,1,1,5,2,1,1,3,      487301901
2023,4873,19,1,1,3,2,2,2,4,      487301901
2023,4873,49,1,1,4,2,2,1,6,      487304901
2023,4873,90,1,1,6,2,1,1,4,      487309001
2023,4873,90,1,1,5,2,1,2,5,      487309001
2023,4873,90,1,1,1,2,1,3,6,      487309001
2023,4873,90,1,1,0,2,2,4,9,      487309001
2023,4873,102,1,1,0,2,2,1,3,      487310201
2023,4873,106,1,1,8,2,1,1,4,      487310601
2023,4873,106,1,1,2,2,2,2,5,      487310601
2023,4873,115,1,1,2,2,1,1,3,      487311501
2023,4873,115,1,1,1,2,1,2,4,      487311501
2023,4873,115,1,1,2,2,2,3,7,      487311501
2023,4873,115,2,1,1,2,2,1,3,      487311502
2023,4873,127,1,1,3,2,1,1,3,      487312701
2023,4873,127,1,1,1,2,2,2,4,      487312701
2023,4873,132,1,1,0,2,2,1,4,      487313201
2023,4874,23,1,2, , ,2,1,3,      487402301
2023,4874,28,1,1,6,3,1,1,3,      487402801
2023,4874,28,1,1,0,3,2,2,4,      487402801
2023,4874,95,1,1,7,3,1,1,3,      487409501
2023,4874,95,1,1,3,3,1,2,4,      487409501
2023,4874,95,1,1,2,3,2,3,5,      487409501
2023,4874,98,1,1,6,3,1,1,5,      487409801
2023,4874,98,1,1,0,3,2,2,6,      487409801
2023,4874,113,1,1,0,3,2,1,3,      487411301
2023,4874,114,1,1,0,3,1,1,3,      487411401
2023,4874,114,1,2, , ,2,2,4,      487411401
2023,4875,3,1,2, , ,2,1,3,      487500301
2023,4875,89,1,2, , ,1,1,3,      487508901
2023,4875,89,1,2, , ,2,2,4,      487508901
2023,4875,96,1,2, , ,1,1,6,      487509601
2023,4875,96,1,2, , ,2,2,9,      487509601
2023,4877,31,1,2, , ,2,1,3,      487703101
2023,4878,10,1,2, , ,1,1,4,      487801001
2023,4878,10,1,2, , ,1,2,5,      487801001
2023,4878,10,1,1,0,1,2,3,6,      487801001
2023,4878,33,1,1,0,2,1,1,3,      487803301
2023,4878,33,1,1,6,2,1,2,4,      487803301
2023,4878,33,1,1,4,2,2,3,5,      487803301
2023,4878,49,1,2, , ,1,1,4,      487804901
2023,4878,49,1,2, , ,1,2,5,      487804901
2023,4878,49,1,1,0,2,2,3,6,      487804901
2023,4878,53,1,1,0,1,2,1,6,      487805301
2023,4878,58,1,2, , ,1,1,3,      487805801
2023,4878,58,1,2, , ,1,2,4,      487805801
2023,4878,58,1,1,0,2,2,3,5,      487805801
2023,4878,60,1,1,3,1,2,1,4,      487806001
2023,4878,72,1,1,8,2,1,1,4,      487807201
2023,4878,72,1,1,5,2,1,2,5,      487807201
2023,4878,72,1,1,0,2,2,3,6,      487807201
2023,4878,84,1,1,8,2,1,1,3,      487808401
2023,4878,84,1,1,7,2,2,2,4,      487808401
2023,4879,5,1,1,5,1,1,1,6,      487900501
2023,4879,5,1,1,1,1,2,2,7,      487900501
2023,4879,10,1,1,7,1,1,1,5,      487901001
2023,4879,10,1,1,3,1,1,2,6,      487901001
2023,4879,10,1,1,0,1,2,3,7,      487901001
2023,4879,16,1,1,3,1,1,1,3,      487901601
2023,4879,16,1,1,0,1,1,2,4,      487901601
2023,4879,16,1,1,0,1,2,3,6,      487901601
2023,4879,21,1,1,0,1,2,1,3,      487902101
2023,4879,25,1,1,1,1,2,1,4,      487902501
2023,4879,35,1,1,8,1,1,1,3,      487903501
2023,4879,35,1,1,4,1,1,2,4,      487903501
2023,4879,35,1,1,1,1,1,3,5,      487903501
2023,4879,35,1,1,1,1,1,4,6,      487903501
2023,4879,35,1,1,0,1,1,5,9,      487903501
2023,4879,35,1,1,0,1,1,6,10,      487903501
2023,4879,35,1,1,3,1,2,7,13,      487903501
2023,4879,37,1,1,6,1,1,1,3,      487903701
2023,4879,37,1,1,6,1,2,2,4,      487903701
2023,4879,58,1,1,8,1,1,1,4,      487905801
2023,4879,58,1,1,1,1,2,2,5,      487905801
2023,4879,59,1,1,2,1,1,1,2,      487905901
2023,4879,59,1,1,1,1,2,2,3,      487905901
2023,4881,21,1,1,4,2,1,1,3,      488102101
2023,4881,21,1,1,0,2,2,2,4,      488102101
2023,4881,34,1,1,0,2,2,1,4,      488103401
2023,4881,60,1,1,1,2,1,1,3,      488106001
2023,4881,60,1,1,6,2,1,2,7,      488106001
2023,4881,60,1,1,1,2,1,3,9,      488106001
2023,4881,60,1,1,0,2,2,4,10,      488106001
2023,4881,71,1,1,7,2,1,1,4,      488107101
2023,4881,71,1,1,6,2,1,2,5,      488107101
2023,4881,71,1,1,6,2,1,3,8,      488107101
2023,4881,71,1,1,0,2,2,4,9,      488107101
2023,4882,44,1,1,1,3,2,1,4,      488204401
2023,4882,51,1,1,3,3,2,1,2,      488205101
2023,4882,79,1,1,4,3,1,1,5,      488207901
2023,4882,79,1,1,0,3,2,2,6,      488207901
2023,4884,11,1,1,0,3,2,1,5,      488401101
2023,4884,15,1,1,6,3,1,1,4,      488401501
2023,4884,15,1,1,6,3,1,2,6,      488401501
2023,4884,15,1,1,3,3,2,3,7,      488401501
2023,4884,22,1,1,7,3,1,1,4,      488402201
2023,4884,22,1,1,5,3,1,2,5,      488402201
2023,4884,22,1,1,2,3,1,3,6,      488402201
2023,4884,22,1,1,1,3,2,4,7,      488402201
2023,4884,23,1,1,8,3,1,1,5,      488402301
2023,4884,23,1,1,0,3,2,2,6,      488402301
2023,4884,25,1,1,3,3,1,1,3,      488402501
2023,4884,25,1,1,1,3,2,2,4,      488402501
2023,4884,66,1,1,7,3,1,1,6,      488406601
2023,4884,66,1,1,1,3,1,2,7,      488406601
2023,4884,66,1,1,4,3,1,3,9,      488406601
2023,4884,66,1,1,1,3,2,4,10,      488406601
2023,4884,67,1,1,3,3,1,1,4,      488406701
2023,4884,67,1,1,1,3,2,2,5,      488406701
2023,4884,69,1,1,2,3,1,1,5,      488406901
2023,4884,69,1,1,3,3,2,2,7,      488406901
2023,4884,70,1,1,9,3,1,1,3,      488407001
2023,4884,70,1,1,8,3,1,2,4,      488407001
2023,4884,70,1,1,4,3,1,3,5,      488407001
2023,4884,70,1,1,0,3,2,4,6,      488407001
2023,4885,11,1,1,2,4,2,1,4,      488501101
2023,4885,13,1,1,4,4,2,1,5,      488501301
2023,4885,14,1,1,6,3,1,1,4,      488501401
2023,4885,14,1,1,0,3,2,2,5,      488501401
2023,4885,26,1,1,2,3,2,1,4,      488502601
2023,4885,27,1,1,10,4,1,1,4,      488502701
2023,4885,27,1,1,8,4,1,2,5,      488502701
2023,4885,27,1,1,4,4,1,3,6,      488502701
2023,4885,27,1,1,0,4,2,4,8,      488502701
2023,4885,28,1,1,3,3,2,1,4,      488502801
2023,4885,30,1,1,4,3,2,1,3,      488503001
2023,4886,23,1,1,1,7,2,1,2,      488602301
2023,4886,44,1,1,3,8,1,1,3,      488604401
2023,4886,44,1,1,0,8,2,2,4,      488604401
2023,4886,66,1,1,1,8,2,1,2,      488606601
2023,4886,113,1,1,8,8,1,1,4,      488611301
2023,4886,113,1,1,6,8,1,2,5,      488611301
2023,4886,113,1,1,1,8,2,3,7,      488611301
2023,4887,52,1,1,5,5,2,1,4,      488705201
2023,4887,66,1,1,1,6,2,1,2,      488706601
2023,4887,78,1,1,0,5,1,1,3,      488707801
2023,4887,78,1,1,5,5,2,2,4,      488707801
2023,4888,7,1,1,1,8,2,1,4,      488800701
2023,4888,24,1,1,7,8,1,1,3,      488802401
2023,4888,24,1,1,3,8,2,2,4,      488802401
2023,4888,37,1,1,1,8,2,1,2,      488803701
2023,4888,83,1,1,0,7,2,1,4,      488808301
2023,4889,15,1,1,2,7,2,1,2,      488901501
2023,4889,129,1,1,7,7,1,1,5,      488912901
2023,4889,129,1,1,4,7,2,2,6,      488912901
2023,4890,7,1,1,2,6,1,1,3,      489000701
2023,4890,7,1,1,2,6,1,2,4,      489000701
2023,4890,7,1,1,2,6,1,3,5,      489000701
2023,4890,7,1,1,0,6,1,4,6,      489000701
2023,4890,7,1,1,0,6,2,5,7,      489000701
2023,4890,46,1,1,2,6,2,1,3,      489004601
2023,4890,60,1,1,1,7,1,1,3,      489006001
2023,4890,60,1,1,1,7,2,2,4,      489006001
2023,4890,65,1,1,1,6,2,1,3,      489006501
2023,4890,72,1,1,0,6,2,1,3,      489007201
2023,4890,80,1,1,1,6,1,1,2,      489008001
2023,4890,80,1,1,1,6,2,2,3,      489008001
2023,4890,102,1,1,2,6,2,1,3,      489010201
2023,4891,3,1,1,6,4,2,1,2,      489100301
2023,4891,43,1,1,5,3,1,1,5,      489104301
2023,4891,43,1,1,1,3,2,2,6,      489104301
2023,4891,58,1,1,0,3,2,1,3,      489105801
2023,4891,74,2,1,1,4,1,1,3,      489107402
2023,4891,74,2,1,0,4,2,2,4,      489107402
2023,4891,152,1,1,0,3,2,1,3,      489115201
2023,4891,163,1,1,1,3,2,1,4,      489116301
2023,4892,14,1,1,8,3,1,1,3,      489201401
2023,4892,14,1,1,0,5,2,2,4,      489201401
2023,4892,31,1,1,0,4,2,1,4,      489203101
2023,4892,50,1,1,7,5,1,1,3,      489205001
2023,4892,50,1,1,3,5,2,2,5,      489205001
2023,4892,53,1,1,1,5,2,1,2,      489205301
2023,4892,83,1,1,2,5,2,1,5,      489208301
2023,4892,92,1,1,2,5,2,1,2,      489209201
2023,4893,10,1,1,6,8,2,1,4,      489301001
2023,4893,36,1,1,8,8,1,1,4,      489303601
2023,4893,36,1,1,2,8,1,2,5,      489303601
2023,4893,36,1,1,0,8,1,3,6,      489303601
2023,4893,36,1,1,0,8,2,4,7,      489303601
2023,4893,41,1,1,0,8,2,1,4,      489304101
2023,4893,70,1,1,3,8,2,1,3,      489307001
2023,4893,87,1,1,8,8,1,1,5,      489308701
2023,4893,87,1,1,5,8,1,2,6,      489308701
2023,4893,87,1,1,7,8,1,3,8,      489308701
2023,4893,87,1,1,6,8,2,4,9,      489308701
2023,4893,92,1,1,7,8,1,1,3,      489309201
2023,4893,92,1,1,1,8,2,2,4,      489309201
2023,4893,106,1,1,0,8,2,1,3,      489310601
2023,4894,3,1,1,5,6,1,1,4,      489400301
2023,4894,3,1,1,1,6,2,2,5,      489400301
2023,4894,38,1,1,6,6,2,1,3,      489403801
2023,4894,65,1,1,0,6,2,1,3,      489406501
2023,4894,83,1,1,5,6,2,1,3,      489408301
2023,4894,102,1,1,6,6,2,1,3,      489410201
2023,4894,104,1,1,1,6,2,1,4,      489410401
2023,4895,31,1,1,0,7,2,1,3,      489503101
2023,4895,33,1,2, , ,1,1,3,      489503301
2023,4895,33,1,2, , ,2,2,4,      489503301
2023,4895,119,1,1,6,7,1,1,4,      489511901
2023,4895,119,1,1,5,7,1,2,5,      489511901
2023,4895,119,1,1,0,7,2,3,6,      489511901
2023,4895,121,1,1,0,7,2,1,3,      489512101
2023,4895,122,1,1,6,7,2,1,3,      489512201
2023,4895,181,1,1,3,7,2,1,4,      489518101
2023,4895,182,1,1,0,7,1,1,3,      489518201
2023,4895,182,1,1,6,7,2,2,5,      489518201
2023,4896,6,1,1,2,7,1,1,3,      489600601
2023,4896,6,1,1,1,7,2,2,4,      489600601
2023,4896,7,1,1,2,7,2,1,3,      489600701
2023,4896,10,1,1,0,6,2,1,3,      489601001
2023,4896,138,1,1,6,7,2,1,5,      489613801
2023,4896,140,1,1,8,6,1,1,4,      489614001
2023,4896,140,1,1,7,6,1,2,5,      489614001
2023,4896,140,1,1,3,6,2,3,6,      489614001
2023,4896,141,1,1,2,7,1,1,5,      489614101
2023,4896,141,1,1,1,7,1,2,6,      489614101
2023,4896,141,1,1,2,7,2,3,7,      489614101
2023,4896,142,1,1,7,6,1,1,5,      489614201
2023,4896,142,1,1,6,6,1,2,6,      489614201
2023,4896,142,1,1,4,6,2,3,7,      489614201
2023,4896,145,1,1,8,7,1,1,5,      489614501
2023,4896,145,1,1,4,7,1,2,6,      489614501
2023,4896,145,1,1,1,7,2,3,7,      489614501
2023,4896,158,1,2, , ,2,1,4,      489615801
2023,4896,165,1,1,0,6,2,1,3,      489616501
2023,4897,36,1,1,0,5,2,1,5,      489703601
2023,4897,37,1,1,4,5,2,1,3,      489703701
2023,4897,39,1,1,6,5,1,1,4,      489703901
2023,4897,39,1,1,5,5,2,2,5,      489703901
2023,4897,61,1,1,4,5,2,1,3,      489706101
2023,4897,62,1,1,2,5,2,1,3,      489706201
2023,4897,63,1,1,6,5,1,1,3,      489706301
2023,4897,63,1,1,2,5,2,2,4,      489706301
2023,4897,64,1,1,7,4,1,1,3,      489706401
2023,4897,64,1,1,4,4,1,2,4,      489706401
2023,4897,64,1,1,2,4,2,3,5,      489706401
2023,4897,72,1,1,8,5,2,1,3,      489707201
2023,4898,11,1,1,0,6,2,1,3,      489801101
2023,4898,12,1,1,4,7,1,1,3,      489801201
2023,4898,12,1,1,2,7,2,2,4,      489801201
2023,4898,15,1,1,3,6,2,1,3,      489801501
2023,4898,17,1,1,1,6,2,1,5,      489801701
2023,4898,19,1,1,6,6,2,1,4,      489801901
2023,4898,138,1,1,1,6,2,1,3,      489813801
2023,4898,139,1,1,4,7,1,1,3,      489813901
2023,4898,139,1,1,0,7,1,2,4,      489813901
2023,4898,139,1,1,8,7,2,3,5,      489813901
2023,4898,142,1,1,3,6,1,1,3,      489814201
2023,4898,142,1,1,2,6,2,2,4,      489814201
2023,4899,55,1,1,5,7,1,1,3,      489905501
2023,4899,55,1,1,0,7,2,2,4,      489905501
2023,4899,56,1,1,1,8,2,1,3,      489905601
2023,4899,82,1,1,8,8,1,1,3,      489908201
2023,4899,82,1,1,5,8,1,2,4,      489908201
2023,4899,82,1,1,0,8,2,3,5,      489908201
2023,4899,85,1,1,5,7,2,1,4,      489908501
2023,4899,86,1,1,3,8,2,1,3,      489908601
2023,4899,90,1,1,5,8,2,1,3,      489909001
2023,4899,91,1,1,1,7,2,1,3,      489909101
2023,4900,13,1,1,3,8,2,1,3,      490001301
2023,4900,14,1,1,7,8,2,1,3,      490001401
2023,4901,2,1,1,6,8,2,1,3,      490100201
2023,4901,13,1,1,8,9,1,1,6,      490101301
2023,4901,13,1,1,6,9,1,2,7,      490101301
2023,4901,13,1,1,0,9,2,3,9,      490101301
2023,4901,15,1,1,5,8,2,1,4,      490101501
2023,4901,30,1,1,2,9,2,1,3,      490103001
2023,4901,36,1,1,2,9,2,1,4,      490103601
2023,4902,58,1,1,8,5,1,1,4,      490205801
2023,4902,58,1,1,6,5,1,2,5,      490205801
2023,4902,58,1,1,4,5,1,3,6,      490205801
2023,4902,58,1,1,0,5,2,4,7,      490205801
2023,4902,59,1,1,2,5,2,1,3,      490205901
2023,4902,60,1,1,3,5,1,1,3,      490206001
2023,4902,60,1,1,1,5,2,2,4,      490206001
2023,4902,61,1,1,0,5,2,1,3,      490206101
2023,4902,62,1,1,5,5,2,1,3,      490206201
2023,4902,78,1,1,7,5,1,1,5,      490207801
2023,4902,78,1,1,1,5,2,2,6,      490207801
2023,4902,80,1,1,0,5,2,1,7,      490208001
2023,4902,139,1,1,7,5,2,1,4,      490213901
2023,4902,141,1,1,6,5,2,1,3,      490214101
2023,4903,7,1,1,5,5,2,1,3,      490300701
2023,4903,8,1,1,4,5,1,1,6,      490300801
2023,4903,8,1,1,3,5,2,2,7,      490300801
2023,4903,9,1,1,8,4,2,1,2,      490300901
2023,4903,11,1,1,4,5,2,1,4,      490301101
2023,4903,12,1,1,4,5,1,1,4,      490301201
2023,4903,12,1,1,0,5,2,2,5,      490301201
2023,4903,26,1,1,4,4,1,1,3,      490302601
2023,4903,26,1,1,1,4,2,2,4,      490302601
2023,4903,27,1,1,1,4,2,1,4,      490302701
2023,4903,29,1,1,7,4,1,1,3,      490302901
2023,4903,29,1,1,5,4,2,2,4,      490302901
2023,4903,30,1,1,3,5,1,1,3,      490303001
2023,4903,30,1,1,1,5,1,2,4,      490303001
2023,4903,30,1,1,8,5,2,3,6,      490303001
2023,4903,31,1,1,3,4,1,1,3,      490303101
2023,4903,31,1,1,2,4,2,2,4,      490303101
2023,4903,50,1,1,1,4,2,1,3,      490305001
2023,4903,51,1,1,7,4,1,1,3,      490305101
2023,4903,51,1,1,5,4,2,2,4,      490305101
2023,4904,7,1,1,8,9,2,1,3,      490400701
2023,4904,11,1,1,7,9,1,1,4,      490401101
2023,4904,11,1,1,5,9,2,2,5,      490401101
2023,4905,22,1,1,5,8,1,1,2,      490502201
2023,4905,22,1,1,2,8,2,2,3,      490502201
2023,4905,42,1,1,5,7,1,1,5,      490504201
2023,4905,42,1,1,0,7,2,2,7,      490504201
2023,4905,131,1,1,6,8,1,1,8,      490513101
2023,4905,131,1,1,3,8,2,2,9,      490513101
2023,4905,150,1,1,0,8,2,1,5,      490515001
2023,4905,156,1,1,0,7,1,1,5,      490515601
2023,4905,156,1,1,0,7,2,2,6,      490515601
2023,4906,19,1,2, , ,2,1,4,      490601901
2023,4906,23,1,1,3,7,2,1,4,      490602301
2023,4906,35,1,1,4,7,2,1,3,      490603501
2023,4906,64,1,1,2,7,1,1,4,      490606401
2023,4906,64,1,1,2,7,2,2,7,      490606401
2023,4906,94,1,1,2,7,1,1,2,      490609401
2023,4906,94,1,1,2,7,2,2,3,      490609401
2023,4907,21,1,1,8,4,1,1,5,      490702101
2023,4907,21,1,1,3,4,2,2,7,      490702101
2023,4907,45,1,1,6,4,2,1,4,      490704501
2023,4907,52,1,1,1,4,2,1,7,      490705201
2023,4907,63,1,1,2,4,1,1,3,      490706301
2023,4907,63,1,1,5,4,2,2,5,      490706301
2023,4907,79,1,1,3,4,2,1,6,      490707901
2023,4908,14,1,1,1,8,1,1,2,      490801401
2023,4908,14,1,1,0,8,2,2,3,      490801401
2023,4908,39,1,1,1,7,2,1,3,      490803901
2023,4908,41,1,1,2,9,1,1,5,      490804101
2023,4908,41,1,1,2,9,2,2,6,      490804101
2023,4908,56,1,1,4,5,1,1,6,      490805601
2023,4908,56,1,1,4,5,1,2,8,      490805601
2023,4908,56,1,1,1,5,2,3,9,      490805601
2023,4908,73,1,1,4,9,2,1,4,      490807301
2023,4908,110,1,1,3,8,2,1,2,      490811001
2023,4909,87,1,1,6,9,1,1,4,      490908701
2023,4909,87,1,1,1,9,1,2,5,      490908701
2023,4909,87,1,1,0,9,2,3,6,      490908701
2023,4909,96,1,1,0,9,2,1,4,      490909601
2023,4909,117,1,1,1,8,1,1,3,      490911701
2023,4909,117,1,1,1,8,2,2,4,      490911701
2023,4910,59,1,1,1,7,2,1,2,      491005901
2023,4910,61,2,2, , ,2,1,2,      491006102
2023,4910,63,1,1,2,7,1,1,3,      491006301
2023,4910,63,1,1,2,7,2,2,4,      491006301
2023,4910,69,1,1,3,8,1,1,3,      491006901
2023,4910,69,1,1,0,8,2,2,4,      491006901
2023,4910,126,1,1,1,7,1,1,3,      491012601
2023,4910,126,1,1,0,7,2,2,4,      491012601
2023,4910,134,1,1,5,7,2,1,4,      491013401
2023,4911,14,1,2, , ,1,1,3,      491101401
2023,4911,14,1,2, , ,2,2,4,      491101401
2023,4911,70,1,2, , ,2,1,2,      491107001
2023,4912,7,1,1,5,9,2,1,3,      491200701
2023,4912,13,1,1,0,1,2,1,4,      491201301
2023,4912,20,1,1,2,9,1,1,3,      491202001
2023,4912,20,1,1,2,7,2,2,4,      491202001
2023,4912,27,1,1,1,6,2,1,3,      491202701
2023,4912,57,1,1,5,6,1,1,3,      491205701
2023,4912,57,1,1,5,6,2,2,4,      491205701
2023,4912,59,1,1,2,9,1,1,3,      491205901
2023,4912,59,1,1,1,9,2,2,4,      491205901
2023,4913,54,1,1,1,9,1,1,3,      491305401
2023,4913,54,1,1,0,9,2,2,4,      491305401
2023,4913,66,1,1,1,8,1,1,3,      491306601
2023,4913,66,1,1,0,10,2,2,4,      491306601
2023,4913,126,1,1,0,9,2,1,3,      491312601
2023,4913,137,1,1,3,8,1,1,4,      491313701
2023,4913,137,1,1,0,8,2,2,5,      491313701
2023,4914,72,1,1,4,8,1,1,4,      491407201
2023,4914,72,1,1,0,10,2,2,5,      491407201
2023,4914,75,1,1,1,10,1,1,4,      491407501
2023,4914,75,1,1,1,10,2,2,5,      491407501
2023,4914,79,1,1,0,8,2,1,6,      491407901
2023,4914,124,1,1,2,8,2,1,5,      491412401
2023,4915,4,1,1,6,9,1,1,3,      491500401
2023,4915,4,1,1,1,9,2,2,4,      491500401
2023,4915,47,1,1,2,10,1,1,5,      491504701
2023,4915,47,1,1,1,10,2,2,6,      491504701
2023,4915,100,1,1,1,9,2,1,4,      491510001
2023,4916,9,1,1,0,6,2,1,3,      491600901
2023,4916,10,1,1,3,9,2,1,5,      491601001
2023,4916,13,1,1,3,9,2,1,4,      491601301
2023,4916,58,1,1,0,7,1,1,6,      491605801
2023,4916,58,1,1,2,7,2,2,7,      491605801
2023,4916,60,1,1,5,6,2,1,4,      491606001
2023,4916,63,1,1,4,6,2,1,4,      491606301
2023,4916,119,1,1,7,6,2,1,4,      491611901
2023,4916,122,1,1,8,7,2,1,5,      491612201
2023,4917,22,1,1,7,4,1,1,3,      491702201
2023,4917,22,1,1,5,4,1,2,4,      491702201
2023,4917,22,1,1,6,4,2,3,6,      491702201
2023,4917,23,1,1,4,5,2,1,3,      491702301
2023,4917,24,1,1,8,4,2,1,3,      491702401
2023,4917,25,1,1,1,4,2,1,3,      491702501
2023,4917,26,1,1,1,4,2,1,3,      491702601
2023,4917,28,1,1,2,3,2,1,3,      491702801
2023,4917,29,1,1,4,5,2,1,3,      491702901
2023,4917,30,1,1,8,4,1,1,4,      491703001
2023,4917,30,1,1,5,4,1,2,5,      491703001
2023,4917,30,1,1,1,3,2,3,6,      491703001
2023,4917,51,1,1,3,4,2,1,3,      491705101
2023,4918,33,1,1,5,4,2,1,3,      491803301
2023,4918,35,1,1,7,5,2,1,5,      491803501
2023,4918,90,1,1,0,5,2,1,2,      491809001
2023,4918,116,1,1,7,6,2,1,4,      491811601
2023,4919,39,1,1,1,10,2,1,4,      491903901
2023,4919,43,1,1,2,10,2,1,4,      491904301
2023,4919,48,1,1,4,8,1,1,3,      491904801
2023,4919,48,1,1,0,8,2,2,4,      491904801
2023,4919,72,1,1,7,9,1,1,3,      491907201
2023,4919,72,1,1,3,9,2,2,4,      491907201
2023,4919,74,1,1,4,8,1,1,2,      491907401
2023,4919,74,1,1,0,8,2,2,3,      491907401
2023,4919,78,1,1,3,9,2,1,5,      491907801
2023,4920,14,1,1,0,9,2,1,2,      492001401
2023,4920,50,1,1,6,6,2,1,4,      492005001
2023,4920,53,1,1,2,10,2,1,4,      492005301
2023,4920,54,1,1,7,9,1,1,6,      492005401
2023,4920,54,1,1,5,9,2,2,7,      492005401
2023,4920,86,1,1,0,9,2,1,3,      492008601
2023,4920,87,1,1,4,9,1,1,3,      492008701
2023,4920,87,1,1,3,9,1,2,4,      492008701
2023,4920,87,1,1,0,9,2,3,5,      492008701
2023,4920,89,1,1,5,10,2,1,4,      492008901
2023,4921,4,1,1,4,8,2,1,2,      492100401
2023,4921,5,1,1,2,7,2,1,3,      492100501
2023,4921,19,1,1,5,7,2,1,3,      492101901
2023,4921,26,1,1,2,8,1,1,3,      492102601
2023,4921,26,1,1,1,8,2,2,4,      492102601
2023,4921,29,1,1,8,7,1,1,3,      492102901
2023,4921,29,1,1,6,7,1,2,4,      492102901
2023,4921,29,1,1,0,7,2,3,5,      492102901
2023,4921,34,1,1,5,6,2,1,4,      492103401
2023,4921,52,1,1,4,5,1,1,3,      492105201
2023,4921,52,1,1,5,3,1,2,7,      492105201
2023,4921,52,1,1,3,5,2,3,8,      492105201
2023,4921,58,1,1,2,10,2,1,3,      492105801
2023,4921,60,1,1,4,8,1,1,3,      492106001
2023,4921,60,1,1,1,8,2,2,4,      492106001
2023,4921,64,1,1,2,10,2,1,7,      492106401
2023,4921,91,1,1,1,6,2,1,4,      492109101
2023,4921,105,1,1,3,10,2,1,3,      492110501
2023,4921,110,1,1,1,8,2,1,7,      492111001
2023,4922,57,1,1,3,10,1,1,5,      492205701
2023,4922,57,1,1,1,10,2,2,6,      492205701
2023,4922,58,1,1,0,7,2,1,3,      492205801
2023,4922,59,1,1,4,10,1,1,3,      492205901
2023,4922,59,1,1,0,9,2,2,4,      492205901
2023,4922,60,1,1,1,7,2,1,6,      492206001
2023,4922,71,1,1,2,10,1,1,4,      492207101
2023,4922,71,1,1,0,10,2,2,6,      492207101
2023,4922,163,1,1,2,6,1,1,3,      492216301
2023,4922,163,1,1,2,6,2,2,4,      492216301
2023,4923,14,1,1,7,9,1,1,5,      492301401
2023,4923,14,1,1,0,9,2,2,6,      492301401
2023,4923,21,1,1,5,8,2,1,6,      492302101
2023,4923,46,1,1,6,9,2,1,5,      492304601
2023,4923,82,1,1,4,9,1,1,5,      492308201
2023,4923,82,1,1,0,10,2,2,6,      492308201
2023,4924,16,1,1,6,3,2,1,3,      492401601
2023,4924,30,1,1,3,4,2,1,3,      492403001
2023,4924,35,1,1,1,4,2,1,3,      492403501
2023,4924,85,1,1,0,4,2,1,4,      492408501
2023,4924,104,1,1,5,4,2,1,6,      492410401
2023,4924,157,1,1,0,4,2,1,3,      492415701
2023,4925,91,1,1,3,7,2,1,5,      492509101
2023,4925,113,1,1,7,7,2,1,2,      492511301
2023,4925,115,1,1,1,7,2,1,3,      492511501
2023,4925,129,1,1,7,7,2,1,3,      492512901
2023,4925,160,1,1,3,5,2,1,3,      492516001
2023,4925,162,1,1,0,7,2,1,3,      492516201
2023,4925,203,1,1,4,7,1,1,3,      492520301
2023,4925,203,1,1,0,7,2,2,4,      492520301
2023,4926,54,1,1,5,6,1,1,4,      492605401
2023,4926,54,1,1,0,6,2,2,5,      492605401
2023,4926,66,1,1,0,4,2,1,3,      492606601
2023,4926,107,1,1,6,5,2,1,4,      492610701
2023,4926,120,1,1,0,5,2,1,5,      492612001
2023,4927,13,1,1,5,8,1,1,6,      492701301
2023,4927,13,1,1,4,8,1,2,7,      492701301
2023,4927,13,1,1,1,8,1,3,8,      492701301
2023,4927,13,1,1,8,8,1,4,9,      492701301
2023,4927,13,1,1,4,8,2,5,10,      492701301
2023,4927,17,1,1,2,8,2,1,3,      492701701
2023,4927,39,1,1,0,9,2,1,5,      492703901
2023,4927,51,1,1,2,7,2,1,3,      492705101
2023,4927,73,1,1,1,7,2,1,2,      492707301
2023,4928,32,1,1,5,4,2,1,4,      492803201
2023,4928,39,1,1,1,4,2,1,4,      492803901
2023,4928,51,1,1,5,3,1,1,4,      492805101
2023,4928,51,1,1,0,3,2,2,5,      492805101
2023,4928,84,1,1,0,4,2,1,3,      492808401
2023,4928,100,1,1,6,4,2,1,5,      492810001
2023,4928,109,1,1,5,4,2,1,2,      492810901
2023,4929,2,1,1,2,7,1,1,3,      492900201
2023,4929,2,1,1,2,7,1,2,4,      492900201
2023,4929,2,1,1,7,7,2,3,7,      492900201
2023,4929,3,1,1,1,7,2,1,3,      492900301
2023,4929,4,1,1,5,7,2,1,3,      492900401
2023,4929,21,1,1,7,7,1,1,4,      492902101
2023,4929,21,1,1,4,7,1,2,5,      492902101
2023,4929,21,1,1,0,7,2,3,6,      492902101
2023,4929,37,1,1,8,7,1,1,3,      492903701
2023,4929,37,1,2, , ,2,2,4,      492903701
2023,4929,47,1,1,6,7,2,1,4,      492904701
2023,4929,62,1,1,4,7,2,1,3,      492906201
2023,4930,69,1,1,7,9,1,1,4,      493006901
2023,4930,69,1,1,1,9,2,2,5,      493006901
2023,4930,70,1,1,7,8,1,1,4,      493007001
2023,4930,70,1,1,2,8,2,2,5,      493007001
2023,4930,71,1,1,4,9,1,1,6,      493007101
2023,4930,71,1,1,2,9,1,2,7,      493007101
2023,4930,71,1,1,2,9,2,3,8,      493007101
2023,4930,92,1,1,0,9,2,1,3,      493009201
2023,4930,93,1,1,8,8,1,1,5,      493009301
2023,4930,93,1,1,5,8,2,2,6,      493009301
2023,4930,126,1,1,6,9,1,1,5,      493012601
2023,4930,126,1,1,3,9,2,2,6,      493012601
2023,4931,4,1,1,6,7,2,1,7,      493100401
2023,4931,13,1,1,4,7,2,1,3,      493101301
2023,4931,14,1,1,3,7,2,1,4,      493101401
2023,4931,15,1,1,4,7,2,1,4,      493101501
2023,4931,39,1,1,6,7,1,1,3,      493103901
2023,4931,39,1,1,4,7,2,2,4,      493103901
2023,4931,43,1,1,7,7,2,1,4,      493104301
2023,4931,49,1,1,3,7,1,1,5,      493104901
2023,4931,49,1,1,2,7,2,2,6,      493104901
2023,4931,50,1,1,0,7,2,1,3,      493105001
2023,4931,51,1,1,8,7,1,1,4,      493105101
2023,4931,51,1,1,0,7,2,2,5,      493105101
2023,4931,52,1,1,6,7,1,1,3,      493105201
2023,4931,52,1,1,0,7,2,2,4,      493105201
2023,4931,118,1,1,8,7,1,1,3,      493111801
2023,4931,118,1,1,5,7,2,2,4,      493111801
2023,4931,119,1,1,0,7,2,1,4,      493111901
2023,4931,120,1,1,0,7,1,1,3,      493112001
2023,4931,120,1,1,3,7,2,2,4,      493112001
2023,4932,19,1,1,3,5,2,1,4,      493201901
2023,4932,27,1,1,2,5,2,1,4,      493202701
2023,4932,31,1,1,2,5,1,1,3,      493203101
2023,4932,31,1,1,0,5,2,2,4,      493203101
2023,4932,40,1,1,1,5,2,1,5,      493204001
2023,4932,41,1,1,3,5,2,1,4,      493204101
2023,4932,85,1,1,1,5,2,1,3,      493208501
2023,4932,87,1,1,2,5,2,1,3,      493208701
2023,4932,94,1,1,1,5,2,1,3,      493209401
2023,4932,95,1,1,3,5,2,1,4,      493209501
2023,4932,100,1,1,4,5,2,1,4,      493210001
2023,4932,108,1,1,1,5,2,1,5,      493210801
2023,4933,79,1,1,4,8,1,1,5,      493307901
2023,4933,79,1,1,2,8,1,2,6,      493307901
2023,4933,79,1,1,0,8,2,3,7,      493307901
2023,4933,81,1,1,2,8,1,1,3,      493308101
2023,4933,81,1,1,0,8,2,2,4,      493308101
2023,4933,94,1,1,3,8,1,1,4,      493309401
2023,4933,94,1,1,0,8,2,2,5,      493309401
2023,4933,95,1,1,2,8,2,1,3,      493309501
2023,4933,96,1,1,0,8,2,1,4,      493309601
2023,4933,97,1,1,5,8,2,1,3,      493309701
2023,4934,5,1,1,6,6,1,1,3,      493400501
2023,4934,5,1,1,3,6,1,2,4,      493400501
2023,4934,5,1,1,0,6,1,3,5,      493400501
2023,4934,5,1,1,7,6,2,4,6,      493400501
2023,4934,71,1,1,2,7,2,1,3,      493407101
2023,4934,72,1,1,1,6,2,1,5,      493407201
2023,4934,91,1,1,0,7,2,1,4,      493409101
2023,4934,97,1,1,1,7,2,1,3,      493409701
2023,4935,1,1,1,3,4,2,1,4,      493500101
2023,4935,31,1,1,3,4,1,1,3,      493503101
2023,4935,31,1,1,1,4,2,2,4,      493503101
2023,4935,32,1,1,6,4,1,1,3,      493503201
2023,4935,32,1,1,6,4,1,2,4,      493503201
2023,4935,32,1,1,3,4,2,3,5,      493503201
2023,4935,38,1,1,2,4,2,1,3,      493503801
2023,4935,42,1,1,1,4,2,1,4,      493504201
2023,4935,54,1,1,1,4,2,1,3,      493505401
2023,4935,56,1,1,8,4,1,1,3,      493505601
2023,4935,56,1,1,4,4,1,2,4,      493505601
2023,4935,56,1,1,1,4,2,3,5,      493505601
2023,4936,43,1,1,0,6,2,1,4,      493604301
2023,4936,45,1,1,1,6,1,1,3,      493604501
2023,4936,45,1,1,0,6,2,2,4,      493604501
2023,4936,62,1,1,1,6,2,1,3,      493606201
2023,4936,66,1,1,1,6,2,1,6,      493606601
2023,4936,87,1,1,6,6,1,1,3,      493608701
2023,4936,87,1,1,0,6,2,2,4,      493608701
2023,4936,88,1,1,1,6,2,1,3,      493608801
2023,4936,89,1,1,1,6,2,1,2,      493608901
2023,4936,90,1,1,2,6,1,1,3,      493609001
2023,4936,90,1,1,1,6,2,2,5,      493609001
2023,4937,12,1,1,1,9,2,1,3,      493701201
2023,4937,14,1,1,0,9,2,1,3,      493701401
2023,4937,17,1,1,5,10,2,1,3,      493701701
2023,4937,19,1,1,6,9,1,1,3,      493701901
2023,4937,19,1,1,1,9,2,2,4,      493701901
2023,4937,147,1,1,1,9,2,1,3,      493714701
2023,4937,148,1,1,3,9,2,1,4,      493714801
2023,4937,149,1,1,1,9,2,1,3,      493714901
2023,4937,150,1,1,6,9,2,1,4,      493715001
2023,4938,29,1,1,7,6,1,1,4,      493802901
2023,4938,29,1,1,1,6,2,2,5,      493802901
2023,4938,39,1,1,4,5,1,1,2,      493803901
2023,4938,39,1,1,3,5,1,2,3,      493803901
2023,4938,39,1,1,1,5,2,3,4,      493803901
2023,4938,51,1,1,6,6,1,1,4,      493805101
2023,4938,51,1,1,3,6,2,2,5,      493805101
2023,4939,7,1,1,1,5,2,1,3,      493900701
2023,4939,22,1,1,4,4,1,1,2,      493902201
2023,4939,22,1,1,1,4,2,2,3,      493902201
2023,4939,35,1,1,1,5,1,1,4,      493903501
2023,4939,35,1,1,1,5,2,2,7,      493903501
2023,4939,36,1,1,2,4,1,1,4,      493903601
2023,4939,36,1,1,2,4,2,2,5,      493903601
2023,4939,73,1,1,6,4,2,1,3,      493907301
2023,4939,83,1,1,1,4,2,1,2,      493908301
2023,4939,109,1,1,0,5,2,1,5,      493910901
2023,4939,113,1,1,0,2,2,1,3,      493911301
2023,4939,135,1,1,5,3,1,1,3,      493913501
2023,4939,135,1,1,2,3,2,2,4,      493913501
2023,4940,13,1,1,7,6,1,1,3,      494001301
2023,4940,13,1,1,6,6,2,2,4,      494001301
2023,4940,14,1,1,3,6,2,1,3,      494001401
2023,4940,15,1,1,3,1,2,1,4,      494001501
2023,4940,17,1,1,0,6,2,1,3,      494001701
2023,4940,93,1,1,1,6,2,1,5,      494009301
2023,4940,95,1,1,1,6,2,1,2,      494009501
2023,4940,96,1,1,1,6,2,1,3,      494009601
2023,4940,186,1,1,3,6,1,1,3,      494018601
2023,4940,186,1,1,1,6,2,2,4,      494018601
2023,4940,188,1,1,3,6,2,1,4,      494018801
2023,4940,191,1,1,5,6,2,1,4,      494019101
2023,4940,195,1,1,0,6,2,1,3,      494019501
2023,4941,60,1,1,5,6,2,1,2,      494106001
2023,4941,64,1,1,0,7,2,1,3,      494106401
2023,4941,70,1,1,5,9,2,1,2,      494107001
2023,4941,115,1,1,4,7,2,1,4,      494111501
2023,4942,41,1,1,3,6,2,1,3,      494204101
2023,4942,53,1,1,0,6,2,1,3,      494205301
2023,4942,87,1,1,4,6,2,1,4,      494208701
2023,4942,133,1,1,0,6,2,1,3,      494213301
2023,4944,34,1,1,6,5,2,1,11,      494403401
2023,4945,18,1,1,0,7,2,1,4,      494501801
2023,4945,91,1,1,8,7,1,1,4,      494509101
2023,4945,91,1,1,0,7,2,2,5,      494509101
2023,4945,99,1,1,1,7,2,1,5,      494509901
2023,4946,58,1,1,0,5,2,1,2,      494605801
2023,4947,9,1,1,1,4,2,1,3,      494700901
2023,4947,12,1,1,1,3,2,1,2,      494701201
2023,4947,57,1,1,0,7,2,1,5,      494705701
2023,4947,65,1,2, , ,2,1,3,      494706501
2023,4948,13,1,1,6,8,2,1,3,      494801301
2023,4948,14,1,1,4,8,2,1,3,      494801401
2023,4948,16,1,1,4,9,2,1,2,      494801601
2023,4948,30,1,1,2,8,2,1,4,      494803001
2023,4948,41,1,1,3,7,1,1,3,      494804101
2023,4948,41,1,1,1,7,2,2,4,      494804101
2023,4950,18,1,1,1,6,2,1,5,      495001801
2023,4950,68,1,1,0,8,2,1,4,      495006801
2023,4950,83,1,1,4,6,1,1,4,      495008301
2023,4950,83,1,1,5,6,2,2,8,      495008301
2023,4951,82,1,2, , ,2,1,3,      495108201
2023,4952,55,1,2, , ,2,1,2,      495205501
2023,4953,20,1,1,5,6,2,1,5,      495302001
2023,4953,30,1,1,2,5,1,1,3,      495303001
2023,4953,30,1,1,1,5,2,2,4,      495303001
2023,4953,50,1,1,4,4,2,1,5,      495305001
2023,4953,94,1,2, , ,2,1,3,      495309401
2023,4954,1,1,1,1,9,2,1,2,      495400101
2023,4955,28,1,1,2,4,2,1,3,      495502801
2023,4955,52,1,1,0,5,1,1,3,      495505201
2023,4955,52,1,1,0,5,2,2,4,      495505201
2023,4955,68,1,1,7,6,1,1,4,      495506801
2023,4955,68,1,1,5,6,1,2,5,      495506801
2023,4955,68,1,1,3,6,2,3,6,      495506801
2023,4955,69,1,1,1,4,2,1,3,      495506901
2023,4955,83,1,1,1,7,2,1,6,      495508301
2023,4956,20,1,1,2,5,1,1,5,      495602001
2023,4956,20,1,1,1,5,2,2,6,      495602001
2023,4956,28,1,1,4,6,1,1,4,      495602801
2023,4956,28,1,1,0,6,2,2,5,      495602801
2023,4957,39,1,1,1,7,1,1,3,      495703901
2023,4957,39,1,1,0,7,2,2,4,      495703901
2023,4957,41,1,1,5,7,2,1,10,      495704101
2023,4957,108,1,1,0,7,1,1,2,      495710801
2023,4957,108,1,2, , ,1,2,3,      495710801
2023,4957,108,1,2, , ,2,3,4,      495710801
2023,4958,27,1,1,0,6,2,1,4,      495802701
2023,4958,34,1,1,0,7,2,1,5,      495803401
2023,4958,40,1,2, , ,2,1,4,      495804001
2023,4959,16,1,1,3,5,2,1,3,      495901601
2023,4959,17,1,1,3,6,1,1,3,      495901701
2023,4959,17,1,1,3,6,1,2,4,      495901701
2023,4959,17,1,1,1,6,1,3,5,      495901701
2023,4959,17,1,1,1,6,2,4,7,      495901701
2023,4959,27,1,1,1,5,1,1,6,      495902701
2023,4959,27,1,1,1,5,2,2,7,      495902701
2023,4959,33,1,1,1,5,1,1,3,      495903301
2023,4959,33,1,1,0,5,2,2,4,      495903301
2023,4959,52,1,1,5,5,1,1,4,      495905201
2023,4959,52,1,1,1,5,2,2,5,      495905201
2023,4959,61,1,1,3,6,2,1,3,      495906101
2023,4959,84,1,1,1,5,2,1,3,      495908401
2023,4960,32,1,1,0,7,1,1,3,      496003201
2023,4960,32,1,1,0,7,2,2,4,      496003201
2023,4960,41,1,1,6,7,1,1,2,      496004101
2023,4960,41,1,1,5,7,2,2,3,      496004101
2023,4960,42,1,1,0,5,2,1,3,      496004201
2023,4960,44,1,1,5,5,2,1,4,      496004401
2023,4960,45,1,1,2,7,2,1,2,      496004501
2023,4960,74,1,1,7,9,1,1,7,      496007401
2023,4960,74,1,1,3,9,1,2,8,      496007401
2023,4960,74,1,1,2,9,2,3,9,      496007401
2023,4960,75,1,1,4,6,2,1,4,      496007501
2023,4960,76,1,1,4,6,1,1,3,      496007601
2023,4960,76,1,1,2,6,2,2,4,      496007601
2023,4961,12,1,1,7,8,1,1,5,      496101201
2023,4961,12,1,1,5,8,2,2,6,      496101201
2023,4961,46,1,1,4,7,1,1,6,      496104601
2023,4961,46,1,1,1,7,2,2,7,      496104601
2023,4961,52,1,1,0,9,2,1,8,      496105201
2023,4961,63,1,1,0,7,2,1,4,      496106301
2023,4962,2,1,1,4,5,2,1,3,      496200201
2023,4962,36,1,1,3,5,1,1,3,      496203601
2023,4962,36,1,1,1,5,2,2,4,      496203601
2023,4962,75,1,1,4,5,2,1,2,      496207501
2023,4962,97,1,1,1,5,2,1,5,      496209701
2023,4962,107,1,1,2,5,1,1,3,      496210701
2023,4962,107,1,1,3,5,2,2,4,      496210701
2023,4963,30,1,1,3,8,2,1,3,      496303001
2023,4963,35,1,1,4,8,2,1,3,      496303501
2023,4963,50,1,1,1,8,1,1,3,      496305001
2023,4963,50,1,1,1,8,2,2,4,      496305001
2023,4963,61,1,1,1,8,2,1,4,      496306101
2023,4964,68,2,1,1,8,2,1,4,      496406802
2023,4964,95,1,1,7,8,1,1,3,      496409501
2023,4964,95,1,1,4,8,2,2,4,      496409501
2023,4964,104,1,1,0,8,2,1,5,      496410401
2023,4965,6,1,1,0,5,2,1,3,      496500601
2023,4965,17,1,1,7,5,1,1,3,      496501701
2023,4965,17,1,1,3,5,2,2,4,      496501701
2023,4965,79,1,1,3,5,1,1,5,      496507901
2023,4965,79,1,1,0,5,2,2,6,      496507901
2023,4966,41,1,1,0,6,2,1,3,      496604101
2023,4966,52,1,1,6,5,2,1,4,      496605201
2023,4966,63,1,1,0,6,2,1,3,      496606301
2023,4966,78,1,1,1,6,2,1,4,      496607801
2023,4966,82,1,1,7,6,2,1,2,      496608201
2023,4966,86,1,1,6,6,2,1,4,      496608601
2023,4967,1,1,1,1,4,2,1,3,      496700101
2023,4967,9,1,1,4,4,2,1,3,      496700901
2023,4967,25,1,1,8,4,2,1,3,      496702501
2023,4967,31,1,1,5,4,1,1,3,      496703101
2023,4967,31,1,1,1,4,2,2,4,      496703101
2023,4967,34,1,1,8,4,1,1,2,      496703401
2023,4967,34,1,1,4,4,2,2,3,      496703401
2023,4967,54,1,1,4,4,2,1,2,      496705401
2023,4967,56,1,1,0,4,2,1,3,      496705601
2023,4968,6,1,1,2,7,2,1,3,      496800601
2023,4968,43,1,1,6,7,2,1,3,      496804301
2023,4969,15,1,1,3,6,2,1,6,      496901501
2023,4969,19,1,1,5,5,1,1,3,      496901901
2023,4969,19,1,1,0,5,2,2,4,      496901901
2023,4969,32,1,1,7,6,2,1,5,      496903201
2023,4969,43,1,1,3,5,1,1,4,      496904301
2023,4969,43,1,1,0,5,2,2,5,      496904301
2023,4969,52,1,1,8,6,2,1,2,      496905201
2023,4969,53,1,1,8,6,2,1,3,      496905301
2023,4969,71,1,1,3,6,1,1,3,      496907101
2023,4969,71,1,1,3,6,2,2,4,      496907101
2023,4970,30,1,1,6,5,1,1,3,      497003001
2023,4970,30,1,1,0,5,2,2,4,      497003001
2023,4970,44,1,1,5,5,2,1,3,      497004401
2023,4970,48,1,1,4,5,2,1,3,      497004801
2023,4970,50,1,1,3,5,2,1,4,      497005001
2023,4970,68,1,1,2,5,2,1,3,      497006801
2023,4970,69,1,1,5,5,1,1,2,      497006901
2023,4970,69,1,1,0,5,2,2,3,      497006901
2023,4971,16,1,1,0,6,2,1,2,      497101601
2023,4971,29,1,1,7,6,1,1,2,      497102901
2023,4971,29,1,1,5,6,2,2,3,      497102901
2023,4971,45,1,1,8,6,2,1,3,      497104501
2023,4971,51,1,1,5,6,2,1,2,      497105101
2023,4971,60,1,1,1,6,2,1,3,      497106001
2023,4972,15,1,1,8,3,1,1,3,      497201501
2023,4972,15,1,1,6,3,2,2,4,      497201501
2023,4972,20,1,1,5,3,1,1,2,      497202001
2023,4972,20,1,1,1,3,2,2,3,      497202001
2023,4972,42,1,1,7,4,2,1,3,      497204201
2023,4972,58,1,1,0,4,2,1,4,      497205801
2023,4972,75,1,1,0,4,2,1,2,      497207501
2023,4973,7,1,1,7,9,1,1,4,      497300701
2023,4973,7,1,1,6,9,2,2,5,      497300701
2023,4973,12,1,1,0,8,2,1,6,      497301201
2023,4973,26,1,1,6,8,1,1,4,      497302601
2023,4973,26,1,1,0,8,2,2,5,      497302601
2023,4973,33,1,1,1,10,2,1,4,      497303301
2023,4973,49,1,1,2,8,1,1,3,      497304901
2023,4973,49,1,1,0,8,2,2,4,      497304901
2023,4974,3,1,1,2,7,2,1,3,      497400301
2023,4974,4,1,1,4,7,2,1,4,      497400401
2023,4974,5,1,1,5,6,1,1,4,      497400501
2023,4974,5,1,1,1,6,2,2,5,      497400501
2023,4974,32,1,1,6,7,1,1,3,      497403201
2023,4974,32,1,1,5,7,1,2,4,      497403201
2023,4974,32,1,1,1,7,2,3,5,      497403201
2023,4974,33,1,1,8,7,2,1,4,      497403301
2023,4974,34,1,1,1,6,2,1,5,      497403401
2023,4974,36,1,1,0,7,2,1,3,      497403601
2023,4974,43,1,1,2,7,2,1,3,      497404301
2023,4974,44,1,1,5,7,1,1,4,      497404401
2023,4974,44,1,1,0,7,2,2,5,      497404401
2023,4974,47,1,1,2,7,2,1,2,      497404701
2023,4975,1,1,1,6,5,1,1,3,      497500101
2023,4975,1,1,1,1,5,2,2,4,      497500101
2023,4975,3,1,1,6,4,1,1,5,      497500301
2023,4975,3,1,1,4,4,2,2,6,      497500301
2023,4975,7,1,1,5,5,1,1,3,      497500701
2023,4975,7,1,1,4,5,2,2,4,      497500701
2023,4975,17,1,1,0,5,2,1,3,      497501701
2023,4975,25,1,1,2,5,1,1,3,      497502501
2023,4975,25,1,1,1,5,1,2,4,      497502501
2023,4975,25,1,1,1,5,2,3,5,      497502501
2023,4975,31,1,1,7,5,2,1,3,      497503101
2023,4975,44,1,1,7,5,1,1,2,      497504401
2023,4975,44,1,1,5,5,1,2,3,      497504401
2023,4975,44,1,1,0,5,2,3,4,      497504401
2023,4975,57,1,1,4,5,1,1,3,      497505701
2023,4975,57,1,1,0,5,2,2,4,      497505701
2023,4975,73,1,1,5,5,2,1,3,      497507301
2023,4975,81,1,1,1,5,1,1,3,      497508101
2023,4975,81,1,1,9,5,2,2,5,      497508101
2023,4975,82,1,1,4,4,1,1,2,      497508201
2023,4975,82,1,1,1,4,2,2,3,      497508201
2023,4976,12,1,1,2,5,2,1,5,      497601201
2023,4976,20,1,1,1,5,2,1,4,      497602001
2023,4976,22,1,1,0,5,2,1,3,      497602201
2023,4976,30,1,1,6,5,2,1,4,      497603001
2023,4976,43,1,1,4,5,2,1,6,      497604301
2023,4976,52,1,1,0,6,2,1,3,      497605201
2023,4976,53,1,1,1,5,2,1,2,      497605301
2023,4976,61,1,1,3,5,2,1,4,      497606101
2023,4976,65,1,1,5,5,2,1,5,      497606501
2023,4977,12,1,1,4,9,2,1,4,      497701201
2023,4977,36,1,1,6,9,2,1,2,      497703601
2023,4977,38,1,1,1,98,2,1,4,      497703801
2023,4977,40,1,1,6,9,1,1,3,      497704001
2023,4977,40,1,1,6,9,2,2,4,      497704001
2023,4977,85,1,1,6,9,1,1,2,      497708501
2023,4977,85,1,1,4,9,2,2,3,      497708501
2023,4977,86,1,1,6,9,2,1,4,      497708601
2023,4978,3,1,1,2,7,2,1,4,      497800301
2023,4978,4,1,1,7,8,1,1,3,      497800401
2023,4978,4,1,1,6,8,1,2,4,      497800401
2023,4978,4,1,1,4,8,2,3,5,      497800401
2023,4978,28,1,1,6,7,1,1,4,      497802801
2023,4978,28,1,1,4,7,2,2,5,      497802801
2023,4978,29,1,1,8,8,1,1,3,      497802901
2023,4978,29,1,1,7,8,2,2,4,      497802901
2023,4978,52,1,1,4,7,2,1,3,      497805201
2023,4978,54,1,1,6,7,2,1,3,      497805401
2023,4978,56,1,1,5,7,2,1,4,      497805601
2023,4979,26,1,1,2,4,2,1,3,      497902601
2023,4979,28,1,1,8,4,1,1,3,      497902801
2023,4979,28,1,1,8,4,1,2,4,      497902801
2023,4979,28,1,1,3,4,2,3,5,      497902801
2023,4979,30,1,1,5,4,2,1,3,      497903001
2023,4979,54,1,1,3,4,2,1,3,      497905401
2023,4979,57,1,1,4,4,2,1,5,      497905701
2023,4979,58,1,1,5,4,2,1,4,      497905801
2023,4979,64,1,1,6,4,1,1,2,      497906401
2023,4979,64,1,1,3,4,2,2,3,      497906401
2023,4979,65,1,1,3,4,2,1,3,      497906501
2023,4979,66,1,1,3,4,2,1,4,      497906601
2023,4979,67,1,1,5,4,2,1,4,      497906701
2023,4980,1,1,1,1,9,2,1,3,      498000101
2023,4980,4,1,1,7,9,2,1,3,      498000401
2023,4980,6,1,1,6,8,1,1,3,      498000601
2023,4980,6,1,1,1,8,2,2,4,      498000601
2023,4980,11,1,1,0,9,2,1,3,      498001101
2023,4980,23,1,1,0,9,2,1,4,      498002301
2023,4980,34,1,1,8,8,1,1,3,      498003401
2023,4980,34,1,1,6,8,1,2,4,      498003401
2023,4980,34,1,1,0,8,2,3,5,      498003401
2023,4980,50,1,1,1,9,2,1,3,      498005001
2023,4981,4,1,1,0,6,2,1,2,      498100401
2023,4981,5,1,1,7,6,1,1,2,      498100501
2023,4981,5,1,1,5,6,2,2,3,      498100501
2023,4982,39,1,2, , ,2,1,3,      498203901
2023,4982,111,1,1,3,6,2,1,6,      498211101
2023,4982,132,1,1,5,8,1,1,3,      498213201
2023,4982,132,1,1,2,8,2,2,4,      498213201
2023,4983,51,1,2, , ,2,1,4,      498305101
2023,4983,67,1,2, , ,2,1,3,      498306701
2023,4983,97,1,2, , ,2,1,6,      498309701
2023,4984,25,1,2, , ,1,1,3,      498402501
2023,4984,25,1,2, , ,2,2,4,      498402501
2023,4984,89,1,1,7,4,1,1,4,      498408901
2023,4984,89,1,1,2,5,2,2,5,      498408901
2023,4984,104,1,1,3,4,2,1,3,      498410401
2023,4985,67,1,1,6,7,1,1,3,      498506701
2023,4985,67,1,1,0,7,2,2,4,      498506701
2023,4985,80,1,1,2,7,1,1,5,      498508001
2023,4985,80,1,1,6,7,2,2,7,      498508001
2023,4985,97,1,1,0,7,2,1,2,      498509701
2023,4985,114,1,1,2,7,1,1,3,      498511401
2023,4985,114,1,1,5,7,2,2,4,      498511401
2023,4986,7,1,1,1,9,2,1,5,      498600701
2023,4986,9,1,1,7,10,1,1,2,      498600901
2023,4986,9,1,1,2,10,2,2,3,      498600901
2023,4986,21,1,1,0,9,2,1,3,      498602101
2023,4986,67,1,1,2,9,2,1,3,      498606701
2023,4986,72,1,1,4,9,2,1,3,      498607201
2023,4986,97,1,1,3,9,2,1,4,      498609701
2023,4987,13,1,1,7,6,2,1,2,      498701301
2023,4987,22,1,1,6,6,1,1,2,      498702201
2023,4987,22,1,1,0,6,2,2,3,      498702201
2023,4987,23,1,1,3,6,1,1,3,      498702301
2023,4987,23,1,1,0,6,2,2,4,      498702301
2023,4987,50,1,1,5,6,1,1,3,      498705001
2023,4987,50,1,1,0,6,2,2,4,      498705001
2023,4987,52,1,1,0,6,2,1,3,      498705201
2023,4987,67,1,1,6,6,2,1,2,      498706701
2023,4987,73,1,1,0,6,2,1,3,      498707301
2023,4988,30,1,2, , ,2,1,3,      498803001
2023,4988,32,1,1,1,8,2,1,2,      498803201
2023,4988,40,1,1,1,8,2,1,3,      498804001
2023,4988,51,1,2, , ,1,1,3,      498805101
2023,4988,51,1,1,0,9,2,2,4,      498805101
2023,4988,62,1,2, , ,2,1,3,      498806201
2023,4988,73,1,1,2,0,2,1,3,      498807301
2023,4989,31,1,1,2,6,2,1,6,      498903101
2023,4989,111,1,1,6,8,2,1,3,      498911101
2023,4989,112,1,1,2,6,2,1,3,      498911201
2023,4989,114,1,1,1,5,1,1,3,      498911401
2023,4989,114,1,1,4,5,2,2,6,      498911401
2023,4989,140,1,1,3,5,1,1,3,      498914001
2023,4989,140,1,1,2,5,2,2,4,      498914001
2023,4989,141,1,1,6,6,1,1,3,      498914101
2023,4989,141,1,1,4,6,2,2,4,      498914101
2023,4989,143,1,1,1,6,2,1,4,      498914301
2023,4989,144,1,1,7,6,2,1,2,      498914401
2023,4990,13,1,1,4,5,1,1,4,      499001301
2023,4990,13,1,1,1,5,2,2,5,      499001301
2023,4990,17,1,1,2,5,2,1,3,      499001701
2023,4990,53,1,1,6,5,1,1,4,      499005301
2023,4990,53,1,1,0,5,2,2,5,      499005301
2023,4990,55,1,1,5,5,2,1,3,      499005501
2023,4990,56,1,1,2,5,2,1,4,      499005601
2023,4991,16,1,1,3,9,2,1,3,      499101601
2023,4991,17,1,1,4,9,2,1,4,      499101701
2023,4991,18,1,1,7,9,2,1,3,      499101801
2023,4991,42,1,1,3,9,2,1,3,      499104201
2023,4991,43,1,1,1,9,1,1,3,      499104301
2023,4991,43,1,1,8,9,2,2,5,      499104301
2023,4991,45,1,1,4,9,2,1,3,      499104501
2023,4991,50,1,1,1,9,2,1,3,      499105001
2023,4991,51,1,1,4,8,2,1,4,      499105101
2023,4992,6,1,1,1,5,2,1,4,      499200601
2023,4992,15,1,1,2,5,2,1,3,      499201501
2023,4992,28,1,1,1,5,1,1,4,      499202801
2023,4992,28,1,1,5,5,2,2,5,      499202801
2023,4992,54,1,1,5,5,1,1,2,      499205401
2023,4992,54,1,1,4,5,1,2,3,      499205401
2023,4992,54,1,1,1,5,2,3,4,      499205401
2023,4992,68,1,2, , ,2,1,4,      499206801
2023,4992,85,1,1,7,5,2,1,3,      499208501
2023,4992,91,1,1,6,5,1,1,3,      499209101
2023,4992,91,1,1,1,5,1,2,4,      499209101
2023,4992,91,1,1,0,5,2,3,5,      499209101
2023,4992,96,1,1,1,5,2,1,5,      499209601
2023,4992,124,1,1,1,5,2,1,3,      499212401
2023,4993,7,1,1,8,6,2,1,3,      499300701
2023,4993,8,1,1,0,5,2,1,3,      499300801
2023,4993,10,1,1,1,6,2,1,3,      499301001
2023,4993,77,1,1,1,6,2,1,3,      499307701
2023,4993,93,1,1,1,6,2,1,4,      499309301
2023,4993,94,1,1,6,6,1,1,4,      499309401
2023,4993,94,1,1,2,6,1,2,5,      499309401
2023,4993,94,1,1,0,6,2,3,6,      499309401
2023,4993,97,1,1,0,6,1,1,3,      499309701
2023,4993,97,1,1,4,6,2,2,5,      499309701
2023,4994,1,1,1,3,6,2,1,3,      499400101
2023,4994,20,1,1,1,7,2,1,3,      499402001
2023,4994,72,1,1,4,5,1,1,3,      499407201
2023,4994,72,1,1,1,5,2,2,4,      499407201
2023,4994,73,1,1,7,7,2,1,4,      499407301
2023,4994,74,1,1,0,5,2,1,4,      499407401
2023,4994,82,1,1,5,7,2,1,4,      499408201
2023,4994,83,1,1,5,5,2,1,3,      499408301
2023,4994,84,1,1,8,0,1,1,5,      499408401
2023,4994,84,1,1,1,7,2,2,6,      499408401
2023,4995,6,1,2, , ,2,1,3,      499500601
2023,4995,8,1,1,8,4,2,1,2,      499500801
2023,4995,12,1,1,7,4,1,1,3,      499501201
2023,4995,12,1,1,1,4,2,2,4,      499501201
2023,4995,14,1,1,0,6,2,1,3,      499501401
2023,4995,56,1,1,1,4,1,1,5,      499505601
2023,4995,56,1,1,4,4,2,2,6,      499505601
2023,4995,57,1,1,3,5,2,1,3,      499505701
2023,4996,141,1,1,6,7,2,1,3,      499614101
2023,4996,336,1,1,1,8,2,1,3,      499633601
2023,4996,338,1,1,1,8,1,1,3,      499633801
2023,4996,338,1,2, , ,2,2,4,      499633801
2023,4997,10,1,1,7,9,1,1,4,      499701001
2023,4997,10,1,1,5,9,2,2,5,      499701001
2023,4997,12,1,1,6,9,1,1,6,      499701201
2023,4997,12,1,1,4,9,2,2,7,      499701201
2023,4997,13,1,1,5,9,2,1,4,      499701301
2023,4997,17,1,1,6,9,1,1,3,      499701701
2023,4997,17,1,1,6,9,1,2,4,      499701701
2023,4997,17,1,1,0,9,2,3,5,      499701701
2023,4997,19,1,1,4,9,2,1,3,      499701901
2023,4997,20,1,1,5,9,1,1,5,      499702001
2023,4997,20,1,1,1,9,2,2,6,      499702001
2023,4997,103,1,1,3,9,2,1,5,      499710301
2023,4997,105,1,1,2,9,1,1,3,      499710501
2023,4997,105,1,1,0,9,2,2,4,      499710501
2023,4998,1,1,1,5,8,2,1,2,      499800101
2023,4998,3,1,1,6,8,1,1,3,      499800301
2023,4998,3,1,1,3,8,2,2,4,      499800301
2023,4998,5,1,1,3,8,2,1,3,      499800501
2023,4998,37,1,1,8,9,1,1,4,      499803701
2023,4998,37,1,1,5,0,1,2,5,      499803701
2023,4998,37,1,1,0,9,2,3,6,      499803701
2023,4998,40,1,1,6,8,1,1,3,      499804001
2023,4998,40,1,1,1,8,1,2,4,      499804001
2023,4998,40,1,1,1,8,2,3,6,      499804001
2023,4998,41,1,1,5,9,2,1,5,      499804101
2023,4998,103,1,1,7,9,2,1,3,      499810301
2023,4998,104,1,1,1,8,2,1,3,      499810401
2023,4999,44,1,1,0,7,2,1,3,      499904401
2023,4999,45,1,1,2,6,2,1,3,      499904501
2023,4999,47,1,1,7,6,1,1,4,      499904701
2023,4999,47,1,1,4,6,1,2,5,      499904701
2023,4999,47,1,1,2,6,2,3,6,      499904701
2023,4999,57,1,1,7,7,1,1,3,      499905701
2023,4999,57,1,1,3,7,2,2,4,      499905701
2023,4999,59,1,1,4,7,1,1,3,      499905901
2023,4999,59,1,1,2,7,2,2,4,      499905901
2023,4999,60,1,1,1,7,2,1,3,      499906001
2023,4999,73,1,1,1,7,2,1,3,      499907301
2023,4999,74,1,1,4,7,1,1,3,      499907401
2023,4999,74,1,1,1,7,2,2,4,      499907401
2023,4999,75,1,1,4,7,1,1,3,      499907501
2023,4999,75,1,1,0,7,1,2,6,      499907501
2023,4999,75,1,1,0,7,2,3,7,      499907501
2023,5000,1,1,1,1,4,1,1,7,      500000101
2023,5000,1,1,2, , ,2,2,8,      500000101
2023,5000,17,1,1,2,6,1,1,9,      500001701
2023,5000,17,1,1,5,6,1,2,11,      500001701
2023,5000,17,1,1,3,6,2,3,12,      500001701
2023,5000,64,1,1,3,3,1,1,4,      500006401
2023,5000,64,1,2, , ,1,2,5,      500006401
2023,5000,64,1,2, , ,2,3,6,      500006401
2023,5000,65,1,1,1,5,2,1,4,      500006501
2023,5001,11,1,1,2,6,2,1,4,      500101101
2023,5001,23,1,1,1,5,1,1,2,      500102301
2023,5001,23,1,2, , ,2,2,3,      500102301
2023,5001,58,1,1,6,5,2,1,5,      500105801
2023,5001,67,1,2, , ,1,1,3,      500106701
2023,5001,67,1,1,0,6,1,2,5,      500106701
2023,5001,67,1,1,0,6,2,3,6,      500106701
2023,5001,116,1,1,1,6,2,1,5,      500111601
2023,5002,14,1,1,3,7,1,1,7,      500201401
2023,5002,14,1,1,0,7,2,2,8,      500201401
2023,5002,24,1,1,3,9,2,1,4,      500202401
2023,5002,38,1,2, , ,2,1,4,      500203801
2023,5002,75,1,1,4,7,1,1,4,      500207501
2023,5002,75,1,1,1,7,2,2,5,      500207501
2023,5002,116,1,1,1,7,1,1,4,      500211601
2023,5002,116,1,1,1,7,2,2,5,      500211601
2023,5002,121,1,1,4,2,2,1,3,      500212101
2023,5003,34,1,2, , ,2,1,3,      500303401
2023,5003,57,1,1,3,9,2,1,3,      500305701
2023,5003,100,1,2, , ,2,1,4,      500310001
2023,5003,128,1,1,1,9,1,1,4,      500312801
2023,5003,128,1,1,1,9,2,2,8,      500312801
2023,5003,152,1,1,1,9,2,1,2,      500315201
2023,5004,72,1,1,2,4,2,1,4,      500407201
2023,5004,86,1,1,2,4,2,1,4,      500408601
2023,5004,97,1,1,0,4,2,1,5,      500409701
2023,5004,130,1,1,0,4,2,1,4,      500413001
2023,5004,135,1,1,1,4,2,1,3,      500413501
2023,5005,33,1,1,1,7,1,1,3,      500503301
2023,5005,33,1,1,1,7,2,2,4,      500503301
2023,5005,70,1,1,1,7,1,1,4,      500507001
2023,5005,70,1,1,1,7,1,2,6,      500507001
2023,5005,70,1,1,1,7,2,3,7,      500507001
2023,5005,82,1,1,6,8,2,1,5,      500508201
2023,5005,101,1,1,1,6,2,1,3,      500510101
2023,5006,7,1,1,0,4,1,1,4,      500600701
2023,5006,7,1,1,0,4,2,2,6,      500600701
2023,5006,15,1,1,3,5,2,1,4,      500601501
2023,5006,50,2,1,1,5,1,1,3,      500605002
2023,5006,50,2,1,1,5,2,2,4,      500605002
2023,5006,101,1,1,1,5,2,1,6,      500610101
2023,5007,8,1,1,0,6,2,1,4,      500700801
2023,5007,15,1,1,1,6,1,1,3,      500701501
2023,5007,15,1,1,1,6,2,2,4,      500701501
2023,5007,32,1,1,1,6,2,1,5,      500703201
2023,5007,53,1,1,1,6,2,1,3,      500705301
2023,5007,76,1,1,1,6,1,1,3,      500707601
2023,5007,76,1,1,4,6,2,2,5,      500707601
2023,5007,89,1,1,3,5,2,1,4,      500708901
2023,5007,97,1,8, , ,1,1,3,      500709701
2023,5007,97,1,1,1,3,2,2,4,      500709701
2023,5009,128,1,1,0,6,2,1,4,      500912801
2023,5009,193,1,1,2,9,2,1,4,      500919301
2023,5010,53,1,1,2,8,2,1,3,      501005301
2023,5010,169,2,1,3,8,2,1,3,      501016902
2023,5011,63,1,1,1,3,2,1,6,      501106301
2023,5011,117,1,2, , ,1,1,3,      501111701
2023,5011,117,1,2, , ,1,2,4,      501111701
2023,5011,117,1,1,2,8,1,3,5,      501111701
2023,5011,117,1,1,1,8,2,4,6,      501111701
2023,5011,125,1,1,0,7,2,1,3,      501112501
2023,5012,167,1,1,0,6,2,1,4,      501216701
2023,5013,60,1,1,0,6,1,1,5,      501306001
2023,5013,60,1,1,0,6,2,2,6,      501306001
2023,5013,60,3,1,1,5,2,1,3,      501306003
2023,5013,60,5,1,1,5,2,1,3,      501306005
2023,5013,63,2,1,5,6,1,1,3,      501306302
2023,5013,63,2,1,2,6,2,2,4,      501306302
2023,5013,151,1,1,98,98,1,1,4,      501315101
2023,5013,151,1,1,98,98,2,2,6,      501315101
2023,5014,115,1,1,0,8,1,1,6,      501411501
2023,5014,115,1,1,1,8,2,2,9,      501411501
2023,5015,43,1,1,3,6,2,1,9,      501504301
2023,5016,96,2,1,1,5,2,1,4,      501609602
2023,5016,134,1,1,1,5,1,1,6,      501613401
2023,5016,134,1,1,0,5,1,2,8,      501613401
2023,5016,134,1,1,0,5,1,3,9,      501613401
2023,5016,134,1,1,1,5,2,4,10,      501613401
2023,5018,79,1,2, , ,2,1,3,      501807901
2023,5018,89,1,1,3,7,2,1,3,      501808901
2023,5019,3,1,1,0,10,2,1,11,      501900301
2023,5019,4,1,1,1,8,2,1,5,      501900401
2023,5019,22,1,1,1,10,2,1,4,      501902201
2023,5019,40,1,1,2,8,2,1,3,      501904001
2023,5019,41,1,1,1,10,2,1,4,      501904101
2023,5019,50,1,1,2,8,2,1,3,      501905001
2023,5020,11,1,1,5,10,1,1,3,      502001101
2023,5020,11,1,1,2,10,2,2,4,      502001101
2023,5020,30,1,1,2,10,1,1,3,      502003001
2023,5020,30,1,1,0,10,2,2,4,      502003001
2023,5020,44,1,1,1,9,2,1,4,      502004401
2023,5020,49,1,2, , ,2,1,4,      502004901
2023,5020,55,1,1,1,8,2,1,3,      502005501
2023,5020,58,1,1,0,10,2,1,3,      502005801
2023,5020,70,1,1,5,10,1,1,3,      502007001
2023,5020,70,1,1,1,10,2,2,4,      502007001
2023,5021,49,1,1,0,5,2,1,3,      502104901
2023,5021,75,1,1,0,5,2,1,3,      502107501
2023,5021,82,1,1,5,4,1,1,3,      502108201
2023,5021,82,1,2, , ,2,2,4,      502108201
2023,5021,100,1,1,6,5,2,1,3,      502110001
2023,5021,127,1,1,0,5,2,1,4,      502112701
2023,5022,3,1,1,0,6,2,1,3,      502200301
2023,5022,4,1,2, , ,2,1,5,      502200401
2023,5022,18,1,1,2,4,2,1,4,      502201801
2023,5023,39,1,1,0,6,2,1,3,      502303901
2023,5023,90,1,1,4,6,2,1,2,      502309001
2023,5024,6,1,1,1,6,2,1,3,      502400601
2023,5024,32,1,1,2,6,1,1,6,      502403201
2023,5024,32,1,1,0,6,2,2,9,      502403201
2023,5024,36,1,1,3,8,1,1,3,      502403601
2023,5024,36,1,1,2,8,1,2,4,      502403601
2023,5024,36,1,1,5,8,2,3,5,      502403601
2023,5024,86,1,1,4,8,1,1,4,      502408601
2023,5024,86,1,1,0,8,2,2,5,      502408601
2023,5024,157,1,1,2,6,2,1,4,      502415701
2023,5025,19,1,1,0,7,2,1,3,      502501901
2023,5025,39,1,1,6,7,1,1,3,      502503901
2023,5025,39,1,1,0,7,2,2,4,      502503901
2023,5025,42,1,1,0,7,2,1,3,      502504201
2023,5025,64,1,1,6,7,2,1,3,      502506401
2023,5026,12,1,1,6,9,1,1,4,      502601201
2023,5026,12,1,1,4,9,2,2,5,      502601201
2023,5026,23,1,1,1,9,1,1,3,      502602301
2023,5026,23,1,1,5,9,2,2,5,      502602301
2023,5026,69,1,8, , ,2,1,6,      502606901
2023,5026,70,1,1,5,9,2,1,2,      502607001
2023,5026,75,1,1,3,9,1,1,4,      502607501
2023,5026,75,1,1,2,9,1,2,5,      502607501
2023,5026,75,1,1,0,9,2,3,6,      502607501
2023,5026,101,1,1,6,9,2,1,3,      502610101
2023,5026,102,1,1,2,9,1,1,3,      502610201
2023,5026,102,1,1,2,9,2,2,4,      502610201
2023,5027,10,1,1,5,6,1,1,4,      502701001
2023,5027,10,1,1,3,6,1,2,5,      502701001
2023,5027,10,1,1,1,6,2,3,6,      502701001
2023,5027,36,1,1,0,6,2,1,4,      502703601
2023,5027,44,1,1,0,8,1,1,3,      502704401
2023,5027,44,1,1,4,8,2,2,5,      502704401
2023,5027,68,1,1,8,6,1,1,3,      502706801
2023,5027,68,1,1,0,6,2,2,4,      502706801
2023,5027,84,1,1,0,6,2,1,5,      502708401
2023,5028,9,1,1,0,2,2,1,2,      502800901
2023,5028,54,1,1,1,5,2,1,3,      502805401
2023,5028,65,1,1,0,5,2,1,2,      502806501
2023,5028,83,1,1,4,5,1,1,2,      502808301
2023,5028,83,1,1,1,5,2,2,3,      502808301
2023,5028,100,1,1,3,4,2,1,3,      502810001
2023,5029,7,1,1,4,9,1,1,3,      502900701
2023,5029,7,1,1,0,9,2,2,4,      502900701
2023,5029,57,1,1,1,9,2,1,3,      502905701
2023,5029,64,1,1,3,9,2,1,3,      502906401
2023,5029,74,1,1,3,9,2,1,4,      502907401
2023,5029,86,1,1,0,9,2,1,4,      502908601
2023,5030,30,1,1,2,9,1,1,3,      503003001
2023,5030,30,1,1,0,9,2,2,4,      503003001
2023,5030,61,1,1,5,7,2,1,3,      503006101
2023,5030,74,1,1,2,7,1,1,4,      503007401
2023,5030,74,1,1,0,7,2,2,5,      503007401
2023,5030,75,1,1,1,7,2,1,3,      503007501
2023,5030,76,1,1,9,7,1,1,3,      503007601
2023,5030,76,1,1,3,7,2,2,4,      503007601
2023,5030,98,1,1,8,7,1,1,4,      503009801
2023,5030,98,1,1,1,7,2,2,5,      503009801
2023,5031,33,1,1,0,4,2,1,2,      503103301
2023,5031,34,1,1,2,4,2,1,3,      503103401
2023,5031,37,1,1,7,4,1,1,4,      503103701
2023,5031,37,1,1,1,4,2,2,5,      503103701
2023,5031,69,1,1,3,4,2,1,3,      503106901
2023,5031,72,1,1,8,4,2,1,2,      503107201
2023,5031,78,1,1,7,4,2,1,3,      503107801
2023,5031,79,1,1,5,4,2,1,5,      503107901
2023,5032,34,1,1,6,8,2,1,3,      503203401
2023,5032,35,1,1,2,8,2,1,3,      503203501
2023,5032,36,1,1,1,8,1,1,3,      503203601
2023,5032,36,1,1,0,8,2,2,4,      503203601
2023,5032,38,1,1,2,8,1,1,3,      503203801
2023,5032,38,1,1,6,8,2,2,5,      503203801
2023,5032,40,1,1,3,8,2,1,2,      503204001
2023,5032,154,1,1,0,8,2,1,3,      503215401
2023,5032,155,1,1,6,8,2,1,4,      503215501
2023,5032,156,1,1,6,8,1,1,3,      503215601
2023,5032,156,1,1,3,8,2,2,4,      503215601
2023,5032,157,1,1,5,8,2,1,4,      503215701
2023,5033,12,1,1,7,4,1,1,4,      503301201
2023,5033,12,1,1,0,4,2,2,5,      503301201
2023,5033,13,1,1,7,3,2,1,3,      503301301
2023,5033,15,1,1,6,4,2,1,5,      503301501
2023,5033,35,1,1,7,4,1,1,4,      503303501
2023,5033,35,1,1,1,4,2,2,5,      503303501
2023,5033,36,1,1,0,4,2,1,3,      503303601
2023,5033,42,1,1,0,4,2,1,2,      503304201
2023,5033,46,1,1,3,2,1,1,3,      503304601
2023,5033,46,1,1,0,2,2,2,4,      503304601
2023,5034,31,1,1,1,8,1,1,3,      503403101
2023,5034,31,1,1,0,8,1,2,4,      503403101
2023,5034,31,1,1,2,8,2,3,6,      503403101
2023,5034,32,1,1,1,8,2,1,3,      503403201
2023,5034,33,1,1,7,8,1,1,3,      503403301
2023,5034,33,1,1,4,8,1,2,4,      503403301
2023,5034,33,1,1,1,8,2,3,5,      503403301
2023,5034,34,1,1,2,8,2,1,3,      503403401
2023,5034,52,1,1,4,8,1,1,2,      503405201
2023,5034,52,1,1,2,8,2,2,3,      503405201
2023,5034,53,1,1,7,8,1,1,4,      503405301
2023,5034,53,1,1,3,8,2,2,5,      503405301
2023,5034,55,1,1,4,8,1,1,5,      503405501
2023,5034,55,1,1,1,8,2,2,6,      503405501
2023,5034,60,1,1,9,8,1,1,3,      503406001
2023,5034,60,1,1,6,8,2,2,4,      503406001
2023,5034,62,1,1,5,8,1,1,4,      503406201
2023,5034,62,1,1,4,8,1,2,5,      503406201
2023,5034,62,1,1,3,8,2,3,6,      503406201
2023,5034,63,1,1,8,8,2,1,2,      503406301
2023,5035,16,1,1,5,5,2,1,3,      503501601
2023,5035,18,1,1,2,5,2,1,3,      503501801
2023,5035,20,1,1,2,5,2,1,4,      503502001
2023,5035,41,1,1,9,5,1,1,5,      503504101
2023,5035,41,1,1,6,5,2,2,6,      503504101
2023,5035,42,1,1,5,5,1,1,2,      503504201
2023,5035,42,1,1,1,5,2,2,3,      503504201
2023,5035,43,1,1,8,5,1,1,4,      503504301
2023,5035,43,1,1,0,5,2,2,5,      503504301
2023,5035,44,1,1,8,5,2,1,3,      503504401
2023,5035,75,1,1,6,5,2,1,3,      503507501
2023,5035,77,1,1,1,5,2,1,5,      503507701
2023,5035,79,1,1,5,5,2,1,4,      503507901
2023,5036,26,1,1,5,9,1,1,3,      503602601
2023,5036,26,1,1,5,9,1,2,4,      503602601
2023,5036,26,1,1,2,9,2,3,5,      503602601
2023,5036,27,1,1,6,10,1,1,3,      503602701
2023,5036,27,1,1,1,10,2,2,4,      503602701
2023,5036,29,1,1,0,10,2,1,3,      503602901
2023,5036,71,1,1,5,10,1,1,5,      503607101
2023,5036,71,1,1,5,10,2,2,6,      503607101
2023,5036,72,1,1,4,9,1,1,6,      503607201
2023,5036,72,1,1,5,9,2,2,7,      503607201
2023,5036,75,1,1,6,10,1,1,3,      503607501
2023,5036,75,1,1,2,10,2,2,4,      503607501
2023,5036,133,1,1,2,10,2,1,4,      503613301
2023,5036,134,1,1,2,8,1,1,3,      503613401
2023,5036,134,1,1,1,8,2,2,4,      503613401
2023,5036,136,1,1,4,11,1,1,3,      503613601
2023,5036,136,1,1,0,11,2,2,4,      503613601
2023,5037,2,1,1,2,6,1,1,4,      503700201
2023,5037,2,1,1,2,6,2,2,5,      503700201
2023,5037,5,1,1,7,6,1,1,4,      503700501
2023,5037,5,1,1,6,6,2,2,5,      503700501
2023,5037,7,1,1,1,6,2,1,3,      503700701
2023,5037,34,1,1,5,6,2,1,4,      503703401
2023,5037,44,1,1,0,6,2,1,3,      503704401
2023,5037,49,1,1,2,6,2,1,4,      503704901
2023,5037,50,1,1,8,6,2,1,5,      503705001
2023,5037,51,1,1,0,6,2,1,4,      503705101
2023,5037,52,1,1,7,6,1,1,5,      503705201
2023,5037,52,1,1,5,6,2,2,6,      503705201
2023,5038,17,1,1,5,7,1,1,3,      503801701
2023,5038,17,1,1,4,7,1,2,4,      503801701
2023,5038,17,1,1,3,7,2,3,5,      503801701
2023,5038,18,1,1,6,7,2,1,5,      503801801
2023,5038,19,1,1,8,7,1,1,3,      503801901
2023,5038,19,1,1,6,9,1,2,4,      503801901
2023,5038,19,1,1,2,9,2,3,5,      503801901
2023,5038,39,1,1,3,6,2,1,3,      503803901
2023,5038,40,1,1,0,7,2,1,3,      503804001
2023,5039,30,1,1,3,7,2,1,2,      503903001
2023,5039,80,1,1,0,6,2,1,6,      503908001
2023,5039,103,1,1,7,7,1,1,3,      503910301
2023,5039,103,1,1,0,7,2,2,4,      503910301
2023,5039,104,1,1,0,7,2,1,3,      503910401
2023,5040,25,1,1,0,8,2,1,3,      504002501
2023,5040,38,1,1,3,8,2,1,3,      504003801
2023,5040,47,1,1,5,8,1,1,2,      504004701
2023,5040,47,1,1,3,8,2,2,3,      504004701
2023,5040,70,1,1,6,8,2,1,4,      504007001
2023,5041,9,1,1,5,8,2,1,2,      504100901
2023,5041,15,1,1,4,9,2,1,2,      504101501
2023,5041,35,1,1,2,9,2,1,4,      504103501
2023,5041,41,1,1,4,9,1,1,4,      504104101
2023,5041,41,1,1,0,9,2,2,5,      504104101
2023,5041,62,1,1,1,8,2,1,4,      504106201
2023,5042,6,1,1,5,4,1,1,7,      504200601
2023,5042,6,1,1,3,4,1,2,8,      504200601
2023,5042,6,1,1,3,4,1,3,9,      504200601
2023,5042,6,1,1,1,4,1,4,10,      504200601
2023,5042,6,1,1,1,4,2,5,11,      504200601
2023,5042,22,1,1,0,4,2,1,2,      504202201
2023,5042,33,1,1,9,4,1,1,5,      504203301
2023,5042,33,1,1,5,4,2,2,6,      504203301
2023,5042,58,1,1,1,4,2,1,3,      504205801
2023,5042,59,1,1,1,4,1,1,3,      504205901
2023,5042,59,1,1,0,4,2,2,4,      504205901
2023,5042,129,1,1,5,4,2,1,10,      504212901
2023,5043,24,1,1,7,6,1,1,4,      504302401
2023,5043,24,1,1,3,6,1,2,5,      504302401
2023,5043,24,1,1,8,6,2,3,7,      504302401
2023,5043,29,1,1,1,6,2,1,3,      504302901
2023,5043,32,1,1,1,6,2,1,3,      504303201
2023,5043,51,1,1,4,6,1,1,3,      504305101
2023,5043,51,1,1,2,6,2,2,4,      504305101
2023,5043,82,1,1,6,6,2,1,3,      504308201
2023,5044,4,1,1,8,7,2,1,3,      504400401
2023,5044,7,1,1,0,6,2,1,3,      504400701
2023,5044,25,1,1,0,7,2,1,3,      504402501
2023,5044,28,1,1,1,7,1,1,3,      504402801
2023,5044,28,1,1,1,7,2,2,4,      504402801
2023,5044,38,1,1,0,6,2,1,3,      504403801
2023,5044,52,1,1,6,7,2,1,2,      504405201
2023,5044,59,1,1,0,7,2,1,3,      504405901
2023,5044,74,1,1,4,7,2,1,3,      504407401
2023,5045,25,1,1,1,8,2,1,3,      504502501
2023,5045,31,1,1,1,7,2,1,3,      504503101
2023,5045,35,1,1,6,8,1,1,3,      504503501
2023,5045,35,1,1,2,8,2,2,4,      504503501
2023,5045,45,1,1,6,7,2,1,5,      504504501
2023,5045,50,1,1,4,8,2,1,3,      504505001
2023,5046,7,1,1,0,5,2,1,3,      504600701
2023,5046,43,1,1,2,5,2,1,8,      504604301
2023,5046,44,1,1,2,5,2,1,4,      504604401
2023,5046,45,1,1,0,5,2,1,4,      504604501
2023,5046,121,1,1,3,5,1,1,3,      504612101
2023,5046,121,1,1,0,5,2,2,4,      504612101
2023,5046,122,1,1,7,5,2,1,3,      504612201
2023,5047,11,1,1,0,3,2,1,3,      504701101
2023,5047,13,1,1,3,5,1,1,3,      504701301
2023,5047,13,1,1,0,5,2,2,4,      504701301
2023,5047,19,1,1,4,5,2,1,4,      504701901
2023,5047,23,1,1,0,5,2,1,3,      504702301
2023,5047,24,1,1,0,4,2,1,3,      504702401
2023,5047,25,1,1,3,5,2,1,3,      504702501
2023,5047,116,1,1,5,5,1,1,5,      504711601
2023,5047,116,1,1,3,5,2,2,6,      504711601
2023,5047,118,1,1,5,5,1,1,3,      504711801
2023,5047,118,1,1,1,5,2,2,4,      504711801
2023,5047,119,1,1,3,5,2,1,4,      504711901
2023,5047,120,1,1,6,5,2,1,4,      504712001
2023,5048,8,1,1,4,6,1,1,3,      504800801
2023,5048,8,1,1,1,6,2,2,4,      504800801
2023,5048,9,1,1,6,6,2,1,4,      504800901
2023,5048,10,1,1,3,6,1,1,4,      504801001
2023,5048,10,1,1,0,6,2,2,5,      504801001
2023,5048,12,1,1,3,6,2,1,2,      504801201
2023,5048,25,1,1,1,6,2,1,4,      504802501
2023,5048,29,1,1,0,6,2,1,6,      504802901
2023,5048,92,1,1,3,6,1,1,5,      504809201
2023,5048,92,1,1,1,6,2,2,6,      504809201
2023,5048,93,1,1,5,6,1,1,4,      504809301
2023,5048,93,1,1,3,6,2,2,5,      504809301
2023,5048,94,1,1,8,6,1,1,2,      504809401
2023,5048,94,1,1,2,6,2,2,3,      504809401
2023,5049,1,1,1,0,5,1,1,3,      504900101
2023,5049,1,1,1,0,5,2,2,4,      504900101
2023,5049,20,1,1,7,5,2,1,6,      504902001
2023,5049,28,1,1,7,5,1,1,3,      504902801
2023,5049,28,1,1,6,5,2,2,4,      504902801
2023,5049,38,1,1,4,5,2,1,3,      504903801
2023,5049,46,1,1,8,4,1,1,4,      504904601
2023,5049,46,1,1,6,4,1,2,5,      504904601
2023,5049,46,1,1,1,4,2,3,6,      504904601
2023,5049,55,1,1,3,5,1,1,3,      504905501
2023,5049,55,1,1,1,5,2,2,4,      504905501
2023,5049,64,1,1,6,5,2,1,4,      504906401
2023,5049,71,1,1,6,5,1,1,4,      504907101
2023,5049,71,1,1,0,5,2,2,5,      504907101
2023,5050,15,1,1,2,9,1,1,3,      505001501
2023,5050,15,1,1,1,9,2,2,4,      505001501
2023,5050,17,1,1,3,9,2,1,3,      505001701
2023,5050,18,1,1,4,9,2,1,3,      505001801
2023,5050,41,1,1,1,8,2,1,4,      505004101
2023,5050,42,1,1,0,9,2,1,3,      505004201
2023,5051,16,1,1,7,4,2,1,5,      505101601
2023,5051,18,1,1,2,4,1,1,3,      505101801
2023,5051,18,1,1,0,4,2,2,4,      505101801
2023,5051,28,1,1,3,4,2,1,4,      505102801
2023,5051,29,1,1,2,4,2,1,3,      505102901
2023,5051,77,1,1,3,3,1,1,3,      505107701
2023,5051,77,1,1,2,4,2,2,4,      505107701
2023,5052,34,1,1,2,6,2,1,3,      505203401
2023,5052,67,1,1,2,6,2,1,3,      505206701
2023,5052,70,1,1,0,6,2,1,3,      505207001
2023,5052,73,1,1,2,6,2,1,5,      505207301
2023,5052,75,1,1,5,6,1,1,6,      505207501
2023,5052,75,1,1,1,6,2,2,8,      505207501
2023,5052,87,1,1,3,6,2,1,4,      505208701
2023,5052,97,1,1,8,6,2,1,4,      505209701
2023,5053,1,1,1,5,7,2,1,3,      505300101
2023,5053,3,1,1,4,7,2,1,6,      505300301
2023,5053,5,1,1,6,7,2,1,4,      505300501
2023,5053,47,1,1,3,7,2,1,3,      505304701
2023,5053,48,1,1,1,7,2,1,2,      505304801
2023,5053,49,1,1,7,7,2,1,3,      505304901
2023,5053,50,1,1,8,7,1,1,4,      505305001
2023,5053,50,1,1,6,7,1,2,5,      505305001
2023,5053,50,1,1,0,7,2,3,6,      505305001
2023,5053,62,1,1,2,7,2,1,3,      505306201
2023,5053,63,1,1,1,7,2,1,4,      505306301
2023,5054,61,1,1,4,9,2,1,5,      505406101
2023,5054,63,1,1,6,9,1,1,3,      505406301
2023,5054,63,1,1,2,9,2,2,4,      505406301
2023,5054,64,1,1,8,8,1,1,3,      505406401
2023,5054,64,1,1,5,8,1,2,4,      505406401
2023,5054,64,1,1,0,9,2,3,5,      505406401
2023,5054,92,1,1,6,8,1,1,4,      505409201
2023,5054,92,1,1,1,8,2,2,5,      505409201
2023,5054,118,1,1,8,9,2,1,4,      505411801
2023,5054,119,1,1,1,9,2,1,6,      505411901
2023,5055,3,1,1,6,9,2,1,3,      505500301
2023,5055,4,1,1,7,9,1,1,3,      505500401
2023,5055,4,1,1,6,9,1,2,4,      505500401
2023,5055,4,1,1,4,9,2,3,5,      505500401
2023,5055,6,1,1,0,9,2,1,3,      505500601
2023,5055,13,1,1,1,9,1,1,3,      505501301
2023,5055,13,1,1,1,9,2,2,4,      505501301
2023,5055,46,1,1,5,9,1,1,4,      505504601
2023,5055,46,1,1,2,9,1,2,5,      505504601
2023,5055,46,1,1,0,9,2,3,6,      505504601
2023,5055,49,1,1,3,9,1,1,2,      505504901
2023,5055,49,1,1,2,9,2,2,3,      505504901
2023,5056,1,1,1,7,7,1,1,3,      505600101
2023,5056,1,1,1,3,7,1,2,4,      505600101
2023,5056,1,1,1,1,7,1,3,5,      505600101
2023,5056,1,1,1,1,7,2,4,6,      505600101
2023,5056,2,1,1,4,8,2,1,3,      505600201
2023,5056,9,1,1,7,8,1,1,2,      505600901
2023,5056,9,1,1,3,8,1,2,3,      505600901
2023,5056,9,1,1,1,3,2,3,4,      505600901
2023,5056,30,1,1,3,7,2,1,5,      505603001
2023,5056,35,1,1,7,8,2,1,3,      505603501
2023,5056,39,1,1,7,8,1,1,2,      505603901
2023,5056,39,1,1,0,8,2,2,3,      505603901
2023,5056,44,1,1,3,7,1,1,3,      505604401
2023,5056,44,1,1,3,7,1,2,4,      505604401
2023,5056,44,1,1,3,7,1,3,5,      505604401
2023,5056,44,1,1,2,7,2,4,6,      505604401
2023,5056,49,1,1,1,8,2,1,3,      505604901
2023,5056,58,1,1,7,7,1,1,4,      505605801
2023,5056,58,1,1,4,7,2,2,5,      505605801
2023,5057,12,1,1,2,8,1,1,3,      505701201
2023,5057,12,1,1,1,8,2,2,4,      505701201
2023,5057,26,1,1,4,8,2,1,3,      505702601
2023,5057,46,1,1,2,7,2,1,3,      505704601
2023,5057,63,1,1,2,8,1,1,4,      505706301
2023,5057,63,1,1,0,8,2,2,5,      505706301
2023,5057,72,1,1,7,8,1,1,3,      505707201
2023,5057,72,1,1,4,8,2,2,4,      505707201
2023,5057,89,1,1,1,8,2,1,2,      505708901
2023,5057,91,1,1,1,7,2,1,3,      505709101
2023,5057,92,1,1,0,6,1,1,3,      505709201
2023,5057,92,1,1,7,6,2,2,5,      505709201
2023,5058,10,1,1,0,6,2,1,4,      505801001
2023,5058,31,1,1,0,7,2,1,5,      505803101
2023,5058,62,1,1,4,7,2,1,3,      505806201
2023,5058,99,1,1,0,7,2,1,4,      505809901
2023,5059,8,1,1,2,4,2,1,5,      505900801
2023,5059,14,1,1,1,4,2,1,3,      505901401
2023,5059,47,1,1,3,4,2,1,3,      505904701
2023,5059,65,1,1,2,4,1,1,5,      505906501
2023,5059,65,1,1,1,4,2,2,6,      505906501
2023,5060,58,1,1,1,5,1,1,3,      506005801
2023,5060,58,1,1,3,5,2,2,6,      506005801
2023,5060,73,1,1,1,5,2,1,6,      506007301
2023,5060,129,1,1,0,5,2,1,5,      506012901
2023,5060,130,1,1,0,5,2,1,5,      506013001
2023,5061,26,1,1,4,6,2,1,3,      506102601
2023,5062,3,1,1,7,5,2,1,2,      506200301
2023,5062,17,1,1,5,5,2,1,3,      506201701
2023,5062,35,1,1,5,4,1,1,5,      506203501
2023,5062,35,1,1,2,4,2,2,6,      506203501
2023,5062,49,1,1,4,5,2,1,3,      506204901
2023,5062,88,1,1,4,5,2,1,4,      506208801
2023,5062,110,1,1,4,5,2,1,3,      506211001
2023,5063,18,1,1,4,4,2,1,2,      506301801
2023,5063,43,1,1,1,4,2,1,4,      506304301
2023,5063,92,1,1,1,4,2,1,3,      506309201
2023,5063,95,1,1,7,4,1,1,3,      506309501
2023,5063,95,1,1,6,4,1,2,4,      506309501
2023,5063,95,1,1,3,4,2,3,5,      506309501
2023,5063,135,2,1,0,4,1,1,2,      506313502
2023,5063,135,2,1,0,4,2,2,3,      506313502
2023,5063,145,1,1,0,4,1,1,4,      506314501
2023,5063,145,1,1,0,4,2,2,5,      506314501
2023,5064,53,1,1,2,8,1,1,3,      506405301
2023,5064,53,1,1,0,8,2,2,4,      506405301
2023,5064,66,1,1,8,8,1,1,5,      506406601
2023,5064,66,1,1,5,8,2,2,6,      506406601
2023,5064,72,1,1,8,7,1,1,3,      506407201
2023,5064,72,1,1,2,7,2,2,4,      506407201
2023,5064,94,1,1,7,8,1,1,6,      506409401
2023,5064,94,1,1,4,8,1,2,7,      506409401
2023,5064,94,1,1,2,8,2,3,8,      506409401
2023,5064,113,1,1,4,8,1,1,4,      506411301
2023,5064,113,1,1,1,8,2,2,5,      506411301
2023,5064,135,1,1,1,8,2,1,3,      506413501
2023,5064,140,1,1,3,8,2,1,6,      506414001
2023,5065,8,1,1,7,6,2,1,3,      506500801
2023,5065,18,1,1,6,5,1,1,3,      506501801
2023,5065,18,1,1,0,5,1,2,4,      506501801
2023,5065,18,1,1,0,5,2,3,5,      506501801
2023,5065,25,1,1,10,6,1,1,2,      506502501
2023,5065,25,1,1,7,6,2,2,3,      506502501
2023,5065,43,1,1,0,6,2,1,3,      506504301
2023,5065,61,1,1,5,6,2,1,4,      506506101
2023,5065,91,1,1,6,6,1,1,3,      506509101
2023,5065,91,1,1,1,6,2,2,4,      506509101
2023,5066,28,1,1,1,6,2,1,3,      506602801
2023,5066,30,1,1,6,7,1,1,3,      506603001
2023,5066,30,1,1,5,7,1,2,4,      506603001
2023,5066,30,1,1,0,7,2,3,5,      506603001
2023,5066,31,1,1,2,7,1,1,3,      506603101
2023,5066,31,1,1,0,7,2,2,4,      506603101
2023,5066,46,1,1,0,7,1,1,3,      506604601
2023,5066,46,1,1,4,7,2,2,4,      506604601
2023,5066,47,1,1,4,7,2,1,4,      506604701
2023,5066,48,1,1,7,7,2,1,5,      506604801
2023,5066,49,1,1,6,7,1,1,3,      506604901
2023,5066,49,1,1,5,7,1,2,4,      506604901
2023,5066,49,1,1,0,7,2,3,5,      506604901
2023,5066,50,1,1,1,7,2,1,4,      506605001
2023,5066,81,1,1,1,7,2,1,5,      506608101
2023,5066,82,1,1,3,7,2,1,3,      506608201
2023,5066,83,1,1,5,7,1,1,4,      506608301
2023,5066,83,1,1,4,7,1,2,5,      506608301
2023,5066,83,1,1,2,7,1,3,6,      506608301
2023,5066,83,1,1,0,7,2,4,7,      506608301
2023,5066,85,1,1,8,7,1,1,2,      506608501
2023,5066,85,1,1,4,7,2,2,3,      506608501
2023,5067,16,1,1,7,6,1,1,5,      506701601
2023,5067,16,1,1,4,6,2,2,6,      506701601
2023,5067,17,1,1,0,6,2,1,3,      506701701
2023,5067,18,1,1,8,6,1,1,2,      506701801
2023,5067,18,1,1,0,6,2,2,3,      506701801
2023,5067,19,1,1,5,6,1,1,3,      506701901
2023,5067,19,1,1,2,6,2,2,4,      506701901
2023,5067,20,1,1,4,6,1,1,5,      506702001
2023,5067,20,1,1,0,6,2,2,6,      506702001
2023,5067,21,1,1,1,6,2,1,3,      506702101
2023,5067,22,1,1,0,6,2,1,4,      506702201
2023,5067,23,1,1,0,6,2,1,9,      506702301
2023,5067,24,1,1,7,6,1,1,5,      506702401
2023,5067,24,1,1,2,6,2,2,6,      506702401
2023,5067,51,1,1,5,6,1,1,3,      506705101
2023,5067,51,1,1,3,6,2,2,4,      506705101
2023,5067,52,1,1,7,6,2,1,4,      506705201
2023,5067,53,1,1,6,6,1,1,4,      506705301
2023,5067,53,1,1,5,6,2,2,5,      506705301
2023,5068,53,1,1,7,5,1,1,4,      506805301
2023,5068,53,1,1,3,5,2,2,5,      506805301
2023,5068,54,1,1,8,5,2,1,4,      506805401
2023,5068,97,1,1,5,5,2,1,3,      506809701
2023,5068,100,1,1,5,5,2,1,3,      506810001
2023,5068,101,1,1,2,5,2,1,4,      506810101
2023,5068,107,1,1,1,5,2,1,3,      506810701
2023,5068,108,1,1,5,5,1,1,3,      506810801
2023,5068,108,1,1,3,5,1,2,4,      506810801
2023,5068,108,1,1,0,5,1,3,5,      506810801
2023,5068,108,1,1,6,5,2,4,7,      506810801
2023,5068,109,1,1,6,5,2,1,4,      506810901
2023,5069,22,1,1,7,9,2,1,4,      506902201
2023,5069,24,1,1,8,9,1,1,4,      506902401
2023,5069,24,1,1,6,9,1,2,5,      506902401
2023,5069,24,1,1,4,9,2,3,6,      506902401
2023,5069,25,1,1,2,9,1,1,3,      506902501
2023,5069,25,1,2, , ,2,2,4,      506902501
2023,5069,41,1,1,6,9,1,1,3,      506904101
2023,5069,41,1,1,4,9,2,2,4,      506904101
2023,5069,42,1,1,6,9,1,1,3,      506904201
2023,5069,42,1,1,4,2,2,2,4,      506904201
2023,5069,43,1,1,0,9,2,1,3,      506904301
2023,5069,45,1,1,8,9,1,1,3,      506904501
2023,5069,45,1,1,6,9,1,2,5,      506904501
2023,5069,45,1,1,4,9,2,3,6,      506904501
2023,5069,87,1,1,0,9,2,1,3,      506908701
2023,5069,88,1,1,2,9,1,1,6,      506908801
2023,5069,88,1,1,0,9,2,2,7,      506908801
2023,5070,10,1,1,2,8,2,1,4,      507001001
2023,5070,12,1,1,6,8,2,1,3,      507001201
2023,5070,15,1,1,7,8,1,1,3,      507001501
2023,5070,15,1,1,0,8,2,2,4,      507001501
2023,5070,38,1,1,5,8,2,1,5,      507003801
2023,5070,40,1,1,2,8,2,1,3,      507004001
2023,5070,89,1,1,1,8,2,1,6,      507008901
2023,5070,91,1,1,4,8,2,1,3,      507009101
2023,5070,92,1,1,0,8,1,1,3,      507009201
2023,5070,92,1,1,7,8,2,2,5,      507009201
2023,5071,63,1,1,3,8,2,1,2,      507106301
2023,5071,64,1,1,0,8,1,1,2,      507106401
2023,5071,64,1,1,7,8,1,2,3,      507106401
2023,5071,64,1,1,5,8,2,3,4,      507106401
2023,5071,65,1,1,4,8,2,1,5,      507106501
2023,5071,71,1,1,8,8,2,1,3,      507107101
2023,5071,72,1,1,5,8,2,1,3,      507107201
2023,5071,75,1,1,8,8,1,1,3,      507107501
2023,5071,75,1,1,0,8,2,2,4,      507107501
2023,5071,77,1,1,5,8,2,1,3,      507107701
2023,5071,78,1,1,6,8,1,1,5,      507107801
2023,5071,78,1,1,6,8,1,2,6,      507107801
2023,5071,78,1,1,4,8,2,3,7,      507107801
2023,5071,79,1,1,6,8,2,1,4,      507107901
2023,5071,81,1,1,4,8,2,1,4,      507108101
2023,5072,2,1,1,3,5,1,1,5,      507200201
2023,5072,2,1,1,2,5,2,2,6,      507200201
2023,5072,3,1,1,4,6,1,1,3,      507200301
2023,5072,3,1,1,1,6,2,2,5,      507200301
2023,5072,4,1,1,2,6,1,1,4,      507200401
2023,5072,4,1,1,4,6,2,2,5,      507200401
2023,5072,7,1,1,8,6,2,1,5,      507200701
2023,5072,16,1,1,4,6,1,1,3,      507201601
2023,5072,16,1,1,2,6,2,2,4,      507201601
2023,5072,24,1,1,5,5,1,1,6,      507202401
2023,5072,24,1,1,4,5,2,2,7,      507202401
2023,5072,25,1,1,5,6,2,1,3,      507202501
2023,5072,26,1,1,8,5,1,1,3,      507202601
2023,5072,26,1,1,7,5,2,2,4,      507202601
2023,5072,27,1,1,2,6,2,1,2,      507202701
2023,5072,28,1,1,5,5,1,1,3,      507202801
2023,5072,28,1,1,2,5,2,2,4,      507202801
2023,5073,10,1,1,6,4,1,1,3,      507301001
2023,5073,10,1,1,5,4,1,2,4,      507301001
2023,5073,10,1,1,4,4,2,3,5,      507301001
2023,5073,41,1,1,0,2,2,1,3,      507304101
2023,5074,6,1,1,7,5,1,1,4,      507400601
2023,5074,6,1,1,4,5,2,2,5,      507400601
2023,5074,7,1,1,4,5,2,1,4,      507400701
2023,5074,13,1,1,0,4,2,1,2,      507401301
2023,5074,40,1,1,8,5,1,1,3,      507404001
2023,5074,40,1,1,0,5,1,2,4,      507404001
2023,5074,40,1,1,0,4,2,3,5,      507404001
2023,5074,51,1,2, , ,2,1,4,      507405101
2023,5075,6,1,1,8,9,1,1,4,      507500601
2023,5075,6,1,1,6,9,1,2,5,      507500601
2023,5075,6,1,1,2,9,2,3,6,      507500601
2023,5075,18,1,1,0,9,2,1,6,      507501801
2023,5075,30,1,1,3,9,2,1,3,      507503001
2023,5075,36,1,1,7,9,1,1,3,      507503601
2023,5075,36,1,1,3,9,2,2,4,      507503601
2023,5075,46,1,1,2,9,2,1,3,      507504601
2023,5075,55,1,1,5,9,2,1,5,      507505501
2023,5075,64,1,1,8,9,1,1,3,      507506401
2023,5075,64,1,1,2,9,1,2,4,      507506401
2023,5075,64,1,1,1,9,2,3,9,      507506401
2023,5075,66,1,1,0,9,2,1,3,      507506601
2023,5075,74,1,1,7,9,1,1,3,      507507401
2023,5075,74,1,1,0,9,2,2,4,      507507401
2023,5076,4,1,1,5,4,1,1,4,      507600401
2023,5076,4,1,1,0,4,1,2,5,      507600401
2023,5076,4,1,1,1,4,2,3,6,      507600401
2023,5076,50,1,1,2,5,2,1,5,      507605001
2023,5076,62,1,1,1,5,2,1,3,      507606201
2023,5076,93,1,1,0,5,2,1,4,      507609301
2023,5077,60,1,1,7,4,2,1,2,      507706001
2023,5077,66,1,1,1,6,1,1,5,      507706601
2023,5077,66,1,1,4,6,2,2,7,      507706601
2023,5077,76,1,1,4,6,2,1,3,      507707601
2023,5077,130,1,1,7,7,2,1,7,      507713001
2023,5077,168,1,1,0,6,2,1,5,      507716801
2023,5078,61,1,1,0,7,1,1,4,      507806101
2023,5078,61,1,1,0,7,2,2,5,      507806101
2023,5078,75,1,1,5,8,2,1,3,      507807501
2023,5078,90,1,1,0,7,2,1,3,      507809001
2023,5078,91,1,1,4,8,1,1,3,      507809101
2023,5078,91,1,1,0,8,2,2,4,      507809101
2023,5078,112,1,1,5,8,2,1,5,      507811201
2023,5078,126,1,1,6,8,2,1,4,      507812601
2023,5079,118,1,1,2,11,1,1,3,      507911801
2023,5079,118,1,1,0,11,2,2,4,      507911801
2023,5080,69,1,1,3,2,1,1,5,      508006901
2023,5080,69,1,1,1,2,2,2,6,      508006901
2023,5080,73,1,1,1,5,2,1,5,      508007301
2023,5080,73,2,1,3,5,1,1,3,      508007302
2023,5080,73,2,1,1,5,2,2,4,      508007302
2023,5080,89,1,1,1,3,1,1,4,      508008901
2023,5080,89,1,1,1,3,2,2,5,      508008901
2023,5080,93,1,1,1,3,2,1,3,      508009301
2023,5080,109,1,1,7,4,1,1,7,      508010901
2023,5080,109,1,1,0,5,2,2,8,      508010901
2023,5080,129,1,2, , ,1,1,6,      508012901
2023,5080,129,1,1,7,4,2,2,7,      508012901
2023,5081,12,1,1,8,9,2,1,3,      508101201
2023,5081,30,1,1,4,9,1,1,2,      508103001
2023,5081,30,1,1,3,9,2,2,3,      508103001
2023,5081,91,1,1,5,9,2,1,5,      508109101
2023,5081,95,1,1,8,4,1,1,3,      508109501
2023,5081,95,1,1,3,5,1,2,4,      508109501
2023,5081,95,1,1,4,5,2,3,5,      508109501
2023,5082,41,1,1,0,8,2,1,3,      508204101
2023,5082,51,1,1,4,6,2,1,3,      508205101
2023,5082,59,1,1,4,5,1,1,4,      508205901
2023,5082,59,1,1,4,5,1,2,5,      508205901
2023,5082,59,1,1,0,5,1,3,6,      508205901
2023,5082,59,1,2, , ,2,4,7,      508205901
2023,5082,115,1,1,6,8,1,1,2,      508211501
2023,5082,115,1,1,0,8,2,2,3,      508211501
2023,5082,117,1,1,2,6,1,1,5,      508211701
2023,5082,117,1,1,1,6,2,2,6,      508211701
2023,5082,208,1,1,7,4,2,1,6,      508220801
2023,5083,45,1,1,8,9,1,1,3,      508304501
2023,5083,45,1,1,3,9,1,2,4,      508304501
2023,5083,45,1,1,1,9,2,3,5,      508304501
2023,5083,71,1,1,1,7,2,1,3,      508307101
2023,5083,95,1,1,3,7,2,1,4,      508309501
2023,5083,123,1,1,1,4,2,1,3,      508312301
2023,5083,156,1,1,4,9,2,1,4,      508315601
2023,5083,174,1,1,1,9,2,1,3,      508317401
2023,5084,7,2,1,1,8,2,1,3,      508400702
2023,5084,19,1,1,0,5,1,1,4,      508401901
2023,5084,19,1,1,0,5,2,2,5,      508401901
2023,5084,28,2,1,1,4,2,1,5,      508402802
2023,5084,63,1,1,1,8,1,1,5,      508406301
2023,5084,63,1,1,0,8,2,2,6,      508406301
2023,5084,77,1,1,1,6,1,1,3,      508407701
2023,5084,77,1,1,1,6,2,2,4,      508407701
2023,5084,101,1,1,4,2,1,1,3,      508410101
2023,5084,101,1,1,1,2,2,2,4,      508410101
2023,5085,6,1,1,5,4,2,1,3,      508500601
2023,5085,39,1,1,1,4,1,1,3,      508503901
2023,5085,39,1,1,1,4,1,2,4,      508503901
2023,5085,39,1,1,0,4,2,3,5,      508503901
2023,5085,52,1,1,1,3,2,1,3,      508505201
2023,5085,92,1,1,6,3,1,1,4,      508509201
2023,5085,92,1,1,4,3,2,2,5,      508509201
2023,5086,8,1,1,5,6,2,1,4,      508600801
2023,5086,21,1,1,3,2,2,1,3,      508602101
2023,5086,74,1,1,3,7,1,1,3,      508607401
2023,5086,74,1,1,2,7,2,2,4,      508607401
2023,5086,88,1,1,8,7,2,1,6,      508608801
2023,5086,99,1,1,5,6,2,1,4,      508609901
2023,5087,28,1,1,4,8,2,1,4,      508702801
2023,5087,88,1,1,1,8,2,1,5,      508708801
2023,5088,23,1,1,1,7,2,1,4,      508802301
2023,5088,85,1,1,4,7,1,1,4,      508808501
2023,5088,85,1,1,1,7,2,2,5,      508808501
2023,5089,46,1,1,1,4,2,1,3,      508904601
2023,5090,3,1,1,4,5,2,1,2,      509000301
2023,5090,73,1,1,0,5,2,1,4,      509007301
2023,5090,79,1,1,0,5,2,1,5,      509007901
2023,5091,11,1,1,2,7,2,1,6,      509101101
2023,5091,42,1,1,2,7,2,1,6,      509104201
2023,5091,78,1,1,2,7,2,1,4,      509107801
2023,5091,132,2,1,7,8,1,1,3,      509113202
2023,5091,132,2,1,5,8,2,2,4,      509113202
2023,5092,11,1,1,8,7,2,1,3,      509201101
2023,5092,37,1,1,8,7,1,1,4,      509203701
2023,5092,37,1,1,5,7,1,2,5,      509203701
2023,5092,37,1,1,3,7,2,3,6,      509203701
2023,5092,39,1,1,0,7,2,1,4,      509203901
2023,5092,63,1,1,8,7,1,1,3,      509206301
2023,5092,63,1,1,4,7,1,2,4,      509206301
2023,5092,63,1,1,2,7,2,3,5,      509206301
2023,5093,5,1,1,5,8,1,1,4,      509300501
2023,5093,5,1,1,0,8,2,2,5,      509300501
2023,5093,33,1,1,6,8,2,1,3,      509303301
2023,5093,58,1,1,0,8,2,1,2,      509305801
2023,5094,9,1,1,1,4,2,1,4,      509400901
2023,5094,12,1,1,7,5,1,1,4,      509401201
2023,5094,12,1,1,1,5,2,2,5,      509401201
2023,5094,62,1,1,2,5,1,1,2,      509406201
2023,5094,62,1,1,5,5,2,2,3,      509406201
2023,5094,85,1,1,4,6,2,1,3,      509408501
2023,5094,91,1,1,5,5,1,1,5,      509409101
2023,5094,91,1,1,0,5,2,2,6,      509409101
2023,5094,93,1,1,0,6,2,1,3,      509409301
2023,5095,26,1,1,4,7,1,1,3,      509502601
2023,5095,26,1,1,0,7,2,2,4,      509502601
2023,5095,27,1,1,4,7,2,1,4,      509502701
2023,5095,28,1,1,3,7,2,1,4,      509502801
2023,5095,29,1,1,3,98,1,1,3,      509502901
2023,5095,29,1,1,98,98,2,2,4,      509502901
2023,5095,76,1,1,3,9,1,1,3,      509507601
2023,5095,76,1,1,2,10,2,2,4,      509507601
2023,5095,77,1,1,5,7,2,1,5,      509507701
2023,5095,78,1,1,0,7,1,1,2,      509507801
2023,5095,78,1,1,2,7,2,2,5,      509507801
2023,5095,107,1,1,5,8,1,1,7,      509510701
2023,5095,107,1,1,3,8,1,2,8,      509510701
2023,5095,107,1,1,3,8,2,3,9,      509510701
2023,5096,12,1,1,0,5,2,1,2,      509601201
2023,5096,37,1,1,7,5,2,1,3,      509603701
2023,5096,39,1,1,6,5,2,1,2,      509603901
2023,5096,56,1,1,1,5,2,1,4,      509605601
2023,5096,64,1,1,4,4,2,1,4,      509606401
2023,5096,71,1,1,2,5,1,1,3,      509607101
2023,5096,71,1,1,0,5,2,2,4,      509607101
2023,5096,73,1,1,2,5,2,1,3,      509607301
2023,5096,75,1,1,2,5,2,1,4,      509607501
2023,5096,76,1,1,1,5,2,1,2,      509607601
2023,5097,11,1,2, , ,2,1,4,      509701101
2023,5097,77,1,2, , ,2,1,9,      509707701
2023,5097,86,1,1,8,5,1,1,6,      509708601
2023,5097,86,1,1,3,5,2,2,9,      509708601
2023,5097,117,1,1,4,5,1,1,3,      509711701
2023,5097,117,1,1,0,5,2,2,4,      509711701
2023,5098,2,1,1,1,6,1,1,2,      509800201
2023,5098,2,1,1,1,6,1,2,3,      509800201
2023,5098,2,1,1,0,6,2,3,4,      509800201
2023,5098,5,1,1,5,7,2,1,4,      509800501
2023,5098,24,1,1,7,5,1,1,4,      509802401
2023,5098,24,1,1,4,5,2,2,5,      509802401
2023,5098,70,1,1,1,5,1,1,4,      509807001
2023,5098,70,1,1,0,5,2,2,5,      509807001
2023,5099,32,1,1,1,2,2,1,4,      509903201
2023,5100,1,1,1,0,8,1,1,2,      510000101
2023,5100,1,1,1,0,8,2,2,3,      510000101
2023,5100,24,1,1,1,7,1,1,5,      510002401
2023,5100,24,1,1,0,7,2,2,6,      510002401
2023,5100,26,1,1,2,9,1,1,8,      510002601
2023,5100,26,1,1,1,9,2,2,9,      510002601
2023,5100,59,1,1,1,8,2,1,5,      510005901
2023,5100,111,1,1,1,9,1,1,3,      510011101
2023,5100,111,1,2, , ,2,2,4,      510011101
2023,5102,14,1,1,3,8,2,1,4,      510201401
2023,5102,23,1,1,3,7,2,1,4,      510202301
2023,5102,38,1,1,0,8,2,1,3,      510203801
2023,5102,40,1,1,1,7,2,1,4,      510204001
2023,5102,52,1,1,1,8,2,1,3,      510205201
2023,5103,51,1,1,7,8,2,1,4,      510305101
2023,5103,64,1,1,3,8,1,1,7,      510306401
2023,5103,64,1,1,0,8,2,2,8,      510306401
2023,5103,101,1,1,5,8,1,1,4,      510310101
2023,5103,101,1,1,0,8,2,2,5,      510310101
2023,5103,122,1,1,3,8,1,1,3,      510312201
2023,5103,122,1,1,0,8,2,2,4,      510312201
2023,5103,151,1,1,2,8,1,1,3,      510315101
2023,5103,151,1,1,0,8,2,2,4,      510315101
2023,5104,50,1,1,1,8,1,1,3,      510405001
2023,5104,50,1,1,0,9,2,2,4,      510405001
2023,5104,84,1,1,2,9,1,1,2,      510408401
2023,5104,84,1,1,1,9,2,2,3,      510408401
2023,5104,87,1,1,1,8,2,1,5,      510408701
2023,5104,104,1,1,0,9,1,1,3,      510410401
2023,5104,104,1,1,0,9,2,2,4,      510410401
2023,5105,20,1,1,3,7,2,1,4,      510502001
2023,5105,37,1,1,5,7,1,1,5,      510503701
2023,5105,37,1,1,4,7,2,2,6,      510503701
2023,5105,74,1,1,6,7,1,1,5,      510507401
2023,5105,74,1,1,4,7,1,2,6,      510507401
2023,5105,74,1,1,2,7,2,3,7,      510507401
2023,5105,82,1,1,1,7,2,1,6,      510508201
2023,5106,54,1,1,4,5,2,1,4,      510605401
2023,5106,123,1,1,4,5,2,1,3,      510612301
2023,5106,139,1,1,6,5,2,1,4,      510613901
2023,5106,165,1,1,3,5,1,1,3,      510616501
2023,5106,165,1,1,1,5,2,2,4,      510616501
2023,5106,169,1,1,1,5,2,1,3,      510616901
2023,5107,27,1,1,3,7,2,1,3,      510702701
2023,5107,51,1,1,0,4,2,1,4,      510705101
2023,5107,70,1,1,4,7,2,1,3,      510707001
2023,5107,77,1,1,0,7,1,1,2,      510707701
2023,5107,77,1,1,0,7,2,2,3,      510707701
2023,5107,109,1,1,3,7,2,1,5,      510710901
2023,5108,24,1,1,4,0,2,1,4,      510802401
2023,5108,48,1,1,0,9,2,1,5,      510804801
2023,5108,69,1,1,6,9,1,1,2,      510806901
2023,5108,69,1,1,3,9,2,2,3,      510806901
2023,5108,113,1,1,2,9,2,1,2,      510811301
2023,5109,9,1,1,0,4,2,1,3,      510900901
2023,5109,15,1,1,0,4,1,1,3,      510901501
2023,5109,15,1,1,0,4,2,2,4,      510901501
2023,5109,32,1,1,0,4,2,1,2,      510903201
2023,5109,64,1,1,5,4,1,1,3,      510906401
2023,5109,64,1,1,1,4,2,2,4,      510906401
2023,5109,68,1,1,1,4,2,1,3,      510906801
2023,5110,17,1,1,0,4,1,1,2,      511001701
2023,5110,17,1,1,0,4,2,2,3,      511001701
2023,5110,25,1,1,1,4,2,1,3,      511002501
2023,5110,61,1,1,0,4,2,1,2,      511006101
2023,5111,16,1,1,0,3,2,1,3,      511101601
2023,5111,19,1,1,3,4,2,1,3,      511101901
2023,5111,28,1,1,4,4,2,1,4,      511102801
2023,5111,64,1,1,3,4,2,1,3,      511106401
2023,5111,65,1,1,3,5,1,1,2,      511106501
2023,5111,65,1,1,2,5,2,2,3,      511106501
2023,5112,38,1,1,2,7,2,1,5,      511203801
2023,5112,42,1,1,6,6,1,1,3,      511204201
2023,5112,42,1,1,2,6,2,2,4,      511204201
2023,5112,45,1,1,0,7,2,1,3,      511204501
2023,5112,61,1,1,5,7,1,1,5,      511206101
2023,5112,61,1,1,2,7,2,2,6,      511206101
2023,5112,63,1,1,0,7,2,1,3,      511206301
2023,5113,7,1,1,1,8,2,1,3,      511300701
2023,5113,9,1,1,1,8,1,1,4,      511300901
2023,5113,9,1,1,3,8,2,2,5,      511300901
2023,5113,10,1,1,3,8,2,1,3,      511301001
2023,5113,58,1,1,2,8,2,1,4,      511305801
2023,5113,113,1,1,7,8,2,1,4,      511311301
2023,5113,116,1,1,4,8,1,1,5,      511311601
2023,5113,116,1,1,1,8,1,2,8,      511311601
2023,5113,116,1,1,0,8,2,3,9,      511311601
2023,5113,117,1,1,2,10,2,1,2,      511311701
2023,5114,6,1,1,4,6,1,1,2,      511400601
2023,5114,6,1,1,1,6,2,2,3,      511400601
2023,5114,9,1,1,0,6,2,1,3,      511400901
2023,5114,27,1,1,4,7,1,1,3,      511402701
2023,5114,27,1,1,3,7,1,2,4,      511402701
2023,5114,27,1,1,1,7,2,3,5,      511402701
2023,5114,31,1,2, , ,2,1,3,      511403101
2023,5114,68,1,2, , ,1,1,3,      511406801
2023,5114,68,1,1,0,6,2,2,4,      511406801
2023,5114,71,1,1,0,7,2,1,5,      511407101
2023,5115,47,1,1,0,5,1,1,4,      511504701
2023,5115,47,1,1,4,5,2,2,6,      511504701
2023,5115,49,1,1,1,5,2,1,2,      511504901
2023,5115,60,1,1,3,5,2,1,4,      511506001
2023,5115,62,1,1,1,6,2,1,3,      511506201
2023,5115,63,1,1,0,5,2,1,3,      511506301
2023,5115,65,1,1,0,6,2,1,3,      511506501
2023,5115,66,1,1,0,5,2,1,3,      511506601
2023,5116,32,1,1,0,4,2,1,5,      511603201
2023,5116,55,1,1,1,7,2,1,3,      511605501
2023,5117,75,2,1,8,8,1,1,2,      511707502
2023,5117,75,2,1,5,8,2,2,3,      511707502
2023,5117,75,3,1,7,8,1,1,2,      511707503
2023,5117,75,3,1,1,8,1,2,3,      511707503
2023,5117,75,3,1,0,8,2,3,4,      511707503
2023,5117,146,1,1,1,8,1,1,5,      511714601
2023,5117,146,1,1,0,8,1,2,6,      511714601
2023,5117,146,1,1,0,8,2,3,7,      511714601
2023,5118,4,1,1,1,6,2,1,5,      511800401
2023,5118,10,1,1,6,7,1,1,7,      511801001
2023,5118,10,1,1,1,7,2,2,8,      511801001
2023,5118,19,1,1,3,7,2,1,3,      511801901
2023,5118,63,1,2, , ,2,1,5,      511806301
2023,5118,97,1,1,4,6,2,1,3,      511809701
2023,5118,160,1,2, , ,1,1,4,      511816001
2023,5118,160,1,2, , ,2,2,6,      511816001
2023,5118,188,1,1,5,7,2,1,4,      511818801
2023,5119,14,1,1,0,10,2,1,4,      511901401
2023,5119,27,1,2, , ,1,1,4,      511902701
2023,5119,27,1,1,2,9,2,2,7,      511902701
2023,5119,75,1,1,0,9,2,1,3,      511907501
2023,5121,113,1,1,8,5,1,1,3,      512111301
2023,5121,113,1,1,4,5,1,2,4,      512111301
2023,5121,113,1,1,2,5,2,3,5,      512111301
2023,5121,125,1,1,6,4,1,1,4,      512112501
2023,5121,125,1,1,5,4,2,2,5,      512112501
2023,5122,44,1,1,0,8,1,1,4,      512204401
2023,5122,44,1,1,1,8,2,2,7,      512204401
2023,5122,100,1,8, , ,2,1,5,      512210001
2023,5122,103,1,1,1,7,2,1,3,      512210301
2023,5122,118,1,1,8,6,1,1,4,      512211801
2023,5122,118,1,1,3,6,2,2,5,      512211801
2023,5122,150,1,1,1,7,2,1,3,      512215001
2023,5123,14,1,1,0,6,1,1,3,      512301401
2023,5123,14,1,1,0,6,2,2,4,      512301401
2023,5123,29,1,1,0,8,2,1,2,      512302901
2023,5123,165,1,1,1,6,1,1,5,      512316501
2023,5123,165,1,1,3,6,2,2,7,      512316501
2023,5124,40,1,1,0,6,2,1,6,      512404001
2023,5124,48,1,1,8,7,1,1,3,      512404801
2023,5124,48,1,1,1,7,1,2,4,      512404801
2023,5124,48,1,1,1,7,2,3,5,      512404801
2023,5124,75,1,1,1,6,1,1,4,      512407501
2023,5124,75,1,1,1,6,2,2,5,      512407501
2023,5124,79,1,1,4,6,1,1,4,      512407901
2023,5124,79,1,1,3,6,1,2,5,      512407901
2023,5124,79,1,1,0,6,2,3,6,      512407901
2023,5124,100,1,1,3,6,2,1,4,      512410001
2023,5125,38,1,1,3,8,2,1,5,      512503801
2023,5125,152,1,1,5,8,1,1,5,      512515201
2023,5125,152,1,1,3,8,2,2,6,      512515201
2023,5125,163,1,1,5,0,2,1,4,      512516301
2023,5125,166,1,1,3,9,2,1,5,      512516601
2023,5126,15,1,1,1,8,2,1,2,      512601501
2023,5126,82,1,1,3,8,1,1,4,      512608201
2023,5126,82,1,1,1,8,2,2,5,      512608201
2023,5126,82,2,1,1,8,2,1,3,      512608202
2023,5126,144,1,1,4,8,2,1,4,      512614401
2023,5127,21,1,1,1,1,2,1,4,      512702101
2023,5127,23,1,1,1,7,2,1,7,      512702301
2023,5127,136,1,1,5,7,1,1,4,      512713601
2023,5127,136,1,1,1,7,2,2,5,      512713601
2023,5128,9,1,1,0,8,2,1,3,      512800901
2023,5128,19,1,1,1,9,2,1,2,      512801901
2023,5128,22,1,1,6,8,1,1,3,      512802201
2023,5128,22,1,1,0,8,2,2,4,      512802201
2023,5128,29,1,1,0,9,2,1,2,      512802901
2023,5128,34,1,1,1,8,2,1,3,      512803401
2023,5128,100,1,1,7,8,1,1,3,      512810001
2023,5128,100,1,1,1,8,2,2,4,      512810001
2023,5128,114,1,1,6,8,1,1,3,      512811401
2023,5128,114,1,1,4,8,2,2,4,      512811401
2023,5129,140,1,1,4,6,2,1,3,      512914001
2023,5130,5,1,1,5,6,2,1,3,      513000501
2023,5130,13,1,1,2,4,1,1,3,      513001301
2023,5130,13,1,1,1,5,1,2,4,      513001301
2023,5130,13,1,1,0,4,2,3,5,      513001301
2023,5130,39,1,1,2,4,2,1,6,      513003901
2023,5130,47,1,1,1,4,1,1,2,      513004701
2023,5130,47,1,1,0,4,2,2,3,      513004701
2023,5130,53,1,1,3,4,1,1,3,      513005301
2023,5130,53,1,1,1,4,2,2,4,      513005301
2023,5130,69,1,1,6,5,1,1,3,      513006901
2023,5130,69,1,1,4,6,1,2,4,      513006901
2023,5130,69,1,1,2,6,2,3,5,      513006901
2023,5131,28,1,1,1,4,2,1,5,      513102801
2023,5131,34,1,1,4,3,1,1,2,      513103401
2023,5131,34,1,2, , ,2,2,3,      513103401
2023,5131,35,1,1,1,4,2,1,5,      513103501
2023,5131,37,1,1,1,4,2,1,4,      513103701
2023,5131,38,1,1,7,4,2,1,3,      513103801
2023,5131,39,1,1,4,4,1,1,2,      513103901
2023,5131,39,1,2, , ,2,2,3,      513103901
2023,5131,42,1,2, , ,1,1,4,      513104201
2023,5131,42,1,2, , ,2,2,5,      513104201
2023,5132,4,1,1,1,9,1,1,3,      513200401
2023,5132,4,1,1,1,9,1,2,4,      513200401
2023,5132,4,1,1,7,9,1,3,8,      513200401
2023,5132,4,1,1,1,9,2,4,9,      513200401
2023,5132,9,1,1,5,8,2,1,7,      513200901
2023,5132,11,1,1,8,8,1,1,6,      513201101
2023,5132,11,1,1,7,8,1,2,7,      513201101
2023,5132,11,1,1,5,8,1,3,8,      513201101
2023,5132,11,1,1,4,8,1,4,9,      513201101
2023,5132,11,1,1,2,8,2,5,10,      513201101
2023,5132,37,1,1,0,8,2,1,3,      513203701
2023,5132,38,1,2, , ,2,1,4,      513203801
2023,5132,39,1,1,1,9,1,1,3,      513203901
2023,5132,39,1,1,1,9,1,2,4,      513203901
2023,5132,39,1,1,0,9,2,3,5,      513203901
2023,5132,40,1,1,4,6,1,1,3,      513204001
2023,5132,40,1,1,1,6,1,2,4,      513204001
2023,5132,40,1,1,0,6,2,3,5,      513204001
2023,5132,42,1,1,2,8,1,1,3,      513204201
2023,5132,42,1,1,1,8,2,2,4,      513204201
2023,5132,46,1,1,0,9,1,1,3,      513204601
2023,5132,46,1,1,1,9,2,2,4,      513204601
2023,5132,49,1,1,0,8,2,1,3,      513204901
2023,5133,7,1,1,1,7,2,1,3,      513300701
2023,5133,10,1,1,8,7,1,1,3,      513301001
2023,5133,10,1,1,6,7,1,2,4,      513301001
2023,5133,10,1,1,3,7,1,3,5,      513301001
2023,5133,10,1,1,0,7,2,4,6,      513301001
2023,5133,47,1,1,5,6,2,1,6,      513304701
2023,5133,48,1,1,4,7,2,1,4,      513304801
2023,5133,50,1,1,0,6,2,1,3,      513305001
2023,5133,51,1,1,4,7,1,1,5,      513305101
2023,5133,51,1,1,2,7,2,2,6,      513305101
2023,5133,93,1,1,7,7,1,1,3,      513309301
2023,5133,93,1,1,2,7,2,2,4,      513309301
2023,5134,2,1,1,1,6,1,1,3,      513400201
2023,5134,2,1,1,0,6,2,2,4,      513400201
2023,5134,3,1,1,7,7,1,1,4,      513400301
2023,5134,3,1,1,4,4,2,2,5,      513400301
2023,5134,128,1,1,7,5,1,1,3,      513412801
2023,5134,128,1,1,4,5,1,2,4,      513412801
2023,5134,128,1,1,6,5,2,3,6,      513412801
2023,5134,129,1,1,0,6,2,1,5,      513412901
2023,5134,131,1,1,1,6,1,1,3,      513413101
2023,5134,131,1,1,0,6,2,2,4,      513413101
2023,5134,143,1,1,2,6,2,1,4,      513414301
2023,5134,145,1,1,5,6,1,1,5,      513414501
2023,5134,145,1,1,1,6,2,2,6,      513414501
2023,5136,22,1,1,0,3,2,1,5,      513602201
2023,5136,31,2,2, , ,2,1,4,      513603102
2023,5136,71,1,1,4,8,2,1,4,      513607101
2023,5136,81,1,1,4,7,2,1,3,      513608101
2023,5136,102,1,1,3,8,1,1,2,      513610201
2023,5136,102,1,1,1,8,2,2,3,      513610201
2023,5137,112,1,2, , ,1,1,3,      513711201
2023,5137,112,1,2, , ,2,2,4,      513711201
2023,5138,125,1,2, , ,1,1,4,      513812501
2023,5138,125,1,2, , ,1,2,5,      513812501
2023,5138,125,1,2, , ,2,3,6,      513812501
2023,5138,134,1,2, , ,1,1,6,      513813401
2023,5138,134,1,2, , ,2,2,7,      513813401
2023,5138,134,2,2, , ,1,1,3,      513813402
2023,5138,134,2,2, , ,2,2,4,      513813402
2023,5138,140,1,2, , ,1,1,3,      513814001
2023,5138,140,1,2, , ,2,2,4,      513814001
2023,5139,7,1,1,1,4,2,1,6,      513900701
2023,5139,18,2,2, , ,2,1,3,      513901802
2023,5139,18,3,1,2,4,2,1,6,      513901803
2023,5139,18,4,1,3,4,2,1,4,      513901804
2023,5139,32,1,1,2,2,1,1,4,      513903201
2023,5139,32,1,1,0,2,2,2,5,      513903201
2023,5139,91,1,1,4,4,2,1,4,      513909101
2023,5140,22,1,1,1,8,2,1,3,      514002201
2023,5140,78,1,2, , ,2,1,3,      514007801
2023,5140,145,1,2, , ,1,1,6,      514014501
2023,5140,145,1,2, , ,2,2,7,      514014501
2023,5141,59,1,2, , ,2,1,3,      514105901
2023,5141,90,1,2, , ,2,1,3,      514109001
2023,5141,171,1,2, , ,2,1,4,      514117101
2023,5141,178,1,2, , ,1,1,2,      514117801
2023,5141,178,1,2, , ,2,2,3,      514117801
2023,5142,7,1,2, , ,1,1,3,      514200701
2023,5142,7,1,2, , ,2,2,4,      514200701
2023,5142,11,1,2, , ,2,1,5,      514201101
2023,5142,42,1,2, , ,2,1,3,      514204201
2023,5142,51,1,2, , ,2,1,3,      514205101
2023,5142,57,1,1,2,9,1,1,2,      514205701
2023,5142,57,1,1,0,8,2,2,3,      514205701
2023,5142,127,1,2, , ,2,1,8,      514212701
2023,5143,10,1,1,1,10,2,1,3,      514301001
2023,5143,36,1,2, , ,2,1,3,      514303601
2023,5143,42,1,2, , ,2,1,3,      514304201
2023,5143,89,1,1,4,10,2,1,3,      514308901
2023,5143,113,1,1,5,10,1,1,3,      514311301
2023,5143,113,1,1,3,10,2,2,4,      514311301
2023,5144,58,1,1,2,8,2,1,6,      514405801
2023,5144,64,1,2, , ,2,1,5,      514406401
2023,5144,79,1,1,4,9,1,1,5,      514407901
2023,5144,79,1,1,3,9,1,2,6,      514407901
2023,5144,79,1,1,1,9,2,3,7,      514407901
2023,5145,17,1,2, , ,2,1,3,      514501701
2023,5145,55,1,1,0,5,2,1,3,      514505501
2023,5145,115,1,1,1,4,1,1,3,      514511501
2023,5145,115,1,1,1,4,1,2,4,      514511501
2023,5145,115,1,1,1,4,2,3,8,      514511501
2023,5146,84,1,2, , ,1,1,3,      514608401
2023,5146,84,1,2, , ,2,2,4,      514608401
2023,5146,93,1,1,3,9,2,1,3,      514609301
2023,5146,110,1,1,2,9,2,1,3,      514611001
2023,5146,182,1,1,5,9,1,1,3,      514618201
2023,5146,182,1,1,3,9,2,2,4,      514618201
2023,5147,25,1,1,4,5,2,1,2,      514702501
2023,5147,53,1,1,0,6,2,1,5,      514705301
2023,5147,58,1,1,1,5,2,1,3,      514705801
2023,5147,74,1,1,0,6,2,1,5,      514707401
2023,5147,77,1,2, , ,1,1,2,      514707701
2023,5147,77,1,2, , ,2,2,3,      514707701
2023,5148,12,1,1,0,6,2,1,5,      514801201
2023,5148,48,1,1,1,6,1,1,3,      514804801
2023,5148,48,1,1,1,6,2,2,4,      514804801
2023,5148,95,1,1,1,7,1,1,5,      514809501
2023,5148,95,1,1,0,7,2,2,6,      514809501
2023,5148,118,1,2, , ,2,1,6,      514811801
2023,5148,137,1,1,2,5,2,1,4,      514813701
2023,5149,9,1,1,1,7,1,1,3,      514900901
2023,5149,9,1,1,0,7,1,2,5,      514900901
2023,5149,9,1,1,1,7,2,3,11,      514900901
2023,5149,78,1,2, , ,2,1,4,      514907801
2023,5149,102,1,1,1,6,2,1,2,      514910201
2023,5150,3,1,1,3,8,1,1,2,      515000301
2023,5150,3,1,1,2,8,2,2,3,      515000301
2023,5150,38,1,1,0,7,2,1,5,      515003801
2023,5150,99,1,1,1,8,1,1,3,      515009901
2023,5150,99,1,1,0,8,1,2,4,      515009901
2023,5150,99,1,1,0,8,2,3,5,      515009901
2023,5150,106,1,1,5,8,2,1,3,      515010601
2023,5151,66,1,2, , ,2,1,5,      515106601
2023,5151,71,1,1,1,8,2,1,4,      515107101
2023,5151,131,1,2, , ,1,1,5,      515113101
2023,5151,131,1,2, , ,2,2,6,      515113101
2023,5151,168,1,1,1,8,2,1,3,      515116801
2023,5151,177,1,1,3,8,2,1,6,      515117701
2023,5152,7,1,1,0,5,2,1,2,      515200701
2023,5152,10,1,1,4,5,1,1,3,      515201001
2023,5152,10,1,1,2,5,2,2,4,      515201001
2023,5152,131,1,1,2,5,1,1,3,      515213101
2023,5152,131,1,1,1,5,2,2,4,      515213101
2023,5152,134,1,1,8,5,1,1,4,      515213401
2023,5152,134,1,1,4,5,2,2,5,      515213401
2023,5152,135,1,1,5,5,2,1,3,      515213501
2023,5152,136,1,1,1,5,2,1,3,      515213601
2023,5152,137,1,1,4,5,2,1,4,      515213701
2023,5152,138,1,1,7,5,2,1,5,      515213801
2023,5152,139,1,1,2,5,2,1,3,      515213901
2023,5153,7,1,1,9,5,2,1,5,      515300701
2023,5153,36,1,1,4,0,2,1,5,      515303601
2023,5153,37,1,1,2,5,2,1,4,      515303701
2023,5153,38,1,1,1,5,2,1,3,      515303801
2023,5153,92,1,1,3,5,2,1,3,      515309201
2023,5153,94,1,1,4,5,2,1,3,      515309401
2023,5154,5,1,1,1,8,2,1,3,      515400501
2023,5154,11,1,2, , ,1,1,3,      515401101
2023,5154,11,1,2, , ,1,2,4,      515401101
2023,5154,11,1,2, , ,2,3,5,      515401101
2023,5154,13,1,1,5,8,2,1,3,      515401301
2023,5154,14,1,1,0,8,2,1,4,      515401401
2023,5154,15,1,1,1,8,2,1,3,      515401501
2023,5154,16,1,1,1,8,2,1,3,      515401601
2023,5154,17,1,1,4,8,1,1,3,      515401701
2023,5154,17,1,1,3,8,2,2,4,      515401701
2023,5154,19,1,1,2,8,2,1,5,      515401901
2023,5154,24,1,1,6,8,1,1,3,      515402401
2023,5154,24,1,1,2,8,2,2,4,      515402401
2023,5154,25,1,1,3,8,1,1,3,      515402501
2023,5154,25,1,1,1,8,1,2,4,      515402501
2023,5154,25,1,1,0,8,2,3,5,      515402501
2023,5154,30,1,1,2,8,1,1,4,      515403001
2023,5154,30,1,1,1,8,1,2,5,      515403001
2023,5154,30,1,1,0,8,2,3,6,      515403001
2023,5154,32,1,1,2,8,2,1,2,      515403201
2023,5155,74,1,1,0,10,2,1,5,      515507401
2023,5155,93,1,1,3,10,2,1,4,      515509301
2023,5155,161,1,1,2,9,1,1,3,      515516101
2023,5155,161,1,1,0,9,1,2,4,      515516101
2023,5155,161,1,1,2,9,2,3,5,      515516101
2023,5155,187,1,2, , ,2,1,2,      515518701
2023,5155,194,1,1,0,8,1,1,2,      515519401
2023,5155,194,1,1,0,8,2,2,3,      515519401
2023,5155,257,1,2, , ,2,1,3,      515525701
2023,5156,4,1,1,0,7,2,1,3,      515600401
2023,5156,42,1,1,0,7,2,1,5,      515604201
2023,5156,49,1,1,3,8,2,1,5,      515604901
2023,5156,61,1,1,2,8,2,1,4,      515606101
2023,5156,106,1,1,4,4,1,1,3,      515610601
2023,5156,106,1,1,3,4,2,2,4,      515610601
2023,5157,1,1,1,0,8,2,1,4,      515700101
2023,5157,9,1,1,1,7,2,1,5,      515700901
2023,5157,20,2,1,3,3,2,1,3,      515702002
2023,5157,68,1,1,0,8,1,1,3,      515706801
2023,5157,68,1,1,0,8,2,2,4,      515706801
2023,5158,13,1,1,0,6,2,1,4,      515801301
2023,5158,26,1,1,2,6,1,1,5,      515802601
2023,5158,26,1,1,1,6,2,2,6,      515802601
2023,5158,35,1,1,4,6,2,1,5,      515803501
2023,5158,38,1,1,0,6,2,1,3,      515803801
2023,5159,50,1,1,0,8,1,1,2,      515905001
2023,5159,50,1,2, , ,1,2,3,      515905001
2023,5159,50,1,2, , ,2,3,4,      515905001
2023,5160,93,1,1,0,5,2,1,3,      516009301
2023,5161,58,1,2, , ,2,1,7,      516105801
2023,5162,7,1,1,1,3,1,1,2,      516200701
2023,5162,7,1,1,1,3,2,2,3,      516200701
2023,5162,37,1,1,4,5,2,1,4,      516203701
2023,5162,60,1,1,1,3,2,1,4,      516206001
2023,5162,87,1,1,2,5,2,1,3,      516208701
2023,5162,93,1,1,3,3,1,1,3,      516209301
2023,5162,93,1,1,0,2,2,2,4,      516209301
2023,5162,126,1,1,0,3,2,1,4,      516212601
2023,5162,158,1,1,2,3,2,1,5,      516215801
2023,5163,35,1,1,0,6,2,1,4,      516303501
2023,5163,115,1,1,0,8,1,1,3,      516311501
2023,5163,115,1,1,0,8,2,2,4,      516311501
2023,5164,72,1,1,0,6,2,1,4,      516407201
2023,5164,82,1,1,0,3,2,1,4,      516408201
2023,5166,3,1,2, , ,2,1,4,      516600301
2023,5166,82,1,1,1,8,1,1,3,      516608201
2023,5166,82,1,1,0,8,2,2,4,      516608201
2023,5166,97,1,1,1,8,1,1,4,      516609701
2023,5166,97,1,1,0,8,1,2,5,      516609701
2023,5166,97,1,1,0,8,2,3,6,      516609701
2023,5166,140,1,1,0,7,2,1,5,      516614001
2023,5166,165,1,1,2,5,2,1,3,      516616501
2023,5167,15,1,1,1,5,2,1,3,      516701501
2023,5167,26,1,1,4,7,2,1,3,      516702601
2023,5168,33,1,2, , ,2,1,6,      516803301
2023,5168,49,1,1,0,7,2,1,3,      516804901
2023,5168,153,1,2, , ,2,1,6,      516815301
2023,5169,64,1,1,1,3,2,1,6,      516906401
2023,5169,77,1,1,1,2,2,1,6,      516907701
2023,5169,93,1,1,1,11,2,1,4,      516909301
2023,5169,95,1,1,4,8,2,1,6,      516909501
2023,5169,120,1,1,1,7,2,1,2,      516912001
2023,5171,40,1,1,3,6,2,1,3,      517104001
2023,5172,48,1,1,0,6,1,1,3,      517204801
2023,5172,48,1,1,0,6,2,2,4,      517204801
2023,5172,49,1,1,3,6,2,1,2,      517204901
2023,5173,39,1,1,1,5,1,1,2,      517303901
2023,5173,39,1,1,1,5,2,2,3,      517303901
2023,5173,77,1,1,4,7,1,1,2,      517307701
2023,5173,77,1,1,0,7,2,2,3,      517307701
2023,5173,90,1,1,2,5,1,1,2,      517309001
2023,5173,90,1,1,0,5,2,2,3,      517309001
2023,5173,123,1,1,1,5,1,1,4,      517312301
2023,5173,123,1,1,0,5,2,2,10,      517312301
2023,5173,150,1,2, , ,2,1,3,      517315001
2023,5174,63,1,1,1,6,2,1,3,      517406301
2023,5174,85,1,1,2,9,1,1,5,      517408501
2023,5174,85,1,1,1,9,2,2,6,      517408501
2023,5174,114,1,1,1,7,1,1,6,      517411401
2023,5174,114,1,1,0,7,2,2,7,      517411401
2023,5174,125,1,1,3,9,1,1,4,      517412501
2023,5174,125,1,1,1,9,2,2,5,      517412501
2023,5174,140,1,1,1,7,2,1,5,      517414001
2023,5175,40,1,1,1,6,1,1,2,      517504001
2023,5175,40,1,2, , ,2,2,3,      517504001
2023,5175,82,1,1,0,6,2,1,3,      517508201
2023,5176,65,1,1,6,8,1,1,3,      517606501
2023,5176,65,1,1,2,8,1,2,4,      517606501
2023,5176,65,1,1,1,8,2,3,5,      517606501
2023,5176,97,1,1,1,9,2,1,5,      517609701
2023,5177,3,1,1,5,8,1,1,7,      517700301
2023,5177,3,1,1,2,8,2,2,8,      517700301
2023,5177,39,1,1,1,6,2,1,5,      517703901
2023,5177,40,1,1,1,9,2,1,4,      517704001
2023,5178,33,1,1,0,6,2,1,3,      517803301
2023,5178,83,1,1,0,6,2,1,3,      517808301
2023,5178,86,1,1,0,6,2,1,6,      517808601
2023,5178,87,1,1,4,6,1,1,4,      517808701
2023,5178,87,1,1,1,6,2,2,7,      517808701
2023,5179,1,1,1,2,8,2,1,3,      517900101
2023,5179,59,1,1,5,8,2,1,3,      517905901
2023,5179,84,1,1,0,4,2,1,4,      517908401
2023,5180,10,1,1,0,3,1,1,13,      518001001
2023,5180,10,1,1,0,3,1,2,14,      518001001
2023,5180,10,1,1,0,3,2,3,15,      518001001
2023,5180,42,1,1,0,5,2,1,3,      518004201
2023,5180,53,1,1,0,3,2,1,3,      518005301
2023,5181,16,1,1,0,2,1,1,3,      518101601
2023,5181,16,1,1,1,2,2,2,7,      518101601
2023,5181,94,1,1,1,4,2,1,3,      518109401
2023,5181,205,1,1,4,3,2,1,5,      518120501
2023,5183,34,1,1,0,9,2,1,3,      518303401
2023,5183,41,1,1,1,10,1,1,6,      518304101
2023,5183,41,1,1,1,11,2,2,7,      518304101
2023,5183,95,1,1,0,10,2,1,3,      518309501
2023,5183,98,1,1,1,10,2,1,3,      518309801
2023,5184,20,1,1,6,3,1,1,3,      518402001
2023,5184,20,1,1,7,3,1,2,4,      518402001
2023,5184,20,1,1,0,3,2,3,7,      518402001
2023,5184,152,1,1,2,4,2,1,5,      518415201
2023,5185,52,1,1,2,10,1,1,4,      518505201
2023,5185,52,1,1,0,10,2,2,5,      518505201
2023,5185,54,1,1,2,10,2,1,3,      518505401
2023,5186,13,1,1,0,11,1,1,9,      518601301
2023,5186,13,1,1,2,11,2,2,10,      518601301
2023,5186,52,1,1,2,10,2,1,4,      518605201
2023,5186,120,1,1,1,11,2,1,2,      518612001
2023,5186,183,1,1,1,9,1,1,4,      518618301
2023,5186,183,1,1,2,9,2,2,5,      518618301
2023,5187,47,1,1,1,5,2,1,3,      518704701
2023,5187,64,1,1,3,1,1,1,3,      518706401
2023,5187,64,1,1,4,3,2,2,7,      518706401
2023,5187,87,1,1,2,4,2,1,5,      518708701
2023,5187,172,1,2, , ,2,1,7,      518717201
2023,5187,181,1,1,0,5,2,1,4,      518718101
2023,5187,197,1,2, , ,2,1,3,      518719701
2023,5187,211,1,1,0,5,2,1,6,      518721101
2023,5188,45,1,1,2,7,1,1,3,      518804501
2023,5188,45,1,1,0,7,2,2,4,      518804501
2023,5188,61,1,1,1,6,2,1,6,      518806101
2023,5188,167,1,1,0,7,2,1,5,      518816701
2023,5188,175,1,2, , ,2,1,3,      518817501
2023,5188,187,1,2, , ,2,1,4,      518818701
2023,5189,220,1,1,0,1,2,1,4,      518922001
2023,5190,95,1,2, , ,2,1,4,      519009501
2023,5190,144,1,2, , ,2,1,3,      519014401
2023,5190,155,1,2, , ,2,1,6,      519015501
2023,5190,192,1,1,0,8,2,1,4,      519019201
2023,5191,30,1,2, , ,1,1,3,      519103001
2023,5191,30,1,2, , ,1,2,4,      519103001
2023,5191,30,1,2, , ,2,3,5,      519103001
2023,5193,24,1,1,4,6,1,1,3,      519302401
2023,5193,24,1,1,0,6,2,2,4,      519302401
2023,5193,29,1,1,1,5,1,1,3,      519302901
2023,5193,29,1,1,1,5,2,2,5,      519302901
2023,5193,85,1,1,0,6,2,1,3,      519308501
2023,5194,49,1,2, , ,2,1,5,      519404901
2023,5194,117,1,2, , ,1,1,4,      519411701
2023,5194,117,1,2, , ,2,2,5,      519411701
2023,5194,126,1,1,8,8,1,1,3,      519412601
2023,5194,126,1,1,6,8,2,2,4,      519412601
2023,5194,158,1,2, , ,2,1,7,      519415801
2023,5195,103,1,1,0,9,2,1,4,      519510301
2023,5196,30,1,1,2,6,1,1,3,      519603001
2023,5196,30,1,1,0,11,2,2,4,      519603001
2023,5197,107,1,1,1,6,1,1,4,      519710701
2023,5197,107,1,1,1,6,2,2,5,      519710701
2023,5197,111,1,1,0,6,1,1,3,      519711101
2023,5197,111,1,1,0,6,1,2,4,      519711101
2023,5197,111,1,1,0,6,2,3,5,      519711101
2023,5198,11,1,1,3,5,1,1,6,      519801101
2023,5198,11,1,1,1,5,2,2,7,      519801101
2023,5198,73,1,1,4,5,2,1,3,      519807301
2023,5198,103,1,2, , ,2,1,4,      519810301
2023,5199,24,1,1,0,6,2,1,6,      519902401
2023,5199,57,1,1,3,6,2,1,7,      519905701
2023,5199,76,1,1,0,6,1,1,6,      519907601
2023,5199,76,1,1,0,6,2,2,10,      519907601
2023,5199,97,1,1,0,6,2,1,3,      519909701
2023,5199,126,2,1,1,6,1,1,2,      519912602
2023,5199,126,2,1,0,6,1,2,3,      519912602
2023,5199,126,2,1,0,6,2,3,4,      519912602
2023,5199,126,3,1,1,6,2,1,3,      519912603
2023,5199,156,1,2, , ,2,1,2,      519915601
2023,5200,16,1,1,1,7,1,1,3,      520001601
2023,5200,16,1,1,1,7,2,2,4,      520001601
2023,5200,85,1,2, , ,2,1,3,      520008501
2023,5200,135,1,1,0,8,2,1,3,      520013501
2023,5201,80,1,1,1,5,1,1,3,      520108001
2023,5201,80,1,1,0,5,2,2,4,      520108001
2023,5202,39,1,1,2,6,2,1,5,      520203901
2023,5202,68,1,1,2,6,1,1,3,      520206801
2023,5202,68,1,1,1,6,2,2,8,      520206801
2023,5202,95,1,1,0,6,2,1,3,      520209501
2023,5202,132,1,1,2,6,1,1,4,      520213201
2023,5202,132,1,1,2,6,1,2,6,      520213201
2023,5202,132,1,2, , ,2,3,7,      520213201
2023,5203,47,1,1,1,2,1,1,3,      520304701
2023,5203,47,1,1,1,2,1,2,4,      520304701
2023,5203,47,1,1,1,2,1,3,5,      520304701
2023,5203,47,1,8, , ,2,4,9,      520304701
2023,5203,101,1,1,1,8,2,1,3,      520310101
2023,5203,165,1,1,0,6,2,1,5,      520316501
2023,5203,182,1,1,0,5,2,1,3,      520318201
2023,5203,194,1,1,0,3,2,1,6,      520319401
2023,5204,106,2,1,2,9,2,1,4,      520410602
2023,5205,4,1,1,6,6,1,1,3,      520500401
2023,5205,4,1,1,1,6,2,2,4,      520500401
2023,5205,10,1,1,1,4,2,1,3,      520501001
2023,5205,31,1,1,0,6,2,1,3,      520503101
2023,5205,96,1,1,1,3,1,1,4,      520509601
2023,5205,96,1,2, , ,2,2,5,      520509601
2023,5206,10,1,1,2,4,1,1,3,      520601001
2023,5206,10,1,1,1,4,2,2,8,      520601001
2023,5206,29,1,1,1,5,2,1,3,      520602901
2023,5206,93,1,1,0,4,2,1,3,      520609301
2023,5206,112,1,1,1,5,2,1,3,      520611201
2023,5207,91,1,1,0,4,2,1,3,      520709101
2023,5207,128,1,1,2,5,1,1,6,      520712801
2023,5207,128,1,1,1,5,2,2,9,      520712801
2023,5207,150,1,1,0,4,1,1,3,      520715001
2023,5207,150,1,1,0,4,1,2,4,      520715001
2023,5207,150,1,1,0,4,2,3,5,      520715001
2023,5207,184,1,1,0,5,2,1,3,      520718401
2023,5208,34,1,1,0,5,1,1,4,      520803401
2023,5208,34,1,1,0,5,1,2,5,      520803401
2023,5208,34,1,2, , ,2,3,6,      520803401
2023,5208,70,1,1,1,3,1,1,3,      520807001
2023,5208,70,1,1,1,3,2,2,4,      520807001
2023,5208,102,1,1,1,3,1,1,3,      520810201
2023,5208,102,1,1,2,3,1,2,5,      520810201
2023,5208,102,1,2, , ,2,3,6,      520810201
2023,5208,112,1,1,0,2,2,1,3,      520811201
2023,5209,76,1,1,3,8,1,1,3,      520907601
2023,5209,76,1,1,3,8,2,2,6,      520907601
2023,5209,151,1,1,1,8,2,1,4,      520915101
2023,5209,153,1,1,1,10,2,1,5,      520915301
2023,5210,6,1,1,2,6,1,1,3,      521000601
2023,5210,6,1,1,0,6,2,2,4,      521000601
2023,5210,7,1,1,2,3,2,1,3,      521000701
2023,5210,30,1,1,8,6,1,1,4,      521003001
2023,5210,30,1,1,0,6,2,2,5,      521003001
2023,5210,46,1,1,6,6,2,1,4,      521004601
2023,5210,59,1,1,3,7,2,1,3,      521005901
2023,5210,75,1,1,7,5,1,1,3,      521007501
2023,5210,75,1,1,4,5,2,2,4,      521007501
2023,5211,15,1,1,1,9,2,1,5,      521101501
2023,5211,27,1,1,5,9,1,1,2,      521102701
2023,5211,27,1,1,2,9,1,2,3,      521102701
2023,5211,27,1,1,1,9,2,3,4,      521102701
2023,5211,38,1,2, , ,2,1,3,      521103801
2023,5211,42,1,1,4,8,2,1,3,      521104201
2023,5211,47,1,1,0,9,2,1,3,      521104701
2023,5212,17,1,1,0,7,1,1,3,      521201701
2023,5212,17,1,1,0,7,2,2,4,      521201701
2023,5213,43,1,1,5,8,1,1,3,      521304301
2023,5213,43,1,1,0,8,2,2,4,      521304301
2023,5213,44,2,1,8,8,1,1,2,      521304402
2023,5213,44,2,1,1,8,2,2,3,      521304402
2023,5213,82,1,1,6,8,2,1,6,      521308201
2023,5213,90,1,1,0,9,2,1,7,      521309001
2023,5214,42,1,1,6,5,2,1,4,      521404201
2023,5214,88,1,1,1,2,1,1,3,      521408801
2023,5214,88,1,1,1,5,2,2,4,      521408801
2023,5214,109,1,1,2,4,2,1,2,      521410901
2023,5214,116,1,1,1,7,2,1,4,      521411601
2023,5214,156,1,1,0,5,2,1,3,      521415601
2023,5215,11,1,1,0,7,2,1,3,      521501101
2023,5216,75,1,1,0,8,2,1,3,      521607501
2023,5216,97,1,1,1,9,1,1,4,      521609701
2023,5216,97,1,1,1,9,2,2,5,      521609701
2023,5217,8,1,1,0,11,2,1,5,      521700801
2023,5217,31,1,1,7,9,2,1,8,      521703101
2023,5217,36,1,1,4,11,2,1,4,      521703601
2023,5217,76,1,1,4,11,2,1,3,      521707601
2023,5217,83,1,1,5,10,2,1,5,      521708301
2023,5218,15,1,1,6,8,2,1,9,      521801501
2023,5218,58,1,1,3,8,2,1,10,      521805801
2023,5218,71,1,1,0,9,2,1,3,      521807101
2023,5219,5,1,1,6,6,1,1,3,      521900501
2023,5219,5,1,1,1,1,2,2,4,      521900501
2023,5219,20,1,1,1,98,2,1,3,      521902001
2023,5219,24,1,1,4,9,1,1,5,      521902401
2023,5219,24,1,1,3,9,1,2,6,      521902401
2023,5219,24,1,1,0,9,2,3,7,      521902401
2023,5219,29,1,1,1,8,2,1,4,      521902901
2023,5219,32,1,1,4,8,1,1,4,      521903201
2023,5219,32,1,1,1,8,2,2,5,      521903201
2023,5219,50,1,1,0,7,1,1,3,      521905001
2023,5219,50,1,1,0,7,2,2,5,      521905001
2023,5219,93,1,1,1,7,2,1,7,      521909301
2023,5219,103,1,1,2,8,1,1,3,      521910301
2023,5219,103,1,1,1,8,1,2,4,      521910301
2023,5219,103,1,1,0,8,2,3,5,      521910301
2023,5220,15,1,1,1,4,1,1,5,      522001501
2023,5220,15,1,1,0,4,2,2,6,      522001501
2023,5220,42,1,1,3,2,1,1,3,      522004201
2023,5220,42,1,1,3,2,1,2,4,      522004201
2023,5220,42,1,1,3,2,2,3,5,      522004201
2023,5220,59,1,1,1,6,2,1,5,      522005901
2023,5220,62,1,1,1,3,2,1,3,      522006201
2023,5220,115,1,1,3,5,2,1,5,      522011501
2023,5220,115,2,1,1,6,2,1,2,      522011502
2023,5221,41,1,1,1,2,2,1,2,      522104101
2023,5221,59,1,1,1,2,1,1,3,      522105901
2023,5221,59,1,1,1,2,2,2,4,      522105901
2023,5221,90,1,1,1,2,2,1,4,      522109001
2023,5222,56,1,1,2,7,1,1,3,      522205601
2023,5222,56,1,1,1,7,2,2,6,      522205601
2023,5222,164,1,1,0,4,2,1,4,      522216401
2023,5222,169,1,1,0,5,2,1,3,      522216901
2023,5223,30,1,1,5,6,1,1,4,      522303001
2023,5223,30,1,2, , ,2,2,5,      522303001
2023,5223,37,1,1,2,6,2,1,7,      522303701
2023,5223,45,1,1,1,6,2,1,3,      522304501
2023,5223,63,1,1,1,6,1,1,4,      522306301
2023,5223,63,1,1,1,6,1,2,7,      522306301
2023,5223,63,1,1,1,6,2,3,8,      522306301
2023,5223,69,1,1,5,6,1,1,2,      522306901
2023,5223,69,1,1,1,6,1,2,3,      522306901
2023,5223,69,1,1,0,6,2,3,4,      522306901
2023,5223,150,1,1,4,6,2,1,3,      522315001
2023,5224,7,1,1,3,4,2,1,5,      522400701
2023,5224,38,1,2, , ,2,1,4,      522403801
2023,5224,50,1,1,1,5,1,1,5,      522405001
2023,5224,50,1,1,1,5,2,2,6,      522405001
2023,5224,61,1,1,0,5,2,1,3,      522406101
2023,5224,87,1,1,3,7,2,1,4,      522408701
2023,5225,8,1,1,3,5,1,1,3,      522500801
2023,5225,8,1,1,2,5,2,2,4,      522500801
2023,5225,11,1,1,4,3,2,1,3,      522501101
2023,5225,30,1,1,0,5,2,1,3,      522503001
2023,5225,46,1,1,2,5,2,1,4,      522504601
2023,5225,73,1,1,3,5,1,1,3,      522507301
2023,5225,73,1,1,2,5,2,2,4,      522507301
2023,5225,88,1,1,5,3,2,1,3,      522508801
2023,5225,102,1,1,0,3,2,1,3,      522510201
2023,5226,57,1,1,1,9,2,1,3,      522605701
2023,5226,80,1,1,4,3,1,1,3,      522608001
2023,5226,80,1,1,2,3,1,2,4,      522608001
2023,5226,80,1,1,1,3,2,3,5,      522608001
2023,5226,89,1,1,2,8,1,1,4,      522608901
2023,5226,89,1,1,0,8,2,2,5,      522608901
2023,5226,103,1,1,2,8,2,1,2,      522610301
2023,5226,141,1,1,4,8,2,1,4,      522614101
2023,5226,170,1,1,2,8,2,1,4,      522617001
2023,5227,2,1,1,0,7,2,1,3,      522700201
2023,5227,3,1,1,1,7,2,1,3,      522700301
2023,5227,4,1,1,6,7,2,1,3,      522700401
2023,5227,5,1,1,2,7,2,1,2,      522700501
2023,5227,30,1,1,4,6,2,1,6,      522703001
2023,5227,31,1,1,5,8,1,1,3,      522703101
2023,5227,31,1,1,0,8,2,2,4,      522703101
2023,5228,51,1,1,4,8,2,1,4,      522805101
2023,5228,58,1,2, , ,2,1,3,      522805801
2023,5228,59,1,1,1,8,2,1,5,      522805901
2023,5228,67,1,1,4,8,2,1,3,      522806701
2023,5228,70,1,1,7,8,2,1,3,      522807001
2023,5228,96,1,1,0,8,2,1,4,      522809601
2023,5228,110,1,1,1,8,2,1,3,      522811001
2023,5229,10,1,1,4,6,1,1,3,      522901001
2023,5229,10,1,1,2,6,2,2,4,      522901001
2023,5229,13,1,1,7,6,1,1,3,      522901301
2023,5229,13,1,1,0,6,2,2,4,      522901301
2023,5229,26,1,1,0,7,2,1,2,      522902601
2023,5229,27,1,1,5,6,1,1,3,      522902701
2023,5229,27,1,1,3,6,2,2,4,      522902701
2023,5229,34,1,1,0,5,2,1,3,      522903401
2023,5229,41,1,1,7,6,1,1,3,      522904101
2023,5229,41,1,1,0,6,1,2,5,      522904101
2023,5229,41,1,1,0,6,1,3,6,      522904101
2023,5229,41,1,1,0,6,2,4,7,      522904101
2023,5230,6,1,1,7,6,1,1,4,      523000601
2023,5230,6,1,1,2,6,2,2,5,      523000601
2023,5230,20,1,1,98,98,1,1,5,      523002001
2023,5230,20,1,1,98,98,2,2,6,      523002001
2023,5230,26,1,1,2,6,1,1,3,      523002601
2023,5230,26,1,1,2,6,1,2,4,      523002601
2023,5230,26,1,1,1,6,1,3,5,      523002601
2023,5230,26,1,1,3,6,2,4,9,      523002601
2023,5230,43,1,2, , ,2,1,4,      523004301
2023,5230,44,1,1,1,6,2,1,7,      523004401
2023,5230,45,1,1,1,3,1,1,3,      523004501
2023,5230,45,1,1,1,3,2,2,4,      523004501
2023,5230,54,1,1,0,6,1,1,7,      523005401
2023,5230,54,1,1,2,6,2,2,9,      523005401
2023,5230,60,1,1,1,4,2,1,3,      523006001
2023,5230,62,1,1,1,6,2,1,3,      523006201
2023,5230,66,1,1,0,3,2,1,5,      523006601
2023,5231,15,1,2, , ,1,1,7,      523101501
2023,5231,15,1,2, , ,2,2,8,      523101501
2023,5231,39,1,1,4,8,2,1,3,      523103901
2023,5231,61,1,1,7,8,1,1,4,      523106101
2023,5231,61,1,1,0,8,2,2,5,      523106101
2023,5231,126,1,1,4,8,2,1,4,      523112601
2023,5231,140,1,1,2,8,2,1,6,      523114001
2023,5232,22,1,1,4,9,1,1,3,      523202201
2023,5232,22,1,1,2,9,2,2,4,      523202201
2023,5232,22,2,1,6,9,1,1,2,      523202202
2023,5232,22,2,1,0,9,2,2,3,      523202202
2023,5232,34,1,1,8,9,1,1,3,      523203401
2023,5232,34,1,1,5,9,1,2,4,      523203401
2023,5232,34,1,1,1,9,2,3,5,      523203401
2023,5232,62,1,1,6,8,1,1,4,      523206201
2023,5232,62,1,1,2,8,2,2,5,      523206201
2023,5232,75,1,1,2,9,1,1,5,      523207501
2023,5232,75,1,1,8,9,2,2,7,      523207501
2023,5232,139,1,1,7,9,1,1,3,      523213901
2023,5232,139,1,1,6,9,2,2,4,      523213901
2023,5232,144,1,1,7,8,2,1,4,      523214401
2023,5232,160,1,1,0,9,2,1,5,      523216001
2023,5233,61,1,1,2,8,1,1,4,      523306101
2023,5233,61,1,1,1,9,2,2,5,      523306101
2023,5233,76,1,1,0,7,2,1,6,      523307601
2023,5233,87,1,1,2,8,1,1,5,      523308701
2023,5233,87,1,1,3,8,1,2,8,      523308701
2023,5233,87,1,1,1,8,2,3,9,      523308701
2023,5233,98,1,1,2,7,2,1,8,      523309801
2023,5234,21,1,1,4,6,2,1,3,      523402101
2023,5234,44,1,1,5,5,2,1,5,      523404401
2023,5234,82,1,1,2,5,2,1,3,      523408201
2023,5234,107,2,1,0,6,2,1,4,      523410702
2023,5234,131,1,2, , ,2,1,6,      523413101
2023,5234,158,1,1,2,5,2,1,3,      523415801
2023,5235,4,1,1,3,7,2,1,4,      523500401
2023,5235,58,1,1,4,2,1,1,4,      523505801
2023,5235,58,1,1,3,2,2,2,5,      523505801
2023,5236,42,1,1,4,6,1,1,3,      523604201
2023,5236,42,1,1,0,6,2,2,4,      523604201
2023,5236,85,1,1,0,6,2,1,3,      523608501
2023,5236,170,1,1,6,6,2,1,6,      523617001
2023,5236,265,1,1,8,6,2,1,3,      523626501
2023,5236,296,1,1,3,6,1,1,4,      523629601
2023,5236,296,1,1,2,6,2,2,5,      523629601
2023,5237,27,1,1,2,6,2,1,5,      523702701
2023,5237,151,1,1,5,7,1,1,4,      523715101
2023,5237,151,1,1,1,5,2,2,6,      523715101
2023,5238,20,1,1,3,4,2,1,5,      523802001
2023,5238,68,1,1,4,5,1,1,5,      523806801
2023,5238,68,1,1,7,5,1,2,6,      523806801
2023,5238,68,1,1,0,5,2,3,7,      523806801
2023,5238,91,1,1,2,5,1,1,5,      523809101
2023,5238,91,1,1,0,5,2,2,8,      523809101
2023,5238,123,1,1,4,4,1,1,5,      523812301
2023,5238,123,1,1,5,4,2,2,8,      523812301
2023,5239,75,1,1,7,9,2,1,6,      523907501
2023,5240,6,1,1,5,8,1,1,4,      524000601
2023,5240,6,1,1,2,8,1,2,5,      524000601
2023,5240,6,1,1,1,8,1,3,6,      524000601
2023,5240,6,1,1,6,8,1,4,10,      524000601
2023,5240,6,1,1,3,8,2,5,11,      524000601
2023,5240,40,1,1,6,8,2,1,4,      524004001
2023,5240,138,1,1,2,8,2,1,3,      524013801
2023,5240,146,1,1,2,8,2,1,4,      524014601
2023,5240,192,1,1,6,8,1,1,4,      524019201
2023,5240,192,1,1,3,8,2,2,5,      524019201
2023,5240,204,1,1,7,8,1,1,3,      524020401
2023,5240,204,1,1,0,6,2,2,4,      524020401
2023,5240,208,1,1,0,8,2,1,4,      524020801
2023,5241,36,1,1,7,3,1,1,4,      524103601
2023,5241,36,1,1,5,3,2,2,7,      524103601
2023,5241,50,1,1,7,4,1,1,3,      524105001
2023,5241,50,1,1,3,4,2,2,4,      524105001
2023,5241,52,1,1,1,3,1,1,3,      524105201
2023,5241,52,1,1,5,2,1,2,5,      524105201
2023,5241,52,1,1,6,2,1,3,6,      524105201
2023,5241,52,1,1,7,2,1,4,7,      524105201
2023,5241,52,1,1,5,2,2,5,8,      524105201
2023,5241,59,1,1,1,3,2,1,5,      524105901
2023,5241,67,1,1,1,3,1,1,3,      524106701
2023,5241,67,1,1,4,4,2,2,6,      524106701
2023,5241,72,1,1,3,3,1,1,4,      524107201
2023,5241,72,1,1,0,3,2,2,5,      524107201
2023,5241,79,1,1,1,3,2,1,4,      524107901
2023,5242,37,1,1,7,7,1,1,4,      524203701
2023,5242,37,1,1,4,7,2,2,5,      524203701
2023,5242,59,1,1,1,8,1,1,3,      524205901
2023,5242,59,1,1,4,8,2,2,6,      524205901
2023,5242,131,1,1,5,7,1,1,3,      524213101
2023,5242,131,1,1,3,7,2,2,4,      524213101
2023,5242,163,1,1,4,8,1,1,3,      524216301
2023,5242,163,1,1,1,8,2,2,5,      524216301
2023,5242,167,1,1,4,7,2,1,5,      524216701
2023,5242,175,1,1,5,7,1,1,3,      524217501
2023,5242,175,1,1,3,7,2,2,4,      524217501
2023,5243,43,1,1,1,7,2,1,3,      524304301
2023,5243,56,1,1,6,7,2,1,7,      524305601
2023,5243,88,1,1,2,7,1,1,3,      524308801
2023,5243,88,1,1,1,7,1,2,4,      524308801
2023,5243,88,1,1,2,7,2,3,9,      524308801
2023,5243,111,1,1,7,7,1,1,4,      524311101
2023,5243,111,1,1,6,7,1,2,5,      524311101
2023,5243,111,1,1,4,7,2,3,6,      524311101
2023,5243,123,1,2, , ,2,1,4,      524312301
2023,5243,143,1,2, , ,1,1,3,      524314301
2023,5243,143,1,1,1,7,2,2,4,      524314301
2023,5243,158,1,1,1,7,2,1,5,      524315801
2023,5244,15,1,1,4,8,1,1,6,      524401501
2023,5244,15,1,1,1,8,2,2,7,      524401501
2023,5244,32,1,1,5,8,1,1,5,      524403201
2023,5244,32,1,1,1,8,2,2,6,      524403201
2023,5244,35,1,1,4,9,1,1,6,      524403501
2023,5244,35,1,1,1,9,2,2,7,      524403501
2023,5244,54,1,1,1,8,2,1,5,      524405401
2023,5244,56,1,1,4,9,1,1,5,      524405601
2023,5244,56,1,1,1,9,2,2,6,      524405601
2023,5244,72,1,1,5,8,1,1,5,      524407201
2023,5244,72,1,1,1,8,2,2,9,      524407201
2023,5245,7,1,1,3,9,1,1,3,      524500701
2023,5245,7,1,1,5,9,2,2,7,      524500701
2023,5245,16,1,1,7,9,2,1,9,      524501601
2023,5245,75,1,1,4,8,2,1,4,      524507501
2023,5246,1,1,1,6,6,1,1,3,      524600101
2023,5246,1,1,2, , ,2,2,4,      524600101
2023,5246,2,1,2, , ,1,1,3,      524600201
2023,5246,2,1,2, , ,2,2,4,      524600201
2023,5246,4,1,1,1,6,1,1,3,      524600401
2023,5246,4,1,2, , ,2,2,4,      524600401
2023,5246,65,1,1,1,6,2,1,3,      524606501
2023,5246,66,1,1,9,6,1,1,4,      524606601
2023,5246,66,1,1,8,6,2,2,5,      524606601
2023,5246,68,1,1,5,6,2,1,3,      524606801
2023,5246,125,1,1,5,6,2,1,3,      524612501
2023,5247,2,1,1,8,7,2,1,4,      524700201
2023,5247,3,1,1,5,7,1,1,4,      524700301
2023,5247,3,1,1,2,7,2,2,5,      524700301
2023,5247,4,1,1,3,7,2,1,3,      524700401
2023,5247,29,1,1,3,7,1,1,3,      524702901
2023,5247,29,1,1,1,7,1,2,4,      524702901
2023,5247,29,1,1,7,7,1,3,5,      524702901
2023,5247,29,1,1,5,7,2,4,7,      524702901
2023,5247,30,1,1,5,7,1,1,2,      524703001
2023,5247,30,1,1,3,7,2,2,3,      524703001
2023,5247,32,1,1,7,7,1,1,4,      524703201
2023,5247,32,1,1,4,7,2,2,5,      524703201
2023,5247,33,1,1,7,7,1,1,5,      524703301
2023,5247,33,1,1,6,7,1,2,6,      524703301
2023,5247,33,1,1,0,7,2,3,7,      524703301
2023,5247,120,1,1,8,7,2,1,5,      524712001
2023,5247,122,1,1,5,8,1,1,5,      524712201
2023,5247,122,1,1,0,8,1,2,6,      524712201
2023,5247,122,1,1,1,8,2,3,9,      524712201
2023,5247,124,1,1,8,8,2,1,5,      524712401
2023,5248,12,1,1,7,8,1,1,4,      524801201
2023,5248,12,1,1,5,8,2,2,5,      524801201
2023,5248,14,1,1,7,8,1,1,3,      524801401
2023,5248,14,1,1,4,8,2,2,4,      524801401
2023,5248,15,1,1,2,9,1,1,3,      524801501
2023,5248,15,1,1,4,9,2,2,5,      524801501
2023,5248,48,1,1,3,8,1,1,5,      524804801
2023,5248,48,1,1,1,8,2,2,6,      524804801
2023,5248,49,1,1,3,9,1,1,5,      524804901
2023,5248,49,1,1,0,9,2,2,6,      524804901
2023,5248,51,1,1,3,8,1,1,4,      524805101
2023,5248,51,1,1,3,8,1,2,5,      524805101
2023,5248,51,1,1,1,8,2,3,6,      524805101
2023,5248,52,1,1,3,8,2,1,5,      524805201
2023,5248,84,1,1,0,9,2,1,4,      524808401
2023,5248,91,1,1,6,8,1,1,4,      524809101
2023,5248,91,1,1,4,8,2,2,5,      524809101
2023,5248,92,1,1,5,9,1,1,4,      524809201
2023,5248,92,1,1,1,9,2,2,5,      524809201
2023,5249,22,1,1,8,5,1,1,4,      524902201
2023,5249,22,1,1,2,5,1,2,7,      524902201
2023,5249,22,1,1,1,5,2,3,11,      524902201
2023,5249,23,1,1,0,3,2,1,3,      524902301
2023,5249,76,1,1,3,5,1,1,3,      524907601
2023,5249,76,1,1,0,5,1,2,4,      524907601
2023,5249,76,1,1,5,5,2,3,6,      524907601
2023,5249,78,1,1,6,5,1,1,5,      524907801
2023,5249,78,1,1,2,5,1,2,6,      524907801
2023,5249,78,1,2, , ,2,3,7,      524907801
2023,5249,81,1,1,6,6,1,1,3,      524908101
2023,5249,81,1,1,5,6,1,2,4,      524908101
2023,5249,81,1,1,1,6,1,3,5,      524908101
2023,5249,81,1,1,1,6,1,4,6,      524908101
2023,5249,81,1,1,0,6,1,5,7,      524908101
2023,5249,81,1,1,1,6,2,6,8,      524908101
2023,5249,82,1,1,6,5,1,1,4,      524908201
2023,5249,82,1,1,5,5,1,2,5,      524908201
2023,5249,82,1,1,3,5,1,3,6,      524908201
2023,5249,82,1,1,2,5,1,4,7,      524908201
2023,5249,82,1,1,0,5,2,5,8,      524908201
2023,5249,83,1,1,7,6,1,1,3,      524908301
2023,5249,83,1,1,6,6,1,2,4,      524908301
2023,5249,83,1,1,4,6,1,3,5,      524908301
2023,5249,83,1,1,1,6,2,4,6,      524908301
2023,5249,84,1,1,5,5,1,1,3,      524908401
2023,5249,84,1,1,3,5,2,2,4,      524908401
2023,5250,21,1,1,4,7,1,1,4,      525002101
2023,5250,21,1,1,4,7,1,2,5,      525002101
2023,5250,21,1,1,3,7,1,3,6,      525002101
2023,5250,21,1,1,1,7,1,4,7,      525002101
2023,5250,21,1,1,1,7,1,5,8,      525002101
2023,5250,21,1,1,0,7,2,6,9,      525002101
2023,5250,22,1,1,5,0,1,1,2,      525002201
2023,5250,22,1,1,0,4,2,2,3,      525002201
2023,5250,23,1,1,1,7,1,1,3,      525002301
2023,5250,23,1,1,0,7,2,2,4,      525002301
2023,5250,51,1,1,4,7,2,1,3,      525005101
2023,5250,52,1,1,2,2,1,1,3,      525005201
2023,5250,52,1,1,1,2,2,2,4,      525005201
2023,5250,53,1,1,1,7,1,1,3,      525005301
2023,5250,53,1,1,0,7,2,2,4,      525005301
2023,5250,54,1,1,3,4,2,1,2,      525005401
2023,5250,55,1,1,1,5,1,1,3,      525005501
2023,5250,55,1,1,0,5,2,2,4,      525005501
2023,5250,56,1,1,5,7,1,1,7,      525005601
2023,5250,56,1,1,4,5,1,2,8,      525005601
2023,5250,56,1,1,1,5,1,3,9,      525005601
2023,5250,56,1,1,1,5,2,4,10,      525005601
2023,5250,57,1,1,4,5,1,1,3,      525005701
2023,5250,57,1,1,3,5,1,2,4,      525005701
2023,5250,57,1,1,1,5,2,3,5,      525005701
2023,5250,58,1,1,5,7,1,1,4,      525005801
2023,5250,58,1,1,2,7,1,2,5,      525005801
2023,5250,58,1,1,0,7,2,3,6,      525005801
2023,5251,3,1,1,1,3,2,1,3,      525100301
2023,5251,55,1,1,5,5,2,1,3,      525105501
2023,5251,78,1,1,2,4,2,1,4,      525107801
2023,5251,98,1,1,0,5,2,1,2,      525109801
2023,5251,100,1,1,1,4,1,1,2,      525110001
2023,5251,100,1,1,8,4,1,2,3,      525110001
2023,5251,100,1,1,3,3,1,3,4,      525110001
2023,5251,100,1,1,3,4,2,4,5,      525110001
2023,5252,32,1,1,3,5,2,1,2,      525203201
2023,5252,34,1,1,5,3,1,1,2,      525203401
2023,5252,34,1,1,2,3,2,2,3,      525203401
2023,5252,43,1,1,3,5,1,1,5,      525204301
2023,5252,43,1,1,1,5,1,2,6,      525204301
2023,5252,43,1,1,1,5,2,3,7,      525204301
2023,5252,57,1,1,0,5,2,1,3,      525205701
2023,5252,90,1,1,1,2,2,1,3,      525209001
2023,5253,11,1,1,1,3,2,1,3,      525301101
2023,5253,13,1,1,7,6,1,1,4,      525301301
2023,5253,13,1,1,5,6,1,2,5,      525301301
2023,5253,13,1,1,0,6,2,3,6,      525301301
2023,5253,39,1,1,6,6,1,1,5,      525303901
2023,5253,39,1,1,6,6,2,2,6,      525303901
2023,5253,49,1,1,6,5,1,1,2,      525304901
2023,5253,49,1,1,2,5,2,2,3,      525304901
2023,5253,71,1,1,4,7,1,1,4,      525307101
2023,5253,71,1,1,1,7,2,2,5,      525307101
2023,5254,11,1,1,9,2,1,1,3,      525401101
2023,5254,11,1,1,5,2,2,2,4,      525401101
2023,5254,22,1,1,2,5,1,1,2,      525402201
2023,5254,22,1,1,1,5,2,2,3,      525402201
2023,5254,24,1,1,3,6,2,1,6,      525402401
2023,5254,29,1,1,4,5,2,1,6,      525402901
2023,5254,31,1,1,3,4,2,1,2,      525403101
2023,5254,33,1,1,3,4,2,1,3,      525403301
2023,5254,58,1,1,0,6,2,1,3,      525405801
2023,5255,23,1,1,4,4,1,1,3,      525502301
2023,5255,23,1,1,2,4,2,2,4,      525502301
2023,5255,38,1,1,3,4,2,1,5,      525503801
2023,5255,75,1,1,2,4,1,1,4,      525507501
2023,5255,75,1,1,1,4,2,2,5,      525507501
2023,5255,90,1,1,0,4,2,1,4,      525509001
2023,5256,48,1,1,8,7,1,1,4,      525604801
2023,5256,48,1,1,7,7,1,2,5,      525604801
2023,5256,48,1,1,3,8,2,3,6,      525604801
2023,5257,31,1,1,2,8,2,1,8,      525703101
2023,5257,53,1,1,5,8,2,1,3,      525705301
2023,5257,72,1,1,0,8,1,1,3,      525707201
2023,5257,72,1,1,7,8,2,2,4,      525707201
2023,5257,84,1,1,9,8,1,1,3,      525708401
2023,5257,84,1,1,7,8,1,2,4,      525708401
2023,5257,84,1,1,4,8,1,3,5,      525708401
2023,5257,84,1,1,0,8,2,4,6,      525708401
2023,5258,14,1,1,6,2,2,1,4,      525801401
2023,5258,26,1,1,7,1,1,1,7,      525802601
2023,5258,26,1,2, , ,1,2,8,      525802601
2023,5258,26,1,1,1,4,2,3,9,      525802601
2023,5258,29,1,1,0,1,2,1,3,      525802901
2023,5258,90,1,1,7,4,2,1,6,      525809001
2023,5259,21,1,1,2,8,2,1,3,      525902101
2023,5259,26,1,1,3,4,2,1,4,      525902601
2023,5260,3,1,1,1,9,2,1,5,      526000301
2023,5260,4,1,1,5,9,2,1,4,      526000401
2023,5260,24,1,1,5,9,1,1,3,      526002401
2023,5260,24,1,2, , ,2,2,4,      526002401
2023,5260,55,1,1,1,9,2,1,8,      526005501
2023,5260,72,1,1,7,9,1,1,3,      526007201
2023,5260,72,1,1,3,9,2,2,4,      526007201
2023,5261,16,1,1,2,6,1,1,2,      526101601
2023,5261,16,1,1,0,7,2,2,6,      526101601
2023,5261,50,1,1,5,3,2,1,4,      526105001
2023,5261,57,1,1,0,5,2,1,3,      526105701
2023,5261,64,1,1,6,2,2,1,3,      526106401
2023,5261,65,1,1,6,7,2,1,5,      526106501
2023,5261,75,1,1,2,3,2,1,3,      526107501
2023,5261,76,1,1,5,7,2,1,3,      526107601
2023,5261,79,1,1,4,4,2,1,4,      526107901
2023,5262,22,1,1,0,7,2,1,4,      526202201
2023,5262,68,1,2, , ,1,1,3,      526206801
2023,5262,68,1,2, , ,1,2,4,      526206801
2023,5262,68,1,2, , ,2,3,5,      526206801
2023,5262,86,1,1,1,9,2,1,4,      526208601
2023,5262,114,1,1,5,9,2,1,3,      526211401
2023,5262,122,1,1,2,9,2,1,3,      526212201
2023,5263,1,1,1,2,3,2,1,2,      526300101
2023,5263,9,1,1,4,3,2,1,9,      526300901
2023,5263,62,1,1,7,3,1,1,4,      526306201
2023,5263,62,1,1,3,3,2,2,5,      526306201
2023,5263,81,1,1,1,3,2,1,4,      526308101
2023,5264,33,1,1,3,7,1,1,2,      526403301
2023,5264,33,1,1,1,7,2,2,3,      526403301
2023,5264,38,1,1,0,6,2,1,3,      526403801
2023,5264,102,1,1,1,7,2,1,3,      526410201
2023,5264,124,1,1,3,4,2,1,3,      526412401
2023,5265,42,1,1,4,8,2,1,5,      526504201
2023,5265,95,1,1,7,10,2,1,3,      526509501
2023,5265,121,1,1,5,10,1,1,5,      526512101
2023,5265,121,1,1,5,10,2,2,6,      526512101
2023,5266,10,1,1,5,8,2,1,3,      526601001
2023,5266,15,1,1,7,8,1,1,4,      526601501
2023,5266,15,1,1,4,8,2,2,5,      526601501
2023,5266,49,1,1,4,6,1,1,2,      526604901
2023,5266,49,1,1,1,0,2,2,3,      526604901
2023,5266,90,1,1,4,4,2,1,3,      526609001
2023,5266,95,1,1,2,8,2,1,3,      526609501
2023,5267,11,1,1,4,3,2,1,3,      526701101
2023,5267,12,1,1,4,6,1,1,4,      526701201
2023,5267,12,1,1,1,5,2,2,5,      526701201
2023,5267,14,1,1,3,4,2,1,2,      526701401
2023,5267,41,1,1,2,3,2,1,4,      526704101
2023,5267,43,1,1,7,4,1,1,3,      526704301
2023,5267,43,1,1,4,4,2,2,4,      526704301
2023,5267,44,1,1,5,3,2,1,2,      526704401
2023,5267,45,1,1,4,4,2,1,3,      526704501
2023,5267,53,1,1,2,4,1,1,3,      526705301
2023,5267,53,1,1,0,4,1,2,4,      526705301
2023,5267,53,1,1,5,3,2,3,7,      526705301
2023,5267,54,1,1,4,3,1,1,3,      526705401
2023,5267,54,1,1,1,3,2,2,4,      526705401
2023,5267,57,1,1,1,3,1,1,4,      526705701
2023,5267,57,1,1,1,3,1,2,5,      526705701
2023,5267,57,1,1,1,3,2,3,6,      526705701
2023,5268,31,1,1,7,8,1,1,2,      526803101
2023,5268,31,1,1,4,8,1,2,3,      526803101
2023,5268,31,1,1,0,8,2,3,6,      526803101
2023,5268,32,1,1,3,8,1,1,3,      526803201
2023,5268,32,1,1,1,8,1,2,4,      526803201
2023,5268,32,1,1,0,8,2,3,5,      526803201
2023,5268,33,1,1,3,10,2,1,2,      526803301
2023,5268,35,1,1,2,8,1,1,3,      526803501
2023,5268,35,1,2, , ,2,2,4,      526803501
2023,5268,36,1,1,6,10,2,1,5,      526803601
2023,5268,38,1,1,2,8,2,1,4,      526803801
2023,5268,40,1,1,3,8,2,1,3,      526804001
2023,5268,52,1,1,8,10,2,1,4,      526805201
2023,5268,53,1,1,4,8,2,1,3,      526805301
2023,5268,54,1,1,2,6,2,1,3,      526805401
2023,5269,31,1,1,5,6,1,1,4,      526903101
2023,5269,31,1,1,2,6,2,2,5,      526903101
2023,5269,33,1,1,1,6,1,1,3,      526903301
2023,5269,33,1,1,6,6,2,2,4,      526903301
2023,5269,34,1,1,4,8,1,1,3,      526903401
2023,5269,34,1,1,0,8,2,2,4,      526903401
2023,5269,35,1,1,4,5,2,1,3,      526903501
2023,5269,38,1,1,4,7,1,1,3,      526903801
2023,5269,38,1,1,2,7,1,2,4,      526903801
2023,5269,38,1,1,0,7,2,3,5,      526903801
2023,5269,39,1,1,7,5,2,1,4,      526903901
2023,5269,59,1,1,2,8,1,1,3,      526905901
2023,5269,59,1,1,7,8,2,2,5,      526905901
2023,5270,2,1,1,3,4,2,1,3,      527000201
2023,5270,4,1,1,5,4,2,1,3,      527000401
2023,5270,17,1,1,1,4,1,1,3,      527001701
2023,5270,17,1,1,8,4,2,2,5,      527001701
2023,5270,32,1,1,7,4,2,1,3,      527003201
2023,5270,33,1,1,4,4,2,1,3,      527003301
2023,5270,43,1,1,1,4,2,1,3,      527004301
2023,5270,48,1,1,0,2,2,1,3,      527004801
2023,5270,50,1,1,6,2,1,1,4,      527005001
2023,5270,50,1,1,0,2,2,2,5,      527005001
2023,5270,68,1,1,2,5,2,1,3,      527006801
2023,5271,25,1,1,1,9,2,1,3,      527102501
2023,5271,33,1,1,5,8,2,1,3,      527103301
2023,5272,29,1,1,0,9,2,1,4,      527202901
2023,5272,34,1,1,4,9,2,1,4,      527203401
2023,5272,37,1,1,0,10,2,1,4,      527203701
2023,5272,57,1,1,0,10,2,1,5,      527205701
2023,5272,63,1,1,4,9,2,1,5,      527206301
2023,5272,84,1,1,1,10,2,1,3,      527208401
2023,5273,9,1,1,8,5,2,1,3,      527300901
2023,5273,24,1,1,1,2,2,1,3,      527302401
2023,5273,81,1,1,1,5,2,1,3,      527308101
2023,5273,108,1,1,3,6,2,1,3,      527310801
2023,5274,3,1,1,0,7,2,1,3,      527400301
2023,5274,31,1,1,1,7,2,1,3,      527403101
2023,5274,32,1,1,1,7,2,1,2,      527403201
2023,5275,10,1,1,3,7,2,1,4,      527501001
2023,5275,19,1,1,0,7,2,1,3,      527501901
2023,5275,36,1,1,6,7,1,1,4,      527503601
2023,5275,36,1,1,0,7,2,2,5,      527503601
2023,5275,40,1,1,0,7,2,1,3,      527504001
2023,5275,60,1,1,3,7,1,1,5,      527506001
2023,5275,60,1,1,1,7,2,2,6,      527506001
2023,5275,90,1,1,1,7,1,1,4,      527509001
2023,5275,90,1,1,0,7,2,2,5,      527509001
2023,5276,26,1,1,2,4,2,1,3,      527602601
2023,5276,36,1,1,0,4,2,1,5,      527603601
2023,5276,58,1,1,1,4,1,1,3,      527605801
2023,5276,58,1,1,0,5,2,2,4,      527605801
2023,5276,62,1,1,4,5,1,1,3,      527606201
2023,5276,62,1,1,1,5,2,2,5,      527606201
2023,5277,20,1,1,3,4,2,1,2,      527702001
2023,5277,22,1,1,5,4,1,1,2,      527702201
2023,5277,22,1,1,0,4,2,2,3,      527702201
2023,5277,59,1,1,1,4,2,1,2,      527705901
2023,5277,62,1,1,1,3,2,1,3,      527706201
2023,5277,88,1,1,1,4,2,1,2,      527708801
2023,5277,102,1,1,1,4,2,1,5,      527710201
2023,5277,109,1,1,2,4,2,1,3,      527710901
2023,5278,7,1,1,3,6,1,1,3,      527800701
2023,5278,7,1,1,1,6,2,2,4,      527800701
2023,5278,25,1,1,0,6,2,1,3,      527802501
2023,5278,26,1,1,1,6,2,1,5,      527802601
2023,5278,39,1,1,4,6,1,1,3,      527803901
2023,5278,39,1,1,4,6,2,2,5,      527803901
2023,5278,43,1,1,2,6,2,1,2,      527804301
2023,5278,52,1,1,2,6,2,1,3,      527805201
2023,5279,5,1,1,3,5,1,1,3,      527900501
2023,5279,5,1,1,1,5,2,2,4,      527900501
2023,5279,45,1,1,1,5,1,1,3,      527904501
2023,5279,45,1,1,1,5,1,2,4,      527904501
2023,5279,45,1,1,1,5,2,3,5,      527904501
2023,5279,62,1,1,4,6,1,1,4,      527906201
2023,5279,62,1,1,2,6,2,2,5,      527906201
2023,5280,54,1,1,7,8,1,1,4,      528005401
2023,5280,54,1,1,5,8,2,2,5,      528005401
2023,5280,74,1,1,7,8,2,1,4,      528007401
2023,5280,83,1,1,1,8,2,1,3,      528008301
2023,5280,95,1,1,1,8,2,1,2,      528009501
2023,5281,4,1,1,6,8,2,1,4,      528100401
2023,5281,71,1,1,5,8,2,1,3,      528107101
2023,5281,85,1,1,1,7,2,1,2,      528108501
2023,5281,87,1,1,5,8,2,1,3,      528108701
2023,5281,98,1,1,5,7,1,1,5,      528109801
2023,5281,98,1,1,4,7,2,2,6,      528109801
2023,5282,18,1,1,1,8,2,1,2,      528201801
2023,5282,49,1,1,5,8,2,1,4,      528204901
2023,5282,69,1,1,1,8,2,1,5,      528206901
2023,5282,104,1,1,5,8,1,1,5,      528210401
2023,5282,104,1,1,0,8,2,2,6,      528210401
2023,5283,69,1,8, , ,1,1,3,      528306901
2023,5283,69,1,8, , ,2,2,4,      528306901
2023,5283,95,1,1,0,4,2,1,3,      528309501
2023,5283,96,1,1,1,4,2,1,3,      528309601
2023,5283,124,1,1,0,4,1,1,3,      528312401
2023,5283,124,1,1,3,4,1,2,4,      528312401
2023,5283,124,1,1,4,4,2,3,6,      528312401
2023,5284,27,1,1,0,7,1,1,3,      528402701
2023,5284,27,1,1,0,7,2,2,6,      528402701
2023,5284,83,1,1,5,7,2,1,2,      528408301
2023,5284,95,1,1,1,7,2,1,6,      528409501
2023,5285,16,1,1,0,9,2,1,4,      528501601
2023,5285,19,1,1,7,10,2,1,3,      528501901
2023,5285,36,1,1,4,9,2,1,4,      528503601
2023,5285,82,1,1,1,9,2,1,2,      528508201
2023,5286,40,1,1,2,6,2,1,4,      528604001
2023,5287,13,1,1,3,6,2,1,2,      528701301
2023,5287,23,1,1,0,5,2,1,4,      528702301
2023,5287,35,1,1,0,1,2,1,3,      528703501
2023,5287,37,1,1,2,6,1,1,3,      528703701
2023,5287,37,1,1,0,6,2,2,4,      528703701
2023,5287,80,1,1,6,6,2,1,4,      528708001
2023,5288,18,1,1,1,8,2,1,5,      528801801
2023,5288,39,1,1,6,9,2,1,3,      528803901
2023,5288,50,1,1,0,8,1,1,3,      528805001
2023,5288,50,1,1,7,8,2,2,4,      528805001
2023,5289,54,1,1,3,7,1,1,4,      528905401
2023,5289,54,1,1,0,7,2,2,5,      528905401
2023,5289,55,1,1,8,5,2,1,4,      528905501
2023,5289,56,1,1,8,5,1,1,3,      528905601
2023,5289,56,1,1,4,5,2,2,4,      528905601
2023,5290,8,1,1,0,5,1,1,5,      529000801
2023,5290,8,1,1,4,5,2,2,6,      529000801
2023,5290,12,1,1,4,6,1,1,3,      529001201
2023,5290,12,1,1,1,6,2,2,4,      529001201
2023,5290,16,1,1,0,6,2,1,3,      529001601
2023,5290,22,1,1,4,5,2,1,5,      529002201
2023,5290,50,1,1,8,5,1,1,3,      529005001
2023,5290,50,1,1,3,5,2,2,4,      529005001
2023,5290,54,1,1,5,6,2,1,4,      529005401
2023,5291,15,1,1,1,8,2,1,4,      529101501
2023,5291,32,1,1,3,10,1,1,3,      529103201
2023,5291,32,1,1,2,10,2,2,4,      529103201
2023,5291,39,1,1,1,8,1,1,3,      529103901
2023,5291,39,1,1,1,8,2,2,4,      529103901
2023,5291,49,1,1,2,8,2,1,3,      529104901
2023,5291,77,1,1,1,10,2,1,3,      529107701
2023,5292,52,1,1,1,5,2,1,3,      529205201
2023,5292,94,1,1,1,5,1,1,3,      529209401
2023,5292,94,1,1,1,5,2,2,4,      529209401
2023,5292,119,1,1,8,5,2,1,4,      529211901
2023,5292,128,1,1,2,3,2,1,4,      529212801
2023,5293,39,1,1,4,5,2,1,4,      529303901
2023,5293,42,1,1,5,4,2,1,4,      529304201
2023,5293,57,1,1,5,5,2,1,2,      529305701
2023,5293,71,1,1,1,5,2,1,5,      529307101
2023,5293,104,1,1,3,0,2,1,6,      529310401
2023,5293,110,1,2, , ,2,1,3,      529311001
2023,5294,6,1,1,8,5,1,1,3,      529400601
2023,5294,6,1,1,1,5,2,2,4,      529400601
2023,5294,7,1,1,5,5,2,1,5,      529400701
2023,5294,18,1,1,0,4,2,1,5,      529401801
2023,5294,23,1,1,7,0,2,1,5,      529402301
2023,5294,29,1,1,6,5,2,1,3,      529402901
2023,5294,66,1,1,4,5,2,1,5,      529406601
2023,5294,101,1,1,1,5,2,1,2,      529410101
2023,5295,44,1,1,1,6,2,1,3,      529504401
2023,5295,74,1,1,2,6,2,1,5,      529507401
2023,5295,102,1,1,6,6,1,1,3,      529510201
2023,5295,102,1,1,3,6,2,2,4,      529510201
2023,5295,106,1,1,2,6,1,1,2,      529510601
2023,5295,106,1,1,8,6,2,2,5,      529510601
2023,5295,135,1,1,0,5,2,1,3,      529513501
2023,5295,145,1,1,7,6,2,1,5,      529514501
2023,5296,24,1,1,4,9,1,1,6,      529602401
2023,5296,24,1,1,0,9,2,2,7,      529602401
2023,5296,40,1,1,1,9,2,1,4,      529604001
2023,5296,42,1,1,8,8,1,1,3,      529604201
2023,5296,42,1,1,0,8,2,2,4,      529604201
2023,5296,47,1,1,2,9,1,1,3,      529604701
2023,5296,47,1,1,1,9,2,2,4,      529604701
2023,5296,58,1,1,5,9,1,1,4,      529605801
2023,5296,58,1,1,2,9,2,2,5,      529605801
2023,5297,2,1,1,6,7,2,1,3,      529700201
2023,5297,46,1,1,6,7,1,1,3,      529704601
2023,5297,46,1,1,1,7,2,2,4,      529704601
2023,5297,49,1,1,2,6,1,1,3,      529704901
2023,5297,49,1,1,0,6,2,2,4,      529704901
2023,5297,61,1,1,1,9,2,1,3,      529706101
2023,5297,66,1,1,4,6,1,1,3,      529706601
2023,5297,66,1,1,2,6,2,2,4,      529706601
2023,5298,2,1,1,6,7,1,1,4,      529800201
2023,5298,2,1,1,2,7,2,2,5,      529800201
2023,5298,22,1,1,1,7,2,1,2,      529802201
2023,5298,25,1,1,3,7,2,1,3,      529802501
2023,5298,32,1,1,5,7,1,1,4,      529803201
2023,5298,32,1,1,1,7,2,2,5,      529803201
2023,5298,53,1,1,6,7,1,1,5,      529805301
2023,5298,53,1,1,4,7,2,2,6,      529805301
2023,5299,1,1,1,8,8,2,1,3,      529900101
2023,5299,34,1,1,4,9,2,1,4,      529903401
2023,5299,35,1,1,5,8,2,1,3,      529903501
2023,5299,44,1,1,1,8,2,1,2,      529904401
2023,5299,52,1,1,0,8,2,1,4,      529905201
2023,5299,62,1,1,0,9,2,1,3,      529906201
2023,5299,73,1,1,0,8,2,1,3,      529907301
2023,5300,12,1,1,4,5,2,1,3,      530001201
2023,5300,89,1,1,7,4,2,1,5,      530008901
2023,5300,110,1,1,8,5,2,1,3,      530011001
2023,5300,130,1,1,1,5,1,1,3,      530013001
2023,5300,130,1,1,1,5,2,2,4,      530013001
2023,5300,132,1,1,8,5,1,1,3,      530013201
2023,5300,132,1,1,8,5,2,2,4,      530013201
2023,5301,17,1,1,6,5,1,1,2,      530101701
2023,5301,17,1,1,3,5,2,2,7,      530101701
2023,5301,40,1,1,6,5,2,1,5,      530104001
2023,5301,153,1,1,2,5,1,1,2,      530115301
2023,5301,153,1,1,0,5,2,2,3,      530115301
2023,5301,190,1,1,8,5,1,1,3,      530119001
2023,5301,190,1,1,3,5,2,2,4,      530119001
2023,5301,203,1,2, , ,2,1,3,      530120301
2023,5302,4,1,1,5,7,2,1,2,      530200401
2023,5302,16,1,1,6,7,2,1,6,      530201601
2023,5302,17,1,1,3,6,2,1,3,      530201701
2023,5302,33,1,1,7,7,1,1,3,      530203301
2023,5302,33,1,1,5,7,1,2,4,      530203301
2023,5302,33,1,1,4,7,2,3,5,      530203301
2023,5302,34,1,1,2,8,2,1,3,      530203401
2023,5302,43,1,1,7,7,2,1,3,      530204301
2023,5303,2,1,1,0,9,1,1,2,      530300201
2023,5303,2,1,1,2,9,2,2,3,      530300201
2023,5303,20,1,1,4,9,1,1,3,      530302001
2023,5303,20,1,1,0,9,2,2,4,      530302001
2023,5303,25,1,1,1,10,1,1,2,      530302501
2023,5303,25,1,1,0,10,2,2,3,      530302501
2023,5303,28,1,1,0,9,2,1,5,      530302801
2023,5304,2,1,1,1,7,2,1,5,      530400201
2023,5304,3,1,1,7,10,2,1,3,      530400301
2023,5304,6,1,1,0,7,2,1,3,      530400601
2023,5304,10,1,1,7,9,1,1,3,      530401001
2023,5304,10,1,1,1,9,2,2,4,      530401001
2023,5304,21,1,1,0,10,1,1,4,      530402101
2023,5304,21,1,1,0,10,2,2,5,      530402101
2023,5304,32,1,1,6,10,2,1,5,      530403201
2023,5304,36,1,1,1,9,2,1,3,      530403601
2023,5304,38,1,1,1,9,1,1,3,      530403801
2023,5304,38,1,1,5,9,2,2,5,      530403801
2023,5304,41,1,1,8,10,1,1,3,      530404101
2023,5304,41,1,1,2,9,2,2,4,      530404101
2023,5305,22,1,1,0,5,2,1,4,      530502201
2023,5305,23,1,1,8,4,2,1,4,      530502301
2023,5305,24,1,1,4,5,2,1,3,      530502401
2023,5305,31,1,1,3,5,2,1,2,      530503101
2023,5305,32,1,1,3,6,2,1,3,      530503201
2023,5305,33,1,1,2,7,2,1,3,      530503301
2023,5305,34,1,1,1,5,1,1,3,      530503401
2023,5305,34,1,1,0,5,2,2,4,      530503401
2023,5305,35,1,1,0,3,2,1,3,      530503501
2023,5305,39,1,1,2,5,2,1,2,      530503901
2023,5305,40,1,1,5,5,2,1,4,      530504001
2023,5306,73,1,1,0,4,2,1,4,      530607301
2023,5306,104,1,1,5,8,1,1,3,      530610401
2023,5306,104,1,1,1,8,2,2,4,      530610401
2023,5306,105,1,1,8,8,2,1,3,      530610501
2023,5306,106,1,1,5,7,2,1,2,      530610601
2023,5306,108,1,1,5,7,1,1,3,      530610801
2023,5306,108,1,1,1,7,2,2,4,      530610801
2023,5306,117,1,1,8,7,1,1,4,      530611701
2023,5306,117,1,1,4,7,2,2,5,      530611701
2023,5306,121,1,1,6,8,1,1,4,      530612101
2023,5306,121,1,1,6,8,2,2,6,      530612101
2023,5307,7,1,1,0,7,2,1,3,      530700701
2023,5307,8,1,1,4,8,1,1,3,      530700801
2023,5307,8,1,1,2,7,2,2,4,      530700801
2023,5307,10,1,1,1,10,1,1,3,      530701001
2023,5307,10,1,1,1,10,2,2,4,      530701001
2023,5307,30,1,1,4,7,1,1,3,      530703001
2023,5307,30,1,1,2,7,1,2,4,      530703001
2023,5307,30,1,1,2,7,2,3,5,      530703001
2023,5307,32,1,1,4,7,2,1,3,      530703201
2023,5307,33,1,1,6,10,1,1,3,      530703301
2023,5307,33,1,1,3,10,2,2,4,      530703301
2023,5307,40,1,1,1,7,2,1,2,      530704001
2023,5307,41,1,1,7,10,1,1,3,      530704101
2023,5307,41,1,1,2,10,2,2,4,      530704101
2023,5307,42,1,1,2,10,1,1,3,      530704201
2023,5307,42,1,1,4,10,2,2,5,      530704201
2023,5308,11,1,1,4,5,1,1,3,      530801101
2023,5308,11,1,1,5,5,1,2,4,      530801101
2023,5308,11,1,1,4,5,1,3,5,      530801101
2023,5308,11,1,1,2,5,2,4,6,      530801101
2023,5308,12,1,1,8,5,1,1,3,      530801201
2023,5308,12,1,1,5,5,2,2,4,      530801201
2023,5308,13,1,1,2,5,1,1,3,      530801301
2023,5308,13,1,1,0,5,2,2,4,      530801301
2023,5308,16,1,1,5,5,2,1,3,      530801601
2023,5308,98,1,1,2,5,2,1,3,      530809801
2023,5308,100,1,1,7,5,1,1,4,      530810001
2023,5308,100,1,1,5,5,1,2,5,      530810001
2023,5308,100,1,1,3,5,2,3,6,      530810001
2023,5308,101,1,1,3,5,1,1,5,      530810101
2023,5308,101,1,1,2,5,2,2,6,      530810101
2023,5308,127,1,1,8,5,2,1,3,      530812701
2023,5308,129,1,1,6,5,1,1,3,      530812901
2023,5308,129,1,1,1,5,2,2,4,      530812901
2023,5308,131,1,1,5,5,2,1,2,      530813101
2023,5309,1,1,1,7,7,2,1,2,      530900101
2023,5309,2,1,1,2,7,2,1,2,      530900201
2023,5309,42,1,1,8,7,1,1,4,      530904201
2023,5309,42,1,1,1,7,2,2,5,      530904201
2023,5309,43,1,1,3,7,1,1,3,      530904301
2023,5309,43,1,1,6,7,1,2,4,      530904301
2023,5309,43,1,1,4,7,2,3,5,      530904301
2023,5309,46,1,1,6,7,1,1,3,      530904601
2023,5309,46,1,1,4,7,2,2,4,      530904601
2023,5309,70,1,1,6,7,2,1,4,      530907001
2023,5309,71,1,1,5,7,2,1,6,      530907101
2023,5309,76,1,1,2,7,2,1,3,      530907601
2023,5309,77,1,1,8,7,2,1,3,      530907701
2023,5310,68,1,1,0,4,2,1,5,      531006801
2023,5311,55,1,1,3,7,1,1,6,      531105501
2023,5311,55,1,1,2,8,2,2,10,      531105501
2023,5311,112,1,1,1,9,2,1,3,      531111201
2023,5311,115,1,1,5,9,1,1,6,      531111501
2023,5311,115,1,1,6,8,1,2,8,      531111501
2023,5311,115,1,1,5,9,1,3,12,      531111501
2023,5311,115,1,1,6,9,2,4,13,      531111501
2023,5311,155,1,1,1,8,1,1,3,      531115501
2023,5311,155,1,1,0,8,2,2,6,      531115501
2023,5311,165,1,8, , ,2,1,4,      531116501
2023,5312,9,1,1,0,6,2,1,5,      531200901
2023,5312,52,1,2, , ,2,1,6,      531205201
2023,5312,54,1,1,2,7,1,1,4,      531205401
2023,5312,54,1,1,0,7,2,2,5,      531205401
2023,5312,56,1,1,0,7,1,1,3,      531205601
2023,5312,56,1,1,3,7,2,2,4,      531205601
2023,5312,62,1,1,8,8,2,1,5,      531206201
2023,5313,18,1,1,1,8,2,1,5,      531301801
2023,5313,20,1,1,2,7,1,1,4,      531302001
2023,5313,20,1,1,1,7,2,2,5,      531302001
2023,5313,92,3,1,1,7,1,1,4,      531309203
2023,5313,92,3,1,0,7,2,2,5,      531309203
2023,5313,114,1,1,0,7,2,1,5,      531311401
2023,5313,115,1,1,1,8,1,1,3,      531311501
2023,5313,115,1,1,0,8,2,2,4,      531311501
2023,5313,115,2,1,1,7,2,1,3,      531311502
2023,5314,10,1,1,0,3,1,1,4,      531401001
2023,5314,10,1,1,0,3,2,2,5,      531401001
2023,5314,16,1,1,1,4,2,1,4,      531401601
2023,5314,54,2,1,2,4,1,1,3,      531405402
2023,5314,54,2,1,1,4,2,2,4,      531405402
2023,5314,79,1,1,1,5,2,1,3,      531407901
2023,5315,17,1,1,7,6,1,1,3,      531501701
2023,5315,17,1,1,3,6,1,2,4,      531501701
2023,5315,17,1,1,1,6,2,3,5,      531501701
2023,5315,36,1,1,1,5,1,1,2,      531503601
2023,5315,36,1,1,0,5,2,2,3,      531503601
2023,5315,38,1,1,5,3,2,1,2,      531503801
2023,5315,82,1,1,5,6,1,1,3,      531508201
2023,5315,82,1,1,0,6,2,2,4,      531508201
2023,5315,92,1,1,3,5,1,1,3,      531509201
2023,5315,92,1,1,2,6,1,2,4,      531509201
2023,5315,92,1,1,0,6,2,3,5,      531509201
2023,5316,13,1,1,2,4,1,1,3,      531601301
2023,5316,13,1,1,0,4,2,2,4,      531601301
2023,5316,29,1,1,3,3,1,1,4,      531602901
2023,5316,29,1,1,2,3,2,2,5,      531602901
2023,5316,34,1,1,8,5,1,1,4,      531603401
2023,5316,34,1,1,6,5,2,2,5,      531603401
2023,5316,42,1,1,1,4,1,1,5,      531604201
2023,5316,42,1,1,2,4,1,2,8,      531604201
2023,5316,42,1,1,2,4,1,3,10,      531604201
2023,5316,42,1,1,1,4,2,4,11,      531604201
2023,5316,58,1,1,5,5,2,1,4,      531605801
2023,5316,69,1,1,2,3,2,1,4,      531606901
2023,5317,11,1,1,6,6,1,1,3,      531701101
2023,5317,11,1,1,0,6,2,2,4,      531701101
2023,5317,25,1,1,3,6,2,1,5,      531702501
2023,5317,33,1,1,5,6,2,1,4,      531703301
2023,5317,34,1,1,0,6,2,1,3,      531703401
2023,5317,65,1,1,1,3,1,1,3,      531706501
2023,5317,65,1,1,7,3,1,2,4,      531706501
2023,5317,65,1,1,4,3,2,3,5,      531706501
2023,5317,80,1,1,3,5,1,1,4,      531708001
2023,5317,80,1,1,0,6,2,2,5,      531708001
2023,5318,5,1,1,3,4,1,1,5,      531800501
2023,5318,5,1,1,1,4,2,2,6,      531800501
2023,5318,16,1,1,1,5,1,1,3,      531801601
2023,5318,16,1,1,6,5,1,2,4,      531801601
2023,5318,16,1,1,0,5,2,3,6,      531801601
2023,5318,54,1,1,0,5,2,1,5,      531805401
2023,5318,67,1,1,2,4,2,1,3,      531806701
2023,5318,72,1,1,2,4,2,1,4,      531807201
2023,5318,98,1,1,0,4,2,1,3,      531809801
2023,5318,103,1,1,0,5,2,1,4,      531810301
2023,5319,39,1,1,1,5,2,1,6,      531903901
2023,5319,118,1,1,2,6,1,1,7,      531911801
2023,5319,118,1,1,2,6,1,2,8,      531911801
2023,5319,118,1,1,2,6,2,3,15,      531911801
2023,5320,4,1,1,5,6,2,1,2,      532000401
2023,5320,8,1,1,1,7,2,1,3,      532000801
2023,5320,47,1,1,7,7,1,1,6,      532004701
2023,5320,47,1,1,5,7,1,2,7,      532004701
2023,5320,47,1,1,3,7,1,3,8,      532004701
2023,5320,47,1,1,1,7,1,4,9,      532004701
2023,5320,47,1,8, , ,1,5,11,      532004701
2023,5320,47,1,8, , ,1,6,12,      532004701
2023,5320,47,1,1,0,6,2,7,13,      532004701
2023,5320,66,1,1,0,6,2,1,4,      532006601
2023,5320,144,1,1,4,7,2,1,2,      532014401
2023,5321,27,1,1,7,9,2,1,4,      532102701
2023,5321,70,1,1,7,10,2,1,7,      532107001
2023,5321,77,1,1,3,9,2,1,4,      532107701
2023,5321,88,1,1,8,9,1,1,3,      532108801
2023,5321,88,1,1,6,9,2,2,4,      532108801
2023,5321,123,1,1,3,8,1,1,3,      532112301
2023,5321,123,1,1,1,10,2,2,4,      532112301
2023,5321,127,1,1,0,10,2,1,3,      532112701
2023,5322,73,1,1,7,6,1,1,3,      532207301
2023,5322,73,1,1,1,6,2,2,4,      532207301
2023,5322,126,1,1,0,6,2,1,3,      532212601
2023,5322,140,1,1,1,7,2,1,6,      532214001
2023,5322,183,1,1,1,6,2,1,3,      532218301
2023,5322,186,1,1,5,6,1,1,5,      532218601
2023,5322,186,1,1,2,6,1,2,6,      532218601
2023,5322,186,1,1,1,6,2,3,7,      532218601
2023,5323,8,1,1,0,9,2,1,4,      532300801
2023,5323,24,1,1,1,7,2,1,3,      532302401
2023,5323,26,1,1,6,98,2,1,5,      532302601
2023,5323,67,1,1,1,9,2,1,4,      532306701
2023,5323,72,1,1,1,9,1,1,2,      532307201
2023,5323,72,1,1,0,9,2,2,4,      532307201
2023,5323,83,1,1,5,9,1,1,3,      532308301
2023,5323,83,1,1,1,9,2,2,4,      532308301
2023,5324,14,1,1,4,8,2,1,3,      532401401
2023,5324,30,1,1,0,5,2,1,3,      532403001
2023,5324,41,1,1,4,8,1,1,3,      532404101
2023,5324,41,1,1,2,8,2,2,4,      532404101
2023,5324,54,1,1,7,8,2,1,4,      532405401
2023,5325,23,1,1,1,3,2,1,3,      532502301
2023,5325,33,1,1,4,6,2,1,3,      532503301
2023,5325,55,1,1,4,6,1,1,4,      532505501
2023,5325,55,1,1,0,6,2,2,5,      532505501
2023,5325,71,1,1,2,4,2,1,3,      532507101
2023,5325,77,1,1,4,5,2,1,3,      532507701
2023,5325,79,1,1,1,4,2,1,3,      532507901
2023,5325,82,1,1,1,5,2,1,3,      532508201
2023,5325,98,1,1,5,2,2,1,2,      532509801
2023,5326,18,1,1,3,7,2,1,3,      532601801
2023,5326,34,2,1,4,7,2,1,3,      532603402
2023,5326,40,1,1,4,10,2,1,3,      532604001
2023,5326,47,1,1,8,8,1,1,4,      532604701
2023,5326,47,1,1,5,8,1,2,5,      532604701
2023,5326,47,1,1,0,8,2,3,6,      532604701
2023,5326,69,1,1,0,6,2,1,4,      532606901
2023,5326,94,1,1,6,8,1,1,4,      532609401
2023,5326,94,1,1,0,8,2,2,5,      532609401
2023,5327,11,1,1,3,3,2,1,3,      532701101
2023,5327,12,1,1,7,4,1,1,4,      532701201
2023,5327,12,1,1,5,4,1,2,5,      532701201
2023,5327,12,1,1,1,4,2,3,6,      532701201
2023,5327,29,1,1,5,4,2,1,6,      532702901
2023,5327,31,1,1,6,4,1,1,3,      532703101
2023,5327,31,1,1,1,4,2,2,4,      532703101
2023,5327,32,1,1,3,4,1,1,3,      532703201
2023,5327,32,1,1,1,4,2,2,4,      532703201
2023,5327,35,1,1,8,3,1,1,4,      532703501
2023,5327,35,1,1,0,3,2,2,5,      532703501
2023,5327,89,1,1,7,3,2,1,6,      532708901
2023,5327,90,1,1,8,3,1,1,3,      532709001
2023,5327,90,1,1,4,3,2,2,4,      532709001
2023,5327,92,1,1,0,1,2,1,7,      532709201
2023,5328,21,1,1,3,8,1,1,3,      532802101
2023,5328,21,1,1,1,8,2,2,4,      532802101
2023,5328,22,1,1,3,9,1,1,3,      532802201
2023,5328,22,1,1,0,7,2,2,4,      532802201
2023,5328,23,1,1,6,8,1,1,3,      532802301
2023,5328,23,1,1,0,8,2,2,4,      532802301
2023,5328,51,1,1,4,8,1,1,4,      532805101
2023,5328,51,1,1,0,8,2,2,5,      532805101
2023,5328,53,1,1,0,7,2,1,2,      532805301
2023,5328,54,1,1,0,7,2,1,3,      532805401
2023,5328,161,1,1,4,8,2,1,3,      532816101
2023,5328,162,1,1,6,7,2,1,4,      532816201
2023,5328,163,1,1,6,8,2,1,5,      532816301
2023,5328,165,2,1,0,7,2,1,3,      532816502
2023,5328,176,1,1,4,8,2,1,3,      532817601
2023,5329,6,1,1,1,8,2,1,3,      532900601
2023,5329,7,1,1,0,7,2,1,5,      532900701
2023,5329,11,1,1,4,7,1,1,9,      532901101
2023,5329,11,1,1,4,7,2,2,10,      532901101
2023,5329,11,2,1,2,8,2,1,2,      532901102
2023,5329,12,1,1,0,8,2,1,4,      532901201
2023,5329,22,1,1,0,3,2,1,3,      532902201
2023,5329,41,1,1,4,8,1,1,3,      532904101
2023,5329,41,1,1,1,8,1,2,4,      532904101
2023,5329,41,1,1,2,8,2,3,5,      532904101
2023,5329,43,1,1,7,7,2,1,4,      532904301
2023,5329,44,1,1,4,8,1,1,5,      532904401
2023,5329,44,1,1,2,8,1,2,6,      532904401
2023,5329,44,1,1,1,8,2,3,7,      532904401
2023,5329,86,1,1,6,8,2,1,4,      532908601
2023,5329,87,1,1,1,8,1,1,5,      532908701
2023,5329,87,1,1,0,8,2,2,6,      532908701
2023,5329,88,1,1,5,8,1,1,4,      532908801
2023,5329,88,1,1,4,8,1,2,5,      532908801
2023,5329,88,1,1,2,8,2,3,6,      532908801
2023,5329,89,1,1,5,8,1,1,3,      532908901
2023,5329,89,1,1,1,8,2,2,4,      532908901
2023,5329,90,1,1,3,6,2,1,3,      532909001
2023,5330,36,1,1,2,4,1,1,2,      533003601
2023,5330,36,1,1,0,4,2,2,3,      533003601
2023,5330,62,1,1,4,8,2,1,2,      533006201
2023,5330,78,1,1,6,1,2,1,5,      533007801
2023,5330,96,1,1,4,4,1,1,3,      533009601
2023,5330,96,1,1,1,4,2,2,4,      533009601
2023,5331,114,1,1,0,5,2,1,3,      533111401
2023,5332,2,1,1,1,1,2,1,3,      533200201
2023,5332,32,1,1,5,7,1,1,4,      533203201
2023,5332,32,1,1,0,6,2,2,5,      533203201
2023,5332,37,1,1,6,2,2,1,5,      533203701
2023,5332,50,1,1,0,3,2,1,3,      533205001
2023,5332,58,1,1,7,6,1,1,4,      533205801
2023,5332,58,1,1,7,6,2,2,5,      533205801
2023,5333,14,1,1,1,9,2,1,4,      533301401
2023,5333,58,1,1,1,6,2,1,2,      533305801
2023,5333,62,1,1,0,8,2,1,3,      533306201
2023,5333,71,1,1,4,7,2,1,3,      533307101
2023,5334,1,1,1,4,4,2,1,3,      533400101
2023,5334,58,1,1,3,5,2,1,2,      533405801
2023,5335,79,1,1,1,3,1,1,3,      533507901
2023,5335,79,1,1,1,4,2,2,4,      533507901
2023,5335,85,1,2, , ,1,1,3,      533508501
2023,5335,85,1,1,2,1,2,2,4,      533508501
2023,5335,94,1,1,5,4,1,1,3,      533509401
2023,5335,94,1,1,1,4,2,2,4,      533509401
2023,5335,109,1,2, , ,1,1,5,      533510901
2023,5335,109,1,2, , ,2,2,6,      533510901
2023,5336,89,1,1,6,6,2,1,3,      533608901
2023,5336,109,1,1,2,5,2,1,2,      533610901
2023,5336,114,1,1,4,6,2,1,4,      533611401
2023,5338,17,1,1,4,8,2,1,4,      533801701
2023,5338,24,1,1,0,10,2,1,3,      533802401
2023,5338,42,1,1,1,9,2,1,3,      533804201
2023,5338,46,1,1,0,8,2,1,3,      533804601
2023,5338,51,1,1,5,8,1,1,3,      533805101
2023,5338,51,1,1,1,8,2,2,4,      533805101
2023,5338,52,1,1,0,8,2,1,2,      533805201
2023,5338,63,1,1,9,9,1,1,2,      533806301
2023,5338,63,1,1,6,9,2,2,3,      533806301
2023,5339,6,1,1,1,3,2,1,4,      533900601
2023,5339,8,1,1,5,1,2,1,2,      533900801
2023,5339,42,1,1,2,4,2,1,4,      533904201
2023,5339,57,1,1,8,4,1,1,3,      533905701
2023,5339,57,1,1,6,4,1,2,4,      533905701
2023,5339,57,1,1,3,4,2,3,5,      533905701
2023,5339,74,1,1,2,2,2,1,3,      533907401
2023,5339,75,1,1,1,3,2,1,6,      533907501
2023,5339,79,1,1,5,5,1,1,4,      533907901
2023,5339,79,1,1,0,3,2,2,5,      533907901
2023,5339,81,1,1,6,4,1,1,2,      533908101
2023,5339,81,1,1,1,4,2,2,3,      533908101
2023,5340,7,1,1,1,0,2,1,2,      534000701
2023,5340,8,1,1,1,4,2,1,4,      534000801
2023,5340,23,1,1,1,4,1,1,3,      534002301
2023,5340,23,1,1,5,3,2,2,4,      534002301
2023,5340,26,1,1,2,4,2,1,2,      534002601
2023,5340,34,1,1,1,3,2,1,4,      534003401
2023,5341,68,1,1,2,6,1,1,3,      534106801
2023,5341,68,1,1,0,6,2,2,4,      534106801
2023,5341,71,1,1,0,6,1,1,2,      534107101
2023,5341,71,1,1,0,6,2,2,3,      534107101
2023,5341,74,1,1,5,4,1,1,2,      534107401
2023,5341,74,1,1,4,4,2,2,3,      534107401
2023,5341,77,1,1,5,4,2,1,4,      534107701
2023,5341,83,1,1,1,6,2,1,4,      534108301
2023,5341,86,1,1,1,4,2,1,2,      534108601
2023,5342,51,1,1,2,10,1,1,3,      534205101
2023,5342,51,1,1,0,10,2,2,4,      534205101
2023,5342,55,1,1,8,8,2,1,4,      534205501
2023,5343,1,1,1,5,9,1,1,5,      534300101
2023,5343,1,1,1,3,9,2,2,6,      534300101
2023,5343,2,1,1,7,9,1,1,3,      534300201
2023,5343,2,1,1,5,9,2,2,4,      534300201
2023,5343,3,1,2, , ,2,1,2,      534300301
2023,5343,4,1,1,5,9,2,1,4,      534300401
2023,5343,5,1,2, , ,2,1,3,      534300501
2023,5343,17,1,1,8,9,1,1,4,      534301701
2023,5343,17,1,1,0,9,2,2,5,      534301701
2023,5343,18,1,1,7,9,2,1,3,      534301801
2023,5343,19,1,1,7,9,1,1,2,      534301901
2023,5343,19,1,1,3,9,2,2,3,      534301901
2023,5343,42,1,1,7,9,1,1,4,      534304201
2023,5343,42,1,1,4,9,1,2,5,      534304201
2023,5343,42,1,1,2,9,2,3,6,      534304201
2023,5343,46,1,1,6,6,2,1,3,      534304601
2023,5344,4,1,1,4,7,2,1,4,      534400401
2023,5344,13,1,1,1,2,2,1,3,      534401301
2023,5344,144,1,1,1,5,2,1,2,      534414401
2023,5344,150,1,1,2,4,2,1,5,      534415001
2023,5344,151,1,1,3,5,1,1,4,      534415101
2023,5344,151,1,1,1,5,2,2,5,      534415101
2023,5345,2,1,1,4,6,2,1,4,      534500201
2023,5345,5,1,1,2,6,2,1,5,      534500501
2023,5345,37,1,1,2,7,1,1,3,      534503701
2023,5345,37,1,1,0,6,2,2,4,      534503701
2023,5345,39,1,1,4,7,2,1,6,      534503901
2023,5345,41,1,1,0,6,2,1,2,      534504101
2023,5345,65,1,1,1,6,2,1,2,      534506501
2023,5345,66,1,1,9,7,2,1,3,      534506601
2023,5345,69,1,1,0,6,2,1,3,      534506901
2023,5346,11,1,1,7,8,2,1,2,      534601101
2023,5346,15,1,1,0,7,2,1,4,      534601501
2023,5346,18,1,1,8,10,1,1,2,      534601801
2023,5346,18,1,1,4,10,1,2,3,      534601801
2023,5346,18,1,1,3,10,2,3,4,      534601801
2023,5346,20,1,1,2,10,2,1,4,      534602001
2023,5346,21,1,1,1,8,1,1,3,      534602101
2023,5346,21,1,1,2,8,2,2,4,      534602101
2023,5346,23,1,1,3,8,2,1,3,      534602301
2023,5347,3,1,1,1,6,2,1,4,      534700301
2023,5347,4,1,1,5,6,1,1,3,      534700401
2023,5347,4,1,1,4,6,2,2,4,      534700401
2023,5347,10,1,1,5,6,1,1,5,      534701001
2023,5347,10,1,1,0,6,2,2,6,      534701001
2023,5347,33,1,1,1,6,2,1,2,      534703301
2023,5347,39,1,1,2,6,2,1,2,      534703901
2023,5348,41,1,1,2,5,2,1,3,      534804101
2023,5348,65,1,1,1,5,2,1,4,      534806501
2023,5348,74,1,1,0,5,2,1,3,      534807401
2023,5348,121,1,1,4,5,1,1,3,      534812101
2023,5348,121,1,1,1,5,2,2,4,      534812101
2023,5348,138,1,1,5,5,2,1,3,      534813801
2023,5348,148,1,1,3,5,1,1,3,      534814801
2023,5348,148,1,1,0,5,2,2,4,      534814801
2023,5349,25,1,1,1,4,2,1,5,      534902501
2023,5349,25,2,1,4,5,1,1,3,      534902502
2023,5349,25,2,1,2,5,2,2,4,      534902502
2023,5349,96,1,1,0,5,2,1,3,      534909601
2023,5349,106,1,2, , ,2,1,4,      534910601
2023,5349,110,1,1,3,5,2,1,4,      534911001
2023,5350,37,1,1,4,7,2,1,4,      535003701
2023,5350,55,1,1,0,7,1,1,4,      535005501
2023,5350,55,1,1,1,7,1,2,5,      535005501
2023,5350,55,1,1,1,7,2,3,6,      535005501
2023,5350,62,1,1,0,7,2,1,3,      535006201
2023,5350,99,1,2, , ,1,1,3,      535009901
2023,5350,99,1,1,1,7,2,2,4,      535009901
2023,5350,128,1,1,1,7,1,1,3,      535012801
2023,5350,128,1,1,0,7,2,2,4,      535012801
2023,5351,1,1,1,6,6,1,1,3,      535100101
2023,5351,1,1,1,2,6,2,2,4,      535100101
2023,5351,22,1,1,5,6,2,1,3,      535102201
2023,5351,28,1,1,5,6,1,1,3,      535102801
2023,5351,28,1,1,2,6,1,2,4,      535102801
2023,5351,28,1,1,1,6,2,3,5,      535102801
2023,5351,38,1,1,1,6,2,1,3,      535103801
2023,5351,77,1,1,1,6,2,1,3,      535107701
2023,5352,15,1,1,1,8,2,1,3,      535201501
2023,5352,20,1,1,0,8,2,1,5,      535202001
2023,5352,43,1,1,6,8,2,1,6,      535204301
2023,5352,60,1,2, , ,2,1,4,      535206001
2023,5353,20,1,1,3,8,1,1,3,      535302001
2023,5353,20,1,1,7,8,2,2,6,      535302001
2023,5353,75,1,1,5,8,1,1,3,      535307501
2023,5353,75,1,1,4,8,1,2,4,      535307501
2023,5353,75,1,1,8,8,1,3,9,      535307501
2023,5353,75,1,1,7,8,2,4,10,      535307501
2023,5353,83,1,1,0,9,2,1,3,      535308301
2023,5353,147,1,1,1,9,1,1,6,      535314701
2023,5353,147,1,1,0,9,2,2,7,      535314701
2023,5354,6,1,1,1,8,2,1,3,      535400601
2023,5354,103,1,1,5,8,1,1,3,      535410301
2023,5354,103,1,1,1,8,2,2,4,      535410301
2023,5354,128,2,1,0,8,2,1,3,      535412802
2023,5354,147,1,1,1,9,1,1,4,      535414701
2023,5354,147,1,1,2,9,2,2,7,      535414701
2023,5354,187,1,1,6,9,1,1,4,      535418701
2023,5354,187,1,1,0,9,2,2,5,      535418701
2023,5355,25,1,1,7,6,2,1,3,      535502501
2023,5355,55,1,1,3,6,1,1,3,      535505501
2023,5355,55,1,1,3,6,1,2,7,      535505501
2023,5355,55,1,1,1,6,2,3,8,      535505501
2023,5355,59,1,1,0,6,2,1,2,      535505901
2023,5355,67,1,1,3,6,2,1,2,      535506701
2023,5355,118,1,1,5,6,1,1,5,      535511801
2023,5355,118,1,1,3,6,2,2,6,      535511801
2023,5355,124,1,1,1,6,2,1,3,      535512401
2023,5355,131,2,1,2,6,2,1,3,      535513102
2023,5355,132,1,1,1,6,2,1,4,      535513201
2023,5356,28,1,1,2,6,2,1,3,      535602801
2023,5356,108,1,1,7,6,2,1,2,      535610801
2023,5356,129,1,1,5,6,1,1,3,      535612901
2023,5356,129,1,1,1,6,2,2,4,      535612901
2023,5356,143,1,1,2,6,1,1,3,      535614301
2023,5356,143,1,1,1,6,2,2,4,      535614301
2023,5356,151,1,1,6,6,2,1,3,      535615101
2023,5357,17,1,1,5,4,1,1,4,      535701701
2023,5357,17,1,1,6,4,1,2,5,      535701701
2023,5357,17,1,1,0,4,2,3,6,      535701701
2023,5357,43,1,1,5,4,2,1,3,      535704301
2023,5357,76,1,1,5,4,2,1,4,      535707601
2023,5357,81,1,1,8,4,1,1,3,      535708101
2023,5357,81,1,1,1,4,2,2,4,      535708101
2023,5357,104,1,1,5,4,1,1,3,      535710401
2023,5357,104,1,1,0,4,2,2,4,      535710401
2023,5358,15,1,1,1,5,1,1,3,      535801501
2023,5358,15,1,1,2,5,2,2,5,      535801501
2023,5358,22,1,1,0,5,2,1,4,      535802201
2023,5358,24,1,1,4,5,1,1,3,      535802401
2023,5358,24,1,1,0,5,2,2,4,      535802401
2023,5358,43,1,1,8,5,1,1,5,      535804301
2023,5358,43,1,1,8,5,2,2,7,      535804301
2023,5358,57,1,1,1,5,2,1,3,      535805701
2023,5358,72,1,1,0,5,2,1,3,      535807201
2023,5358,76,1,1,1,5,1,1,2,      535807601
2023,5358,76,1,1,0,5,2,2,3,      535807601
2023,5359,21,1,1,2,7,2,1,3,      535902101
2023,5359,32,1,1,1,7,2,1,5,      535903201
2023,5359,41,1,1,0,7,2,1,2,      535904101
2023,5359,110,1,1,1,7,1,1,3,      535911001
2023,5359,110,1,1,0,7,2,2,4,      535911001
2023,5359,113,1,1,6,7,2,1,3,      535911301
2023,5360,55,1,1,1,8,1,1,2,      536005501
2023,5360,55,1,1,1,8,2,2,3,      536005501
2023,5360,65,1,1,1,8,1,1,3,      536006501
2023,5360,65,1,1,1,8,2,2,4,      536006501
2023,5360,76,1,1,1,8,2,1,3,      536007601
2023,5360,92,1,1,4,8,1,1,2,      536009201
2023,5360,92,1,1,4,8,2,2,3,      536009201
2023,5360,115,1,1,0,8,2,1,5,      536011501
2023,5361,16,1,1,5,6,2,1,3,      536101601
2023,5361,27,1,1,3,6,2,1,5,      536102701
2023,5361,41,1,1,6,6,2,1,3,      536104101
2023,5361,65,1,1,6,6,2,1,3,      536106501
2023,5361,101,1,1,3,6,2,1,4,      536110101
2023,5362,26,1,1,1,5,2,1,3,      536202601
2023,5362,27,1,1,8,5,1,1,4,      536202701
2023,5362,27,1,1,6,5,1,2,5,      536202701
2023,5362,27,1,1,3,5,1,3,6,      536202701
2023,5362,27,1,1,2,5,2,4,7,      536202701
2023,5362,28,1,1,2,5,2,1,5,      536202801
2023,5362,30,1,1,7,4,1,1,3,      536203001
2023,5362,30,1,1,5,4,2,2,4,      536203001
2023,5362,41,1,1,7,5,1,1,3,      536204101
2023,5362,41,1,1,6,5,1,2,4,      536204101
2023,5362,41,1,1,2,5,1,3,5,      536204101
2023,5362,41,1,1,1,5,2,4,6,      536204101
2023,5362,42,1,1,2,4,2,1,4,      536204201
2023,5362,43,1,1,0,5,2,1,6,      536204301
2023,5362,108,1,1,6,5,2,1,4,      536210801
2023,5362,109,1,1,2,5,2,1,4,      536210901
2023,5363,11,1,1,6,8,1,1,4,      536301101
2023,5363,11,1,1,1,8,2,2,5,      536301101
2023,5363,12,1,1,2,8,1,1,3,      536301201
2023,5363,12,1,1,2,8,2,2,4,      536301201
2023,5363,13,1,1,4,8,1,1,3,      536301301
2023,5363,13,1,1,1,8,1,2,4,      536301301
2023,5363,13,1,1,6,8,2,3,5,      536301301
2023,5363,14,1,1,3,8,2,1,3,      536301401
2023,5363,15,1,1,8,8,1,1,2,      536301501
2023,5363,15,1,1,4,8,1,2,3,      536301501
2023,5363,15,1,1,2,8,1,3,4,      536301501
2023,5363,15,1,1,0,8,2,4,5,      536301501
2023,5363,21,1,1,7,8,2,1,5,      536302101
2023,5363,22,1,1,4,8,1,1,3,      536302201
2023,5363,22,1,1,2,8,1,2,4,      536302201
2023,5363,22,1,1,0,8,2,3,5,      536302201
2023,5363,23,1,1,5,8,1,1,4,      536302301
2023,5363,23,1,1,0,8,2,2,5,      536302301
2023,5363,25,1,1,1,8,2,1,3,      536302501
2023,5363,150,1,1,8,8,2,1,3,      536315001
2023,5363,153,1,1,8,8,2,1,4,      536315301
2023,5363,155,1,1,4,8,1,1,2,      536315501
2023,5363,155,1,1,0,8,2,2,3,      536315501
2023,5364,13,1,1,4,5,1,1,4,      536401301
2023,5364,13,1,1,3,5,2,2,5,      536401301
2023,5364,18,1,1,0,5,2,1,5,      536401801
2023,5364,21,1,1,2,5,2,1,4,      536402101
2023,5364,22,1,1,4,5,1,1,4,      536402201
2023,5364,22,1,1,3,5,1,2,5,      536402201
2023,5364,22,1,1,1,5,2,3,6,      536402201
2023,5364,25,1,1,5,5,1,1,5,      536402501
2023,5364,25,1,1,3,5,2,2,6,      536402501
2023,5364,73,1,1,0,5,2,1,4,      536407301
2023,5364,74,1,1,5,5,1,1,3,      536407401
2023,5364,74,1,1,2,5,2,2,4,      536407401
2023,5364,76,1,1,1,5,2,1,6,      536407601
2023,5364,127,1,1,2,5,1,1,5,      536412701
2023,5364,127,1,1,0,5,2,2,6,      536412701
2023,5364,128,1,1,5,5,1,1,3,      536412801
2023,5364,128,1,1,3,5,1,2,4,      536412801
2023,5364,128,1,1,1,5,2,3,5,      536412801
2023,5364,130,1,1,6,5,1,1,3,      536413001
2023,5364,130,1,1,4,5,1,2,4,      536413001
2023,5364,130,1,1,2,5,1,3,5,      536413001
2023,5364,130,1,1,0,5,2,4,6,      536413001
2023,5365,6,1,1,4,9,1,1,4,      536500601
2023,5365,6,1,1,1,9,2,2,5,      536500601
2023,5365,8,1,1,1,9,2,1,4,      536500801
2023,5365,9,1,1,3,9,2,1,4,      536500901
2023,5365,26,1,1,8,9,1,1,3,      536502601
2023,5365,26,1,1,2,5,2,2,9,      536502601
2023,5365,167,1,1,0,9,2,1,3,      536516701
2023,5365,170,1,1,5,9,2,1,8,      536517001
2023,5365,173,1,1,4,9,2,1,3,      536517301
2023,5365,176,1,1,0,9,2,1,3,      536517601
2023,5366,41,1,1,3,6,1,1,3,      536604101
2023,5366,41,1,1,1,6,2,2,4,      536604101
2023,5366,42,1,1,5,6,2,1,7,      536604201
2023,5366,43,1,1,7,6,1,1,2,      536604301
2023,5366,43,1,1,2,6,1,2,3,      536604301
2023,5366,43,1,1,0,6,2,3,4,      536604301
2023,5366,44,1,1,7,6,2,1,5,      536604401
2023,5366,45,1,1,8,6,1,1,3,      536604501
2023,5366,45,1,1,3,6,2,2,4,      536604501
2023,5366,62,1,1,1,6,2,1,3,      536606201
2023,5366,63,1,1,1,6,2,1,3,      536606301
2023,5366,65,1,1,1,6,2,1,4,      536606501
2023,5366,66,1,1,8,6,1,1,3,      536606601
2023,5366,66,1,1,2,6,2,2,4,      536606601
2023,5366,72,1,1,2,6,2,1,5,      536607201
2023,5366,74,1,1,5,6,2,1,5,      536607401
2023,5366,75,1,1,0,6,1,1,3,      536607501
2023,5366,75,1,1,6,6,2,2,4,      536607501
2023,5367,15,1,2, , ,2,1,3,      536701501
2023,5367,27,1,1,5,9,2,1,4,      536702701
2023,5367,53,1,1,2,6,1,1,3,      536705301
2023,5367,53,1,1,1,6,2,2,4,      536705301
2023,5367,61,1,1,1,6,2,1,3,      536706101
2023,5367,113,1,1,0,6,2,1,2,      536711301
2023,5367,135,1,1,2,6,2,1,4,      536713501
2023,5368,15,1,1,1,5,1,1,3,      536801501
2023,5368,15,1,2, , ,2,2,4,      536801501
2023,5368,37,1,1,2,6,2,1,4,      536803701
2023,5368,56,1,1,4,8,2,1,4,      536805601
2023,5368,60,1,1,0,8,2,1,3,      536806001
2023,5368,119,1,1,0,8,2,1,5,      536811901
2023,5368,126,1,1,6,8,1,1,4,      536812601
2023,5368,126,1,1,1,8,2,2,5,      536812601
2023,5369,7,1,1,1,4,2,1,3,      536900701
2023,5369,62,1,1,3,4,2,1,3,      536906201
2023,5369,67,1,1,1,2,2,1,3,      536906701
2023,5369,91,1,1,3,3,2,1,3,      536909101
2023,5369,112,1,1,2,0,1,1,2,      536911201
2023,5369,112,1,1,0,4,2,2,3,      536911201
2023,5370,1,1,1,3,9,2,1,3,      537000101
2023,5370,8,1,1,1,9,2,1,3,      537000801
2023,5370,37,1,1,3,9,2,1,3,      537003701
2023,5370,55,1,1,2,9,2,1,3,      537005501
2023,5370,60,1,1,7,9,1,1,2,      537006001
2023,5370,60,1,1,2,9,2,2,3,      537006001
2023,5370,89,1,1,2,9,2,1,2,      537008901
2023,5370,120,1,1,0,9,2,1,3,      537012001
2023,5372,8,1,1,6,5,2,1,5,      537200801
2023,5372,18,1,1,1,5,2,1,4,      537201801
2023,5372,51,1,1,0,4,2,1,6,      537205101
2023,5372,65,1,1,1,4,1,1,8,      537206501
2023,5372,65,1,1,0,4,2,2,9,      537206501
2023,5373,49,1,1,0,6,2,1,3,      537304901
2023,5373,56,1,1,6,4,1,1,4,      537305601
2023,5373,56,1,1,1,4,1,2,5,      537305601
2023,5373,56,1,1,0,4,2,3,6,      537305601
2023,5373,70,1,1,1,6,2,1,4,      537307001
2023,5375,16,1,1,1,0,2,1,3,      537501601
2023,5375,65,1,1,5,6,1,1,6,      537506501
2023,5375,65,1,2, , ,1,2,7,      537506501
2023,5375,65,1,2, , ,2,3,8,      537506501
2023,5375,100,1,1,5,5,1,1,3,      537510001
2023,5375,100,1,1,0,5,2,2,4,      537510001
2023,5376,38,1,2, , ,2,1,5,      537603801
2023,5376,102,1,1,3,5,1,1,3,      537610201
2023,5376,102,1,1,1,5,1,2,4,      537610201
2023,5376,102,1,1,0,5,2,3,5,      537610201
2023,5377,5,1,1,3,6,2,1,4,      537700501
2023,5377,39,1,1,5,6,1,1,3,      537703901
2023,5377,39,1,1,3,6,2,2,4,      537703901
2023,5377,40,1,1,1,6,2,1,3,      537704001
2023,5377,49,1,1,4,6,2,1,3,      537704901
2023,5377,53,1,1,2,6,1,1,3,      537705301
2023,5377,53,1,1,1,6,2,2,4,      537705301
2023,5377,54,1,1,0,6,2,1,4,      537705401
2023,5378,73,1,1,5,4,1,1,3,      537807301
2023,5378,73,1,1,1,4,2,2,4,      537807301
2023,5378,76,1,1,8,7,2,1,3,      537807601
2023,5378,99,1,1,0,7,2,1,4,      537809901
2023,5378,111,1,1,7,7,2,1,3,      537811101
2023,5379,6,1,1,6,6,1,1,3,      537900601
2023,5379,6,1,1,5,6,2,2,4,      537900601
2023,5379,29,1,1,5,8,1,1,4,      537902901
2023,5379,29,1,1,0,8,2,2,5,      537902901
2023,5379,42,1,1,8,8,2,1,4,      537904201
2023,5379,49,1,1,7,6,1,1,4,      537904901
2023,5379,49,1,1,0,6,2,2,5,      537904901
2023,5380,1,1,1,4,5,2,1,3,      538000101
2023,5380,7,1,1,4,5,1,1,3,      538000701
2023,5380,7,1,1,0,5,2,2,4,      538000701
2023,5380,8,1,1,4,5,2,1,4,      538000801
2023,5380,17,1,1,4,5,2,1,4,      538001701
2023,5380,24,1,1,7,5,1,1,3,      538002401
2023,5380,24,1,1,3,5,2,2,4,      538002401
2023,5380,27,1,1,5,5,2,1,4,      538002701
2023,5381,4,1,1,8,4,1,1,3,      538100401
2023,5381,4,1,1,5,4,1,2,4,      538100401
2023,5381,4,1,1,0,4,2,3,5,      538100401
2023,5381,23,1,1,1,4,2,1,3,      538102301
2023,5381,50,1,1,1,4,2,1,3,      538105001
2023,5382,5,1,1,7,6,2,1,3,      538200501
2023,5382,32,1,1,4,6,1,1,3,      538203201
2023,5382,32,1,1,1,6,2,2,4,      538203201
2023,5382,39,1,1,5,6,2,1,3,      538203901
2023,5382,75,1,1,1,6,2,1,3,      538207501
2023,5382,90,1,1,7,6,2,1,5,      538209001
2023,5383,3,1,1,0,4,2,1,3,      538300301
2023,5383,4,1,1,6,4,1,1,3,      538300401
2023,5383,4,1,1,0,4,1,2,4,      538300401
2023,5383,4,1,1,5,4,2,3,6,      538300401
2023,5383,13,1,1,5,4,1,1,3,      538301301
2023,5383,13,1,1,1,4,2,2,4,      538301301
2023,5383,27,1,1,1,4,2,1,3,      538302701
2023,5383,35,1,1,5,3,1,1,3,      538303501
2023,5383,35,1,1,4,3,1,2,4,      538303501
2023,5383,35,1,1,0,3,2,3,5,      538303501
2023,5383,41,1,1,6,4,2,1,3,      538304101
2023,5383,50,1,1,0,2,2,1,3,      538305001
2023,5384,9,1,1,1,6,2,1,3,      538400901
2023,5384,34,1,1,2,6,2,1,3,      538403401
2023,5384,49,1,1,5,9,2,1,4,      538404901
2023,5384,52,1,1,0,9,2,1,3,      538405201
2023,5384,68,1,1,0,9,2,1,2,      538406801
2023,5385,9,1,1,6,8,1,1,3,      538500901
2023,5385,9,1,1,3,8,2,2,4,      538500901
2023,5385,13,1,1,2,8,2,1,2,      538501301
2023,5385,48,1,1,2,8,2,1,4,      538504801
2023,5386,4,1,1,5,4,2,1,3,      538600401
2023,5386,17,1,1,4,5,2,1,4,      538601701
2023,5386,22,1,1,0,4,2,1,3,      538602201
2023,5386,29,1,1,2,5,2,1,3,      538602901
2023,5386,36,1,1,0,4,2,1,4,      538603601
2023,5386,38,1,1,8,5,1,1,2,      538603801
2023,5386,38,1,1,2,5,2,2,3,      538603801
2023,5386,50,1,1,0,5,2,1,4,      538605001
2023,5386,58,1,1,2,4,2,1,3,      538605801
2023,5386,59,1,1,4,5,2,1,4,      538605901
2023,5386,83,1,1,0,4,2,1,2,      538608301
2023,5386,88,1,1,0,5,2,1,3,      538608801
2023,5386,90,1,1,4,4,1,1,3,      538609001
2023,5386,90,1,1,0,4,2,2,4,      538609001
2023,5386,91,1,1,0,5,2,1,3,      538609101
2023,5387,25,1,1,4,6,2,1,4,      538702501
2023,5387,109,1,1,6,6,1,1,3,      538710901
2023,5387,109,1,1,1,6,2,2,5,      538710901
2023,5387,116,1,1,2,6,1,1,4,      538711601
2023,5387,116,1,1,1,6,2,2,5,      538711601
2023,5387,154,1,1,8,6,1,1,3,      538715401
2023,5387,154,1,1,3,6,1,2,4,      538715401
2023,5387,154,1,1,2,6,1,3,8,      538715401
2023,5387,154,1,1,0,6,2,4,9,      538715401
2023,5387,167,1,1,0,6,2,1,3,      538716701
2023,5388,7,1,1,2,6,2,1,4,      538800701
2023,5388,57,1,1,1,3,2,1,3,      538805701
2023,5388,76,1,1,2,6,1,1,3,      538807601
2023,5388,76,1,1,0,6,2,2,4,      538807601
2023,5388,81,1,1,2,6,1,1,5,      538808101
2023,5388,81,1,1,0,6,2,2,6,      538808101
2023,5388,97,1,1,3,6,2,1,4,      538809701
2023,5389,13,1,1,1,4,2,1,2,      538901301
2023,5389,49,1,1,4,4,1,1,4,      538904901
2023,5389,49,1,1,2,4,2,2,5,      538904901
2023,5389,58,1,1,7,4,2,1,2,      538905801
2023,5389,62,1,1,8,4,1,1,4,      538906201
2023,5389,62,1,1,0,4,2,2,5,      538906201
2023,5390,3,1,1,6,7,1,1,5,      539000301
2023,5390,3,1,1,1,7,2,2,6,      539000301
2023,5390,51,1,1,0,1,2,1,5,      539005101
2023,5390,55,1,1,1,7,2,1,4,      539005501
2023,5390,69,1,1,1,7,2,1,5,      539006901
2023,5390,122,1,1,0,7,2,1,3,      539012201
2023,5390,143,1,1,0,7,2,1,4,      539014301
2023,5391,5,1,1,2,5,2,1,5,      539100501
2023,5391,8,1,1,5,5,1,1,3,      539100801
2023,5391,8,1,1,1,5,2,2,4,      539100801
2023,5391,22,1,1,8,5,2,1,6,      539102201
2023,5391,30,1,1,5,5,1,1,4,      539103001
2023,5391,30,1,1,1,5,1,2,5,      539103001
2023,5391,30,1,1,0,5,2,3,6,      539103001
2023,5391,65,1,1,1,5,2,1,5,      539106501
2023,5392,100,1,1,1,5,2,1,6,      539210001
2023,5392,140,1,1,5,5,2,1,3,      539214001
2023,5393,12,1,2, , ,2,1,5,      539301201
2023,5393,25,1,1,2,8,1,1,5,      539302501
2023,5393,25,1,1,3,8,1,2,8,      539302501
2023,5393,25,1,1,1,8,2,3,9,      539302501
2023,5393,51,1,1,8,8,2,1,5,      539305101
2023,5393,72,1,1,5,3,2,1,3,      539307201
2023,5393,101,1,1,8,8,2,1,4,      539310101
2023,5393,113,1,1,2,8,2,1,3,      539311301
2023,5394,17,1,1,1,6,1,1,4,      539401701
2023,5394,17,1,1,1,6,2,2,5,      539401701
2023,5394,63,1,1,4,5,2,1,4,      539406301
2023,5394,113,1,1,6,5,2,1,5,      539411301
2023,5394,122,1,1,1,6,1,1,4,      539412201
2023,5394,122,1,1,1,6,2,2,7,      539412201
2023,5395,70,1,1,9,9,1,1,4,      539507001
2023,5395,70,1,1,5,9,2,2,5,      539507001
2023,5395,105,1,1,8,9,2,1,4,      539510501
2023,5395,127,1,1,6,5,1,1,3,      539512701
2023,5395,127,1,1,0,5,2,2,4,      539512701
2023,5395,147,1,1,0,6,2,1,5,      539514701
2023,5395,147,2,1,0,9,2,1,4,      539514702
2023,5396,7,1,1,5,9,2,1,5,      539600701
2023,5396,19,1,1,5,9,2,1,4,      539601901
2023,5396,52,1,1,2,7,2,1,5,      539605201
2023,5396,60,1,1,3,7,1,1,3,      539606001
2023,5396,60,1,1,2,7,2,2,4,      539606001
2023,5396,73,1,1,7,9,2,1,4,      539607301
2023,5396,84,1,1,7,7,1,1,3,      539608401
2023,5396,84,1,1,4,7,2,2,4,      539608401
2023,5396,86,1,1,2,9,2,1,3,      539608601
2023,5396,91,1,1,5,9,2,1,3,      539609101
2023,5397,11,1,1,3,3,1,1,3,      539701101
2023,5397,11,1,1,3,3,2,2,4,      539701101
2023,5397,14,1,1,6,4,1,1,2,      539701401
2023,5397,14,1,1,0,4,2,2,3,      539701401
2023,5397,41,1,1,4,4,2,1,2,      539704101
2023,5397,45,1,1,6,4,2,1,4,      539704501
2023,5397,76,1,1,3,3,1,1,5,      539707601
2023,5397,76,1,1,1,3,2,2,6,      539707601
2023,5397,84,1,1,0,4,2,1,3,      539708401
2023,5398,4,1,1,7,4,1,1,4,      539800401
2023,5398,4,1,1,1,4,2,2,5,      539800401
2023,5398,63,1,1,8,4,1,1,2,      539806301
2023,5398,63,1,1,6,4,2,2,3,      539806301
2023,5398,113,1,1,3,4,1,1,3,      539811301
2023,5398,113,1,1,0,4,2,2,4,      539811301
2023,5398,132,1,1,0,4,2,1,3,      539813201
2023,5399,2,1,1,1,5,2,1,3,      539900201
2023,5399,11,1,1,2,7,2,1,3,      539901101
2023,5399,23,1,1,5,7,1,1,4,      539902301
2023,5399,23,1,1,2,7,1,2,5,      539902301
2023,5399,23,1,1,0,7,2,3,6,      539902301
2023,5399,51,1,1,1,6,2,1,3,      539905101
2023,5400,20,1,1,7,5,1,1,4,      540002001
2023,5400,20,1,1,5,5,2,2,5,      540002001
2023,5400,25,1,1,6,5,2,1,5,      540002501
2023,5400,69,1,1,2,5,1,1,4,      540006901
2023,5400,69,1,1,2,5,2,2,5,      540006901
2023,5400,165,1,1,5,5,2,1,4,      540016501
2023,5401,16,1,1,0,1,2,1,4,      540101601
2023,5401,37,1,1,6,3,2,1,3,      540103701
2023,5401,59,1,1,5,4,2,1,4,      540105901
2023,5401,72,1,1,7,2,1,1,3,      540107201
2023,5401,72,1,1,5,2,2,2,4,      540107201
2023,5401,84,1,1,7,4,1,1,3,      540108401
2023,5401,84,1,1,7,4,1,2,4,      540108401
2023,5401,84,1,2, , ,1,3,5,      540108401
2023,5401,84,1,1,1,4,2,4,6,      540108401
2023,5401,98,1,1,5,2,2,1,3,      540109801
2023,5401,116,1,1,1,4,2,1,3,      540111601
2023,5402,2,1,1,3,4,2,1,5,      540200201
2023,5402,57,1,1,6,6,1,1,3,      540205701
2023,5402,57,1,1,2,6,2,2,4,      540205701
2023,5402,60,1,1,6,5,1,1,4,      540206001
2023,5402,60,1,1,1,5,2,2,5,      540206001
2023,5402,63,1,1,6,5,1,1,3,      540206301
2023,5402,63,1,1,0,5,2,2,4,      540206301
2023,5402,72,1,1,7,3,2,1,4,      540207201
2023,5403,38,1,1,6,8,1,1,5,      540303801
2023,5403,38,1,1,3,8,2,2,6,      540303801
2023,5403,96,1,1,4,9,2,1,4,      540309601
2023,5403,130,1,1,0,9,2,1,3,      540313001
2023,5404,9,2,1,7,9,1,1,3,      540400902
2023,5404,9,2,1,6,9,2,2,4,      540400902
2023,5404,37,1,1,1,10,1,1,3,      540403701
2023,5404,37,1,1,5,10,2,2,4,      540403701
2023,5404,44,1,1,4,9,1,1,3,      540404401
2023,5404,44,1,1,2,5,2,2,5,      540404401
2023,5404,92,1,1,0,9,2,1,5,      540409201
2023,5404,106,1,1,3,9,2,1,5,      540410601
2023,5405,2,1,1,3,2,1,1,5,      540500201
2023,5405,2,1,1,2,6,2,2,6,      540500201
2023,5405,2,2,1,4,6,1,1,3,      540500202
2023,5405,2,2,1,2,6,1,2,4,      540500202
2023,5405,2,2,1,0,6,1,3,5,      540500202
2023,5405,2,2,1,7,6,2,4,7,      540500202
2023,5405,12,1,1,7,6,2,1,3,      540501201
2023,5405,49,1,1,1,6,2,1,5,      540504901
2023,5405,76,1,1,2,6,2,1,4,      540507601
2023,5405,105,1,1,3,6,2,1,4,      540510501
2023,5406,10,1,1,7,7,1,1,4,      540601001
2023,5406,10,1,1,3,7,2,2,5,      540601001
2023,5406,37,1,1,1,3,2,1,5,      540603701
2023,5406,67,1,1,4,7,1,1,2,      540606701
2023,5406,67,1,1,0,7,2,2,3,      540606701
2023,5406,75,1,1,1,7,2,1,3,      540607501
2023,5406,105,1,1,6,7,1,1,4,      540610501
2023,5406,105,1,1,1,7,2,2,5,      540610501
2023,5406,132,1,1,9,6,2,1,3,      540613201
2023,5407,39,1,1,1,7,2,1,4,      540703901
2023,5407,40,1,1,0,7,2,1,3,      540704001
2023,5407,67,1,1,1,6,2,1,3,      540706701
2023,5407,75,1,1,3,7,2,1,4,      540707501
2023,5407,76,1,1,1,7,2,1,3,      540707601
2023,5407,113,1,1,2,7,2,1,4,      540711301
2023,5407,114,1,1,2,7,1,1,3,      540711401
2023,5407,114,1,1,8,7,2,2,5,      540711401
2023,5407,119,1,1,2,7,1,1,3,      540711901
2023,5407,119,1,1,0,7,2,2,4,      540711901
2023,5408,15,1,1,3,6,2,1,6,      540801501
2023,5408,82,1,1,7,6,1,1,7,      540808201
2023,5408,82,1,1,2,6,2,2,10,      540808201
2023,5408,83,1,1,6,6,1,1,3,      540808301
2023,5408,83,1,1,5,6,2,2,4,      540808301
2023,5408,108,1,1,6,6,2,1,8,      540810801
2023,5408,125,1,1,5,6,1,1,5,      540812501
2023,5408,125,1,1,1,6,2,2,6,      540812501
2023,5408,127,1,1,4,6,1,1,4,      540812701
2023,5408,127,1,1,2,6,2,2,5,      540812701
2023,5408,167,1,1,1,6,2,1,2,      540816701
2023,5409,55,1,1,3,4,1,1,3,      540905501
2023,5409,55,1,1,1,4,2,2,4,      540905501
2023,5409,83,1,1,5,6,2,1,3,      540908301
2023,5409,132,1,1,4,6,2,1,4,      540913201
2023,5410,11,1,1,6,8,2,1,4,      541001101
2023,5410,22,1,1,2,7,1,1,3,      541002201
2023,5410,22,1,1,6,7,2,2,5,      541002201
2023,5410,85,1,1,7,8,2,1,5,      541008501
2023,5410,119,1,1,3,8,1,1,4,      541011901
2023,5410,119,1,1,1,8,1,2,5,      541011901
2023,5410,119,1,1,0,8,2,3,6,      541011901
2023,5411,1,1,1,3,6,1,1,3,      541100101
2023,5411,1,1,2, , ,2,2,4,      541100101
2023,5411,5,1,1,4,5,1,1,4,      541100501
2023,5411,5,1,1,0,5,2,2,5,      541100501
2023,5411,19,1,1,6,6,2,1,4,      541101901
2023,5411,23,1,1,3,5,1,1,3,      541102301
2023,5411,23,1,1,1,5,1,2,4,      541102301
2023,5411,23,1,1,0,5,2,3,5,      541102301
2023,5411,46,1,1,7,6,1,1,3,      541104601
2023,5411,46,1,1,2,6,2,2,4,      541104601
2023,5411,82,1,1,1,5,2,1,8,      541108201
2023,5411,97,1,1,8,6,2,1,3,      541109701
2023,5411,106,1,2, , ,1,1,3,      541110601
2023,5411,106,1,2, , ,2,2,4,      541110601
2023,5412,17,1,1,9,5,2,1,5,      541201701
2023,5412,17,2,1,6,5,2,1,5,      541201702
2023,5412,29,1,1,2,4,2,1,3,      541202901
2023,5412,38,1,1,1,5,2,1,6,      541203801
2023,5412,45,1,1,4,4,1,1,3,      541204501
2023,5412,45,1,1,0,4,2,2,4,      541204501
2023,5412,95,1,1,4,4,2,1,4,      541209501
2023,5413,23,1,1,5,8,2,1,7,      541302301
2023,5413,78,1,1,1,8,2,1,4,      541307801
2023,5413,88,1,1,7,8,2,1,4,      541308801
2023,5413,113,1,1,1,7,2,1,4,      541311301
2023,5413,151,1,1,1,11,2,1,3,      541315101
2023,5414,9,1,1,6,7,1,1,4,      541400901
2023,5414,9,1,2, , ,2,2,5,      541400901
2023,5414,71,1,1,8,8,2,1,3,      541407101
2023,5414,81,1,1,0,7,2,1,3,      541408101
2023,5414,85,1,1,6,9,1,1,2,      541408501
2023,5414,85,1,1,5,9,2,2,5,      541408501
2023,5414,98,1,1,0,10,1,1,3,      541409801
2023,5414,98,1,1,1,8,2,2,4,      541409801
2023,5415,39,1,1,6,8,2,1,5,      541503901
2023,5415,67,1,1,5,7,2,1,2,      541506701
2023,5415,113,1,1,3,7,2,1,4,      541511301
2023,5415,123,1,1,0,7,2,1,2,      541512301
2023,5415,178,2,1,8,8,1,1,4,      541517802
2023,5415,178,2,1,5,8,2,2,5,      541517802
2023,5416,20,1,1,6,6,1,1,4,      541602001
2023,5416,20,1,1,0,6,2,2,5,      541602001
2023,5416,46,1,1,5,4,2,1,6,      541604601
2023,5416,118,1,1,5,4,1,1,3,      541611801
2023,5416,118,1,1,6,4,2,2,6,      541611801
2023,5416,120,1,1,1,6,2,1,3,      541612001
2023,5416,145,1,1,5,4,1,1,6,      541614501
2023,5416,145,1,1,1,4,2,2,7,      541614501
2023,5417,26,1,1,2,5,2,1,3,      541702601
2023,5417,27,1,1,4,4,2,1,3,      541702701
2023,5417,27,2,1,0,4,2,1,4,      541702702
2023,5417,53,1,1,4,4,1,1,4,      541705301
2023,5417,53,1,1,0,4,2,2,5,      541705301
2023,5417,55,1,1,0,5,2,1,4,      541705501
2023,5417,80,1,1,2,5,2,1,3,      541708001
2023,5417,104,1,1,5,4,1,1,5,      541710401
2023,5417,104,1,1,3,4,2,2,6,      541710401
2023,5418,19,1,1,5,8,1,1,5,      541801901
2023,5418,19,1,1,2,8,2,2,6,      541801901
2023,5418,69,1,1,3,9,2,1,4,      541806901
2023,5418,71,1,1,7,8,1,1,7,      541807101
2023,5418,71,1,1,6,8,1,2,8,      541807101
2023,5418,71,1,1,3,8,2,3,9,      541807101
2023,5418,72,1,2, , ,2,1,6,      541807201
2023,5418,74,1,1,2,8,2,1,8,      541807401
2023,5418,129,1,1,2,8,1,1,3,      541812901
2023,5418,129,1,1,5,8,1,2,5,      541812901
2023,5418,129,1,1,5,8,2,3,6,      541812901
2023,5419,25,1,1,3,9,2,1,3,      541902501
2023,5419,44,1,1,5,10,2,1,3,      541904401
2023,5419,45,1,1,6,7,2,1,4,      541904501
2023,5419,58,1,1,1,9,1,1,3,      541905801
2023,5419,58,1,1,0,9,2,2,5,      541905801
2023,5419,92,1,1,2,8,1,1,3,      541909201
2023,5419,92,1,1,7,8,2,2,5,      541909201
2023,5419,142,1,1,0,9,2,1,4,      541914201
2023,5419,147,1,1,6,7,1,1,3,      541914701
2023,5419,147,1,1,2,7,2,2,4,      541914701
2023,5420,7,1,1,5,7,1,1,3,      542000701
2023,5420,7,1,1,0,7,2,2,4,      542000701
2023,5420,68,1,1,0,8,2,1,3,      542006801
2023,5420,103,1,1,6,7,1,1,4,      542010301
2023,5420,103,1,1,2,7,1,2,7,      542010301
2023,5420,103,1,1,5,7,2,3,9,      542010301
2023,5420,111,1,1,2,8,2,1,4,      542011101
2023,5420,116,1,1,1,7,1,1,3,      542011601
2023,5420,116,1,1,0,7,1,2,4,      542011601
2023,5420,116,1,1,0,7,2,3,5,      542011601
2023,5421,5,1,1,4,8,2,1,3,      542100501
2023,5421,10,1,1,7,8,1,1,4,      542101001
2023,5421,10,1,1,3,8,2,2,5,      542101001
2023,5421,58,1,1,1,8,2,1,4,      542105801
2023,5421,121,1,1,4,8,2,1,6,      542112101
2023,5422,25,1,1,5,9,1,1,2,      542202501
2023,5422,25,1,1,0,9,2,2,3,      542202501
2023,5422,41,1,1,1,9,2,1,2,      542204101
2023,5422,66,1,1,7,9,2,1,4,      542206601
2023,5422,93,1,1,1,9,2,1,2,      542209301
2023,5422,94,1,1,4,9,2,1,2,      542209401
2023,5422,129,1,1,0,9,2,1,3,      542212901
2023,5422,152,1,1,0,9,2,1,3,      542215201
2023,5423,7,1,1,1,5,2,1,4,      542300701
2023,5423,38,1,1,8,5,1,1,3,      542303801
2023,5423,38,1,1,3,5,1,2,4,      542303801
2023,5423,38,1,1,1,5,2,3,5,      542303801
2023,5423,49,1,1,2,5,2,1,4,      542304901
2023,5423,78,1,1,5,5,1,1,3,      542307801
2023,5423,78,1,1,2,5,2,2,4,      542307801
2023,5423,81,1,1,2,5,2,1,3,      542308101
2023,5423,98,1,1,3,5,2,1,4,      542309801
2023,5423,104,1,1,4,5,1,1,4,      542310401
2023,5423,104,1,1,4,5,2,2,6,      542310401
2023,5424,33,1,1,1,8,2,1,5,      542403301
2023,5424,108,1,1,2,8,2,1,6,      542410801
2023,5424,109,1,1,2,8,2,1,3,      542410901
2023,5424,112,1,1,4,7,2,1,4,      542411201
2023,5424,123,1,1,8,7,1,1,3,      542412301
2023,5424,123,1,1,1,7,1,2,4,      542412301
2023,5424,123,1,1,0,7,2,3,5,      542412301
2023,5424,124,1,1,1,8,2,1,5,      542412401
2023,5425,7,1,1,6,8,1,1,4,      542500701
2023,5425,7,1,1,4,8,1,2,5,      542500701
2023,5425,7,1,1,3,8,2,3,6,      542500701
2023,5425,8,1,1,6,9,1,1,2,      542500801
2023,5425,8,1,1,1,9,1,2,3,      542500801
2023,5425,8,1,1,1,9,2,3,4,      542500801
2023,5425,9,1,1,7,8,1,1,6,      542500901
2023,5425,9,1,1,2,8,2,2,7,      542500901
2023,5425,10,1,1,6,8,1,1,7,      542501001
2023,5425,10,1,1,4,8,2,2,8,      542501001
2023,5425,11,1,1,5,9,2,1,3,      542501101
2023,5425,12,1,1,3,8,2,1,3,      542501201
2023,5425,13,1,1,1,8,2,1,3,      542501301
2023,5425,14,1,1,6,9,1,1,2,      542501401
2023,5425,14,1,1,0,9,2,2,3,      542501401
2023,5425,15,1,1,1,8,2,1,3,      542501501
2023,5425,34,1,1,6,8,2,1,3,      542503401
2023,5425,42,1,1,1,8,1,1,3,      542504201
2023,5425,42,1,1,5,8,2,2,5,      542504201
2023,5425,43,1,1,2,9,1,1,3,      542504301
2023,5425,43,1,1,2,9,2,2,4,      542504301
2023,5426,2,1,1,4,4,1,1,2,      542600201
2023,5426,2,1,1,6,4,2,2,3,      542600201
2023,5426,3,1,1,2,4,1,1,3,      542600301
2023,5426,3,1,1,0,4,2,2,4,      542600301
2023,5426,4,1,1,5,4,1,1,2,      542600401
2023,5426,4,1,1,5,4,1,2,3,      542600401
2023,5426,4,1,1,4,4,1,3,4,      542600401
2023,5426,4,1,1,2,4,2,4,5,      542600401
2023,5426,56,1,1,3,4,1,1,3,      542605601
2023,5426,56,1,1,3,4,1,2,4,      542605601
2023,5426,56,1,1,1,4,1,3,5,      542605601
2023,5426,56,1,1,0,4,2,4,6,      542605601
2023,5426,67,1,1,5,4,2,1,3,      542606701
2023,5426,68,1,1,0,4,2,1,3,      542606801
2023,5426,69,1,1,3,4,1,1,3,      542606901
2023,5426,69,1,1,0,4,2,2,4,      542606901
2023,5426,70,1,1,2,4,1,1,4,      542607001
2023,5426,70,1,1,0,4,2,2,5,      542607001
2023,5427,3,1,1,0,7,2,1,3,      542700301
2023,5427,19,1,1,1,7,2,1,3,      542701901
2023,5427,20,1,1,3,6,2,1,4,      542702001
2023,5427,39,1,1,2,7,2,1,3,      542703901
2023,5427,50,1,1,7,7,2,1,3,      542705001
2023,5427,56,1,1,2,6,1,1,4,      542705601
2023,5427,56,1,1,1,6,2,2,5,      542705601
2023,5427,60,1,1,7,7,1,1,4,      542706001
2023,5427,60,1,1,0,7,2,2,5,      542706001
2023,5427,88,1,1,6,7,2,1,4,      542708801
2023,5427,92,1,1,4,7,2,1,3,      542709201
2023,5428,16,1,1,7,7,2,1,3,      542801601
2023,5428,19,1,1,2,6,2,1,3,      542801901
2023,5428,23,1,1,3,7,2,1,4,      542802301
2023,5428,25,1,1,3,6,2,1,4,      542802501
2023,5428,26,1,1,1,6,2,1,3,      542802601
2023,5428,31,1,1,2,6,2,1,5,      542803101
2023,5428,34,1,1,1,5,1,1,3,      542803401
2023,5428,34,1,1,1,6,2,2,4,      542803401
2023,5428,40,1,1,0,6,2,1,3,      542804001
2023,5429,10,1,1,2,5,2,1,5,      542901001
2023,5429,15,1,1,7,7,1,1,4,      542901501
2023,5429,15,1,1,1,7,1,2,6,      542901501
2023,5429,15,1,1,0,98,2,3,7,      542901501
2023,5429,17,1,1,7,6,1,1,3,      542901701
2023,5429,17,1,1,5,6,2,2,4,      542901701
